id	nwc_string_rva	buka_string_rva	nwc_pointer_site	buka_pointer_site	original_commit	original_source	russian_sha256	evidence
table.gResourceNames.0	0x00096e44	0x00096090	0x00093260	0x000927e8	43cf275fee2f181375d208f58b101536bc34fc7c	src/SOURCE/KB.cpp:gResourceNames[0]	5cf53d30bac0fb6e072b99a90c9c44a873e33393ea37d8b2f0f5f2c985a736c2	seven-entry pointer table; English order and resource enum unchanged; per-slot retail strings
table.gResourceNames.1	0x00096e4c	0x0009609c	0x00093264	0x000927ec	43cf275fee2f181375d208f58b101536bc34fc7c	src/SOURCE/KB.cpp:gResourceNames[1]	23ab5b9b0c3f44e458620a9d99b3628c45740d4668b8732610bb80de51e74a3d	seven-entry pointer table; English order and resource enum unchanged; per-slot retail strings
table.gResourceNames.2	0x00096e54	0x000960a4	0x00093268	0x000927f0	43cf275fee2f181375d208f58b101536bc34fc7c	src/SOURCE/KB.cpp:gResourceNames[2]	c2c55f954d229a820387b1459dd5ae0fc963a5166e3a23a14976833b4b7d099f	seven-entry pointer table; English order and resource enum unchanged; per-slot retail strings
table.gResourceNames.3	0x00096e58	0x000960ac	0x0009326c	0x000927f4	43cf275fee2f181375d208f58b101536bc34fc7c	src/SOURCE/KB.cpp:gResourceNames[3]	7be66593eb8f94cd3f1637ed081773bbb1fcde7a6dd918a0915165193c4a05c7	seven-entry pointer table; English order and resource enum unchanged; per-slot retail strings
table.gResourceNames.4	0x00096e60	0x000960b4	0x00093270	0x000927f8	43cf275fee2f181375d208f58b101536bc34fc7c	src/SOURCE/KB.cpp:gResourceNames[4]	ab45aa213138834f2f6eff8053b87c0d913a1c8efae3df58cc486884079ce461	seven-entry pointer table; English order and resource enum unchanged; per-slot retail strings
table.gResourceNames.5	0x00096e68	0x000960c0	0x00093274	0x000927fc	43cf275fee2f181375d208f58b101536bc34fc7c	src/SOURCE/KB.cpp:gResourceNames[5]	c51e27a5029b2f17ff6892f941003805920069e1a366ef86e1fa1c923b602603	seven-entry pointer table; English order and resource enum unchanged; per-slot retail strings
table.gResourceNames.6	0x00096e70	0x000960cc	0x00093278	0x00092800	43cf275fee2f181375d208f58b101536bc34fc7c	src/SOURCE/KB.cpp:gResourceNames[6]	1564227a5255fb04f3d20c0b58075d23414a57d5f67c627f93dc43ca0dedf2b4	seven-entry pointer table; English order and resource enum unchanged; per-slot retail strings
table.gHumanPlayerTypeNames.0	0x0009e3c0	0x0009d7f4	0x00093de0	0x000932e4	43cf275fee2f181375d208f58b101536bc34fc7c	src/SOURCE/KB.cpp:gHumanPlayerTypeNames; pointer offset 0x0	b9515439aca39d4d3e8bd3cf5b97e22c075324a754903b5d091fdb343790fb65	compiled initializer correspondence; original and Buka retail pointer slots and full literal bytes checked; table layout reviewed
table.gHumanPlayerTypeNames.1	0x0009e3c8	0x0009d800	0x00093de4	0x000932e8	43cf275fee2f181375d208f58b101536bc34fc7c	src/SOURCE/KB.cpp:gHumanPlayerTypeNames; pointer offset 0x4	de6c10f6fd77ae7d921ccdd2070671a1144c6a4fbcf7e928b9b74b11aee65a48	compiled initializer correspondence; original and Buka retail pointer slots and full literal bytes checked; table layout reviewed
table.gHumanPlayerTypeNames.2	0x0009e3d4	0x0009d814	0x00093de8	0x000932ec	43cf275fee2f181375d208f58b101536bc34fc7c	src/SOURCE/KB.cpp:gHumanPlayerTypeNames; pointer offset 0x8	726572de177667ac41b070ed9f4f6ff7705b12e4b7a33c08aee22766c494059c	compiled initializer correspondence; original and Buka retail pointer slots and full literal bytes checked; table layout reviewed
table.gHumanPlayerTypeNames.3	0x0009e3e4	0x0009d82c	0x00093dec	0x000932f0	43cf275fee2f181375d208f58b101536bc34fc7c	src/SOURCE/KB.cpp:gHumanPlayerTypeNames; pointer offset 0xc	1aabb98e5ad829669d9330d3d64c281563050a49d139f10079ba9c8755ad39c1	compiled initializer correspondence; original and Buka retail pointer slots and full literal bytes checked; table layout reviewed
table.gHumanPlayerTypeNames.4	0x0009e3f0	0x0009d844	0x00093df0	0x000932f4	43cf275fee2f181375d208f58b101536bc34fc7c	src/SOURCE/KB.cpp:gHumanPlayerTypeNames; pointer offset 0x10	51c1c3c81fe412587fd8f345843c36b6c4341008d6aca1b4fa54c8d3d8e510f7	compiled initializer correspondence; original and Buka retail pointer slots and full literal bytes checked; table layout reviewed
table.gSetupNetworkGameHelp.0	0x0009c9f8	0x0009c164	0x00093c40	0x0009316c	43cf275fee2f181375d208f58b101536bc34fc7c	src/SOURCE/KB.cpp:gSetupNetworkGameHelp; pointer offset 0x0	054d0310b9ee91e80d6af67c52dc9d247c88e7f2fb246de3e4e960d572d60f74	compiled initializer correspondence; original and Buka retail pointer slots and full literal bytes checked; table layout reviewed
table.gSetupNetworkGameHelp.1	0x0009ca4c	0x0009c1bc	0x00093c44	0x00093170	43cf275fee2f181375d208f58b101536bc34fc7c	src/SOURCE/KB.cpp:gSetupNetworkGameHelp; pointer offset 0x4	15549ec4e5e048bf938b6c0f83be984248c6cbb28bebd6b1ca13aa3224f7e69b	compiled initializer correspondence; original and Buka retail pointer slots and full literal bytes checked; table layout reviewed
table.gSetupNetworkGameHelp.2	0x0009cacc	0x0009c244	0x00093c48	0x00093174	43cf275fee2f181375d208f58b101536bc34fc7c	src/SOURCE/KB.cpp:gSetupNetworkGameHelp; pointer offset 0x8	d06a4e20e1a6dc08ae8d8f8701c00ee56c02c8b8ce1058729772c447e663dc87	compiled initializer correspondence; original and Buka retail pointer slots and full literal bytes checked; table layout reviewed
table.gSetupDCGameHelp.0	0x0009c758	0x0009bef4	0x00093c18	0x00093148	43cf275fee2f181375d208f58b101536bc34fc7c	src/SOURCE/KB.cpp:gSetupDCGameHelp; pointer offset 0x0	4deef7ff0e2478f73213227a241f1e63e2c84b8e25940050223494551c36296b	compiled initializer correspondence; original and Buka retail pointer slots and full literal bytes checked; table layout reviewed
table.gSetupDCGameHelp.1	0x0009c77c	0x0009bf10	0x00093c1c	0x0009314c	43cf275fee2f181375d208f58b101536bc34fc7c	src/SOURCE/KB.cpp:gSetupDCGameHelp; pointer offset 0x4	f144ec18b1a201d9dd9568abc4fc2d26edb03d44b39e50a0c3991883cb70669b	compiled initializer correspondence; original and Buka retail pointer slots and full literal bytes checked; table layout reviewed
table.gSetupDCGameHelp.2	0x0009c7b0	0x0009bf40	0x00093c20	0x00093150	43cf275fee2f181375d208f58b101536bc34fc7c	src/SOURCE/KB.cpp:gSetupDCGameHelp; pointer offset 0x8	a57d11ac39af87c3e6e06e4416e4a6bc809e8619986dc265f8b978be9e43c6ee	compiled initializer correspondence; original and Buka retail pointer slots and full literal bytes checked; table layout reviewed
table.gSetupDCGameHelp.3	0x0009c7e0	0x0009bf64	0x00093c24	0x00093154	43cf275fee2f181375d208f58b101536bc34fc7c	src/SOURCE/KB.cpp:gSetupDCGameHelp; pointer offset 0xc	d06a4e20e1a6dc08ae8d8f8701c00ee56c02c8b8ce1058729772c447e663dc87	compiled initializer correspondence; original and Buka retail pointer slots and full literal bytes checked; table layout reviewed
table.gSetupModemGameHelp.0	0x0009c684	0x0009be48	0x00093c08	0x00093138	43cf275fee2f181375d208f58b101536bc34fc7c	src/SOURCE/KB.cpp:gSetupModemGameHelp; pointer offset 0x0	a20528938d53e34edeb461dfdf7a77663b00b2a659bdd7249e3ca44431633654	compiled initializer correspondence; original and Buka retail pointer slots and full literal bytes checked; table layout reviewed
table.gSetupModemGameHelp.1	0x0009c6d8	0x0009be94	0x00093c0c	0x0009313c	43cf275fee2f181375d208f58b101536bc34fc7c	src/SOURCE/KB.cpp:gSetupModemGameHelp; pointer offset 0x4	699d2f3cfc1fcb30dd1c096eeec9198ea572f3503ca6d77dab203dbc3ee6f3c7	compiled initializer correspondence; original and Buka retail pointer slots and full literal bytes checked; table layout reviewed
table.gSetupModemGameHelp.2	0x0009c714	0x0009beb0	0x00093c10	0x00093140	43cf275fee2f181375d208f58b101536bc34fc7c	src/SOURCE/KB.cpp:gSetupModemGameHelp; pointer offset 0x8	0e726cae10624f556610d486457dce608512d32a06c5ee098f9b3b147d385610	compiled initializer correspondence; original and Buka retail pointer slots and full literal bytes checked; table layout reviewed
table.gSetupModemGameHelp.3	0x0009c738	0x0009becc	0x00093c14	0x00093144	43cf275fee2f181375d208f58b101536bc34fc7c	src/SOURCE/KB.cpp:gSetupModemGameHelp; pointer offset 0xc	d06a4e20e1a6dc08ae8d8f8701c00ee56c02c8b8ce1058729772c447e663dc87	compiled initializer correspondence; original and Buka retail pointer slots and full literal bytes checked; table layout reviewed
table.gSpellHelp.0	0x0009aa5c	0x0009a008	0x00093890	0x00092df8	43cf275fee2f181375d208f58b101536bc34fc7c	src/SOURCE/KB.cpp:gSpellHelp; pointer offset 0x0	dd31bb213b2f55c3403e7f491c7ce917fe0f4f8259da2e7ba6a0105ab7f339c4	compiled initializer correspondence; original and Buka retail pointer slots and full literal bytes checked; table layout reviewed
table.gSpellHelp.1	0x0009aa70	0x0009a020	0x00093894	0x00092dfc	43cf275fee2f181375d208f58b101536bc34fc7c	src/SOURCE/KB.cpp:gSpellHelp; pointer offset 0x4	f90b30f1ec72049267e91404a56a0f475d17159cff073a485de87c5f0036a7bd	compiled initializer correspondence; original and Buka retail pointer slots and full literal bytes checked; table layout reviewed
table.gSpellHelp.2	0x0009aa80	0x0009a034	0x00093898	0x00092e00	43cf275fee2f181375d208f58b101536bc34fc7c	src/SOURCE/KB.cpp:gSpellHelp; pointer offset 0x8	f13862d06b14fd09490f76cbee054e31c6bacd298aeaa673bb2001ab59e58021	compiled initializer correspondence; original and Buka retail pointer slots and full literal bytes checked; table layout reviewed
table.gSpellHelp.3	0x0009aa98	0x0009a048	0x0009389c	0x00092e04	43cf275fee2f181375d208f58b101536bc34fc7c	src/SOURCE/KB.cpp:gSpellHelp; pointer offset 0xc	eae923a5879e30b5ebb2e01ff4c7e1a25d75252415a87a988065d2b19f794a8f	compiled initializer correspondence; original and Buka retail pointer slots and full literal bytes checked; table layout reviewed
table.gSpellHelp.4	0x0009aaac	0x0009a05c	0x000938a0	0x00092e08	43cf275fee2f181375d208f58b101536bc34fc7c	src/SOURCE/KB.cpp:gSpellHelp; pointer offset 0x10	b3cca7bc55e18f87dbea416208e7f5c1a5a8724b46223f49a821412153db2fd3	compiled initializer correspondence; original and Buka retail pointer slots and full literal bytes checked; table layout reviewed
table.gSpellHelp.5	0x0009aabc	0x0009a078	0x000938a4	0x00092e0c	43cf275fee2f181375d208f58b101536bc34fc7c	src/SOURCE/KB.cpp:gSpellHelp; pointer offset 0x14	a57c78bbedab96128ec826ea85e9cf87eace4c986d895f8932ecdca5c629795d	compiled initializer correspondence; original and Buka retail pointer slots and full literal bytes checked; table layout reviewed
table.gSpellHelp.6	0x0009aac8	0x0009a084	0x000938a8	0x00092e10	43cf275fee2f181375d208f58b101536bc34fc7c	src/SOURCE/KB.cpp:gSpellHelp; pointer offset 0x18	75d2d84f68580f194cc97d872d98e43cdc7a6594ccd7a6301593a504bb9d3b84	compiled initializer correspondence; original and Buka retail pointer slots and full literal bytes checked; table layout reviewed
table.gSpellHelp.7	0x0009aad8	0x0009a098	0x000938ac	0x00092e14	43cf275fee2f181375d208f58b101536bc34fc7c	src/SOURCE/KB.cpp:gSpellHelp; pointer offset 0x1c	eae923a5879e30b5ebb2e01ff4c7e1a25d75252415a87a988065d2b19f794a8f	compiled initializer correspondence; original and Buka retail pointer slots and full literal bytes checked; table layout reviewed
table.gPlayerTypeNames.0	0x0009aa34	0x00099fe4	0x00093878	0x00092de4	43cf275fee2f181375d208f58b101536bc34fc7c	src/SOURCE/KB.cpp:gPlayerTypeNames; pointer offset 0x0	efd5530d3cca36fcf334deab0c280510220ff25e857c9c93256cf985f84bdca8	compiled initializer correspondence; original and Buka retail pointer slots and full literal bytes checked; table layout reviewed
table.gPlayerTypeNames.1	0x0009aa3c	0x00099fe8	0x0009387c	0x00092de8	43cf275fee2f181375d208f58b101536bc34fc7c	src/SOURCE/KB.cpp:gPlayerTypeNames; pointer offset 0x4	6b62026d041daf7db70548d97ad018ee148307917b72e75f919e2be5b5115333	compiled initializer correspondence; original and Buka retail pointer slots and full literal bytes checked; table layout reviewed
table.gPlayerTypeNames.2	0x0009aa44	0x00099ff0	0x00093880	0x00092dec	43cf275fee2f181375d208f58b101536bc34fc7c	src/SOURCE/KB.cpp:gPlayerTypeNames; pointer offset 0x8	41f23cfa337ac956f7b0b0f2199d84581618ab6929915ffc62ffe9296fd4a476	compiled initializer correspondence; original and Buka retail pointer slots and full literal bytes checked; table layout reviewed
table.gPlayerTypeNames.3	0x0009aa4c	0x00099ff8	0x00093884	0x00092df0	43cf275fee2f181375d208f58b101536bc34fc7c	src/SOURCE/KB.cpp:gPlayerTypeNames; pointer offset 0xc	6d8a5a52313ad09103c33e2c4b22f54d313b5d83b3b7c8e3758bbdb268dee150	compiled initializer correspondence; original and Buka retail pointer slots and full literal bytes checked; table layout reviewed
table.gPlayerTypeNames.4	0x0009aa54	0x0009a000	0x00093888	0x00092df4	43cf275fee2f181375d208f58b101536bc34fc7c	src/SOURCE/KB.cpp:gPlayerTypeNames; pointer offset 0x10	2641280e6ba700cd43cf9511cf6711cc1b3fd41d58dc484dc1366f0fe43f40b7	compiled initializer correspondence; original and Buka retail pointer slots and full literal bytes checked; table layout reviewed
table.gArmySizeNames.0	0x0009a488	0x0009999c	0x00093780	0x00092cf4	43cf275fee2f181375d208f58b101536bc34fc7c	src/SOURCE/KB.cpp:gArmySizeNames; pointer offset 0x0	cf2b8023877cf3e8e47cadbef96684dc4996116880cb9db7be6b6f00dac96a7e	compiled initializer correspondence; original and Buka retail pointer slots and full literal bytes checked; table layout reviewed
table.gArmySizeNames.1	0x0009a48c	0x000999a4	0x00093784	0x00092cf8	43cf275fee2f181375d208f58b101536bc34fc7c	src/SOURCE/KB.cpp:gArmySizeNames; pointer offset 0x4	cf2b8023877cf3e8e47cadbef96684dc4996116880cb9db7be6b6f00dac96a7e	compiled initializer correspondence; original and Buka retail pointer slots and full literal bytes checked; table layout reviewed
table.gArmySizeNames.2	0x0009a494	0x000999ac	0x00093788	0x00092cfc	43cf275fee2f181375d208f58b101536bc34fc7c	src/SOURCE/KB.cpp:gArmySizeNames; pointer offset 0x8	57024d5899e92eaae2f3021f9272ac326eebed3f3fdbd9e322603561869e3cf4	compiled initializer correspondence; original and Buka retail pointer slots and full literal bytes checked; table layout reviewed
table.gArmySizeNames.3	0x0009a49c	0x000999b4	0x0009378c	0x00092d00	43cf275fee2f181375d208f58b101536bc34fc7c	src/SOURCE/KB.cpp:gArmySizeNames; pointer offset 0xc	57024d5899e92eaae2f3021f9272ac326eebed3f3fdbd9e322603561869e3cf4	compiled initializer correspondence; original and Buka retail pointer slots and full literal bytes checked; table layout reviewed
table.gArmySizeNames.4	0x0009a4a4	0x000999bc	0x00093790	0x00092d04	43cf275fee2f181375d208f58b101536bc34fc7c	src/SOURCE/KB.cpp:gArmySizeNames; pointer offset 0x10	c4525c4be8487ebade24c19f99b23b1138185c15da819838f14d68ead90e44fe	compiled initializer correspondence; original and Buka retail pointer slots and full literal bytes checked; table layout reviewed
table.gArmySizeNames.5	0x0009a4ac	0x000999c4	0x00093794	0x00092d08	43cf275fee2f181375d208f58b101536bc34fc7c	src/SOURCE/KB.cpp:gArmySizeNames; pointer offset 0x14	c4525c4be8487ebade24c19f99b23b1138185c15da819838f14d68ead90e44fe	compiled initializer correspondence; original and Buka retail pointer slots and full literal bytes checked; table layout reviewed
table.gArmySizeNames.6	0x0009a4b8	0x000999cc	0x00093798	0x00092d0c	43cf275fee2f181375d208f58b101536bc34fc7c	src/SOURCE/KB.cpp:gArmySizeNames; pointer offset 0x18	70bfa222da51e7a1dff18df098d632b68f16e7494f961ad345056347d2aff5e3	compiled initializer correspondence; original and Buka retail pointer slots and full literal bytes checked; table layout reviewed
table.gArmySizeNames.7	0x0009a4c0	0x000999d4	0x0009379c	0x00092d10	43cf275fee2f181375d208f58b101536bc34fc7c	src/SOURCE/KB.cpp:gArmySizeNames; pointer offset 0x1c	70bfa222da51e7a1dff18df098d632b68f16e7494f961ad345056347d2aff5e3	compiled initializer correspondence; original and Buka retail pointer slots and full literal bytes checked; table layout reviewed
table.gArmySizeNames.8	0x0009a4c8	0x000999dc	0x000937a0	0x00092d14	43cf275fee2f181375d208f58b101536bc34fc7c	src/SOURCE/KB.cpp:gArmySizeNames; pointer offset 0x20	35474d3ff76d6ff168c6da9a556a04184a47bf454dc94745e8d0bdaba253373f	compiled initializer correspondence; original and Buka retail pointer slots and full literal bytes checked; table layout reviewed
table.gArmySizeNames.9	0x0009a4d0	0x000999e4	0x000937a4	0x00092d18	43cf275fee2f181375d208f58b101536bc34fc7c	src/SOURCE/KB.cpp:gArmySizeNames; pointer offset 0x24	35474d3ff76d6ff168c6da9a556a04184a47bf454dc94745e8d0bdaba253373f	compiled initializer correspondence; original and Buka retail pointer slots and full literal bytes checked; table layout reviewed
table.gArmySizeNames.10	0x0009a4dc	0x000999ec	0x000937a8	0x00092d1c	43cf275fee2f181375d208f58b101536bc34fc7c	src/SOURCE/KB.cpp:gArmySizeNames; pointer offset 0x28	43245baaee936f338ced673f8a93e9cfe635e4666439d00fcc62d59f5f3e5c4f	compiled initializer correspondence; original and Buka retail pointer slots and full literal bytes checked; table layout reviewed
table.gArmySizeNames.11	0x0009a4e4	0x000999f4	0x000937ac	0x00092d20	43cf275fee2f181375d208f58b101536bc34fc7c	src/SOURCE/KB.cpp:gArmySizeNames; pointer offset 0x2c	ccd8ad7713f790187e134b0b694ae692c3ed3946f3262029167518b68ffc404d	compiled initializer correspondence; original and Buka retail pointer slots and full literal bytes checked; table layout reviewed
table.gInitMenuHelp.0	0x00099488	0x00098878	0x00093560	0x00092af4	43cf275fee2f181375d208f58b101536bc34fc7c	src/SOURCE/KB.cpp:gInitMenuHelp; pointer offset 0x0	b99571c9951ef71a5d7bfff111023347863a1f7f53742a1ee979d4d8fc43021d	compiled initializer correspondence; original and Buka retail pointer slots and full literal bytes checked; table layout reviewed
table.gInitMenuHelp.1	0x000994b0	0x0009889c	0x00093564	0x00092af8	43cf275fee2f181375d208f58b101536bc34fc7c	src/SOURCE/KB.cpp:gInitMenuHelp; pointer offset 0x4	4645090d75c8520404c2df0c870cfa87af9ea74961f36d511d2ac1098e43ad06	compiled initializer correspondence; original and Buka retail pointer slots and full literal bytes checked; table layout reviewed
table.gInitMenuHelp.2	0x000994d0	0x000988b8	0x00093568	0x00092afc	43cf275fee2f181375d208f58b101536bc34fc7c	src/SOURCE/KB.cpp:gInitMenuHelp; pointer offset 0x8	308cb2c8b3fbbf2ff5772bfad516359cb6998018917b0d556e8b67c90e1d72cd	compiled initializer correspondence; original and Buka retail pointer slots and full literal bytes checked; table layout reviewed
table.gInitMenuHelp.3	0x000994ec	0x000988d4	0x0009356c	0x00092b00	43cf275fee2f181375d208f58b101536bc34fc7c	src/SOURCE/KB.cpp:gInitMenuHelp; pointer offset 0xc	1ff862baae0d7e9114f95811e6433a75349d11f0cbe782458a015d0508f3bb0f	compiled initializer correspondence; original and Buka retail pointer slots and full literal bytes checked; table layout reviewed
table.gInitMenuHelp.4	0x00099508	0x000988f0	0x00093570	0x00092b04	43cf275fee2f181375d208f58b101536bc34fc7c	src/SOURCE/KB.cpp:gInitMenuHelp; pointer offset 0x10	46d84d34a08e2fa09db7b959f46f090beb5bc0d4521bc5a15c8f55011f442143	compiled initializer correspondence; original and Buka retail pointer slots and full literal bytes checked; table layout reviewed
table.gEventText.0	0x0009728c	0x00096550	0x00093410	0x000929ac	43cf275fee2f181375d208f58b101536bc34fc7c	src/SOURCE/KB.cpp:gEventText; pointer offset 0x0	70a752cbf6bc52fe67b9c595b51a07e9e42d0f88e10adbbafbfdc64431a4b83b	compiled initializer correspondence; original and Buka retail pointer slots and full literal bytes checked; table layout reviewed
table.gEventText.1	0x00097304	0x000965c0	0x00093414	0x000929b0	43cf275fee2f181375d208f58b101536bc34fc7c	src/SOURCE/KB.cpp:gEventText; pointer offset 0x4	b2fb9d2f13b2d512b939790e2af66bb2d3b79316b7197c43bebee84c7320f526	compiled initializer correspondence; original and Buka retail pointer slots and full literal bytes checked; table layout reviewed
table.gEventText.2	0x00097330	0x00096604	0x00093418	0x000929b4	43cf275fee2f181375d208f58b101536bc34fc7c	src/SOURCE/KB.cpp:gEventText; pointer offset 0x8	aa6b06ab1a0eb438b4f81d73287979f83886eebf85cd98ee84c60c3aec2c1f3b	compiled initializer correspondence; original and Buka retail pointer slots and full literal bytes checked; table layout reviewed
table.gEventText.3	0x0009737c	0x00096648	0x0009341c	0x000929b8	43cf275fee2f181375d208f58b101536bc34fc7c	src/SOURCE/KB.cpp:gEventText; pointer offset 0xc	496595fda4713e7d28414c6ca5e735d4ba21d08f30b77d6ea4c636237b0f3311	compiled initializer correspondence; original and Buka retail pointer slots and full literal bytes checked; table layout reviewed
table.gEventText.4	0x000973e4	0x000966a8	0x00093420	0x000929bc	43cf275fee2f181375d208f58b101536bc34fc7c	src/SOURCE/KB.cpp:gEventText; pointer offset 0x10	6d9099b55809dfdca818c215925fdf4192b56d9bdf7296cfef9f5d4b9c322706	compiled initializer correspondence; original and Buka retail pointer slots and full literal bytes checked; table layout reviewed
table.gEventText.5	0x00097464	0x00096724	0x00093424	0x000929c0	43cf275fee2f181375d208f58b101536bc34fc7c	src/SOURCE/KB.cpp:gEventText; pointer offset 0x14	156f8f5c06651eec66bd31fc3be55f15d9e8866feaaf11e08ab6f55935ebb057	compiled initializer correspondence; original and Buka retail pointer slots and full literal bytes checked; table layout reviewed
table.gEventText.6	0x000974f4	0x0009679c	0x00093428	0x000929c4	43cf275fee2f181375d208f58b101536bc34fc7c	src/SOURCE/KB.cpp:gEventText; pointer offset 0x18	2263a1a1b8076e638a79b353d1c9625d322ac6e40572c74031f87423fa76bfde	compiled initializer correspondence; original and Buka retail pointer slots and full literal bytes checked; table layout reviewed
table.gEventText.7	0x00097594	0x00096828	0x0009342c	0x000929c8	43cf275fee2f181375d208f58b101536bc34fc7c	src/SOURCE/KB.cpp:gEventText; pointer offset 0x1c	1c872ab571eb8d9ef2f14853e540893bd0fb868308dd547e438ba660a59e96cf	compiled initializer correspondence; original and Buka retail pointer slots and full literal bytes checked; table layout reviewed
table.gEventText.8	0x00097630	0x000968b0	0x00093430	0x000929cc	43cf275fee2f181375d208f58b101536bc34fc7c	src/SOURCE/KB.cpp:gEventText; pointer offset 0x20	ae40fb08cfd5d0078260e19b003727778fe66238fef6fdd433e65d90e85c9b0b	compiled initializer correspondence; original and Buka retail pointer slots and full literal bytes checked; table layout reviewed
table.gEventText.9	0x000976ac	0x0009693c	0x00093434	0x000929d0	43cf275fee2f181375d208f58b101536bc34fc7c	src/SOURCE/KB.cpp:gEventText; pointer offset 0x24	b3da6c6c47f198c98f516fbc9bbdce115d6094dad0ccec26da8ab5dcbcdecc6b	compiled initializer correspondence; original and Buka retail pointer slots and full literal bytes checked; table layout reviewed
table.gEventText.10	0x00097724	0x000969c4	0x00093438	0x000929d4	43cf275fee2f181375d208f58b101536bc34fc7c	src/SOURCE/KB.cpp:gEventText; pointer offset 0x28	bb4facff0ce5f10e64b48f5af95ad6477ffbec97afa1d20fe8e91d42a9699f05	compiled initializer correspondence; original and Buka retail pointer slots and full literal bytes checked; table layout reviewed
table.gEventText.11	0x0009779c	0x00096a3c	0x0009343c	0x000929d8	43cf275fee2f181375d208f58b101536bc34fc7c	src/SOURCE/KB.cpp:gEventText; pointer offset 0x2c	077e5bb7d51d6b7b587b50e482dbecb2ecd1a19423ca72519a6fbd950e7823dd	compiled initializer correspondence; original and Buka retail pointer slots and full literal bytes checked; table layout reviewed
table.gEventText.12	0x00097850	0x00096ac8	0x00093440	0x000929dc	43cf275fee2f181375d208f58b101536bc34fc7c	src/SOURCE/KB.cpp:gEventText; pointer offset 0x30	767dbf2b6ff5b849fe550ce63200606a21e4ed09c3a45182be40daf29f599c4e	compiled initializer correspondence; original and Buka retail pointer slots and full literal bytes checked; table layout reviewed
table.gEventText.13	0x00097890	0x00096b1c	0x00093444	0x000929e0	43cf275fee2f181375d208f58b101536bc34fc7c	src/SOURCE/KB.cpp:gEventText; pointer offset 0x34	f2cc71ab9f3560c626ab87f2ec8e80f698533173f5673d025b310a564192111d	compiled initializer correspondence; original and Buka retail pointer slots and full literal bytes checked; table layout reviewed
table.gEventText.14	0x000978f0	0x00096b8c	0x00093448	0x000929e4	43cf275fee2f181375d208f58b101536bc34fc7c	src/SOURCE/KB.cpp:gEventText; pointer offset 0x38	76f83dd08abbc46eb1ef1654a9de312768018fbaf3922b01efeb7b014f235f8e	compiled initializer correspondence; original and Buka retail pointer slots and full literal bytes checked; table layout reviewed
table.gEventText.15	0x00097940	0x00096bcc	0x0009344c	0x000929e8	43cf275fee2f181375d208f58b101536bc34fc7c	src/SOURCE/KB.cpp:gEventText; pointer offset 0x3c	bebcc3be0a10940c8c90a80a0d6cedb760f589726f8d5f468fdad696cdb28b53	compiled initializer correspondence; original and Buka retail pointer slots and full literal bytes checked; table layout reviewed
table.gEventText.16	0x00097988	0x00096c18	0x00093450	0x000929ec	43cf275fee2f181375d208f58b101536bc34fc7c	src/SOURCE/KB.cpp:gEventText; pointer offset 0x40	18510caf7d12d09471ffc78a9d2784c36d80a40b6417eac84c37916bd7b08f9e	compiled initializer correspondence; original and Buka retail pointer slots and full literal bytes checked; table layout reviewed
table.gEventText.17	0x000979d4	0x00096c70	0x00093454	0x000929f0	43cf275fee2f181375d208f58b101536bc34fc7c	src/SOURCE/KB.cpp:gEventText; pointer offset 0x44	9fa0752497f6c2589f253a9cc03610659a555fd99aea9e7f4b1f8d5141ae4323	compiled initializer correspondence; original and Buka retail pointer slots and full literal bytes checked; table layout reviewed
table.gEventText.18	0x00097a44	0x00096cec	0x00093458	0x000929f4	43cf275fee2f181375d208f58b101536bc34fc7c	src/SOURCE/KB.cpp:gEventText; pointer offset 0x48	670dab6ae794c46b932124340136f9883009973a8eb4720ffe0c684921894f99	compiled initializer correspondence; original and Buka retail pointer slots and full literal bytes checked; table layout reviewed
table.gEventText.19	0x00097ac8	0x00096d88	0x0009345c	0x000929f8	43cf275fee2f181375d208f58b101536bc34fc7c	src/SOURCE/KB.cpp:gEventText; pointer offset 0x4c	97b52c163266f7fd48efee9d8dd03f05e487aa982bb66e05b07bffc34d9c05bf	compiled initializer correspondence; original and Buka retail pointer slots and full literal bytes checked; table layout reviewed
table.gEventText.20	0x00097b38	0x00096de8	0x00093460	0x000929fc	43cf275fee2f181375d208f58b101536bc34fc7c	src/SOURCE/KB.cpp:gEventText; pointer offset 0x50	cdbb080b2f8a3ca979fd7dc2de09fa6e6e585af8be62e8b90471229c9283d790	compiled initializer correspondence; original and Buka retail pointer slots and full literal bytes checked; table layout reviewed
table.gEventText.21	0x00097ba8	0x00096e48	0x00093464	0x00092a00	43cf275fee2f181375d208f58b101536bc34fc7c	src/SOURCE/KB.cpp:gEventText; pointer offset 0x54	c09d8926334019f1b58958c7589a340b9df141d153afd05f701cf8eb48220ea3	compiled initializer correspondence; original and Buka retail pointer slots and full literal bytes checked; table layout reviewed
table.gEventText.22	0x00097c34	0x00096eec	0x00093468	0x00092a04	43cf275fee2f181375d208f58b101536bc34fc7c	src/SOURCE/KB.cpp:gEventText; pointer offset 0x58	a362901f8aae232a9b7d4a900a002e512a531ca83bbdd534e82e9fdea28b53c5	compiled initializer correspondence; original and Buka retail pointer slots and full literal bytes checked; table layout reviewed
table.gEventText.23	0x00097c78	0x00096f3c	0x0009346c	0x00092a08	43cf275fee2f181375d208f58b101536bc34fc7c	src/SOURCE/KB.cpp:gEventText; pointer offset 0x5c	1a1e52ea42e4ca8c2a37c0713312fcb3440ae7c660e8e2e7d617b3662f57e2d3	compiled initializer correspondence; original and Buka retail pointer slots and full literal bytes checked; table layout reviewed
table.gEventText.24	0x00097cd4	0x00096fa4	0x00093470	0x00092a0c	43cf275fee2f181375d208f58b101536bc34fc7c	src/SOURCE/KB.cpp:gEventText; pointer offset 0x60	a437ffbb3b4eee61e952181ac41daeff1d776d8f91f808aa5e5c6aaec7be2316	compiled initializer correspondence; original and Buka retail pointer slots and full literal bytes checked; table layout reviewed
table.gEventText.25	0x00097d14	0x00096fe8	0x00093474	0x00092a10	43cf275fee2f181375d208f58b101536bc34fc7c	src/SOURCE/KB.cpp:gEventText; pointer offset 0x64	73869950e06000372253fb2ad279e4eac78166d1109dc2a7454bf72822fdedb7	compiled initializer correspondence; original and Buka retail pointer slots and full literal bytes checked; table layout reviewed
table.gEventText.26	0x00097d64	0x00097034	0x00093478	0x00092a14	43cf275fee2f181375d208f58b101536bc34fc7c	src/SOURCE/KB.cpp:gEventText; pointer offset 0x68	ba39b0cb731a5eeba60f96e36917fa342c140137d617fa55ce65786912997595	compiled initializer correspondence; original and Buka retail pointer slots and full literal bytes checked; table layout reviewed
table.gEventText.27	0x00097dc8	0x0009709c	0x0009347c	0x00092a18	43cf275fee2f181375d208f58b101536bc34fc7c	src/SOURCE/KB.cpp:gEventText; pointer offset 0x6c	a437ffbb3b4eee61e952181ac41daeff1d776d8f91f808aa5e5c6aaec7be2316	compiled initializer correspondence; original and Buka retail pointer slots and full literal bytes checked; table layout reviewed
table.gEventText.28	0x00097e08	0x000970e0	0x00093480	0x00092a1c	43cf275fee2f181375d208f58b101536bc34fc7c	src/SOURCE/KB.cpp:gEventText; pointer offset 0x70	87f3cd03de5083d43f704b06efbae69f3b3c6c96127dbe36da4ae1ce786d32dd	compiled initializer correspondence; original and Buka retail pointer slots and full literal bytes checked; table layout reviewed
table.gEventText.29	0x00097e64	0x00097130	0x00093484	0x00092a20	43cf275fee2f181375d208f58b101536bc34fc7c	src/SOURCE/KB.cpp:gEventText; pointer offset 0x74	d96a60f104d959dc309b4538ac98736b85980456fc88cd3b6e6bd6e0453b9ec6	compiled initializer correspondence; original and Buka retail pointer slots and full literal bytes checked; table layout reviewed
table.gEventText.30	0x00097ec4	0x00097198	0x00093488	0x00092a24	43cf275fee2f181375d208f58b101536bc34fc7c	src/SOURCE/KB.cpp:gEventText; pointer offset 0x78	a437ffbb3b4eee61e952181ac41daeff1d776d8f91f808aa5e5c6aaec7be2316	compiled initializer correspondence; original and Buka retail pointer slots and full literal bytes checked; table layout reviewed
table.gEventText.31	0x00097f04	0x000971dc	0x0009348c	0x00092a28	43cf275fee2f181375d208f58b101536bc34fc7c	src/SOURCE/KB.cpp:gEventText; pointer offset 0x7c	f55a33808a2c2223fb4d9e258da410ff86306621fecdd6c878ed0570eaa49fee	compiled initializer correspondence; original and Buka retail pointer slots and full literal bytes checked; table layout reviewed
table.gEventText.32	0x00097f58	0x0009722c	0x00093490	0x00092a2c	43cf275fee2f181375d208f58b101536bc34fc7c	src/SOURCE/KB.cpp:gEventText; pointer offset 0x80	6a6f3e827c7a719a7e2f5f727c623067f815325a3e711be5f3bce7d166cbb3b3	compiled initializer correspondence; original and Buka retail pointer slots and full literal bytes checked; table layout reviewed
table.gEventText.33	0x00097fb8	0x00097290	0x00093494	0x00092a30	43cf275fee2f181375d208f58b101536bc34fc7c	src/SOURCE/KB.cpp:gEventText; pointer offset 0x84	a437ffbb3b4eee61e952181ac41daeff1d776d8f91f808aa5e5c6aaec7be2316	compiled initializer correspondence; original and Buka retail pointer slots and full literal bytes checked; table layout reviewed
table.gEventText.34	0x00097ff8	0x000972d4	0x00093498	0x00092a34	43cf275fee2f181375d208f58b101536bc34fc7c	src/SOURCE/KB.cpp:gEventText; pointer offset 0x88	04c27a869446d8222b7b886ccd3acc23442cdbe3b272a3fbf5f1f1f01748c2fe	compiled initializer correspondence; original and Buka retail pointer slots and full literal bytes checked; table layout reviewed
table.gEventText.35	0x00098050	0x00097320	0x0009349c	0x00092a38	43cf275fee2f181375d208f58b101536bc34fc7c	src/SOURCE/KB.cpp:gEventText; pointer offset 0x8c	8491b065f487893302fa1e13326acfabcc67e77f36aca37f75c1a690845ad66c	compiled initializer correspondence; original and Buka retail pointer slots and full literal bytes checked; table layout reviewed
table.gEventText.36	0x000980b4	0x00097388	0x000934a0	0x00092a3c	43cf275fee2f181375d208f58b101536bc34fc7c	src/SOURCE/KB.cpp:gEventText; pointer offset 0x90	a437ffbb3b4eee61e952181ac41daeff1d776d8f91f808aa5e5c6aaec7be2316	compiled initializer correspondence; original and Buka retail pointer slots and full literal bytes checked; table layout reviewed
table.gEventText.37	0x000980f4	0x000973cc	0x000934a4	0x00092a40	43cf275fee2f181375d208f58b101536bc34fc7c	src/SOURCE/KB.cpp:gEventText; pointer offset 0x94	87f3cd03de5083d43f704b06efbae69f3b3c6c96127dbe36da4ae1ce786d32dd	compiled initializer correspondence; original and Buka retail pointer slots and full literal bytes checked; table layout reviewed
table.gEventText.38	0x00098150	0x0009741c	0x000934a8	0x00092a44	43cf275fee2f181375d208f58b101536bc34fc7c	src/SOURCE/KB.cpp:gEventText; pointer offset 0x98	4de2f4c9c386af8be9178390c6e71ed46a89ad8041ff0104cba051300c5b0911	compiled initializer correspondence; original and Buka retail pointer slots and full literal bytes checked; table layout reviewed
table.gEventText.39	0x000981b4	0x0009749c	0x000934ac	0x00092a48	43cf275fee2f181375d208f58b101536bc34fc7c	src/SOURCE/KB.cpp:gEventText; pointer offset 0x9c	1eda1eb635c5d836bd802b850721a27c7dcd4e1213641be2b01beaa0d5c1b040	compiled initializer correspondence; original and Buka retail pointer slots and full literal bytes checked; table layout reviewed
table.gEventText.40	0x0009824c	0x00097544	0x000934b0	0x00092a4c	43cf275fee2f181375d208f58b101536bc34fc7c	src/SOURCE/KB.cpp:gEventText; pointer offset 0xa0	878e4036ddf0df8173c36c609e85f02b316c46a3a7e591739deda4fe3913f385	compiled initializer correspondence; original and Buka retail pointer slots and full literal bytes checked; table layout reviewed
table.gEventText.41	0x000982bc	0x000975a4	0x000934b4	0x00092a50	43cf275fee2f181375d208f58b101536bc34fc7c	src/SOURCE/KB.cpp:gEventText; pointer offset 0xa4	61f23c20531d5d51d7ce3bd505168bc6f0c5a2b9ffcef0e8644059a0347f31a5	compiled initializer correspondence; original and Buka retail pointer slots and full literal bytes checked; table layout reviewed
table.gEventText.42	0x00098340	0x00097630	0x000934b8	0x00092a54	43cf275fee2f181375d208f58b101536bc34fc7c	src/SOURCE/KB.cpp:gEventText; pointer offset 0xa8	73933c0ae1b503d5f91d0a5a333b486acb9e60d465e2990be6d520ee139cd15b	compiled initializer correspondence; original and Buka retail pointer slots and full literal bytes checked; table layout reviewed
table.gEventText.43	0x000983d0	0x000976f0	0x000934bc	0x00092a58	43cf275fee2f181375d208f58b101536bc34fc7c	src/SOURCE/KB.cpp:gEventText; pointer offset 0xac	2af46b75dde079f8102045d0504f1f5afa73f7d74d05bad0275fdf3b6666557e	compiled initializer correspondence; original and Buka retail pointer slots and full literal bytes checked; table layout reviewed
table.gEventText.44	0x00098430	0x00097750	0x000934c0	0x00092a5c	43cf275fee2f181375d208f58b101536bc34fc7c	src/SOURCE/KB.cpp:gEventText; pointer offset 0xb0	0cb64e6a38fe90cee75aa806ed230e44cd6689b230c0b3abfa92d6a5a91595a2	compiled initializer correspondence; original and Buka retail pointer slots and full literal bytes checked; table layout reviewed
table.gEventText.45	0x00098498	0x000977b0	0x000934c4	0x00092a60	43cf275fee2f181375d208f58b101536bc34fc7c	src/SOURCE/KB.cpp:gEventText; pointer offset 0xb4	1a5b0c2194aaa48eaf7e332f1b53e9ae7056f252c9bf98eabc1bdc8774fde4b8	compiled initializer correspondence; original and Buka retail pointer slots and full literal bytes checked; table layout reviewed
table.gEventText.46	0x00098500	0x00097824	0x000934c8	0x00092a64	43cf275fee2f181375d208f58b101536bc34fc7c	src/SOURCE/KB.cpp:gEventText; pointer offset 0xb8	bf5f69bca72edb63eeb5d232449da9c9bd0cfbc78e4dcf3ca0e32e7c48847b07	compiled initializer correspondence; original and Buka retail pointer slots and full literal bytes checked; table layout reviewed
table.gEventText.47	0x00098560	0x00097894	0x000934cc	0x00092a68	43cf275fee2f181375d208f58b101536bc34fc7c	src/SOURCE/KB.cpp:gEventText; pointer offset 0xbc	c4704d722485caf360d7d2e980fa68f66ebe9fbd5b9bca5e070d4dcc437d0df8	compiled initializer correspondence; original and Buka retail pointer slots and full literal bytes checked; table layout reviewed
table.gEventText.48	0x000985b8	0x000978f4	0x000934d0	0x00092a6c	43cf275fee2f181375d208f58b101536bc34fc7c	src/SOURCE/KB.cpp:gEventText; pointer offset 0xc0	2a573655ac047b1ea38dbb01979d42a5b85aad2338a1d67275d0b5c09b909e21	compiled initializer correspondence; original and Buka retail pointer slots and full literal bytes checked; table layout reviewed
table.gEventText.49	0x00098614	0x00097958	0x000934d4	0x00092a70	43cf275fee2f181375d208f58b101536bc34fc7c	src/SOURCE/KB.cpp:gEventText; pointer offset 0xc4	67558a3c5a6ee36b13d347ca6166b916b69996c0c2ead57e18d866f0d07b6360	compiled initializer correspondence; original and Buka retail pointer slots and full literal bytes checked; table layout reviewed
table.gEventText.50	0x00098654	0x000979a0	0x000934d8	0x00092a74	43cf275fee2f181375d208f58b101536bc34fc7c	src/SOURCE/KB.cpp:gEventText; pointer offset 0xc8	2bf002cf4aaa7e5babe3ea8e8dc7205d65c0fa6291e9a19f451fad28c538cb00	compiled initializer correspondence; original and Buka retail pointer slots and full literal bytes checked; table layout reviewed
table.gEventText.51	0x00098790	0x00097ad0	0x000934dc	0x00092a78	43cf275fee2f181375d208f58b101536bc34fc7c	src/SOURCE/KB.cpp:gEventText; pointer offset 0xcc	6e57b5561e353e660f630699881d4043762d1cbf9be1954a3798254894575482	compiled initializer correspondence; original and Buka retail pointer slots and full literal bytes checked; table layout reviewed
table.gEventText.52	0x000987c0	0x00097af8	0x000934e0	0x00092a7c	43cf275fee2f181375d208f58b101536bc34fc7c	src/SOURCE/KB.cpp:gEventText; pointer offset 0xd0	31e8b69546a82a736060a3c8f1a91dc8e61cf710690d8a1476821a1264668b61	compiled initializer correspondence; original and Buka retail pointer slots and full literal bytes checked; table layout reviewed
table.gEventText.53	0x0009880c	0x00097b44	0x000934e4	0x00092a80	43cf275fee2f181375d208f58b101536bc34fc7c	src/SOURCE/KB.cpp:gEventText; pointer offset 0xd4	9ee829760894f542fd22f5b98263ef2071d5de1ae4733a5c82223662dde4c4e1	compiled initializer correspondence; original and Buka retail pointer slots and full literal bytes checked; table layout reviewed
table.gEventText.54	0x000988d0	0x00097c30	0x000934e8	0x00092a84	43cf275fee2f181375d208f58b101536bc34fc7c	src/SOURCE/KB.cpp:gEventText; pointer offset 0xd8	4f2c1c2f598ffcedc5a9d196a03e651e63a339189d8fa00e8ef5808cc201fd21	compiled initializer correspondence; original and Buka retail pointer slots and full literal bytes checked; table layout reviewed
table.gEventText.55	0x000988f4	0x00097c48	0x000934ec	0x00092a88	43cf275fee2f181375d208f58b101536bc34fc7c	src/SOURCE/KB.cpp:gEventText; pointer offset 0xdc	88d7f5537b6306a958c7bc793064606d9b29e56d961a493eb0fd18363fc88f85	compiled initializer correspondence; original and Buka retail pointer slots and full literal bytes checked; table layout reviewed
table.gEventText.56	0x00098950	0x00097ca8	0x000934f0	0x00092a8c	43cf275fee2f181375d208f58b101536bc34fc7c	src/SOURCE/KB.cpp:gEventText; pointer offset 0xe0	64e5201cdc93b858ccee293969fd09b982454f008b7e35d65db2c1f7e479577f	compiled initializer correspondence; original and Buka retail pointer slots and full literal bytes checked; table layout reviewed
table.gEventText.57	0x00098a1c	0x00097d70	0x000934f4	0x00092a90	43cf275fee2f181375d208f58b101536bc34fc7c	src/SOURCE/KB.cpp:gEventText; pointer offset 0xe4	5e26809789e4de912e986767193d57b938416d622affaa0f5df9ed5391f3e002	compiled initializer correspondence; original and Buka retail pointer slots and full literal bytes checked; table layout reviewed
table.gEventText.58	0x00098ac8	0x00097e30	0x000934f8	0x00092a94	43cf275fee2f181375d208f58b101536bc34fc7c	src/SOURCE/KB.cpp:gEventText; pointer offset 0xe8	a640b2d6e172a498fb269a3a54b662f673397d8cbdefa2fc8f1aa33e12a15350	compiled initializer correspondence; original and Buka retail pointer slots and full literal bytes checked; table layout reviewed
table.gEventText.59	0x00098b54	0x00097ea8	0x000934fc	0x00092a98	43cf275fee2f181375d208f58b101536bc34fc7c	src/SOURCE/KB.cpp:gEventText; pointer offset 0xec	689cc470e422f941df87ab7f46f0a2dc03ff1a030a29451958cdb0b420685587	compiled initializer correspondence; original and Buka retail pointer slots and full literal bytes checked; table layout reviewed
table.gEventText.60	0x00098be8	0x00097f54	0x00093500	0x00092a9c	43cf275fee2f181375d208f58b101536bc34fc7c	src/SOURCE/KB.cpp:gEventText; pointer offset 0xf0	640298e66ec527dd993dd5d296a108b4f5473b176da102057802a1e658b5f2c4	compiled initializer correspondence; original and Buka retail pointer slots and full literal bytes checked; table layout reviewed
table.gEventText.61	0x00098c34	0x00097fac	0x00093504	0x00092aa0	43cf275fee2f181375d208f58b101536bc34fc7c	src/SOURCE/KB.cpp:gEventText; pointer offset 0xf4	942f44888baa54dedbab827c1fc2a7b9135a79490eaae3730346b7b32c9dbfca	compiled initializer correspondence; original and Buka retail pointer slots and full literal bytes checked; table layout reviewed
table.gEventText.62	0x00098cc8	0x0009803c	0x00093508	0x00092aa4	43cf275fee2f181375d208f58b101536bc34fc7c	src/SOURCE/KB.cpp:gEventText; pointer offset 0xf8	56c3a3d667aed4d9537b260d4fd8d2d9c0f13a4f73e0b9361f52cd3e11b50b36	compiled initializer correspondence; original and Buka retail pointer slots and full literal bytes checked; table layout reviewed
table.gEventText.63	0x00098d50	0x000980b4	0x0009350c	0x00092aa8	43cf275fee2f181375d208f58b101536bc34fc7c	src/SOURCE/KB.cpp:gEventText; pointer offset 0xfc	253111cc529929a082ff99608f5a3e26972922d0077ffcb831296bc30d8e9477	compiled initializer correspondence; original and Buka retail pointer slots and full literal bytes checked; table layout reviewed
table.gEventText.64	0x00098de0	0x0009816c	0x00093510	0x00092aac	43cf275fee2f181375d208f58b101536bc34fc7c	src/SOURCE/KB.cpp:gEventText; pointer offset 0x100	147c8fdc3e94f8b69d96876ecca59a78957006a714f0aa0c8d249f67b6979e0d	compiled initializer correspondence; original and Buka retail pointer slots and full literal bytes checked; table layout reviewed
table.gEventText.65	0x00098e6c	0x00098200	0x00093514	0x00092ab0	43cf275fee2f181375d208f58b101536bc34fc7c	src/SOURCE/KB.cpp:gEventText; pointer offset 0x104	e14647575276c84df62464b0e6ab66ca8ce787a8fc19f9beb3a78c5ec49c498e	compiled initializer correspondence; original and Buka retail pointer slots and full literal bytes checked; table layout reviewed
table.gEventText.66	0x00098ec8	0x00098268	0x00093518	0x00092ab4	43cf275fee2f181375d208f58b101536bc34fc7c	src/SOURCE/KB.cpp:gEventText; pointer offset 0x108	e75cc61b9c4892bf057db07b0f58821bf49eed063d87ce71dad7d0fbab25f85a	compiled initializer correspondence; original and Buka retail pointer slots and full literal bytes checked; table layout reviewed
table.gEventText.67	0x00098f54	0x00098314	0x0009351c	0x00092ab8	43cf275fee2f181375d208f58b101536bc34fc7c	src/SOURCE/KB.cpp:gEventText; pointer offset 0x10c	25e8e6501d80af0193aff7f621110ebbddfc070c66054c8026323a449d4a20f6	compiled initializer correspondence; original and Buka retail pointer slots and full literal bytes checked; table layout reviewed
table.gEventText.68	0x00098fa8	0x00098368	0x00093520	0x00092abc	43cf275fee2f181375d208f58b101536bc34fc7c	src/SOURCE/KB.cpp:gEventText; pointer offset 0x110	a621235fd2b9e741c83beb75db43eabdc76374ffa1e1fb70f7ed0eb3cd1243de	compiled initializer correspondence; original and Buka retail pointer slots and full literal bytes checked; table layout reviewed
table.gEventText.69	0x00099034	0x000983f4	0x00093524	0x00092ac0	43cf275fee2f181375d208f58b101536bc34fc7c	src/SOURCE/KB.cpp:gEventText; pointer offset 0x114	07d61d4bae6b62e4f731fe4903e2339b013acb0221583d13409ba50602088214	compiled initializer correspondence; original and Buka retail pointer slots and full literal bytes checked; table layout reviewed
table.gEventText.70	0x000990cc	0x000984c4	0x00093528	0x00092ac4	43cf275fee2f181375d208f58b101536bc34fc7c	src/SOURCE/KB.cpp:gEventText; pointer offset 0x118	564183e2219f04f5da37089640c4641f541a100630237b60f37ea70b09b98ad6	compiled initializer correspondence; original and Buka retail pointer slots and full literal bytes checked; table layout reviewed
table.gEventText.71	0x00099154	0x00098554	0x0009352c	0x00092ac8	43cf275fee2f181375d208f58b101536bc34fc7c	src/SOURCE/KB.cpp:gEventText; pointer offset 0x11c	3eca62e1da2c74b8ca858bfd13bbd2276192231df38025dfb67b36871e1c2e4e	compiled initializer correspondence; original and Buka retail pointer slots and full literal bytes checked; table layout reviewed
table.gEventText.72	0x000991c4	0x000985bc	0x00093530	0x00092acc	43cf275fee2f181375d208f58b101536bc34fc7c	src/SOURCE/KB.cpp:gEventText; pointer offset 0x120	3161f585e0474f9a389e27bc212885e7ec4bf7024d5504bc4510f513787805bd	compiled initializer correspondence; original and Buka retail pointer slots and full literal bytes checked; table layout reviewed
table.gEventText.73	0x00099230	0x0009861c	0x00093534	0x00092ad0	43cf275fee2f181375d208f58b101536bc34fc7c	src/SOURCE/KB.cpp:gEventText; pointer offset 0x124	0dcdf349c467d417915a0610790312670272460c003a6a7260582c5d44085dfe	compiled initializer correspondence; original and Buka retail pointer slots and full literal bytes checked; table layout reviewed
table.gEventText.74	0x000992ac	0x000986a8	0x00093538	0x00092ad4	43cf275fee2f181375d208f58b101536bc34fc7c	src/SOURCE/KB.cpp:gEventText; pointer offset 0x128	4b6dea1f908700e1841d365c735e9837f036c7f9d3394a0f03554cca284f758d	compiled initializer correspondence; original and Buka retail pointer slots and full literal bytes checked; table layout reviewed
table.gEventText.75	0x000992f8	0x000986ec	0x0009353c	0x00092ad8	43cf275fee2f181375d208f58b101536bc34fc7c	src/SOURCE/KB.cpp:gEventText; pointer offset 0x12c	2630abf7dfe9d50a0da77bb429e2c0b0fc3cfc165e208b51cd4b1eab85633391	compiled initializer correspondence; original and Buka retail pointer slots and full literal bytes checked; table layout reviewed
table.gEventText.76	0x00099378	0x00098778	0x00093540	0x00092adc	43cf275fee2f181375d208f58b101536bc34fc7c	src/SOURCE/KB.cpp:gEventText; pointer offset 0x130	566d8e8482a19f137168e53feea15828ff75854d17a665d263b2ffc36b2a10fa	compiled initializer correspondence; original and Buka retail pointer slots and full literal bytes checked; table layout reviewed
table.gSpellNames.0	0x00096b6c	0x00095de4	0x00093148	0x000926dc	43cf275fee2f181375d208f58b101536bc34fc7c	src/SOURCE/KB.cpp:gSpellNames; pointer offset 0x0	4f3d547af08ed8c63ccf7e647d306ba67664133996dbbc3f265f12599592d88b	compiled initializer correspondence; original and Buka retail pointer slots and full literal bytes checked; table layout reviewed
table.gSpellNames.1	0x00096b78	0x00095df4	0x0009314c	0x000926e0	43cf275fee2f181375d208f58b101536bc34fc7c	src/SOURCE/KB.cpp:gSpellNames; pointer offset 0x4	b1be562073bc8017d63909f200e61466ceaf36547631cdaf2187d88975bfa794	compiled initializer correspondence; original and Buka retail pointer slots and full literal bytes checked; table layout reviewed
table.gSpellNames.2	0x00096b88	0x00095dfc	0x00093150	0x000926e4	43cf275fee2f181375d208f58b101536bc34fc7c	src/SOURCE/KB.cpp:gSpellNames; pointer offset 0x8	9fbca5952a076eb560452cc6a831f87cce551f5b249c6a0a5a0e72a0f9d72c86	compiled initializer correspondence; original and Buka retail pointer slots and full literal bytes checked; table layout reviewed
table.gSpellNames.3	0x00096b94	0x00095e0c	0x00093154	0x000926e8	43cf275fee2f181375d208f58b101536bc34fc7c	src/SOURCE/KB.cpp:gSpellNames; pointer offset 0xc	fb255f2823632032522815e03744a3f929d0fd2817aabf3e0dcf4718aee824fb	compiled initializer correspondence; original and Buka retail pointer slots and full literal bytes checked; table layout reviewed
table.gSpellNames.4	0x00096b9c	0x00095e14	0x00093158	0x000926ec	43cf275fee2f181375d208f58b101536bc34fc7c	src/SOURCE/KB.cpp:gSpellNames; pointer offset 0x10	98b0a4352e15f13e2ada6ee1484f537e552d7f790122e22308ff91e56849c08f	compiled initializer correspondence; original and Buka retail pointer slots and full literal bytes checked; table layout reviewed
table.gSpellNames.5	0x00096ba8	0x00095e20	0x0009315c	0x000926f0	43cf275fee2f181375d208f58b101536bc34fc7c	src/SOURCE/KB.cpp:gSpellNames; pointer offset 0x14	f859b958e4d66c7035a256a36cea7dadb1aa10d898b0729e638f54b5bbde2646	compiled initializer correspondence; original and Buka retail pointer slots and full literal bytes checked; table layout reviewed
table.gSpellNames.6	0x00096bb0	0x00095e2c	0x00093160	0x000926f4	43cf275fee2f181375d208f58b101536bc34fc7c	src/SOURCE/KB.cpp:gSpellNames; pointer offset 0x18	49363b0e2873d185962cedfa12122fd6d9445d79f8ac2a173d4b5a6e54d4980f	compiled initializer correspondence; original and Buka retail pointer slots and full literal bytes checked; table layout reviewed
table.gSpellNames.7	0x00096bb8	0x00095e38	0x00093164	0x000926f8	43cf275fee2f181375d208f58b101536bc34fc7c	src/SOURCE/KB.cpp:gSpellNames; pointer offset 0x1c	c3756a7617a54d49b59f8d3ba2f3edda65072a87758b45ba081c6fd2a89c843a	compiled initializer correspondence; original and Buka retail pointer slots and full literal bytes checked; table layout reviewed
table.gSpellNames.8	0x00096bc0	0x00095e44	0x00093168	0x000926fc	43cf275fee2f181375d208f58b101536bc34fc7c	src/SOURCE/KB.cpp:gSpellNames; pointer offset 0x20	e0d492835ac6be115f91f7185e7794d1edd97ed4978247674100599bc87c43b6	compiled initializer correspondence; original and Buka retail pointer slots and full literal bytes checked; table layout reviewed
table.gSpellNames.9	0x00096bc8	0x00095e54	0x0009316c	0x00092700	43cf275fee2f181375d208f58b101536bc34fc7c	src/SOURCE/KB.cpp:gSpellNames; pointer offset 0x24	7437eeaf6b73482197029f5e8c71aad4da716421a0d5fffb8dd21c1b8afb2f4e	compiled initializer correspondence; original and Buka retail pointer slots and full literal bytes checked; table layout reviewed
table.gSpellNames.10	0x00096bd4	0x00095e5c	0x00093170	0x00092704	43cf275fee2f181375d208f58b101536bc34fc7c	src/SOURCE/KB.cpp:gSpellNames; pointer offset 0x28	3669cc24225cfee52e92a412440339f2f5fc2024d5968286a06db6c5e0a7c6b5	compiled initializer correspondence; original and Buka retail pointer slots and full literal bytes checked; table layout reviewed
table.gSpellNames.11	0x00096bdc	0x00095e68	0x00093174	0x00092708	43cf275fee2f181375d208f58b101536bc34fc7c	src/SOURCE/KB.cpp:gSpellNames; pointer offset 0x2c	1e773f4d15593d7a0923c1988e37631dcd9f948812553dca04b676bf16532923	compiled initializer correspondence; original and Buka retail pointer slots and full literal bytes checked; table layout reviewed
table.gSpellNames.12	0x00096be8	0x00095e78	0x00093178	0x0009270c	43cf275fee2f181375d208f58b101536bc34fc7c	src/SOURCE/KB.cpp:gSpellNames; pointer offset 0x30	46f80b2b7a62f88dec926a8a6e85b7be9616bcd8f19bca4d9e0b8a47063384c7	compiled initializer correspondence; original and Buka retail pointer slots and full literal bytes checked; table layout reviewed
table.gSpellNames.13	0x00096bf4	0x00095e84	0x0009317c	0x00092710	43cf275fee2f181375d208f58b101536bc34fc7c	src/SOURCE/KB.cpp:gSpellNames; pointer offset 0x34	2808f18a13c9f63b503d27c16a0acde0815abe0c8809042b108ff192ae023052	compiled initializer correspondence; original and Buka retail pointer slots and full literal bytes checked; table layout reviewed
table.gSpellNames.14	0x00096c04	0x00095e90	0x00093180	0x00092714	43cf275fee2f181375d208f58b101536bc34fc7c	src/SOURCE/KB.cpp:gSpellNames; pointer offset 0x38	5cb9cdb1076a4063611b462f8501f7b541a4c14565b7fb6a76937e4fd0891fdb	compiled initializer correspondence; original and Buka retail pointer slots and full literal bytes checked; table layout reviewed
table.gSpellNames.15	0x00096c10	0x00095e98	0x00093184	0x00092718	43cf275fee2f181375d208f58b101536bc34fc7c	src/SOURCE/KB.cpp:gSpellNames; pointer offset 0x3c	8396a82cb614135a7c34b6e83c4b1e34536cd07c7e70ef9b1bc971d95a53cf10	compiled initializer correspondence; original and Buka retail pointer slots and full literal bytes checked; table layout reviewed
table.gSpellNames.16	0x00096c1c	0x00095ea4	0x00093188	0x0009271c	43cf275fee2f181375d208f58b101536bc34fc7c	src/SOURCE/KB.cpp:gSpellNames; pointer offset 0x40	f7984a545f4667c6e4772d6521f72741f3ababec02c2cecd521bbb7c4c30b201	compiled initializer correspondence; original and Buka retail pointer slots and full literal bytes checked; table layout reviewed
table.gSpellNames.17	0x00096c24	0x00095eac	0x0009318c	0x00092720	43cf275fee2f181375d208f58b101536bc34fc7c	src/SOURCE/KB.cpp:gSpellNames; pointer offset 0x44	90575e7fa909f5ad7458b02811cb4155a1a7c4a2c16268c361219b5967ad7791	compiled initializer correspondence; original and Buka retail pointer slots and full literal bytes checked; table layout reviewed
table.gSpellNames.18	0x00096c34	0x00095eb8	0x00093190	0x00092724	43cf275fee2f181375d208f58b101536bc34fc7c	src/SOURCE/KB.cpp:gSpellNames; pointer offset 0x48	ec206721d7ecaed98588f4eb75ac3811e96fb33b8a3e8ebdd4edf0bfb05a37ab	compiled initializer correspondence; original and Buka retail pointer slots and full literal bytes checked; table layout reviewed
table.gSpellNames.19	0x00096c40	0x00095ec0	0x00093194	0x00092728	43cf275fee2f181375d208f58b101536bc34fc7c	src/SOURCE/KB.cpp:gSpellNames; pointer offset 0x4c	0311317eecb6722041b10448c7022adb8f154c99c5dbf3f24bbe58d801237802	compiled initializer correspondence; original and Buka retail pointer slots and full literal bytes checked; table layout reviewed
table.gSpellNames.20	0x00096c4c	0x00095ec8	0x00093198	0x0009272c	43cf275fee2f181375d208f58b101536bc34fc7c	src/SOURCE/KB.cpp:gSpellNames; pointer offset 0x50	3149a77216e2d9ddc4beb9c10d84eedd1fe530396f5487f7ec95004146b559ba	compiled initializer correspondence; original and Buka retail pointer slots and full literal bytes checked; table layout reviewed
table.gSpellNames.21	0x00096c5c	0x00095ed0	0x0009319c	0x00092730	43cf275fee2f181375d208f58b101536bc34fc7c	src/SOURCE/KB.cpp:gSpellNames; pointer offset 0x54	cd9f853ffce26809d543e22d527a56e13d5fe137fbe9854c67755fa082cbb7c3	compiled initializer correspondence; original and Buka retail pointer slots and full literal bytes checked; table layout reviewed
table.gSpellNames.22	0x00096c6c	0x00095edc	0x000931a0	0x00092734	43cf275fee2f181375d208f58b101536bc34fc7c	src/SOURCE/KB.cpp:gSpellNames; pointer offset 0x58	ea44d254c8a6ddf3419c593d886714b25de8fa7062a5ba2171d70ceb9f02a8b0	compiled initializer correspondence; original and Buka retail pointer slots and full literal bytes checked; table layout reviewed
table.gSpellNames.23	0x00096c78	0x00095ee4	0x000931a4	0x00092738	43cf275fee2f181375d208f58b101536bc34fc7c	src/SOURCE/KB.cpp:gSpellNames; pointer offset 0x5c	f1d410476d896443c3e693f4e6943783e2b56c3b4b6157ede1c24954db653018	compiled initializer correspondence; original and Buka retail pointer slots and full literal bytes checked; table layout reviewed
table.gSpellNames.24	0x00096c84	0x00095eec	0x000931a8	0x0009273c	43cf275fee2f181375d208f58b101536bc34fc7c	src/SOURCE/KB.cpp:gSpellNames; pointer offset 0x60	52bd404bd0ddd691c1f533615d3cd04372432c24cd0b88797d58048269dac3fa	compiled initializer correspondence; original and Buka retail pointer slots and full literal bytes checked; table layout reviewed
table.gSpellNames.25	0x00096c90	0x00095ef0	0x000931ac	0x00092740	43cf275fee2f181375d208f58b101536bc34fc7c	src/SOURCE/KB.cpp:gSpellNames; pointer offset 0x64	4791919e0f1f39a03b3d42df9a378772ffc786f891bab9f594bf81c71296a3c7	compiled initializer correspondence; original and Buka retail pointer slots and full literal bytes checked; table layout reviewed
table.gSpellNames.26	0x00096ca0	0x00095f00	0x000931b0	0x00092744	43cf275fee2f181375d208f58b101536bc34fc7c	src/SOURCE/KB.cpp:gSpellNames; pointer offset 0x68	beb6567a9215b43fd8d829ef6396b9bfc1a917d5d1e86cff603c9c0f7426c030	compiled initializer correspondence; original and Buka retail pointer slots and full literal bytes checked; table layout reviewed
table.gSpellNames.27	0x00096cac	0x00095f08	0x000931b4	0x00092748	43cf275fee2f181375d208f58b101536bc34fc7c	src/SOURCE/KB.cpp:gSpellNames; pointer offset 0x6c	d21816e94e888270d4e0c5fc38ca288eadff0a2df98acb76f97eca2e3c08b492	compiled initializer correspondence; original and Buka retail pointer slots and full literal bytes checked; table layout reviewed
table.gSpellNames.28	0x00096cbc	0x00095f10	0x000931b8	0x0009274c	43cf275fee2f181375d208f58b101536bc34fc7c	src/SOURCE/KB.cpp:gSpellNames; pointer offset 0x70	5f3a8ed22977d2281a00f4e953988f327974619a06eaef118154971b78dfc492	compiled initializer correspondence; original and Buka retail pointer slots and full literal bytes checked; table layout reviewed
table.gStatDesc.0	0x000967cc	0x00095934	0x00093040	0x00092568	43cf275fee2f181375d208f58b101536bc34fc7c	src/SOURCE/KB.cpp:gStatDesc; pointer offset 0x0	26f288cec8a345039171373f2d65dbc3289f79b6b5e0e4d9c78ce111115fded1	compiled initializer correspondence; original and Buka retail pointer slots and full literal bytes checked; table layout reviewed
table.gStatDesc.1	0x00096810	0x00095978	0x00093044	0x0009256c	43cf275fee2f181375d208f58b101536bc34fc7c	src/SOURCE/KB.cpp:gStatDesc; pointer offset 0x4	72600ea24087866f33f5d74ef8fb93e1a21634054b0c392ac3a7e0a23e7356b9	compiled initializer correspondence; original and Buka retail pointer slots and full literal bytes checked; table layout reviewed
table.gStatDesc.2	0x00096858	0x000959c0	0x00093048	0x00092570	43cf275fee2f181375d208f58b101536bc34fc7c	src/SOURCE/KB.cpp:gStatDesc; pointer offset 0x8	c0aa814cec37c42ff10c5c4ba6bb6762a353529bd5ccfc67f6bc3684bd1eeb00	compiled initializer correspondence; original and Buka retail pointer slots and full literal bytes checked; table layout reviewed
table.gStatDesc.3	0x00096894	0x00095a10	0x0009304c	0x00092574	43cf275fee2f181375d208f58b101536bc34fc7c	src/SOURCE/KB.cpp:gStatDesc; pointer offset 0xc	542dee6289a58cf4fd67d891f3452333bba7361660f161ff93f9630b9d294c7b	compiled initializer correspondence; original and Buka retail pointer slots and full literal bytes checked; table layout reviewed
table.gStatDesc.4	0x000968dc	0x00095a54	0x00093050	0x00092578	43cf275fee2f181375d208f58b101536bc34fc7c	src/SOURCE/KB.cpp:gStatDesc; pointer offset 0x10	0cd419a09610527d27cb7b5ad5666725b4c568b01acee359369154be132bbe5b	compiled initializer correspondence; original and Buka retail pointer slots and full literal bytes checked; table layout reviewed
table.gStatNames.0	0x00096788	0x00095908	0x00093028	0x00092554	43cf275fee2f181375d208f58b101536bc34fc7c	src/SOURCE/KB.cpp:gStatNames; pointer offset 0x0	52362834f360a3641154fec265f4d947a6fcabf13d2a994adcfaff34f8b99d3d	compiled initializer correspondence; original and Buka retail pointer slots and full literal bytes checked; table layout reviewed
table.gStatNames.1	0x00096798	0x00095910	0x0009302c	0x00092558	43cf275fee2f181375d208f58b101536bc34fc7c	src/SOURCE/KB.cpp:gStatNames; pointer offset 0x4	7437eeaf6b73482197029f5e8c71aad4da716421a0d5fffb8dd21c1b8afb2f4e	compiled initializer correspondence; original and Buka retail pointer slots and full literal bytes checked; table layout reviewed
table.gStatNames.2	0x000967a8	0x00095918	0x00093030	0x0009255c	43cf275fee2f181375d208f58b101536bc34fc7c	src/SOURCE/KB.cpp:gStatNames; pointer offset 0x8	729225b65567df1fd1ea48894e797a839330cdb0d46cb248b78669ee74d1fdd5	compiled initializer correspondence; original and Buka retail pointer slots and full literal bytes checked; table layout reviewed
table.gStatNames.3	0x000967b4	0x00095924	0x00093034	0x00092560	43cf275fee2f181375d208f58b101536bc34fc7c	src/SOURCE/KB.cpp:gStatNames; pointer offset 0xc	d815cac2ad000533b51abb39d1772a46ddcfd77f1ed298aac46d4837cc2b82db	compiled initializer correspondence; original and Buka retail pointer slots and full literal bytes checked; table layout reviewed
table.gStatNames.4	0x000967c0	0x0009592c	0x00093038	0x00092564	43cf275fee2f181375d208f58b101536bc34fc7c	src/SOURCE/KB.cpp:gStatNames; pointer offset 0x10	11988f82d869b6cedff2e2279c322a35444b6ec3310478a02b1ad084da44f52f	compiled initializer correspondence; original and Buka retail pointer slots and full literal bytes checked; table layout reviewed
table.gArtifactDesc.0	0x000946bc	0x00093a1c	0x00092ef8	0x00092424	43cf275fee2f181375d208f58b101536bc34fc7c	src/SOURCE/KB.cpp:gArtifactDesc; pointer offset 0x0	438aa12683610d9a20eb05dc1fac84c6580794c06e8e8237a823db51d0dab3f6	compiled initializer correspondence; original and Buka retail pointer slots and full literal bytes checked; table layout reviewed
table.gArtifactDesc.1	0x0009471c	0x00093a6c	0x00092efc	0x00092428	43cf275fee2f181375d208f58b101536bc34fc7c	src/SOURCE/KB.cpp:gArtifactDesc; pointer offset 0x4	7d00e1251380b7e9d854ab7928ab015737f80c48c2e2b47a2d98f4042a352f30	compiled initializer correspondence; original and Buka retail pointer slots and full literal bytes checked; table layout reviewed
table.gArtifactDesc.2	0x0009477c	0x00093ab8	0x00092f00	0x0009242c	43cf275fee2f181375d208f58b101536bc34fc7c	src/SOURCE/KB.cpp:gArtifactDesc; pointer offset 0x8	2a894ea4d43c0fb2323b6543f0cbd8b0ecd8b2fb7bd6cc9dee4030b35a56ba08	compiled initializer correspondence; original and Buka retail pointer slots and full literal bytes checked; table layout reviewed
table.gArtifactDesc.3	0x000947e0	0x00093b0c	0x00092f04	0x00092430	43cf275fee2f181375d208f58b101536bc34fc7c	src/SOURCE/KB.cpp:gArtifactDesc; pointer offset 0xc	55bba8b45bfae32dd11e5dbe73d60a7c77abc5dd4b4d67ff505810a18fdad379	compiled initializer correspondence; original and Buka retail pointer slots and full literal bytes checked; table layout reviewed
table.gArtifactDesc.4	0x00094840	0x00093b60	0x00092f08	0x00092434	43cf275fee2f181375d208f58b101536bc34fc7c	src/SOURCE/KB.cpp:gArtifactDesc; pointer offset 0x10	6cd2192ddb3c3b901f755f1b8708bff09258af813b0a5f14109a80ff380d7985	compiled initializer correspondence; original and Buka retail pointer slots and full literal bytes checked; table layout reviewed
table.gArtifactDesc.5	0x000948a0	0x00093bc4	0x00092f0c	0x00092438	43cf275fee2f181375d208f58b101536bc34fc7c	src/SOURCE/KB.cpp:gArtifactDesc; pointer offset 0x14	9d3d412df20fd6ff06fb42d522cf9b2781989da703db35e6d7fc8ce0452ca4e2	compiled initializer correspondence; original and Buka retail pointer slots and full literal bytes checked; table layout reviewed
table.gArtifactDesc.6	0x00094904	0x00093c28	0x00092f10	0x0009243c	43cf275fee2f181375d208f58b101536bc34fc7c	src/SOURCE/KB.cpp:gArtifactDesc; pointer offset 0x18	650e1853f698ec64ed8e5bff36e2c85b56b4dff860fcfed1a0968c2873276d29	compiled initializer correspondence; original and Buka retail pointer slots and full literal bytes checked; table layout reviewed
table.gArtifactDesc.7	0x0009495c	0x00093c78	0x00092f14	0x00092440	43cf275fee2f181375d208f58b101536bc34fc7c	src/SOURCE/KB.cpp:gArtifactDesc; pointer offset 0x1c	c65c95ae7539133873d750765af04126e9c31cbb88864e2b2934c27aab2bdedd	compiled initializer correspondence; original and Buka retail pointer slots and full literal bytes checked; table layout reviewed
table.gArtifactDesc.8	0x000949bc	0x00093cc8	0x00092f18	0x00092444	43cf275fee2f181375d208f58b101536bc34fc7c	src/SOURCE/KB.cpp:gArtifactDesc; pointer offset 0x20	9247bc542dbae96d7901a8d9ccc02859a563a115afdc5151a8eab3fad65280f2	compiled initializer correspondence; original and Buka retail pointer slots and full literal bytes checked; table layout reviewed
table.gArtifactDesc.9	0x000949f0	0x00093cfc	0x00092f1c	0x00092448	43cf275fee2f181375d208f58b101536bc34fc7c	src/SOURCE/KB.cpp:gArtifactDesc; pointer offset 0x24	0a329c24e4a35c2736450a5447be0ec17371166ed57c039658320a5c89bd74e4	compiled initializer correspondence; original and Buka retail pointer slots and full literal bytes checked; table layout reviewed
table.gArtifactDesc.10	0x00094a24	0x00093d34	0x00092f20	0x0009244c	43cf275fee2f181375d208f58b101536bc34fc7c	src/SOURCE/KB.cpp:gArtifactDesc; pointer offset 0x28	d0eeb41e0a3622c2c9902f101856ff8d6771c7d4f7b1a66aa3c0fe6d94eb05a2	compiled initializer correspondence; original and Buka retail pointer slots and full literal bytes checked; table layout reviewed
table.gArtifactDesc.11	0x00094a58	0x00093d6c	0x00092f24	0x00092450	43cf275fee2f181375d208f58b101536bc34fc7c	src/SOURCE/KB.cpp:gArtifactDesc; pointer offset 0x2c	1e80f507b0f885c5e6827f7dfc3cc0b6ef37b232888a1926c93dd7f516ef26a0	compiled initializer correspondence; original and Buka retail pointer slots and full literal bytes checked; table layout reviewed
table.gArtifactDesc.12	0x00094a90	0x00093da0	0x00092f28	0x00092454	43cf275fee2f181375d208f58b101536bc34fc7c	src/SOURCE/KB.cpp:gArtifactDesc; pointer offset 0x30	d82001433bee218728d8c55b4f4c3b700956a429b0d4c700ff90e557a9f8aac7	compiled initializer correspondence; original and Buka retail pointer slots and full literal bytes checked; table layout reviewed
table.gArtifactDesc.13	0x00094ad0	0x00093dd8	0x00092f2c	0x00092458	43cf275fee2f181375d208f58b101536bc34fc7c	src/SOURCE/KB.cpp:gArtifactDesc; pointer offset 0x34	dc5ce0726c8f6b7685448c88811e159760a0e51920d0b57f8f3ac7c979445d4a	compiled initializer correspondence; original and Buka retail pointer slots and full literal bytes checked; table layout reviewed
table.gArtifactDesc.14	0x00094b2c	0x00093e2c	0x00092f30	0x0009245c	43cf275fee2f181375d208f58b101536bc34fc7c	src/SOURCE/KB.cpp:gArtifactDesc; pointer offset 0x38	e1956350e7a1d58354a7933d6a9cf1125303da4350d5b65fc800522564c49634	compiled initializer correspondence; original and Buka retail pointer slots and full literal bytes checked; table layout reviewed
table.gArtifactDesc.15	0x00094b94	0x00093e84	0x00092f34	0x00092460	43cf275fee2f181375d208f58b101536bc34fc7c	src/SOURCE/KB.cpp:gArtifactDesc; pointer offset 0x3c	18149214f178f554d8bcee26ec42bb239a846aaeedef2385487cbee60917076e	compiled initializer correspondence; original and Buka retail pointer slots and full literal bytes checked; table layout reviewed
table.gArtifactDesc.16	0x00094bf4	0x00093ed8	0x00092f38	0x00092464	43cf275fee2f181375d208f58b101536bc34fc7c	src/SOURCE/KB.cpp:gArtifactDesc; pointer offset 0x40	3858f96cb5afba1b70aa7e5d177ef44ddaffc6bcec5e468b59631a101d6c4eb3	compiled initializer correspondence; original and Buka retail pointer slots and full literal bytes checked; table layout reviewed
table.gArtifactDesc.17	0x00094c4c	0x00093f28	0x00092f3c	0x00092468	43cf275fee2f181375d208f58b101536bc34fc7c	src/SOURCE/KB.cpp:gArtifactDesc; pointer offset 0x44	0eb2b32c5609b4443cfe067c7a29d36a80e48de38ed84e25148bbdb9ec62c033	compiled initializer correspondence; original and Buka retail pointer slots and full literal bytes checked; table layout reviewed
table.gArtifactDesc.18	0x00094ca0	0x00093f78	0x00092f40	0x0009246c	43cf275fee2f181375d208f58b101536bc34fc7c	src/SOURCE/KB.cpp:gArtifactDesc; pointer offset 0x48	68cf2b984ecb1d13bc44dc888901cedb8dafdb6fc9d832d6caeb774a6bb47616	compiled initializer correspondence; original and Buka retail pointer slots and full literal bytes checked; table layout reviewed
table.gArtifactDesc.19	0x00094d04	0x00093fc8	0x00092f44	0x00092470	43cf275fee2f181375d208f58b101536bc34fc7c	src/SOURCE/KB.cpp:gArtifactDesc; pointer offset 0x4c	e92aab5986f338c6d1059ec2d6ba2590cfe74be3b667bc4ac8339fb73dfd7e37	compiled initializer correspondence; original and Buka retail pointer slots and full literal bytes checked; table layout reviewed
table.gArtifactDesc.20	0x00094d60	0x00094014	0x00092f48	0x00092474	43cf275fee2f181375d208f58b101536bc34fc7c	src/SOURCE/KB.cpp:gArtifactDesc; pointer offset 0x50	1fa1fc0bee8a2e9e0b79fbe5ecca1ec62f6b953f05d6fef82b79f706318425b7	compiled initializer correspondence; original and Buka retail pointer slots and full literal bytes checked; table layout reviewed
table.gArtifactDesc.21	0x00094db4	0x00094060	0x00092f4c	0x00092478	43cf275fee2f181375d208f58b101536bc34fc7c	src/SOURCE/KB.cpp:gArtifactDesc; pointer offset 0x54	3dbcc13bfdf813d6bdf33ed835d1e1b5d3e01316f8403cb75c6bf5b8fca1e11d	compiled initializer correspondence; original and Buka retail pointer slots and full literal bytes checked; table layout reviewed
table.gArtifactDesc.22	0x00094e20	0x000940bc	0x00092f50	0x0009247c	43cf275fee2f181375d208f58b101536bc34fc7c	src/SOURCE/KB.cpp:gArtifactDesc; pointer offset 0x58	b138d54b0178fabca4d27b433bd666c330dddafc06f087b36df6936c362e7ae4	compiled initializer correspondence; original and Buka retail pointer slots and full literal bytes checked; table layout reviewed
table.gArtifactDesc.23	0x00094e7c	0x00094114	0x00092f54	0x00092480	43cf275fee2f181375d208f58b101536bc34fc7c	src/SOURCE/KB.cpp:gArtifactDesc; pointer offset 0x5c	a06db42a1302c79ba60988b79158a6f54498c646da95189399a9c7219c86be6e	compiled initializer correspondence; original and Buka retail pointer slots and full literal bytes checked; table layout reviewed
table.gArtifactDesc.24	0x00094ed8	0x00094170	0x00092f58	0x00092484	43cf275fee2f181375d208f58b101536bc34fc7c	src/SOURCE/KB.cpp:gArtifactDesc; pointer offset 0x60	5769c8b95e6e8734b6965c3e64af35a3b5833517ebcaeac96d303f3fe9254f71	compiled initializer correspondence; original and Buka retail pointer slots and full literal bytes checked; table layout reviewed
table.gArtifactDesc.25	0x00094f38	0x000941d8	0x00092f5c	0x00092488	43cf275fee2f181375d208f58b101536bc34fc7c	src/SOURCE/KB.cpp:gArtifactDesc; pointer offset 0x64	f76c0c36d6c1522cfeec7517775fea9dbfa96020a64f26b15765f118db5d4206	compiled initializer correspondence; original and Buka retail pointer slots and full literal bytes checked; table layout reviewed
table.gArtifactDesc.26	0x00094f98	0x00094234	0x00092f60	0x0009248c	43cf275fee2f181375d208f58b101536bc34fc7c	src/SOURCE/KB.cpp:gArtifactDesc; pointer offset 0x68	72e07b5de5e0cef21522d8df3961cbef95e3b2a5b5d1089a2f34c5687b5f53cb	compiled initializer correspondence; original and Buka retail pointer slots and full literal bytes checked; table layout reviewed
table.gArtifactDesc.27	0x00094fe4	0x00094278	0x00092f64	0x00092490	43cf275fee2f181375d208f58b101536bc34fc7c	src/SOURCE/KB.cpp:gArtifactDesc; pointer offset 0x6c	7fb8d6cc71b926c557951e97e8b2b3fcd9798c9f3664f3204db1995e3b078dac	compiled initializer correspondence; original and Buka retail pointer slots and full literal bytes checked; table layout reviewed
table.gArtifactDesc.28	0x00095030	0x000942b8	0x00092f68	0x00092494	43cf275fee2f181375d208f58b101536bc34fc7c	src/SOURCE/KB.cpp:gArtifactDesc; pointer offset 0x70	ff7f47e7f5c41610b538d30b1fc124102dcd6c77af56c40b078fc23b233dfa5a	compiled initializer correspondence; original and Buka retail pointer slots and full literal bytes checked; table layout reviewed
table.gArtifactDesc.29	0x00095080	0x000942fc	0x00092f6c	0x00092498	43cf275fee2f181375d208f58b101536bc34fc7c	src/SOURCE/KB.cpp:gArtifactDesc; pointer offset 0x74	d365f2fc64ebc33a420bcbf4618be0078402555a591e793999f3a7044d2d7fb7	compiled initializer correspondence; original and Buka retail pointer slots and full literal bytes checked; table layout reviewed
table.gArtifactDesc.30	0x000950cc	0x00094350	0x00092f70	0x0009249c	43cf275fee2f181375d208f58b101536bc34fc7c	src/SOURCE/KB.cpp:gArtifactDesc; pointer offset 0x78	b71a12a0e6fe2d6b2eced60e1cad4a5946f4ddab877dad4f86fef1b8c8666334	compiled initializer correspondence; original and Buka retail pointer slots and full literal bytes checked; table layout reviewed
table.gArtifactDesc.31	0x00095120	0x0009439c	0x00092f74	0x000924a0	43cf275fee2f181375d208f58b101536bc34fc7c	src/SOURCE/KB.cpp:gArtifactDesc; pointer offset 0x7c	074a2bda41f54513c8055c525b7606466517dc4aa210cb38683c7ce2f9b2b267	compiled initializer correspondence; original and Buka retail pointer slots and full literal bytes checked; table layout reviewed
table.gArtifactDesc.32	0x00095168	0x000943d4	0x00092f78	0x000924a4	43cf275fee2f181375d208f58b101536bc34fc7c	src/SOURCE/KB.cpp:gArtifactDesc; pointer offset 0x80	7bc02f6112d99ae74f8b9f67d96108f55002960be59009c05b99d26e6b99f485	compiled initializer correspondence; original and Buka retail pointer slots and full literal bytes checked; table layout reviewed
table.gArtifactDesc.33	0x000951a8	0x00094410	0x00092f7c	0x000924a8	43cf275fee2f181375d208f58b101536bc34fc7c	src/SOURCE/KB.cpp:gArtifactDesc; pointer offset 0x84	ef72e3624f34773f57ca1d80b473f1326549393e2f508437b1cfe9f342a87715	compiled initializer correspondence; original and Buka retail pointer slots and full literal bytes checked; table layout reviewed
table.gArtifactDesc.34	0x000951e8	0x00094444	0x00092f80	0x000924ac	43cf275fee2f181375d208f58b101536bc34fc7c	src/SOURCE/KB.cpp:gArtifactDesc; pointer offset 0x88	e34bbf8ab7793bbbae25a48b31d8d2df25b8a11d74f16460deceb7723d7bfe19	compiled initializer correspondence; original and Buka retail pointer slots and full literal bytes checked; table layout reviewed
table.gArtifactDesc.35	0x00095224	0x0009446c	0x00092f84	0x000924b0	43cf275fee2f181375d208f58b101536bc34fc7c	src/SOURCE/KB.cpp:gArtifactDesc; pointer offset 0x8c	724723d737626861be4893f78e6e4a8854848b3919fb3707830bdc67bddd5e1d	compiled initializer correspondence; original and Buka retail pointer slots and full literal bytes checked; table layout reviewed
table.gArtifactDesc.36	0x00095274	0x000944b0	0x00092f88	0x000924b4	43cf275fee2f181375d208f58b101536bc34fc7c	src/SOURCE/KB.cpp:gArtifactDesc; pointer offset 0x90	6c4e27b89fc582b60691ba7fa17dae17f9c6bf465f6017658d572139f4422227	compiled initializer correspondence; original and Buka retail pointer slots and full literal bytes checked; table layout reviewed
table.gArtifactDesc.37	0x000952c4	0x000944f0	0x00092f8c	0x000924b8	43cf275fee2f181375d208f58b101536bc34fc7c	src/SOURCE/KB.cpp:gArtifactDesc; pointer offset 0x94	8384bceec3f25cbeb2cfe3b2cf9db43cda2c6e6808734e9f231d104222b8e375	compiled initializer correspondence; original and Buka retail pointer slots and full literal bytes checked; table layout reviewed
table.gMapDifficultyNames.0	0x0009d270	0x0009c95c	0x00093d18	0x00093230	43cf275fee2f181375d208f58b101536bc34fc7c	src/SOURCE/KB.cpp:gMapDifficultyNames; pointer offset 0x0	7ea10b3541dd1d20c013cb7d6a6e193fd0ab6fe755e85cc45b11d20aa82be88d	compiled initializer correspondence; original and Buka retail pointer slots and full literal bytes checked; table layout reviewed
table.gMapDifficultyNames.1	0x0009d278	0x0009c964	0x00093d1c	0x00093234	43cf275fee2f181375d208f58b101536bc34fc7c	src/SOURCE/KB.cpp:gMapDifficultyNames; pointer offset 0x4	06e42820fa6d304089492b79e3417d4c87198e1e1929b24a5ff89c44b429d671	compiled initializer correspondence; original and Buka retail pointer slots and full literal bytes checked; table layout reviewed
table.gMapDifficultyNames.2	0x0009d280	0x0009c96c	0x00093d20	0x00093238	43cf275fee2f181375d208f58b101536bc34fc7c	src/SOURCE/KB.cpp:gMapDifficultyNames; pointer offset 0x8	378da8b5a6db2f90ef6cf759c926e40bcc7547840e92e744d95920287237a0d3	compiled initializer correspondence; original and Buka retail pointer slots and full literal bytes checked; table layout reviewed
table.gMapDifficultyNames.3	0x0009d288	0x0009c974	0x00093d24	0x0009323c	43cf275fee2f181375d208f58b101536bc34fc7c	src/SOURCE/KB.cpp:gMapDifficultyNames; pointer offset 0xc	71f776a78c552bf5b3eec22d6a29d2e8e501235c37333d1dcb21aff8cbeea589	compiled initializer correspondence; original and Buka retail pointer slots and full literal bytes checked; table layout reviewed
table.gMapDifficultyNames.4	0x0009d294	0x0009c980	0x00093d28	0x00093240	43cf275fee2f181375d208f58b101536bc34fc7c	src/SOURCE/KB.cpp:gMapDifficultyNames; pointer offset 0x10	f67a212b1fb2bdf5543647aff5f614056179046c3b02c6bce9ee25bd4e6db70d	compiled initializer correspondence; original and Buka retail pointer slots and full literal bytes checked; table layout reviewed
table.gMapSizeNames.0	0x0009d258	0x0009c940	0x00093d08	0x00093224	43cf275fee2f181375d208f58b101536bc34fc7c	src/SOURCE/KB.cpp:gMapSizeNames; pointer offset 0x0	ff76c8483fb51148030dcb2f8a30e80b601451abe5a0d1665950e0be7d7f7194	compiled initializer correspondence; original and Buka retail pointer slots and full literal bytes checked; table layout reviewed
table.gMapSizeNames.1	0x0009d260	0x0009c94c	0x00093d0c	0x00093228	43cf275fee2f181375d208f58b101536bc34fc7c	src/SOURCE/KB.cpp:gMapSizeNames; pointer offset 0x4	39adf8c1853a29d294337eb26741305504b34feb872cbccb1ba014e38b68943a	compiled initializer correspondence; original and Buka retail pointer slots and full literal bytes checked; table layout reviewed
table.gMapSizeNames.2	0x0009d268	0x0009c954	0x00093d10	0x0009322c	43cf275fee2f181375d208f58b101536bc34fc7c	src/SOURCE/KB.cpp:gMapSizeNames; pointer offset 0x8	2068be24041391536bcc54b831e7644a8d046b1ae5c69675b457c420e029262d	compiled initializer correspondence; original and Buka retail pointer slots and full literal bytes checked; table layout reviewed
table.gHeroLevel.0	0x0009af68	0x0009a58c	0x00093978	0x00092ecc	43cf275fee2f181375d208f58b101536bc34fc7c	src/SOURCE/KB.cpp:gHeroLevel; pointer offset 0x0	886b7aedfd7926b7e190f20c95f1d82e2f2b618883b6c31c62c30ff5944dffdf	compiled initializer correspondence; original and Buka retail pointer slots and full literal bytes checked; table layout reviewed
table.gHeroLevel.1	0x0009af78	0x0009a598	0x0009397c	0x00092ed0	43cf275fee2f181375d208f58b101536bc34fc7c	src/SOURCE/KB.cpp:gHeroLevel; pointer offset 0x4	bb2bfc83b62b6e9528053fe6ba4cb0f48dd1e51ed117bbd12a1f9c1e1a3e01a3	compiled initializer correspondence; original and Buka retail pointer slots and full literal bytes checked; table layout reviewed
table.gHeroLevel.2	0x0009af84	0x0009a5ac	0x00093980	0x00092ed4	43cf275fee2f181375d208f58b101536bc34fc7c	src/SOURCE/KB.cpp:gHeroLevel; pointer offset 0x8	a7007ba61646397b0f0cd69f7954fbf4932019d0407000184edd411e5f0dcee5	compiled initializer correspondence; original and Buka retail pointer slots and full literal bytes checked; table layout reviewed
table.gOverviewText.0	0x0009ab80	0x0009a12c	0x000938f0	0x00092e50	43cf275fee2f181375d208f58b101536bc34fc7c	src/SOURCE/KB.cpp:gOverviewText; pointer offset 0x0	6473ee6a001e4d74e49bbb22313ab211caaeae6f185b0ebae29fa02292ec3ce2	compiled initializer correspondence; original and Buka retail pointer slots and full literal bytes checked; table layout reviewed
table.gOverviewText.1	0x0009abb0	0x0009a164	0x000938f4	0x00092e54	43cf275fee2f181375d208f58b101536bc34fc7c	src/SOURCE/KB.cpp:gOverviewText; pointer offset 0x4	5b338da603126bf1338697a337da33817d31fc46c7e2138807a7e361b848a0cc	compiled initializer correspondence; original and Buka retail pointer slots and full literal bytes checked; table layout reviewed
table.gOverviewText.2	0x0009abc8	0x0009a178	0x000938f8	0x00092e58	43cf275fee2f181375d208f58b101536bc34fc7c	src/SOURCE/KB.cpp:gOverviewText; pointer offset 0x8	98a773787460abc03eff0a8d6eb9f055de498cceae3ac8ed45983509bbdf0ed0	compiled initializer correspondence; original and Buka retail pointer slots and full literal bytes checked; table layout reviewed
table.gConventionalMemoryUnits.0	0x0009aa1c	0x00099fd0	0x00093874	0x00092de0	43cf275fee2f181375d208f58b101536bc34fc7c	src/SOURCE/KB.cpp:gConventionalMemoryUnits; pointer offset 0x0	ce54dd86d9ff618ab9d6b5c3863abca5b6e4b47b19608e4795b1a0342a5a0609	compiled initializer correspondence; original and Buka retail pointer slots and full literal bytes checked; table layout reviewed
table.gExtendedMemoryUnits.0	0x0009a9ec	0x00099fac	0x00093870	0x00092ddc	43cf275fee2f181375d208f58b101536bc34fc7c	src/SOURCE/KB.cpp:gExtendedMemoryUnits; pointer offset 0x0	38527cd2b4103e496c8d9bc1ed686db529b19bcd272ede2e165e6053250d946a	compiled initializer correspondence; original and Buka retail pointer slots and full literal bytes checked; table layout reviewed
table.gMemoryRequirements.0	0x0009a9b8	0x00099f7c	0x0009386c	0x00092dd8	43cf275fee2f181375d208f58b101536bc34fc7c	src/SOURCE/KB.cpp:gMemoryRequirements; pointer offset 0x0	50d39d78b8f67078b69bc74b192c84dd4f20333c6410c2d5b34dd832d9f142f9	compiled initializer correspondence; original and Buka retail pointer slots and full literal bytes checked; table layout reviewed
table.gMemoryErrorTitle.0	0x0009a9a8	0x00099f68	0x00093868	0x00092dd4	43cf275fee2f181375d208f58b101536bc34fc7c	src/SOURCE/KB.cpp:gMemoryErrorTitle; pointer offset 0x0	bcd2a3629f1cb79397d7f1d641a02b06cfe5f161fb2ba22e269138227c87646b	compiled initializer correspondence; original and Buka retail pointer slots and full literal bytes checked; table layout reviewed
table.gArmyNames.0	0x00096980	0x00095aec	0x00093068	0x0009258c	43cf275fee2f181375d208f58b101536bc34fc7c	src/SOURCE/KB.cpp:gArmyNames; pointer offset 0x0	a92edb688bb11188a907c0b5aed19c0c17e8547bc78fa4ea5ba4643fdb4551b0	compiled initializer correspondence; original and Buka retail pointer slots and full literal bytes checked; table layout reviewed
table.gArmyNames.1	0x00096988	0x00095af8	0x0009306c	0x00092590	43cf275fee2f181375d208f58b101536bc34fc7c	src/SOURCE/KB.cpp:gArmyNames; pointer offset 0x4	275add90cc2727745f3da0636f599715f5b9cc458f620af9a5e0761b6b079433	compiled initializer correspondence; original and Buka retail pointer slots and full literal bytes checked; table layout reviewed
table.gArmyNames.2	0x00096990	0x00095b00	0x00093070	0x00092594	43cf275fee2f181375d208f58b101536bc34fc7c	src/SOURCE/KB.cpp:gArmyNames; pointer offset 0x8	d993654e3d39229d0aa7fd3a0771501f687732aa0e52169b642f9c87eaacfad6	compiled initializer correspondence; original and Buka retail pointer slots and full literal bytes checked; table layout reviewed
table.gArmyNames.3	0x00096998	0x00095b0c	0x00093074	0x00092598	43cf275fee2f181375d208f58b101536bc34fc7c	src/SOURCE/KB.cpp:gArmyNames; pointer offset 0xc	deeeed8bc55ef5a3c809ee9d4951c4b24a9b2406e7d4566cf269813378b6659c	compiled initializer correspondence; original and Buka retail pointer slots and full literal bytes checked; table layout reviewed
table.gArmyNames.4	0x000969a4	0x00095b14	0x00093078	0x0009259c	43cf275fee2f181375d208f58b101536bc34fc7c	src/SOURCE/KB.cpp:gArmyNames; pointer offset 0x10	6b62ef8dddb59bc005b151c1d8244e437a4c9e07ee556ca1db3e0ab0f7388478	compiled initializer correspondence; original and Buka retail pointer slots and full literal bytes checked; table layout reviewed
table.gArmyNames.5	0x000969ac	0x00095b1c	0x0009307c	0x000925a0	43cf275fee2f181375d208f58b101536bc34fc7c	src/SOURCE/KB.cpp:gArmyNames; pointer offset 0x14	1a02b31fa424fc3ffffc0c5cd6c906784bf65eb0a40eeda2d4b3d6cea95fa663	compiled initializer correspondence; original and Buka retail pointer slots and full literal bytes checked; table layout reviewed
table.gArmyNames.6	0x000969b4	0x00095b24	0x00093080	0x000925a4	43cf275fee2f181375d208f58b101536bc34fc7c	src/SOURCE/KB.cpp:gArmyNames; pointer offset 0x18	833dd31a5041d036d193742e2ce46590594f1ac5c3b3196a9983d9f9dc0f61a3	compiled initializer correspondence; original and Buka retail pointer slots and full literal bytes checked; table layout reviewed
table.gArmyNames.7	0x000969bc	0x00095b2c	0x00093084	0x000925a8	43cf275fee2f181375d208f58b101536bc34fc7c	src/SOURCE/KB.cpp:gArmyNames; pointer offset 0x1c	3d051df97618e8bf8e78d3b5440a2134837a2f4e964437f62f9e7ad396f48e98	compiled initializer correspondence; original and Buka retail pointer slots and full literal bytes checked; table layout reviewed
table.gArmyNames.8	0x000969c0	0x00095b30	0x00093088	0x000925ac	43cf275fee2f181375d208f58b101536bc34fc7c	src/SOURCE/KB.cpp:gArmyNames; pointer offset 0x20	7d3db2a09903039d2892257027cba636abf22932de5c021da11eed2457c294c7	compiled initializer correspondence; original and Buka retail pointer slots and full literal bytes checked; table layout reviewed
table.gArmyNames.9	0x000969c8	0x00095b38	0x0009308c	0x000925b0	43cf275fee2f181375d208f58b101536bc34fc7c	src/SOURCE/KB.cpp:gArmyNames; pointer offset 0x24	c173ee7edf265e7b68b2ceb2eb841516f76f479aecc352f9479e55b3dcf6701e	compiled initializer correspondence; original and Buka retail pointer slots and full literal bytes checked; table layout reviewed
table.gArmyNames.10	0x000969d0	0x00095b3c	0x00093090	0x000925b4	43cf275fee2f181375d208f58b101536bc34fc7c	src/SOURCE/KB.cpp:gArmyNames; pointer offset 0x28	693ad5fb36e73f686ce371fcbeca0008ec8281584acda9988a1b2eb8a1037dda	compiled initializer correspondence; original and Buka retail pointer slots and full literal bytes checked; table layout reviewed
table.gArmyNames.11	0x000969d8	0x00095b44	0x00093094	0x000925b8	43cf275fee2f181375d208f58b101536bc34fc7c	src/SOURCE/KB.cpp:gArmyNames; pointer offset 0x2c	506f7d7ccd5288d2f949fd1f2f050e60ababb4f997fe0284609056bcf8da248f	compiled initializer correspondence; original and Buka retail pointer slots and full literal bytes checked; table layout reviewed
table.gArmyNames.12	0x000969e0	0x00095b4c	0x00093098	0x000925bc	43cf275fee2f181375d208f58b101536bc34fc7c	src/SOURCE/KB.cpp:gArmyNames; pointer offset 0x30	961f85b16a2bc1b5e1670302203407c42e5fe71133b4f2d21cf48fcf72afeab2	compiled initializer correspondence; original and Buka retail pointer slots and full literal bytes checked; table layout reviewed
table.gArmyNames.13	0x000969e8	0x00095b50	0x0009309c	0x000925c0	43cf275fee2f181375d208f58b101536bc34fc7c	src/SOURCE/KB.cpp:gArmyNames; pointer offset 0x34	99353aa1bb3289d177ade9202376ca4bc07c1a2d76f5cd99f9c8313faacab624	compiled initializer correspondence; original and Buka retail pointer slots and full literal bytes checked; table layout reviewed
table.gArmyNames.14	0x000969f0	0x00095b58	0x000930a0	0x000925c4	43cf275fee2f181375d208f58b101536bc34fc7c	src/SOURCE/KB.cpp:gArmyNames; pointer offset 0x38	5105cadd16b7ef5f0aaa37ed3a50e879bebada6fbc3d50c87dc273cbef3e1de7	compiled initializer correspondence; original and Buka retail pointer slots and full literal bytes checked; table layout reviewed
table.gArmyNames.15	0x000969f4	0x00095b60	0x000930a4	0x000925c8	43cf275fee2f181375d208f58b101536bc34fc7c	src/SOURCE/KB.cpp:gArmyNames; pointer offset 0x3c	17886464fa00a48e963c203d8436bc3fed349cce231df0a8a7b2aadb43cb3f1f	compiled initializer correspondence; original and Buka retail pointer slots and full literal bytes checked; table layout reviewed
table.gArmyNames.16	0x000969fc	0x00095b68	0x000930a8	0x000925cc	43cf275fee2f181375d208f58b101536bc34fc7c	src/SOURCE/KB.cpp:gArmyNames; pointer offset 0x40	473f52e45a393afdb4203cac48299ddcbfd3e8f7a6f567c26773ea8e80befc68	compiled initializer correspondence; original and Buka retail pointer slots and full literal bytes checked; table layout reviewed
table.gArmyNames.17	0x00096a04	0x00095b74	0x000930ac	0x000925d0	43cf275fee2f181375d208f58b101536bc34fc7c	src/SOURCE/KB.cpp:gArmyNames; pointer offset 0x44	9001396ba5cc90d87e0576303079881b50eebd91a71e7f1ebb34313bcd3b3e9e	compiled initializer correspondence; original and Buka retail pointer slots and full literal bytes checked; table layout reviewed
table.gArmyNames.18	0x00096a0c	0x00095b7c	0x000930b0	0x000925d4	43cf275fee2f181375d208f58b101536bc34fc7c	src/SOURCE/KB.cpp:gArmyNames; pointer offset 0x48	4efe8049860263b38a591d7fbd1bcc94b2db5df1c672b340c3499715d7593a98	compiled initializer correspondence; original and Buka retail pointer slots and full literal bytes checked; table layout reviewed
table.gArmyNames.19	0x00096a14	0x00095b84	0x000930b4	0x000925d8	43cf275fee2f181375d208f58b101536bc34fc7c	src/SOURCE/KB.cpp:gArmyNames; pointer offset 0x4c	cfc62a2c1ea9bf393f9fc17a4ceced694fb2caf6c03ec83088cf55c9a644599b	compiled initializer correspondence; original and Buka retail pointer slots and full literal bytes checked; table layout reviewed
table.gArmyNames.20	0x00096a20	0x00095b90	0x000930b8	0x000925dc	43cf275fee2f181375d208f58b101536bc34fc7c	src/SOURCE/KB.cpp:gArmyNames; pointer offset 0x50	b6b3360177b2e0a099970ea6e8252131766cead9ff2c7c374b7c808f8b03987a	compiled initializer correspondence; original and Buka retail pointer slots and full literal bytes checked; table layout reviewed
table.gArmyNames.21	0x00096a28	0x00095b98	0x000930bc	0x000925e0	43cf275fee2f181375d208f58b101536bc34fc7c	src/SOURCE/KB.cpp:gArmyNames; pointer offset 0x54	23a78d9daa70f020202a2221927d12816fdef99121dffcc6d701186a6f3a4b69	compiled initializer correspondence; original and Buka retail pointer slots and full literal bytes checked; table layout reviewed
table.gArmyNames.22	0x00096a34	0x00095ba4	0x000930c0	0x000925e4	43cf275fee2f181375d208f58b101536bc34fc7c	src/SOURCE/KB.cpp:gArmyNames; pointer offset 0x58	e3997f26e2cfcb096045a28e29fcc7e9dbb4b0f04017ee5edadb3a40ded86a26	compiled initializer correspondence; original and Buka retail pointer slots and full literal bytes checked; table layout reviewed
table.gArmyNames.23	0x00096a3c	0x00095bac	0x000930c4	0x000925e8	43cf275fee2f181375d208f58b101536bc34fc7c	src/SOURCE/KB.cpp:gArmyNames; pointer offset 0x5c	a8faf62b8120a3d03f93896f59c80cb7d2d8e41a7d48e10b66fa7adf59de8be6	compiled initializer correspondence; original and Buka retail pointer slots and full literal bytes checked; table layout reviewed
table.gArmyNames.24	0x00096a44	0x00095bb4	0x000930c8	0x000925ec	43cf275fee2f181375d208f58b101536bc34fc7c	src/SOURCE/KB.cpp:gArmyNames; pointer offset 0x60	cb059f527fdf6307ef9c7e35263d7ee49e6cb36f514a5f050cae6e0dc2921812	compiled initializer correspondence; original and Buka retail pointer slots and full literal bytes checked; table layout reviewed
table.gArmyNames.25	0x00096a4c	0x00095bc0	0x000930cc	0x000925f0	43cf275fee2f181375d208f58b101536bc34fc7c	src/SOURCE/KB.cpp:gArmyNames; pointer offset 0x64	de6c10e6e89587bab2af1b62ed8c3ec35d7cb7dfd9400f13bb45a51093a1cd9c	compiled initializer correspondence; original and Buka retail pointer slots and full literal bytes checked; table layout reviewed
table.gArmyNames.26	0x00096a54	0x00095bcc	0x000930d0	0x000925f4	43cf275fee2f181375d208f58b101536bc34fc7c	src/SOURCE/KB.cpp:gArmyNames; pointer offset 0x68	c9f4d5dcdc57b28506079c89912835b0f9d7ad793f233fb12ff4068d255d5307	compiled initializer correspondence; original and Buka retail pointer slots and full literal bytes checked; table layout reviewed
table.gArmyNames.27	0x00096a5c	0x00095bd4	0x000930d4	0x000925f8	43cf275fee2f181375d208f58b101536bc34fc7c	src/SOURCE/KB.cpp:gArmyNames; pointer offset 0x6c	321658915aa3161e6e29d0f1d0f060b04ccc2f15022dd2daea22b0d401d0b6e4	compiled initializer correspondence; original and Buka retail pointer slots and full literal bytes checked; table layout reviewed
table.gHandicapNames.0	0x0009e400	0x0009d854	0x00093df8	0x000932f8	43cf275fee2f181375d208f58b101536bc34fc7c	src/SOURCE/KB.cpp:gHandicapNames; pointer offset 0x0	00b44345f1d63b1a71b6f1340187323126ed5eb9426d9f6830c23f1c83f2d9e7	compiled initializer correspondence; original and Buka retail pointer slots and full literal bytes checked; table layout reviewed
table.gHandicapNames.1	0x0009e408	0x0009d85c	0x00093dfc	0x000932fc	43cf275fee2f181375d208f58b101536bc34fc7c	src/SOURCE/KB.cpp:gHandicapNames; pointer offset 0x4	7cb1fd75091b94c6c52459470aadb9e5945d5589678bf66144ec245b1875195c	compiled initializer correspondence; original and Buka retail pointer slots and full literal bytes checked; table layout reviewed
table.gHandicapNames.2	0x0009e414	0x0009d870	0x00093e00	0x00093300	43cf275fee2f181375d208f58b101536bc34fc7c	src/SOURCE/KB.cpp:gHandicapNames; pointer offset 0x8	d71da1dd6c091f12b14072ff0cf2e948d83ef1a9b57eaf93b731cabb5ebf14c8	compiled initializer correspondence; original and Buka retail pointer slots and full literal bytes checked; table layout reviewed
table.gHandicapNames.3	0x0009e424	0x0009d884	0x00093e04	0x00093304	43cf275fee2f181375d208f58b101536bc34fc7c	src/SOURCE/KB.cpp:gHandicapNames; pointer offset 0xc	cd9f8353a86c9f28f4fdc8835e500e123480c0a4830fad5a57eab6ca11f57bc9	compiled initializer correspondence; original and Buka retail pointer slots and full literal bytes checked; table layout reviewed
table.gHandicapNames.4	0x0009e430	0x0009d898	0x00093e08	0x00093308	43cf275fee2f181375d208f58b101536bc34fc7c	src/SOURCE/KB.cpp:gHandicapNames; pointer offset 0x10	842a1d94ee2754c7312f3033e2b9adf2c54cec4a450f39b52fd40ff7b1471119	compiled initializer correspondence; original and Buka retail pointer slots and full literal bytes checked; table layout reviewed
table.gCampaignScenarioText.0	0x0009e290	0x0009d6dc	0x00093d80	0x0009328c	43cf275fee2f181375d208f58b101536bc34fc7c	src/SOURCE/KB.cpp:gCampaignScenarioText; pointer offset 0x0	2ba84aa94132896ab863ad9658c1ac75fb09009e9573921311d45e2b0faaf244	compiled initializer correspondence; original and Buka retail pointer slots and full literal bytes checked; table layout reviewed
table.gCampaignScenarioText.1	0x0009e298	0x0009d6e8	0x00093d84	0x00093290	43cf275fee2f181375d208f58b101536bc34fc7c	src/SOURCE/KB.cpp:gCampaignScenarioText; pointer offset 0x4	179cc955711c1877a3a420fa0d6af51c69288653ff21f03b57b9270074ddc31d	compiled initializer correspondence; original and Buka retail pointer slots and full literal bytes checked; table layout reviewed
table.gCampaignScenarioText.2	0x0009e2a8	0x0009d6f4	0x00093d88	0x00093294	43cf275fee2f181375d208f58b101536bc34fc7c	src/SOURCE/KB.cpp:gCampaignScenarioText; pointer offset 0x8	8e0953b574468744456f399487c879c6a730d5545380579f3a37fc7fd3064626	compiled initializer correspondence; original and Buka retail pointer slots and full literal bytes checked; table layout reviewed
table.gCampaignScenarioText.3	0x0009e2bc	0x0009d704	0x00093d8c	0x00093298	43cf275fee2f181375d208f58b101536bc34fc7c	src/SOURCE/KB.cpp:gCampaignScenarioText; pointer offset 0xc	bbef1e8befdede3d3e19b7d1b41838008f7e7a86fa41d6d939e3610d8a8a44a6	compiled initializer correspondence; original and Buka retail pointer slots and full literal bytes checked; table layout reviewed
table.gCampaignScenarioText.4	0x0009e2cc	0x0009d718	0x00093d90	0x0009329c	43cf275fee2f181375d208f58b101536bc34fc7c	src/SOURCE/KB.cpp:gCampaignScenarioText; pointer offset 0x10	e4c5831fa29dacd3b239658c0a58b3bbf67e27a0a83e38f0de28079421771c70	compiled initializer correspondence; original and Buka retail pointer slots and full literal bytes checked; table layout reviewed
table.gCampaignScenarioText.5	0x0009e2dc	0x0009d72c	0x00093d94	0x000932a0	43cf275fee2f181375d208f58b101536bc34fc7c	src/SOURCE/KB.cpp:gCampaignScenarioText; pointer offset 0x14	d3d7a6ff3076278281dfe4bf2231f4b1cfcdee5dc245a11b48fe65174a7a8583	compiled initializer correspondence; original and Buka retail pointer slots and full literal bytes checked; table layout reviewed
table.gCampaignScenarioText.6	0x0009e2ec	0x0009d73c	0x00093d98	0x000932a4	43cf275fee2f181375d208f58b101536bc34fc7c	src/SOURCE/KB.cpp:gCampaignScenarioText; pointer offset 0x18	36626ccec5c26eea47cb45d830854c4a9283e62b7e39ddb46d2831812d223452	compiled initializer correspondence; original and Buka retail pointer slots and full literal bytes checked; table layout reviewed
table.gCampaignScenarioText.7	0x0009e2fc	0x0009d74c	0x00093d9c	0x000932a8	43cf275fee2f181375d208f58b101536bc34fc7c	src/SOURCE/KB.cpp:gCampaignScenarioText; pointer offset 0x1c	4a4c42885c6d2595839285f2350064f960441e2eea41cab329997bad9e79fb2f	compiled initializer correspondence; original and Buka retail pointer slots and full literal bytes checked; table layout reviewed
table.gCampaignScenarioText.8	0x0009e30c	0x0009d75c	0x00093da0	0x000932ac	43cf275fee2f181375d208f58b101536bc34fc7c	src/SOURCE/KB.cpp:gCampaignScenarioText; pointer offset 0x20	d90d14143b03239d2805cbfd789560a53d3ed01b294e23da9ade06d0ecf6d4ad	compiled initializer correspondence; original and Buka retail pointer slots and full literal bytes checked; table layout reviewed
table.gCampaignScenarioNames.0	0x0009d2a0	0x0009c98c	0x00093d30	0x00093244	43cf275fee2f181375d208f58b101536bc34fc7c	src/SOURCE/KB.cpp:gCampaignScenarioNames; pointer offset 0x0	25a72a832612d077ff8992ec3a9823101d68e497c2525076bc6648481975819c	compiled initializer correspondence; original and Buka retail pointer slots and full literal bytes checked; table layout reviewed
table.gCampaignScenarioNames.1	0x0009d408	0x0009cac0	0x00093d34	0x00093248	43cf275fee2f181375d208f58b101536bc34fc7c	src/SOURCE/KB.cpp:gCampaignScenarioNames; pointer offset 0x4	fec7cba02c42ec880bc02c5f70f200cf0ba37eb2ef87b9bb85efa0914677f426	compiled initializer correspondence; original and Buka retail pointer slots and full literal bytes checked; table layout reviewed
table.gCampaignScenarioNames.2	0x0009d504	0x0009cbd0	0x00093d38	0x0009324c	43cf275fee2f181375d208f58b101536bc34fc7c	src/SOURCE/KB.cpp:gCampaignScenarioNames; pointer offset 0x8	26ea36b31bd3ef0d542cba7f7519dfb089c8587a70856ab692de3c9625377b49	compiled initializer correspondence; original and Buka retail pointer slots and full literal bytes checked; table layout reviewed
table.gCampaignScenarioNames.3	0x0009d66c	0x0009ccb4	0x00093d3c	0x00093250	43cf275fee2f181375d208f58b101536bc34fc7c	src/SOURCE/KB.cpp:gCampaignScenarioNames; pointer offset 0xc	4da1b758ea096c4614289c45ec52e5d2bf3e12e74c25f6e74ca1fb8b5e3b6dbc	compiled initializer correspondence; original and Buka retail pointer slots and full literal bytes checked; table layout reviewed
table.gCampaignScenarioNames.4	0x0009d7a4	0x0009cda4	0x00093d40	0x00093254	43cf275fee2f181375d208f58b101536bc34fc7c	src/SOURCE/KB.cpp:gCampaignScenarioNames; pointer offset 0x10	70d192643699f9544dca1130e3f58f2bc11f24530ce7520c311c7df719cc6ae5	compiled initializer correspondence; original and Buka retail pointer slots and full literal bytes checked; table layout reviewed
table.gCampaignScenarioNames.5	0x0009d8d0	0x0009ceb0	0x00093d44	0x00093258	43cf275fee2f181375d208f58b101536bc34fc7c	src/SOURCE/KB.cpp:gCampaignScenarioNames; pointer offset 0x14	6c82797b31161a41e683a97eb0cc264c5d1d5a86c7e06bc18a38bc6e10b9b875	compiled initializer correspondence; original and Buka retail pointer slots and full literal bytes checked; table layout reviewed
table.gCampaignScenarioNames.6	0x0009da20	0x0009cfb4	0x00093d48	0x0009325c	43cf275fee2f181375d208f58b101536bc34fc7c	src/SOURCE/KB.cpp:gCampaignScenarioNames; pointer offset 0x18	f7d35f2ad67f993738c16829929287bf70737e6b8b77f2405db3ecb9de471355	compiled initializer correspondence; original and Buka retail pointer slots and full literal bytes checked; table layout reviewed
table.gCampaignScenarioNames.7	0x0009db84	0x0009d0d8	0x00093d4c	0x00093260	43cf275fee2f181375d208f58b101536bc34fc7c	src/SOURCE/KB.cpp:gCampaignScenarioNames; pointer offset 0x1c	0a7a11906bbee0caeb3214805555c90d4a96a9fb9f6f3f03c61d71573ebb3954	compiled initializer correspondence; original and Buka retail pointer slots and full literal bytes checked; table layout reviewed
table.gCampaignScenarioNames.8	0x0009dce0	0x0009d1d4	0x00093d50	0x00093264	43cf275fee2f181375d208f58b101536bc34fc7c	src/SOURCE/KB.cpp:gCampaignScenarioNames; pointer offset 0x20	2dd75fa1c39de362a3f3942985696d15abd7e973835d369bec502ece28295fbf	compiled initializer correspondence; original and Buka retail pointer slots and full literal bytes checked; table layout reviewed
table.gTownCommand.0	0x0009afb4	0x0009a5ec	0x00093998	0x00092ee4	43cf275fee2f181375d208f58b101536bc34fc7c	src/SOURCE/KB.cpp:gTownCommand; pointer offset 0x0	a86f271d360337fa242c7328c17e8fda614ee8906145cd022e476ba79af02635	compiled initializer correspondence; original and Buka retail pointer slots and full literal bytes checked; table layout reviewed
table.gTownCommand.1	0x0009afcc	0x0009a600	0x0009399c	0x00092ee8	43cf275fee2f181375d208f58b101536bc34fc7c	src/SOURCE/KB.cpp:gTownCommand; pointer offset 0x4	c330aa7d3fc9c86693a4d2c4ba811d9b1799523fe419bbdc9948cce57300a0db	compiled initializer correspondence; original and Buka retail pointer slots and full literal bytes checked; table layout reviewed
table.gTownCommand.2	0x0009afec	0x0009a62c	0x000939a0	0x00092eec	43cf275fee2f181375d208f58b101536bc34fc7c	src/SOURCE/KB.cpp:gTownCommand; pointer offset 0x8	37cb007f2786bfb11b01329e522398f4d5ef2e7b0d881c612752df6c08d3b2f6	compiled initializer correspondence; original and Buka retail pointer slots and full literal bytes checked; table layout reviewed
table.gTownCommand.3	0x0009b000	0x0009a640	0x000939a4	0x00092ef0	43cf275fee2f181375d208f58b101536bc34fc7c	src/SOURCE/KB.cpp:gTownCommand; pointer offset 0xc	a86f271d360337fa242c7328c17e8fda614ee8906145cd022e476ba79af02635	compiled initializer correspondence; original and Buka retail pointer slots and full literal bytes checked; table layout reviewed
table.gTownCommand.4	0x0009b018	0x0009a654	0x000939a8	0x00092ef4	43cf275fee2f181375d208f58b101536bc34fc7c	src/SOURCE/KB.cpp:gTownCommand; pointer offset 0x10	3024043753af50f051379fb92429191dfe5420aefdabec4341f09e5f5803abdd	compiled initializer correspondence; original and Buka retail pointer slots and full literal bytes checked; table layout reviewed
table.gTownCommand.5	0x0009b020	0x0009a660	0x000939ac	0x00092ef8	43cf275fee2f181375d208f58b101536bc34fc7c	src/SOURCE/KB.cpp:gTownCommand; pointer offset 0x14	75df7e50ee258c224a630139c42b59df992558c53ea7d73e0bc4935a68d32114	compiled initializer correspondence; original and Buka retail pointer slots and full literal bytes checked; table layout reviewed
table.gTownCommand.6	0x0009b044	0x0009a690	0x000939b0	0x00092efc	43cf275fee2f181375d208f58b101536bc34fc7c	src/SOURCE/KB.cpp:gTownCommand; pointer offset 0x18	d5959d4f4fc9bb43b4fbf03eff09b25a3961e6e2e13c87af596118d9b3fde226	compiled initializer correspondence; original and Buka retail pointer slots and full literal bytes checked; table layout reviewed
table.gTownCommand.7	0x0009b04c	0x0009a6ac	0x000939b4	0x00092f00	43cf275fee2f181375d208f58b101536bc34fc7c	src/SOURCE/KB.cpp:gTownCommand; pointer offset 0x1c	6e8daf8db429fc8f91fb5e281800cbec76981b60fedb60b0f92d0c426e45fa99	compiled initializer correspondence; original and Buka retail pointer slots and full literal bytes checked; table layout reviewed
table.gTownCommand.8	0x0009b060	0x0009a6cc	0x000939b8	0x00092f04	43cf275fee2f181375d208f58b101536bc34fc7c	src/SOURCE/KB.cpp:gTownCommand; pointer offset 0x20	952c86fba7f863cdf32af1150a9e94fad5357d81d750b903f9062a074d3f714f	compiled initializer correspondence; original and Buka retail pointer slots and full literal bytes checked; table layout reviewed
table.gTownCommand.10	0x0009b070	0x0009a6dc	0x000939c0	0x00092f0c	43cf275fee2f181375d208f58b101536bc34fc7c	src/SOURCE/KB.cpp:gTownCommand; pointer offset 0x28	59e91baeea225c0a423823e8a6e3f02aa9d0338e4a9831c887a65e279cea1fd2	compiled initializer correspondence; original and Buka retail pointer slots and full literal bytes checked; table layout reviewed
table.gTownCommand.11	0x0009b084	0x0009a6f0	0x000939c4	0x00092f10	43cf275fee2f181375d208f58b101536bc34fc7c	src/SOURCE/KB.cpp:gTownCommand; pointer offset 0x2c	b8cf7ed18b6364bd337dfb510e32286880b343953fc047ececb1c01fa4d07ccd	compiled initializer correspondence; original and Buka retail pointer slots and full literal bytes checked; table layout reviewed
table.gTownCommand.12	0x0009b08c	0x0009a6f8	0x000939c8	0x00092f14	43cf275fee2f181375d208f58b101536bc34fc7c	src/SOURCE/KB.cpp:gTownCommand; pointer offset 0x30	3024043753af50f051379fb92429191dfe5420aefdabec4341f09e5f5803abdd	compiled initializer correspondence; original and Buka retail pointer slots and full literal bytes checked; table layout reviewed
table.gTownCommand.13	0x0009b098	0x0009a704	0x000939cc	0x00092f18	43cf275fee2f181375d208f58b101536bc34fc7c	src/SOURCE/KB.cpp:gTownCommand; pointer offset 0x34	555659f91e0d85a29c7c082b1937f37da848d4bc0226de93d2ed077059fb48cd	compiled initializer correspondence; original and Buka retail pointer slots and full literal bytes checked; table layout reviewed
table.gTownCommand.14	0x0009b0a4	0x0009a714	0x000939d0	0x00092f1c	43cf275fee2f181375d208f58b101536bc34fc7c	src/SOURCE/KB.cpp:gTownCommand; pointer offset 0x38	be535c08ee362aec1690876d60d697a54550a30b1a7f0b432a355881029ebee6	compiled initializer correspondence; original and Buka retail pointer slots and full literal bytes checked; table layout reviewed
table.gTownCommand.15	0x0009b0b0	0x0009a724	0x000939d4	0x00092f20	43cf275fee2f181375d208f58b101536bc34fc7c	src/SOURCE/KB.cpp:gTownCommand; pointer offset 0x3c	9f9129ff269f765872933bf96fdd9e5f95427d2d76ffe5d186963da69ecd635c	compiled initializer correspondence; original and Buka retail pointer slots and full literal bytes checked; table layout reviewed
table.gTownCommand.16	0x0009b0c0	0x0009a734	0x000939d8	0x00092f24	43cf275fee2f181375d208f58b101536bc34fc7c	src/SOURCE/KB.cpp:gTownCommand; pointer offset 0x40	3704691f343900e6dd310a7502572032f3dce13c602c065b4284e41bb284cae2	compiled initializer correspondence; original and Buka retail pointer slots and full literal bytes checked; table layout reviewed
table.gTownCommand.17	0x0009b0c8	0x0009a73c	0x000939dc	0x00092f28	43cf275fee2f181375d208f58b101536bc34fc7c	src/SOURCE/KB.cpp:gTownCommand; pointer offset 0x44	434ad278736ab9670a30a633e9c10034a952d0dcd252cbd30619d79d63a6ed24	compiled initializer correspondence; original and Buka retail pointer slots and full literal bytes checked; table layout reviewed
table.gTownCommand.18	0x0009b0d0	0x0009a744	0x000939e0	0x00092f2c	43cf275fee2f181375d208f58b101536bc34fc7c	src/SOURCE/KB.cpp:gTownCommand; pointer offset 0x48	58c66449a18751aa0e452de5429f5f77e3958a1e297536920fe803bc5b748ece	compiled initializer correspondence; original and Buka retail pointer slots and full literal bytes checked; table layout reviewed
table.gTownCommand.19	0x0009b0d8	0x0009a74c	0x000939e4	0x00092f30	43cf275fee2f181375d208f58b101536bc34fc7c	src/SOURCE/KB.cpp:gTownCommand; pointer offset 0x4c	e869dd8df422da4fc141994b194d41a02dae54be419d72456ce39483cc9653dd	compiled initializer correspondence; original and Buka retail pointer slots and full literal bytes checked; table layout reviewed
table.gTownCommand.20	0x0009b0e0	0x0009a754	0x000939e8	0x00092f34	43cf275fee2f181375d208f58b101536bc34fc7c	src/SOURCE/KB.cpp:gTownCommand; pointer offset 0x50	f57d0c18171fa3cf9cfd742db3991d741123181ca0025dbe5fa9191989cbe8b8	compiled initializer correspondence; original and Buka retail pointer slots and full literal bytes checked; table layout reviewed
table.gTownCommand.21	0x0009b0e8	0x0009a75c	0x000939ec	0x00092f38	43cf275fee2f181375d208f58b101536bc34fc7c	src/SOURCE/KB.cpp:gTownCommand; pointer offset 0x54	e8d33f081bfb0dbcec2b055c330146e5420daf1653d9c86d2e982b28c6bc3cd8	compiled initializer correspondence; original and Buka retail pointer slots and full literal bytes checked; table layout reviewed
table.gWeekNames.0	0x0009a0fc	0x00099618	0x000936e0	0x00092c58	43cf275fee2f181375d208f58b101536bc34fc7c	src/SOURCE/KB.cpp:gWeekNames; pointer offset 0x0	7708204b1ac4192ec8ce779d7f83e1bfc92dfc1369869567a9d278f4259364af	compiled initializer correspondence; original and Buka retail pointer slots and full literal bytes checked; table layout reviewed
table.gWeekNames.1	0x0009a108	0x00099620	0x000936e4	0x00092c5c	43cf275fee2f181375d208f58b101536bc34fc7c	src/SOURCE/KB.cpp:gWeekNames; pointer offset 0x4	5174aeaab967bdbd81474c0144a9b7882934b6d8c0db77bed178eb0af5322a70	compiled initializer correspondence; original and Buka retail pointer slots and full literal bytes checked; table layout reviewed
table.gWeekNames.2	0x0009a110	0x00099628	0x000936e8	0x00092c60	43cf275fee2f181375d208f58b101536bc34fc7c	src/SOURCE/KB.cpp:gWeekNames; pointer offset 0x8	a3fc3ded662cd73fd20033b104d7ffed1e415838b21b854bff6fe434ab6a9b08	compiled initializer correspondence; original and Buka retail pointer slots and full literal bytes checked; table layout reviewed
table.gWeekNames.3	0x0009a118	0x00099630	0x000936ec	0x00092c64	43cf275fee2f181375d208f58b101536bc34fc7c	src/SOURCE/KB.cpp:gWeekNames; pointer offset 0xc	4872512cf33499f241567240fa8f09cf133374cd1c5c2008a3e61b5f8e02ed33	compiled initializer correspondence; original and Buka retail pointer slots and full literal bytes checked; table layout reviewed
table.gWeekNames.4	0x0009a120	0x00099638	0x000936f0	0x00092c68	43cf275fee2f181375d208f58b101536bc34fc7c	src/SOURCE/KB.cpp:gWeekNames; pointer offset 0x10	7bbadcf73a36fd4b01c9b5e28d280e3d74146a48d1ad49e7d4dadf9eb829fbe4	compiled initializer correspondence; original and Buka retail pointer slots and full literal bytes checked; table layout reviewed
table.gWeekNames.5	0x0009a124	0x00099640	0x000936f4	0x00092c6c	43cf275fee2f181375d208f58b101536bc34fc7c	src/SOURCE/KB.cpp:gWeekNames; pointer offset 0x14	7b2b3eb5412aee0bbea188025b81887a02af4c0a4b5d0c4dfa3a7945dbc3447c	compiled initializer correspondence; original and Buka retail pointer slots and full literal bytes checked; table layout reviewed
table.gWeekNames.6	0x0009a12c	0x00099648	0x000936f8	0x00092c70	43cf275fee2f181375d208f58b101536bc34fc7c	src/SOURCE/KB.cpp:gWeekNames; pointer offset 0x18	f02f3b2aa11477e85e0ae3ba3adfdf85e36718855396f57c030eff744a0ebee1	compiled initializer correspondence; original and Buka retail pointer slots and full literal bytes checked; table layout reviewed
table.gWeekNames.7	0x0009a134	0x00099654	0x000936fc	0x00092c74	43cf275fee2f181375d208f58b101536bc34fc7c	src/SOURCE/KB.cpp:gWeekNames; pointer offset 0x1c	3e52f9638bea215fff5da9249d6c172ba80a4c8a70dcac6d176fd85477deb285	compiled initializer correspondence; original and Buka retail pointer slots and full literal bytes checked; table layout reviewed
table.gWeekNames.8	0x0009a13c	0x0009965c	0x00093700	0x00092c78	43cf275fee2f181375d208f58b101536bc34fc7c	src/SOURCE/KB.cpp:gWeekNames; pointer offset 0x20	fe89c32051bede24798648befd1287892b8d900206d22981867114b3ecbd3ff5	compiled initializer correspondence; original and Buka retail pointer slots and full literal bytes checked; table layout reviewed
table.gWeekNames.9	0x0009a148	0x00099668	0x00093704	0x00092c7c	43cf275fee2f181375d208f58b101536bc34fc7c	src/SOURCE/KB.cpp:gWeekNames; pointer offset 0x24	a3dfc0657d229866665499611d889d2bd5d48a5ccfef21c98e2a1489aa72a9e1	compiled initializer correspondence; original and Buka retail pointer slots and full literal bytes checked; table layout reviewed
table.gWeekNames.10	0x0009a14c	0x00099670	0x00093708	0x00092c80	43cf275fee2f181375d208f58b101536bc34fc7c	src/SOURCE/KB.cpp:gWeekNames; pointer offset 0x28	34344d21dc8ecbe8a9831f0e34a10e7c0ce3cafb490b799284d4ea975d8d7f19	compiled initializer correspondence; original and Buka retail pointer slots and full literal bytes checked; table layout reviewed
table.gWeekNames.11	0x0009a158	0x0009967c	0x0009370c	0x00092c84	43cf275fee2f181375d208f58b101536bc34fc7c	src/SOURCE/KB.cpp:gWeekNames; pointer offset 0x2c	81e7e511428f10d71a1ff2a45b27b7e485e6cc92639f7f27afbf7e3def4dee8a	compiled initializer correspondence; original and Buka retail pointer slots and full literal bytes checked; table layout reviewed
table.gWeekNames.12	0x0009a160	0x00099684	0x00093710	0x00092c88	43cf275fee2f181375d208f58b101536bc34fc7c	src/SOURCE/KB.cpp:gWeekNames; pointer offset 0x30	4e4676206d1b22f80993cac936c7e91537e400e5a0a45e533525b28a15e49fb0	compiled initializer correspondence; original and Buka retail pointer slots and full literal bytes checked; table layout reviewed
table.gWeekNames.13	0x0009a16c	0x00099690	0x00093714	0x00092c8c	43cf275fee2f181375d208f58b101536bc34fc7c	src/SOURCE/KB.cpp:gWeekNames; pointer offset 0x34	d1df36c92c8a9000abb6e680533dde7a0cdd7cfed8a92522d85951e47ca13a04	compiled initializer correspondence; original and Buka retail pointer slots and full literal bytes checked; table layout reviewed
table.gWeekNames.14	0x0009a178	0x0009969c	0x00093718	0x00092c90	43cf275fee2f181375d208f58b101536bc34fc7c	src/SOURCE/KB.cpp:gWeekNames; pointer offset 0x38	62cc3590747113653ea6c4f07e3c5d98f05d240c3d11c377c304fce2d9cd2edb	compiled initializer correspondence; original and Buka retail pointer slots and full literal bytes checked; table layout reviewed
table.gColorNames.0	0x00099794	0x00098be4	0x00093618	0x00092b98	43cf275fee2f181375d208f58b101536bc34fc7c	src/SOURCE/KB.cpp:gColorNames; pointer offset 0x0	91982f29a3f3ce1ce4d0258246167df9d4c411ac9c7dc9ed5b06ed17ac22f3b3	compiled initializer correspondence; original and Buka retail pointer slots and full literal bytes checked; table layout reviewed
table.gColorNames.1	0x0009979c	0x00098bec	0x0009361c	0x00092b9c	43cf275fee2f181375d208f58b101536bc34fc7c	src/SOURCE/KB.cpp:gColorNames; pointer offset 0x4	7e9164cacbdb241493d8e5aa577faecf4b2d9fc555601146d99f4401448776e7	compiled initializer correspondence; original and Buka retail pointer slots and full literal bytes checked; table layout reviewed
table.gColorNames.2	0x000997a4	0x00098bf4	0x00093620	0x00092ba0	43cf275fee2f181375d208f58b101536bc34fc7c	src/SOURCE/KB.cpp:gColorNames; pointer offset 0x8	cac8335d4c20a45093b6237ed509f5cde19d372218007def59f8e119daed2f80	compiled initializer correspondence; original and Buka retail pointer slots and full literal bytes checked; table layout reviewed
table.gColorNames.3	0x000997a8	0x00098bfc	0x00093624	0x00092ba4	43cf275fee2f181375d208f58b101536bc34fc7c	src/SOURCE/KB.cpp:gColorNames; pointer offset 0xc	a953203c2db1b20c4c39386ab90e78af70e797736fe8861bb06e3653b666e953	compiled initializer correspondence; original and Buka retail pointer slots and full literal bytes checked; table layout reviewed
table.gClassNames.0	0x00096958	0x00095ac0	0x00093058	0x0009257c	43cf275fee2f181375d208f58b101536bc34fc7c	src/SOURCE/KB.cpp:gClassNames; pointer offset 0x0	01b91e91f469fe807e30e2e15f414c49f6552a36747539979711c45f30ac9cde	compiled initializer correspondence; original and Buka retail pointer slots and full literal bytes checked; table layout reviewed
table.gClassNames.1	0x00096960	0x00095ac8	0x0009305c	0x00092580	43cf275fee2f181375d208f58b101536bc34fc7c	src/SOURCE/KB.cpp:gClassNames; pointer offset 0x4	dd03bde2aab7210802c792aeb40e513bd5f61682cfaa04151fe62dfe4993db12	compiled initializer correspondence; original and Buka retail pointer slots and full literal bytes checked; table layout reviewed
table.gClassNames.2	0x0009696c	0x00095ad0	0x00093060	0x00092584	43cf275fee2f181375d208f58b101536bc34fc7c	src/SOURCE/KB.cpp:gClassNames; pointer offset 0x8	c93fabcf173b244f7e301b91c612c494ed4e87cb0ae8de0dc9db79119f8efcd2	compiled initializer correspondence; original and Buka retail pointer slots and full literal bytes checked; table layout reviewed
table.gClassNames.3	0x00096978	0x00095adc	0x00093064	0x00092588	43cf275fee2f181375d208f58b101536bc34fc7c	src/SOURCE/KB.cpp:gClassNames; pointer offset 0xc	85e7bfdec809f5eabe5d01c3f39b1711034d56cdbcba62ee580f25054b7f5786	compiled initializer correspondence; original and Buka retail pointer slots and full literal bytes checked; table layout reviewed
table.gArtifactNames.0	0x000942f0	0x00093798	0x00092e60	0x0009238c	43cf275fee2f181375d208f58b101536bc34fc7c	src/SOURCE/KB.cpp:gArtifactNames; pointer offset 0x0	1056f9e0c1bee57a4f6073925aebdf0c95cd2516cc4d5978d16b1cd5fa249c6e	compiled initializer correspondence; original and Buka retail pointer slots and full literal bytes checked; table layout reviewed
table.gArtifactNames.1	0x0009430c	0x000937a8	0x00092e64	0x00092390	43cf275fee2f181375d208f58b101536bc34fc7c	src/SOURCE/KB.cpp:gArtifactNames; pointer offset 0x4	6ab3cff80d0a56ba8dd5e77a68163ce0f00418437a512a2145b0b08a97d2b5ad	compiled initializer correspondence; original and Buka retail pointer slots and full literal bytes checked; table layout reviewed
table.gArtifactNames.2	0x00094328	0x000937b4	0x00092e68	0x00092394	43cf275fee2f181375d208f58b101536bc34fc7c	src/SOURCE/KB.cpp:gArtifactNames; pointer offset 0x8	23069589cf96144219662ae5af43afaae3e869f0e5e087c02f5475dcb9c2f466	compiled initializer correspondence; original and Buka retail pointer slots and full literal bytes checked; table layout reviewed
table.gArtifactNames.3	0x00094348	0x000937c8	0x00092e6c	0x00092398	43cf275fee2f181375d208f58b101536bc34fc7c	src/SOURCE/KB.cpp:gArtifactNames; pointer offset 0xc	6b98ddc5ad62a8c1afd54d9c4b653b3a12e79e21ddb513c594935482a9ba39de	compiled initializer correspondence; original and Buka retail pointer slots and full literal bytes checked; table layout reviewed
table.gArtifactNames.4	0x00094360	0x000937d4	0x00092e70	0x0009239c	43cf275fee2f181375d208f58b101536bc34fc7c	src/SOURCE/KB.cpp:gArtifactNames; pointer offset 0x10	20186bed070052eb32e9d856c8ee1ceae183bd07dcd4587adbd87b689467ccb7	compiled initializer correspondence; original and Buka retail pointer slots and full literal bytes checked; table layout reviewed
table.gArtifactNames.5	0x0009437c	0x000937ec	0x00092e74	0x000923a0	43cf275fee2f181375d208f58b101536bc34fc7c	src/SOURCE/KB.cpp:gArtifactNames; pointer offset 0x14	e6b738b7f759bf0f0cfb9e3e35c808e2075f6e74ca44073324185fdb0f51d1dd	compiled initializer correspondence; original and Buka retail pointer slots and full literal bytes checked; table layout reviewed
table.gArtifactNames.6	0x00094398	0x00093800	0x00092e78	0x000923a4	43cf275fee2f181375d208f58b101536bc34fc7c	src/SOURCE/KB.cpp:gArtifactNames; pointer offset 0x18	003beb6492138b101c13c88277f2b2c722ad5d9fdd21a77836e2e3c826753148	compiled initializer correspondence; original and Buka retail pointer slots and full literal bytes checked; table layout reviewed
table.gArtifactNames.7	0x000943b0	0x0009380c	0x00092e7c	0x000923a8	43cf275fee2f181375d208f58b101536bc34fc7c	src/SOURCE/KB.cpp:gArtifactNames; pointer offset 0x1c	a704054fb0628b1b474d255f8e601e1b42cec35b18cd2d8680c16797aea983f1	compiled initializer correspondence; original and Buka retail pointer slots and full literal bytes checked; table layout reviewed
table.gArtifactNames.8	0x000943c8	0x0009381c	0x00092e80	0x000923ac	43cf275fee2f181375d208f58b101536bc34fc7c	src/SOURCE/KB.cpp:gArtifactNames; pointer offset 0x20	a21e6564b481b6af1b98e758c51a6dc4c5a52c21db1aa8119de9151dbdcbb82e	compiled initializer correspondence; original and Buka retail pointer slots and full literal bytes checked; table layout reviewed
table.gArtifactNames.9	0x000943d8	0x0009382c	0x00092e84	0x000923b0	43cf275fee2f181375d208f58b101536bc34fc7c	src/SOURCE/KB.cpp:gArtifactNames; pointer offset 0x24	69fb555e5e58517597aa4d8aeb664df7e2f0f46fa5322165a56bd5d4db1e1af9	compiled initializer correspondence; original and Buka retail pointer slots and full literal bytes checked; table layout reviewed
table.gArtifactNames.10	0x000943ec	0x0009383c	0x00092e88	0x000923b4	43cf275fee2f181375d208f58b101536bc34fc7c	src/SOURCE/KB.cpp:gArtifactNames; pointer offset 0x28	ccdab4df510577712f17de7911603fbf16e2f36a0c3c35528d09287251603ee4	compiled initializer correspondence; original and Buka retail pointer slots and full literal bytes checked; table layout reviewed
table.gArtifactNames.11	0x000943fc	0x0009384c	0x00092e8c	0x000923b8	43cf275fee2f181375d208f58b101536bc34fc7c	src/SOURCE/KB.cpp:gArtifactNames; pointer offset 0x2c	0945399701366d3607ad2ac3331b7442a21024098c50bf08a97ac0f31fd11fc7	compiled initializer correspondence; original and Buka retail pointer slots and full literal bytes checked; table layout reviewed
table.gArtifactNames.12	0x00094414	0x0009385c	0x00092e90	0x000923bc	43cf275fee2f181375d208f58b101536bc34fc7c	src/SOURCE/KB.cpp:gArtifactNames; pointer offset 0x30	f5c63b7d66b31e3baebff49c79edcacf5e96e940bf6b609f7a69d68a51361b9c	compiled initializer correspondence; original and Buka retail pointer slots and full literal bytes checked; table layout reviewed
table.gArtifactNames.13	0x0009442c	0x0009386c	0x00092e94	0x000923c0	43cf275fee2f181375d208f58b101536bc34fc7c	src/SOURCE/KB.cpp:gArtifactNames; pointer offset 0x34	fea1447a590281beec7dfe7e5077e121a78119900419df94e21edbd98b36e87c	compiled initializer correspondence; original and Buka retail pointer slots and full literal bytes checked; table layout reviewed
table.gArtifactNames.14	0x00094448	0x0009387c	0x00092e98	0x000923c4	43cf275fee2f181375d208f58b101536bc34fc7c	src/SOURCE/KB.cpp:gArtifactNames; pointer offset 0x38	8d0ba6221cbe942d0ba04288de8b44c08111e4f8bd761866165dac1d374b5aba	compiled initializer correspondence; original and Buka retail pointer slots and full literal bytes checked; table layout reviewed
table.gArtifactNames.15	0x00094468	0x00093890	0x00092e9c	0x000923c8	43cf275fee2f181375d208f58b101536bc34fc7c	src/SOURCE/KB.cpp:gArtifactNames; pointer offset 0x3c	2f32695ecf0cf77d9379d165995904b691fe0f65be5b12ff71175386ed848e02	compiled initializer correspondence; original and Buka retail pointer slots and full literal bytes checked; table layout reviewed
table.gArtifactNames.16	0x00094484	0x000938a0	0x00092ea0	0x000923cc	43cf275fee2f181375d208f58b101536bc34fc7c	src/SOURCE/KB.cpp:gArtifactNames; pointer offset 0x40	fc11156d6d52c193bb31c73a92e4a2e268737850cee16818f787db59cea3d686	compiled initializer correspondence; original and Buka retail pointer slots and full literal bytes checked; table layout reviewed
table.gArtifactNames.17	0x0009449c	0x000938b0	0x00092ea4	0x000923d0	43cf275fee2f181375d208f58b101536bc34fc7c	src/SOURCE/KB.cpp:gArtifactNames; pointer offset 0x44	a78e8fe775bbfb7d721d7a8ee1a8651dde14c35b2c31605b36ff95cd9daaa807	compiled initializer correspondence; original and Buka retail pointer slots and full literal bytes checked; table layout reviewed
table.gArtifactNames.18	0x000944b4	0x000938bc	0x00092ea8	0x000923d4	43cf275fee2f181375d208f58b101536bc34fc7c	src/SOURCE/KB.cpp:gArtifactNames; pointer offset 0x48	7154a60d4562069961a8b18b9181d13d8bf3f8a35c8d01e4d0a379c43710cb32	compiled initializer correspondence; original and Buka retail pointer slots and full literal bytes checked; table layout reviewed
table.gArtifactNames.19	0x000944d4	0x000938cc	0x00092eac	0x000923d8	43cf275fee2f181375d208f58b101536bc34fc7c	src/SOURCE/KB.cpp:gArtifactNames; pointer offset 0x4c	df458f2955b642b858e557163fc62e08887ac133354899883acbaa55eec5aa1d	compiled initializer correspondence; original and Buka retail pointer slots and full literal bytes checked; table layout reviewed
table.gArtifactNames.20	0x000944f0	0x000938dc	0x00092eb0	0x000923dc	43cf275fee2f181375d208f58b101536bc34fc7c	src/SOURCE/KB.cpp:gArtifactNames; pointer offset 0x50	390fbfa01307633e9e0f76da53d7ae24c534b1047dc8990dbe0488a0d17b1b1b	compiled initializer correspondence; original and Buka retail pointer slots and full literal bytes checked; table layout reviewed
table.gArtifactNames.21	0x00094508	0x000938ec	0x00092eb4	0x000923e0	43cf275fee2f181375d208f58b101536bc34fc7c	src/SOURCE/KB.cpp:gArtifactNames; pointer offset 0x54	1f2ccc29e5bc190124446a3401fafc6c2bc555e94e2592a946f596b4e559519f	compiled initializer correspondence; original and Buka retail pointer slots and full literal bytes checked; table layout reviewed
table.gArtifactNames.22	0x0009452c	0x00093900	0x00092eb8	0x000923e4	43cf275fee2f181375d208f58b101536bc34fc7c	src/SOURCE/KB.cpp:gArtifactNames; pointer offset 0x58	2f7bcf14e68be3d71b821554b4731247b7230ae5efe74929a11c6c516ab49dd3	compiled initializer correspondence; original and Buka retail pointer slots and full literal bytes checked; table layout reviewed
table.gArtifactNames.23	0x00094548	0x00093914	0x00092ebc	0x000923e8	43cf275fee2f181375d208f58b101536bc34fc7c	src/SOURCE/KB.cpp:gArtifactNames; pointer offset 0x5c	e94be01eb7699089c677d0cbbf196f9f9ed1d744e69372aa1913f48486c5c02d	compiled initializer correspondence; original and Buka retail pointer slots and full literal bytes checked; table layout reviewed
table.gArtifactNames.24	0x00094564	0x0009392c	0x00092ec0	0x000923ec	43cf275fee2f181375d208f58b101536bc34fc7c	src/SOURCE/KB.cpp:gArtifactNames; pointer offset 0x60	5ceee8b521d90be76381cd3b93c15be26f23fe78ba1a63e5622a030d92536278	compiled initializer correspondence; original and Buka retail pointer slots and full literal bytes checked; table layout reviewed
table.gArtifactNames.25	0x00094584	0x0009394c	0x00092ec4	0x000923f0	43cf275fee2f181375d208f58b101536bc34fc7c	src/SOURCE/KB.cpp:gArtifactNames; pointer offset 0x64	e416bd3c4f0738c22f80e2d382d4837f44a9c115064fd2c32746cc4c3ea2f980	compiled initializer correspondence; original and Buka retail pointer slots and full literal bytes checked; table layout reviewed
table.gArtifactNames.26	0x000945a4	0x00093964	0x00092ec8	0x000923f4	43cf275fee2f181375d208f58b101536bc34fc7c	src/SOURCE/KB.cpp:gArtifactNames; pointer offset 0x68	38b70ae62dd2ae45a76c6469af55705cfe96f45689d6baec40bce3184d67c1a1	compiled initializer correspondence; original and Buka retail pointer slots and full literal bytes checked; table layout reviewed
table.gArtifactNames.27	0x000945bc	0x00093974	0x00092ecc	0x000923f8	43cf275fee2f181375d208f58b101536bc34fc7c	src/SOURCE/KB.cpp:gArtifactNames; pointer offset 0x6c	41b30a2128253cb503dcec338098c729375e204f9d28488f566f156dc39f06f2	compiled initializer correspondence; original and Buka retail pointer slots and full literal bytes checked; table layout reviewed
table.gArtifactNames.28	0x000945d0	0x00093984	0x00092ed0	0x000923fc	43cf275fee2f181375d208f58b101536bc34fc7c	src/SOURCE/KB.cpp:gArtifactNames; pointer offset 0x70	c9c0f161e50ba3a18118adadf466361aeddafca9a369bdd4d1d45daa4f4e1a17	compiled initializer correspondence; original and Buka retail pointer slots and full literal bytes checked; table layout reviewed
table.gArtifactNames.29	0x000945e8	0x00093998	0x00092ed4	0x00092400	43cf275fee2f181375d208f58b101536bc34fc7c	src/SOURCE/KB.cpp:gArtifactNames; pointer offset 0x74	d586a342ec4557dd9851918526503705a2fbe7eb92d4c93248c9c2471355a325	compiled initializer correspondence; original and Buka retail pointer slots and full literal bytes checked; table layout reviewed
table.gArtifactNames.30	0x00094600	0x000939ac	0x00092ed8	0x00092404	43cf275fee2f181375d208f58b101536bc34fc7c	src/SOURCE/KB.cpp:gArtifactNames; pointer offset 0x78	935a4d5ad7fc0803b2b2b1e414768675e754d94dffc26553e9f7b27c679df02e	compiled initializer correspondence; original and Buka retail pointer slots and full literal bytes checked; table layout reviewed
table.gArtifactNames.31	0x00094620	0x000939bc	0x00092edc	0x00092408	43cf275fee2f181375d208f58b101536bc34fc7c	src/SOURCE/KB.cpp:gArtifactNames; pointer offset 0x7c	907a08933012da1fc49f952b5a2038bf51e9ab8d7152d3f20249874ab4e6e8e7	compiled initializer correspondence; original and Buka retail pointer slots and full literal bytes checked; table layout reviewed
table.gArtifactNames.32	0x00094634	0x000939cc	0x00092ee0	0x0009240c	43cf275fee2f181375d208f58b101536bc34fc7c	src/SOURCE/KB.cpp:gArtifactNames; pointer offset 0x80	0355371cc4bc9e9ae4a3102f07ede7e077eaa8c1936fb3f36d4334b4b9383bb4	compiled initializer correspondence; original and Buka retail pointer slots and full literal bytes checked; table layout reviewed
table.gArtifactNames.33	0x00094648	0x000939dc	0x00092ee4	0x00092410	43cf275fee2f181375d208f58b101536bc34fc7c	src/SOURCE/KB.cpp:gArtifactNames; pointer offset 0x84	48ac28699c3fae257142723b2506cf49b5ff13fc9488f74a86ea99798559933e	compiled initializer correspondence; original and Buka retail pointer slots and full literal bytes checked; table layout reviewed
table.gArtifactNames.34	0x00094660	0x000939f0	0x00092ee8	0x00092414	43cf275fee2f181375d208f58b101536bc34fc7c	src/SOURCE/KB.cpp:gArtifactNames; pointer offset 0x88	802241ca1ad073e389218df1ff38826527f961807593d0c4187d1dc36d68330d	compiled initializer correspondence; original and Buka retail pointer slots and full literal bytes checked; table layout reviewed
table.gArtifactNames.35	0x00094674	0x000939f8	0x00092eec	0x00092418	43cf275fee2f181375d208f58b101536bc34fc7c	src/SOURCE/KB.cpp:gArtifactNames; pointer offset 0x8c	3fe8fddc2af584df64c53450c8d8931162a0548ce809d2c785fddc541394a42f	compiled initializer correspondence; original and Buka retail pointer slots and full literal bytes checked; table layout reviewed
table.gArtifactNames.36	0x00094690	0x00093a00	0x00092ef0	0x0009241c	43cf275fee2f181375d208f58b101536bc34fc7c	src/SOURCE/KB.cpp:gArtifactNames; pointer offset 0x90	e261dad677d1a1c82719862dc1ed51a7814b29e396b07b879f9a90fe9d86948e	compiled initializer correspondence; original and Buka retail pointer slots and full literal bytes checked; table layout reviewed
table.gArtifactNames.37	0x000946b0	0x00093a0c	0x00092ef4	0x00092420	43cf275fee2f181375d208f58b101536bc34fc7c	src/SOURCE/KB.cpp:gArtifactNames; pointer offset 0x94	b7a68b67c7829544a6084e87b441681bd4aef9c4d67512d03c4f4208385e470a	compiled initializer correspondence; original and Buka retail pointer slots and full literal bytes checked; table layout reviewed
table.gCampaignSideNames.0	0x0009e340	0x0009d788	0x00093db8	0x000932c0	43cf275fee2f181375d208f58b101536bc34fc7c	src/SOURCE/KB.cpp:gCampaignSideNames; pointer offset 0x0	9bb11f1d0b5d1b0b9e965986a0581175f478418704db5f9d8216212cbcf9ad04	compiled initializer correspondence; original and Buka retail pointer slots and full literal bytes checked; table layout reviewed
table.gCampaignSideNames.1	0x0009e350	0x0009d798	0x00093dbc	0x000932c4	43cf275fee2f181375d208f58b101536bc34fc7c	src/SOURCE/KB.cpp:gCampaignSideNames; pointer offset 0x4	1f9b40b11cf593b6b428808c8f19217513ca74ee73f10d3411e68a679c8777fe	compiled initializer correspondence; original and Buka retail pointer slots and full literal bytes checked; table layout reviewed
table.gCampaignSideNames.2	0x0009e35c	0x0009d7a8	0x00093dc0	0x000932c8	43cf275fee2f181375d208f58b101536bc34fc7c	src/SOURCE/KB.cpp:gCampaignSideNames; pointer offset 0x8	d3e540743c035b23d0997077c1e3c70855a57843f2723236d4b37486b48cf95f	compiled initializer correspondence; original and Buka retail pointer slots and full literal bytes checked; table layout reviewed
table.gCampaignSideNames.3	0x0009e36c	0x0009d7b8	0x00093dc4	0x000932cc	43cf275fee2f181375d208f58b101536bc34fc7c	src/SOURCE/KB.cpp:gCampaignSideNames; pointer offset 0xc	1bbfedc5b94ce7508672248c0c3b13dc96e35d4e2fee4ed0a06dfd4ec3a98512	compiled initializer correspondence; original and Buka retail pointer slots and full literal bytes checked; table layout reviewed
table.gMoraleInfoText.0	0x0009cfbc	0x0009c6d0	0x00093cb0	0x000931d0	43cf275fee2f181375d208f58b101536bc34fc7c	src/SOURCE/KB.cpp:gMoraleInfoText; pointer offset 0x0	eefb8083ed99166fe9855c18eda08f10326a559f667e42afa4f9eaa4e24f5584	compiled initializer correspondence; original and Buka retail pointer slots and full literal bytes checked; table layout reviewed
table.gMoraleInfoText.1	0x0009d004	0x0009c724	0x00093cb4	0x000931d4	43cf275fee2f181375d208f58b101536bc34fc7c	src/SOURCE/KB.cpp:gMoraleInfoText; pointer offset 0x4	bb660baeaf5da96cb55437ede261618f9067d857fb7b8e611fb8c82fac420b1b	compiled initializer correspondence; original and Buka retail pointer slots and full literal bytes checked; table layout reviewed
table.gMoraleInfoText.2	0x0009d074	0x0009c790	0x00093cb8	0x000931d8	43cf275fee2f181375d208f58b101536bc34fc7c	src/SOURCE/KB.cpp:gMoraleInfoText; pointer offset 0x8	f1b1aad5a7498b00e90d5c9fe2849d0f25ec7d77ef6b4077ce6a69120b4fc028	compiled initializer correspondence; original and Buka retail pointer slots and full literal bytes checked; table layout reviewed
table.gMoraleInfoText.3	0x0009d0b8	0x0009c7e0	0x00093cbc	0x000931dc	43cf275fee2f181375d208f58b101536bc34fc7c	src/SOURCE/KB.cpp:gMoraleInfoText; pointer offset 0xc	66001c6e724e4fd6a20e999830fc56b3cb507a781a67f109fa9f318f69293712	compiled initializer correspondence; original and Buka retail pointer slots and full literal bytes checked; table layout reviewed
table.gMoraleInfoText.4	0x0009d0d8	0x0009c7fc	0x00093cc0	0x000931e0	43cf275fee2f181375d208f58b101536bc34fc7c	src/SOURCE/KB.cpp:gMoraleInfoText; pointer offset 0x10	e880a50269db695a987f50aad20790d3802413860b648a26d98e3babfd29cf7d	compiled initializer correspondence; original and Buka retail pointer slots and full literal bytes checked; table layout reviewed
table.gMoraleInfoText.5	0x0009d0ec	0x0009c810	0x00093cc4	0x000931e4	43cf275fee2f181375d208f58b101536bc34fc7c	src/SOURCE/KB.cpp:gMoraleInfoText; pointer offset 0x14	01cb61e4b461d21456725536077ab254a6bd81cd44f13d6e3e5a4265e82c6526	compiled initializer correspondence; original and Buka retail pointer slots and full literal bytes checked; table layout reviewed
table.gMoraleInfoText.6	0x0009d100	0x0009c824	0x00093cc8	0x000931e8	43cf275fee2f181375d208f58b101536bc34fc7c	src/SOURCE/KB.cpp:gMoraleInfoText; pointer offset 0x18	cea5520d9323600df38cb0f64582d40ad65b32ea5cdf9037d86846076c5e13ec	compiled initializer correspondence; original and Buka retail pointer slots and full literal bytes checked; table layout reviewed
table.gMoraleInfoText.7	0x0009d11c	0x0009c834	0x00093ccc	0x000931ec	43cf275fee2f181375d208f58b101536bc34fc7c	src/SOURCE/KB.cpp:gMoraleInfoText; pointer offset 0x1c	a2a9f907f50fc4efc8825c6e84e921bebf165a605446804888b10fb23885ef36	compiled initializer correspondence; original and Buka retail pointer slots and full literal bytes checked; table layout reviewed
table.gMoraleInfoText.8	0x0009d138	0x0009c844	0x00093cd0	0x000931f0	43cf275fee2f181375d208f58b101536bc34fc7c	src/SOURCE/KB.cpp:gMoraleInfoText; pointer offset 0x20	24efaff6fe7c9ce9c7f8eb81fbe083163be64bb807f2bd7445c7dccd44b6e1d4	compiled initializer correspondence; original and Buka retail pointer slots and full literal bytes checked; table layout reviewed
table.gMoraleInfoText.9	0x0009d14c	0x0009c858	0x00093cd4	0x000931f4	43cf275fee2f181375d208f58b101536bc34fc7c	src/SOURCE/KB.cpp:gMoraleInfoText; pointer offset 0x24	61cb259c5b9e4307adb80b92cb2deccfb38bc0142ea0b520f25129c9db6a7538	compiled initializer correspondence; original and Buka retail pointer slots and full literal bytes checked; table layout reviewed
table.gMoraleInfoText.10	0x0009d164	0x0009c86c	0x00093cd8	0x000931f8	43cf275fee2f181375d208f58b101536bc34fc7c	src/SOURCE/KB.cpp:gMoraleInfoText; pointer offset 0x28	86f0049a624d2b84cee6106d6770a821bc9cafcc568202416a71bd551fa9d37e	compiled initializer correspondence; original and Buka retail pointer slots and full literal bytes checked; table layout reviewed
table.gMoraleInfoText.11	0x0009d178	0x0009c880	0x00093cdc	0x000931fc	43cf275fee2f181375d208f58b101536bc34fc7c	src/SOURCE/KB.cpp:gMoraleInfoText; pointer offset 0x2c	687bd0a9eec7b158d3c2b8d3cfe8fd18514cccab51ba57afe38183e951e436e3	compiled initializer correspondence; original and Buka retail pointer slots and full literal bytes checked; table layout reviewed
table.gMoraleInfoText.12	0x0009d194	0x0009c894	0x00093ce0	0x00093200	43cf275fee2f181375d208f58b101536bc34fc7c	src/SOURCE/KB.cpp:gMoraleInfoText; pointer offset 0x30	923f4f6957234bc4e451d811877c25771a272f5b9f17c28cf9d0dbea0c251f98	compiled initializer correspondence; original and Buka retail pointer slots and full literal bytes checked; table layout reviewed
table.gMoraleInfoText.13	0x0009d1b0	0x0009c8a8	0x00093ce4	0x00093204	43cf275fee2f181375d208f58b101536bc34fc7c	src/SOURCE/KB.cpp:gMoraleInfoText; pointer offset 0x34	257bc4e69c3519c1ea9202a6627e7206d478c56b5dca6e83b754b5d65078f52e	compiled initializer correspondence; original and Buka retail pointer slots and full literal bytes checked; table layout reviewed
table.gMoraleInfoText.14	0x0009d1c4	0x0009c8b8	0x00093ce8	0x00093208	43cf275fee2f181375d208f58b101536bc34fc7c	src/SOURCE/KB.cpp:gMoraleInfoText; pointer offset 0x38	9b7cfc261d77124d8e0958af296df70a6a95e9bb14cb58b56d2bd2f938e5f5d7	compiled initializer correspondence; original and Buka retail pointer slots and full literal bytes checked; table layout reviewed
table.gMoraleInfoText.15	0x0009d1d8	0x0009c8cc	0x00093cec	0x0009320c	43cf275fee2f181375d208f58b101536bc34fc7c	src/SOURCE/KB.cpp:gMoraleInfoText; pointer offset 0x3c	14e10b4a84f409593ab832d6bcef7cd4508eb1e9af1c84da3e669a83390195d3	compiled initializer correspondence; original and Buka retail pointer slots and full literal bytes checked; table layout reviewed
table.gMoraleInfoText.16	0x0009d1ec	0x0009c8e0	0x00093cf0	0x00093210	43cf275fee2f181375d208f58b101536bc34fc7c	src/SOURCE/KB.cpp:gMoraleInfoText; pointer offset 0x40	258597beef3743a809874d30e2f8da27a035d0be5fd7d78ceb4f207d0250817c	compiled initializer correspondence; original and Buka retail pointer slots and full literal bytes checked; table layout reviewed
table.gMoraleInfoText.17	0x0009d204	0x0009c8f8	0x00093cf4	0x00093214	43cf275fee2f181375d208f58b101536bc34fc7c	src/SOURCE/KB.cpp:gMoraleInfoText; pointer offset 0x44	87d7af15d3c286bcde8c740596fdc63de28d1ad8398289235ee3c210136b0925	compiled initializer correspondence; original and Buka retail pointer slots and full literal bytes checked; table layout reviewed
table.gMoraleInfoText.18	0x0009d21c	0x0009c914	0x00093cf8	0x00093218	43cf275fee2f181375d208f58b101536bc34fc7c	src/SOURCE/KB.cpp:gMoraleInfoText; pointer offset 0x48	48c1f89dbf553e8eba2502bf57701fd35255963a5e5dde31ee391e048418711b	compiled initializer correspondence; original and Buka retail pointer slots and full literal bytes checked; table layout reviewed
table.gMoraleInfoText.19	0x0009d234	0x0009c928	0x00093cfc	0x0009321c	43cf275fee2f181375d208f58b101536bc34fc7c	src/SOURCE/KB.cpp:gMoraleInfoText; pointer offset 0x4c	cc3d65e67d7b7109ad26167157353314dd298a38a49421563ac280c398968474	compiled initializer correspondence; original and Buka retail pointer slots and full literal bytes checked; table layout reviewed
table.gMoraleInfoText.20	0x0009d23c	0x0009c930	0x00093d00	0x00093220	43cf275fee2f181375d208f58b101536bc34fc7c	src/SOURCE/KB.cpp:gMoraleInfoText; pointer offset 0x50	7ee46b3c59e5505009dd9959a315ce6c3f02a7355fc47d8d39a6ba1e3aad937c	compiled initializer correspondence; original and Buka retail pointer slots and full literal bytes checked; table layout reviewed
table.gSetupGameHelp.0	0x0009caec	0x0009c26c	0x00093c50	0x00093178	43cf275fee2f181375d208f58b101536bc34fc7c	src/SOURCE/KB.cpp:gSetupGameHelp; pointer offset 0x0	e6d5de87081aba6323cd419bed40d86453702433701c7f128b4cebc653f4a6b2	compiled initializer correspondence; original and Buka retail pointer slots and full literal bytes checked; table layout reviewed
table.gSetupGameHelp.1	0x0009cb1c	0x0009c290	0x00093c54	0x0009317c	43cf275fee2f181375d208f58b101536bc34fc7c	src/SOURCE/KB.cpp:gSetupGameHelp; pointer offset 0x4	053493464569c96ca964893cbf0de9a4c26955c97aef04823db44491ceac6ffd	compiled initializer correspondence; original and Buka retail pointer slots and full literal bytes checked; table layout reviewed
table.gSetupGameHelp.2	0x0009cb54	0x0009c2b0	0x00093c58	0x00093180	43cf275fee2f181375d208f58b101536bc34fc7c	src/SOURCE/KB.cpp:gSetupGameHelp; pointer offset 0x8	4a5508d19c82b371e95fbe1c5e580a7a2935b1e337fb23ab95eb8b5d3ab7c00a	compiled initializer correspondence; original and Buka retail pointer slots and full literal bytes checked; table layout reviewed
table.gSetupGameHelp.3	0x0009cbb4	0x0009c308	0x00093c5c	0x00093184	43cf275fee2f181375d208f58b101536bc34fc7c	src/SOURCE/KB.cpp:gSetupGameHelp; pointer offset 0xc	d06a4e20e1a6dc08ae8d8f8701c00ee56c02c8b8ce1058729772c447e663dc87	compiled initializer correspondence; original and Buka retail pointer slots and full literal bytes checked; table layout reviewed
table.gSetupMultiPlayerGameHelp.0	0x0009c800	0x0009bf8c	0x00093c28	0x00093158	43cf275fee2f181375d208f58b101536bc34fc7c	src/SOURCE/KB.cpp:gSetupMultiPlayerGameHelp; pointer offset 0x0	e40292b5ea07fc31cd55c2939fceb83d573eaa65a5b46836b0b16c91133c04ef	compiled initializer correspondence; original and Buka retail pointer slots and full literal bytes checked; table layout reviewed
table.gSetupMultiPlayerGameHelp.1	0x0009c880	0x0009c00c	0x00093c2c	0x0009315c	43cf275fee2f181375d208f58b101536bc34fc7c	src/SOURCE/KB.cpp:gSetupMultiPlayerGameHelp; pointer offset 0x4	27f06b3ff1469cb2ddb96902a81dd3b69c1cb20f62b1125b35edc9886265817b	compiled initializer correspondence; original and Buka retail pointer slots and full literal bytes checked; table layout reviewed
table.gSetupMultiPlayerGameHelp.2	0x0009c8ec	0x0009c054	0x00093c30	0x00093160	43cf275fee2f181375d208f58b101536bc34fc7c	src/SOURCE/KB.cpp:gSetupMultiPlayerGameHelp; pointer offset 0x8	b0c88f485155d6ee6772cf022cbd730096322d855a81f7294655f764d70d01ba	compiled initializer correspondence; original and Buka retail pointer slots and full literal bytes checked; table layout reviewed
table.gSetupMultiPlayerGameHelp.3	0x0009c954	0x0009c0d4	0x00093c34	0x00093164	43cf275fee2f181375d208f58b101536bc34fc7c	src/SOURCE/KB.cpp:gSetupMultiPlayerGameHelp; pointer offset 0xc	846634646f7ff43d4bd40711a82427d8aaa5de1865ea57d536d708e0943ca6b2	compiled initializer correspondence; original and Buka retail pointer slots and full literal bytes checked; table layout reviewed
table.gSetupMultiPlayerGameHelp.4	0x0009c9d8	0x0009c13c	0x00093c38	0x00093168	43cf275fee2f181375d208f58b101536bc34fc7c	src/SOURCE/KB.cpp:gSetupMultiPlayerGameHelp; pointer offset 0x10	d06a4e20e1a6dc08ae8d8f8701c00ee56c02c8b8ce1058729772c447e663dc87	compiled initializer correspondence; original and Buka retail pointer slots and full literal bytes checked; table layout reviewed
table.gNewGameHelp.0	0x0009b8ac	0x0009af0c	0x00093b58	0x000930a0	43cf275fee2f181375d208f58b101536bc34fc7c	src/SOURCE/KB.cpp:gNewGameHelp; pointer offset 0x0	fb02abeb90bc3f437902d6d9d7fb737b41795d233a091c1053adc5b843cbe44d	compiled initializer correspondence; original and Buka retail pointer slots and full literal bytes checked; table layout reviewed
table.gNewGameHelp.1	0x0009b8d8	0x0009af30	0x00093b5c	0x000930a4	43cf275fee2f181375d208f58b101536bc34fc7c	src/SOURCE/KB.cpp:gNewGameHelp; pointer offset 0x4	62dd96d64b39dd93e47331160f61d9de88878f972e9e1653b070f4f07061887d	compiled initializer correspondence; original and Buka retail pointer slots and full literal bytes checked; table layout reviewed
table.gNewGameHelp.2	0x0009b8f4	0x0009af4c	0x00093b60	0x000930a8	43cf275fee2f181375d208f58b101536bc34fc7c	src/SOURCE/KB.cpp:gNewGameHelp; pointer offset 0x8	d0d1670fbde1c10db3ff0709ba93494e3e8e6410f1402db7ac2627c8333e03dd	compiled initializer correspondence; original and Buka retail pointer slots and full literal bytes checked; table layout reviewed
table.gNewGameHelp.3	0x0009b9a0	0x0009affc	0x00093b64	0x000930ac	43cf275fee2f181375d208f58b101536bc34fc7c	src/SOURCE/KB.cpp:gNewGameHelp; pointer offset 0xc	058a4c2b4acdfd1c3bf45caf7bb7e818c744aa1b8608fc81344c8a736ec65d5a	compiled initializer correspondence; original and Buka retail pointer slots and full literal bytes checked; table layout reviewed
table.gNewGameHelp.4	0x0009b9c0	0x0009b02c	0x00093b68	0x000930b0	43cf275fee2f181375d208f58b101536bc34fc7c	src/SOURCE/KB.cpp:gNewGameHelp; pointer offset 0x10	6916c3da2644ef4d797df8a6405f4d728287e0b9fc4018c3ce150a0630030dca	compiled initializer correspondence; original and Buka retail pointer slots and full literal bytes checked; table layout reviewed
table.gNewGameHelp.5	0x0009ba38	0x0009b0b0	0x00093b6c	0x000930b4	43cf275fee2f181375d208f58b101536bc34fc7c	src/SOURCE/KB.cpp:gNewGameHelp; pointer offset 0x14	6385fa61315a87224ba22ac773de35a7f1c338b6eeb4adf2686a8d2d7446e1f9	compiled initializer correspondence; original and Buka retail pointer slots and full literal bytes checked; table layout reviewed
table.gNewGameHelp.6	0x0009bab0	0x0009b13c	0x00093b70	0x000930b8	43cf275fee2f181375d208f58b101536bc34fc7c	src/SOURCE/KB.cpp:gNewGameHelp; pointer offset 0x18	a43c3a2905661fec294179099aa4f9c3dff55b70edcb3e88bf928c38ec0df9e8	compiled initializer correspondence; original and Buka retail pointer slots and full literal bytes checked; table layout reviewed
table.gNewGameHelp.7	0x0009bacc	0x0009b15c	0x00093b74	0x000930bc	43cf275fee2f181375d208f58b101536bc34fc7c	src/SOURCE/KB.cpp:gNewGameHelp; pointer offset 0x1c	4524fb8d2fffec23a2373a19261f4a9c3c91dc45a48897704b0c6114ca20db62	compiled initializer correspondence; original and Buka retail pointer slots and full literal bytes checked; table layout reviewed
table.gNewGameHelp.8	0x0009bb50	0x0009b1e8	0x00093b78	0x000930c0	43cf275fee2f181375d208f58b101536bc34fc7c	src/SOURCE/KB.cpp:gNewGameHelp; pointer offset 0x20	b9522ffe427519c5afabfea7ccde1411aceab056de0a068389bfdaa4ed3462ad	compiled initializer correspondence; original and Buka retail pointer slots and full literal bytes checked; table layout reviewed
table.gLuckInfoText.0	0x0009a7bc	0x00099d68	0x00093838	0x00092da8	43cf275fee2f181375d208f58b101536bc34fc7c	src/SOURCE/KB.cpp:gLuckInfoText; pointer offset 0x0	76ba32db1051f91086e558d2bed674f2c5c6ed58a2bbf14987b73e9a0c73c24a	compiled initializer correspondence; original and Buka retail pointer slots and full literal bytes checked; table layout reviewed
table.gLuckInfoText.1	0x0009a81c	0x00099e04	0x0009383c	0x00092dac	43cf275fee2f181375d208f58b101536bc34fc7c	src/SOURCE/KB.cpp:gLuckInfoText; pointer offset 0x4	2626450a4ecac26ded91c9b5810f371603cf7f583f881a29d9df618515399cba	compiled initializer correspondence; original and Buka retail pointer slots and full literal bytes checked; table layout reviewed
table.gLuckInfoText.2	0x0009a880	0x00099e68	0x00093840	0x00092db0	43cf275fee2f181375d208f58b101536bc34fc7c	src/SOURCE/KB.cpp:gLuckInfoText; pointer offset 0x8	d348d14de9bdc9976f93ab128e52feadc8f315feb3e0a4fd43153879a9592550	compiled initializer correspondence; original and Buka retail pointer slots and full literal bytes checked; table layout reviewed
table.gLuckInfoText.3	0x0009a8ec	0x00099eec	0x00093844	0x00092db4	43cf275fee2f181375d208f58b101536bc34fc7c	src/SOURCE/KB.cpp:gLuckInfoText; pointer offset 0xc	a6f920154089c13be7fd5961f459c29d67bc882accd24e882fe4e9e9e63e9d4c	compiled initializer correspondence; original and Buka retail pointer slots and full literal bytes checked; table layout reviewed
table.gLuckInfoText.4	0x0009a90c	0x00099f0c	0x00093848	0x00092db8	43cf275fee2f181375d208f58b101536bc34fc7c	src/SOURCE/KB.cpp:gLuckInfoText; pointer offset 0x10	0baae964cb4c6c36b0ffb76a35a032e36cf498b88562b5a5868cb7ae2ba47345	compiled initializer correspondence; original and Buka retail pointer slots and full literal bytes checked; table layout reviewed
table.gLuckInfoText.5	0x0009a924	0x00099f20	0x0009384c	0x00092dbc	43cf275fee2f181375d208f58b101536bc34fc7c	src/SOURCE/KB.cpp:gLuckInfoText; pointer offset 0x14	1656cd5a3f830b2b0fa6659cdcfc1363983dd340ea1d4b9982a26e65345ab74a	compiled initializer correspondence; original and Buka retail pointer slots and full literal bytes checked; table layout reviewed
table.gLuckInfoText.6	0x0009a93c	0x00099f2c	0x00093850	0x00092dc0	43cf275fee2f181375d208f58b101536bc34fc7c	src/SOURCE/KB.cpp:gLuckInfoText; pointer offset 0x18	02995e7d716a34a94d83b7e9d315a1919a505ebd882e5540284a2597a30cf4df	compiled initializer correspondence; original and Buka retail pointer slots and full literal bytes checked; table layout reviewed
table.gLuckInfoText.7	0x0009a958	0x00099f38	0x00093854	0x00092dc4	43cf275fee2f181375d208f58b101536bc34fc7c	src/SOURCE/KB.cpp:gLuckInfoText; pointer offset 0x1c	ff0ad23027911232278287fc7bd67780dea67f29339006f526c1750bdc31885a	compiled initializer correspondence; original and Buka retail pointer slots and full literal bytes checked; table layout reviewed
table.gLuckInfoText.8	0x0009a970	0x00099f44	0x00093858	0x00092dc8	43cf275fee2f181375d208f58b101536bc34fc7c	src/SOURCE/KB.cpp:gLuckInfoText; pointer offset 0x20	c16e28acb7cf97e46727b0f112e59857e9031a58ab9c8978123d6eda652af985	compiled initializer correspondence; original and Buka retail pointer slots and full literal bytes checked; table layout reviewed
table.gLuckInfoText.9	0x0009a988	0x00099f54	0x0009385c	0x00092dcc	43cf275fee2f181375d208f58b101536bc34fc7c	src/SOURCE/KB.cpp:gLuckInfoText; pointer offset 0x24	7183225855cd0a68e8d3c1b69defabc646c1a4f970053853b57b08b1845b93ce	compiled initializer correspondence; original and Buka retail pointer slots and full literal bytes checked; table layout reviewed
table.gLuckInfoText.10	0x0009a9a0	0x00099f60	0x00093860	0x00092dd0	43cf275fee2f181375d208f58b101536bc34fc7c	src/SOURCE/KB.cpp:gLuckInfoText; pointer offset 0x28	f9a36d4b4390033b3f58e764338b92a9e54ae2279ebde1838d0462a613607e0d	compiled initializer correspondence; original and Buka retail pointer slots and full literal bytes checked; table layout reviewed
table.gCastleInfo.0	0x0009a658	0x00099bb4	0x00093800	0x00092d70	43cf275fee2f181375d208f58b101536bc34fc7c	src/SOURCE/KB.cpp:gCastleInfo; pointer offset 0x0	fe3acc2e78c0b8cbdcef3580bd3fcca1f1c304a3b2fdd3f33aa8b09cddd0d200	compiled initializer correspondence; original and Buka retail pointer slots and full literal bytes checked; table layout reviewed
table.gCastleInfo.1	0x0009a66c	0x00099bcc	0x00093804	0x00092d74	43cf275fee2f181375d208f58b101536bc34fc7c	src/SOURCE/KB.cpp:gCastleInfo; pointer offset 0x4	2fd7164d56a9fa11f38910f778b1ef9839b45f860e462d486c1513df32f873fe	compiled initializer correspondence; original and Buka retail pointer slots and full literal bytes checked; table layout reviewed
table.gCastleInfo.2	0x0009a68c	0x00099bf0	0x00093808	0x00092d78	43cf275fee2f181375d208f58b101536bc34fc7c	src/SOURCE/KB.cpp:gCastleInfo; pointer offset 0x8	fded0d0e069f298dc957681396dae03a0ca48cd23810fac3747bab52573207f9	compiled initializer correspondence; original and Buka retail pointer slots and full literal bytes checked; table layout reviewed
table.gCastleInfo.3	0x0009a6a8	0x00099c14	0x0009380c	0x00092d7c	43cf275fee2f181375d208f58b101536bc34fc7c	src/SOURCE/KB.cpp:gCastleInfo; pointer offset 0xc	514222bcdaf5bf8e6fcb713171942d76fb43eef68fa14be471794b4d58dca8b1	compiled initializer correspondence; original and Buka retail pointer slots and full literal bytes checked; table layout reviewed
table.gCastleInfo.4	0x0009a6c8	0x00099c3c	0x00093810	0x00092d80	43cf275fee2f181375d208f58b101536bc34fc7c	src/SOURCE/KB.cpp:gCastleInfo; pointer offset 0x10	781511c43a00902b52da454e0fd3c8acfde8472381699d97fc20be756ce402c6	compiled initializer correspondence; original and Buka retail pointer slots and full literal bytes checked; table layout reviewed
table.gCastleInfo.5	0x0009a6dc	0x00099c5c	0x00093814	0x00092d84	43cf275fee2f181375d208f58b101536bc34fc7c	src/SOURCE/KB.cpp:gCastleInfo; pointer offset 0x14	35d1dd191d2d92c53bb871c80e64b8195cb349193ccc80a178f2d70a68aa49ca	compiled initializer correspondence; original and Buka retail pointer slots and full literal bytes checked; table layout reviewed
table.gCastleInfo.6	0x0009a6ec	0x00099c7c	0x00093818	0x00092d88	43cf275fee2f181375d208f58b101536bc34fc7c	src/SOURCE/KB.cpp:gCastleInfo; pointer offset 0x18	35d1dd191d2d92c53bb871c80e64b8195cb349193ccc80a178f2d70a68aa49ca	compiled initializer correspondence; original and Buka retail pointer slots and full literal bytes checked; table layout reviewed
table.gCastleInfo.7	0x0009a700	0x00099c9c	0x0009381c	0x00092d8c	43cf275fee2f181375d208f58b101536bc34fc7c	src/SOURCE/KB.cpp:gCastleInfo; pointer offset 0x1c	43a49a9b28c9c3af91fb3efc728c94280308e251eed120ba650f746323ff4e81	compiled initializer correspondence; original and Buka retail pointer slots and full literal bytes checked; table layout reviewed
table.gCastleInfo.8	0x0009a70c	0x00099cb4	0x00093820	0x00092d90	43cf275fee2f181375d208f58b101536bc34fc7c	src/SOURCE/KB.cpp:gCastleInfo; pointer offset 0x20	92ec41e0fef07512ea95bb5cdbc690682f58ed282fac8e96303d3886ec3e6257	compiled initializer correspondence; original and Buka retail pointer slots and full literal bytes checked; table layout reviewed
table.gCastleInfo.9	0x0009a724	0x00099cd0	0x00093824	0x00092d94	43cf275fee2f181375d208f58b101536bc34fc7c	src/SOURCE/KB.cpp:gCastleInfo; pointer offset 0x24	4ded712e3af5de575d66fccdf79ecc7778bcd4801c1162c509202f3d91a7517d	compiled initializer correspondence; original and Buka retail pointer slots and full literal bytes checked; table layout reviewed
table.gCastleInfo.10	0x0009a754	0x00099cf8	0x00093828	0x00092d98	43cf275fee2f181375d208f58b101536bc34fc7c	src/SOURCE/KB.cpp:gCastleInfo; pointer offset 0x28	7d9e79aead892565ac3bffdb78b71d0e13d527890625e53aa8e0de67400bcee8	compiled initializer correspondence; original and Buka retail pointer slots and full literal bytes checked; table layout reviewed
table.gCastleInfo.11	0x0009a78c	0x00099d2c	0x0009382c	0x00092d9c	43cf275fee2f181375d208f58b101536bc34fc7c	src/SOURCE/KB.cpp:gCastleInfo; pointer offset 0x2c	5c2f8b2115574e0ae9c5085cf6aad62b0debd42471f8e7f4a55f77ac58dabffb	compiled initializer correspondence; original and Buka retail pointer slots and full literal bytes checked; table layout reviewed
table.gCastleInfo.12	0x0009a7a0	0x00099d44	0x00093830	0x00092da0	43cf275fee2f181375d208f58b101536bc34fc7c	src/SOURCE/KB.cpp:gCastleInfo; pointer offset 0x30	bca1904003ecdc3790f7c768208332a7df1b4d0544d157b0bb0d8967ed1866cb	compiled initializer correspondence; original and Buka retail pointer slots and full literal bytes checked; table layout reviewed
table.gCastleInfo.13	0x0009a7ac	0x00099d54	0x00093834	0x00092da4	43cf275fee2f181375d208f58b101536bc34fc7c	src/SOURCE/KB.cpp:gCastleInfo; pointer offset 0x34	05e66100c2bbbdebcc0202ff8bfe19395e42a4d6f11685ae54ae1adb2b0263a5	compiled initializer correspondence; original and Buka retail pointer slots and full literal bytes checked; table layout reviewed
table.gHeroScreen.0	0x0009a4f0	0x000999fc	0x000937b0	0x00092d24	43cf275fee2f181375d208f58b101536bc34fc7c	src/SOURCE/KB.cpp:gHeroScreen; pointer offset 0x0	59e91baeea225c0a423823e8a6e3f02aa9d0338e4a9831c887a65e279cea1fd2	compiled initializer correspondence; original and Buka retail pointer slots and full literal bytes checked; table layout reviewed
table.gHeroScreen.1	0x0009a504	0x00099a10	0x000937b4	0x00092d28	43cf275fee2f181375d208f58b101536bc34fc7c	src/SOURCE/KB.cpp:gHeroScreen; pointer offset 0x4	e03ac65e4a657719758f0eea29faff61c86bf3ecb08c94b0b08517b192fcc981	compiled initializer correspondence; original and Buka retail pointer slots and full literal bytes checked; table layout reviewed
table.gHeroScreen.2	0x0009a514	0x00099a20	0x000937b8	0x00092d2c	43cf275fee2f181375d208f58b101536bc34fc7c	src/SOURCE/KB.cpp:gHeroScreen; pointer offset 0x8	0cf1cef8f7c91df7e1409cd8d40825954fcae0529b113bacfc1c9f4f61720233	compiled initializer correspondence; original and Buka retail pointer slots and full literal bytes checked; table layout reviewed
table.gHeroScreen.3	0x0009a534	0x00099a40	0x000937bc	0x00092d30	43cf275fee2f181375d208f58b101536bc34fc7c	src/SOURCE/KB.cpp:gHeroScreen; pointer offset 0xc	6e43afae24220c3122959b6915c46a03a39e7b9fd86c3979d9f1ec552ed17ef8	compiled initializer correspondence; original and Buka retail pointer slots and full literal bytes checked; table layout reviewed
table.gHeroScreen.4	0x0009a54c	0x00099a5c	0x000937c0	0x00092d34	43cf275fee2f181375d208f58b101536bc34fc7c	src/SOURCE/KB.cpp:gHeroScreen; pointer offset 0x10	45bf326fdf7c7b2ea543acd49ad330dbf51b7de127403654e721b9af3745062d	compiled initializer correspondence; original and Buka retail pointer slots and full literal bytes checked; table layout reviewed
table.gHeroScreen.5	0x0009a568	0x00099a7c	0x000937c4	0x00092d38	43cf275fee2f181375d208f58b101536bc34fc7c	src/SOURCE/KB.cpp:gHeroScreen; pointer offset 0x14	32d33458d34eebfc0822023cd455b8ec6395541cf69732e264f64be9cc032115	compiled initializer correspondence; original and Buka retail pointer slots and full literal bytes checked; table layout reviewed
table.gHeroScreen.6	0x0009a580	0x00099a98	0x000937c8	0x00092d3c	43cf275fee2f181375d208f58b101536bc34fc7c	src/SOURCE/KB.cpp:gHeroScreen; pointer offset 0x18	776d295dbef131845f2fa8c4af960b3a7c108c1b3325a539ada46943141c335a	compiled initializer correspondence; original and Buka retail pointer slots and full literal bytes checked; table layout reviewed
table.gHeroScreen.7	0x0009a594	0x00099ab4	0x000937cc	0x00092d40	43cf275fee2f181375d208f58b101536bc34fc7c	src/SOURCE/KB.cpp:gHeroScreen; pointer offset 0x1c	dd5a00358279e01a0c7e50c23f0a8c917523dbcfb9e98f4d7f60b711867ab5a9	compiled initializer correspondence; original and Buka retail pointer slots and full literal bytes checked; table layout reviewed
table.gHeroScreen.8	0x0009a5ac	0x00099ad0	0x000937d0	0x00092d44	43cf275fee2f181375d208f58b101536bc34fc7c	src/SOURCE/KB.cpp:gHeroScreen; pointer offset 0x20	c4f1cd496b7c43a949e8f85e705ac5ce0a333410269870710724cd8cc8f85cfd	compiled initializer correspondence; original and Buka retail pointer slots and full literal bytes checked; table layout reviewed
table.gHeroScreen.9	0x0009a5c0	0x00099aec	0x000937d4	0x00092d48	43cf275fee2f181375d208f58b101536bc34fc7c	src/SOURCE/KB.cpp:gHeroScreen; pointer offset 0x24	4b12a71653329b3e186f0fa9645f0c85f5a52ed8d52bdd653a9d9403c3f22c24	compiled initializer correspondence; original and Buka retail pointer slots and full literal bytes checked; table layout reviewed
table.gHeroScreen.10	0x0009a5d8	0x00099afc	0x000937d8	0x00092d4c	43cf275fee2f181375d208f58b101536bc34fc7c	src/SOURCE/KB.cpp:gHeroScreen; pointer offset 0x28	3024043753af50f051379fb92429191dfe5420aefdabec4341f09e5f5803abdd	compiled initializer correspondence; original and Buka retail pointer slots and full literal bytes checked; table layout reviewed
table.gHeroScreen.11	0x0009a5e4	0x00099b08	0x000937dc	0x00092d50	43cf275fee2f181375d208f58b101536bc34fc7c	src/SOURCE/KB.cpp:gHeroScreen; pointer offset 0x2c	b8cf7ed18b6364bd337dfb510e32286880b343953fc047ececb1c01fa4d07ccd	compiled initializer correspondence; original and Buka retail pointer slots and full literal bytes checked; table layout reviewed
table.gHeroScreen.12	0x0009a5ec	0x00099b10	0x000937e0	0x00092d54	43cf275fee2f181375d208f58b101536bc34fc7c	src/SOURCE/KB.cpp:gHeroScreen; pointer offset 0x30	d5959d4f4fc9bb43b4fbf03eff09b25a3961e6e2e13c87af596118d9b3fde226	compiled initializer correspondence; original and Buka retail pointer slots and full literal bytes checked; table layout reviewed
table.gHeroScreen.13	0x0009a5f4	0x00099b2c	0x000937e4	0x00092d58	43cf275fee2f181375d208f58b101536bc34fc7c	src/SOURCE/KB.cpp:gHeroScreen; pointer offset 0x34	6e8daf8db429fc8f91fb5e281800cbec76981b60fedb60b0f92d0c426e45fa99	compiled initializer correspondence; original and Buka retail pointer slots and full literal bytes checked; table layout reviewed
table.gHeroScreen.14	0x0009a608	0x00099b4c	0x000937e8	0x00092d5c	43cf275fee2f181375d208f58b101536bc34fc7c	src/SOURCE/KB.cpp:gHeroScreen; pointer offset 0x38	a2cde60b69c0b29fedf0eab10ed985ea74b638bd125be19fda8c71ad6f63bf99	compiled initializer correspondence; original and Buka retail pointer slots and full literal bytes checked; table layout reviewed
table.gHeroScreen.15	0x0009a614	0x00099b60	0x000937ec	0x00092d60	43cf275fee2f181375d208f58b101536bc34fc7c	src/SOURCE/KB.cpp:gHeroScreen; pointer offset 0x3c	db21f6e1986eb869aac1b9b73fe72cc929f3337a16be2a21877384164e368014	compiled initializer correspondence; original and Buka retail pointer slots and full literal bytes checked; table layout reviewed
table.gHeroScreen.16	0x0009a624	0x00099b78	0x000937f0	0x00092d64	43cf275fee2f181375d208f58b101536bc34fc7c	src/SOURCE/KB.cpp:gHeroScreen; pointer offset 0x40	354d3539a09427d7b36c88acc1c96123f6e42f4420d8af30b6a2d02ecb07340f	compiled initializer correspondence; original and Buka retail pointer slots and full literal bytes checked; table layout reviewed
table.gHeroScreen.17	0x0009a638	0x00099b90	0x000937f4	0x00092d68	43cf275fee2f181375d208f58b101536bc34fc7c	src/SOURCE/KB.cpp:gHeroScreen; pointer offset 0x44	267b32bac25139784ee52a293753bd0ba5d71eacfbb7d9e98178c97709b065ed	compiled initializer correspondence; original and Buka retail pointer slots and full literal bytes checked; table layout reviewed
table.gHeroScreen.18	0x0009a64c	0x00099ba8	0x000937f8	0x00092d6c	43cf275fee2f181375d208f58b101536bc34fc7c	src/SOURCE/KB.cpp:gHeroScreen; pointer offset 0x48	a1c72260269a7b79bd6ef742f9e86e8d795e55eed483329bdcdcd311d63ff99a	compiled initializer correspondence; original and Buka retail pointer slots and full literal bytes checked; table layout reviewed
table.gSpellDesc.0	0x000997dc	0x00098c34	0x00093640	0x00092bbc	43cf275fee2f181375d208f58b101536bc34fc7c	src/SOURCE/KB.cpp:gSpellDesc; pointer offset 0x0	7c02d299542f7e0052b127c378bc9d84439fd90dd0f13b27c6aa688edbd0ae8c	compiled initializer correspondence; original and Buka retail pointer slots and full literal bytes checked; table layout reviewed
table.gSpellDesc.1	0x0009983c	0x00098cc0	0x00093644	0x00092bc0	43cf275fee2f181375d208f58b101536bc34fc7c	src/SOURCE/KB.cpp:gSpellDesc; pointer offset 0x4	068f6d286aa998b6074898544be06bc592b212bbd52f4e0312a442f6f2f86514	compiled initializer correspondence; original and Buka retail pointer slots and full literal bytes checked; table layout reviewed
table.gSpellDesc.2	0x00099890	0x00098d08	0x00093648	0x00092bc4	43cf275fee2f181375d208f58b101536bc34fc7c	src/SOURCE/KB.cpp:gSpellDesc; pointer offset 0x8	2fb2b3df53922be7c58c95177e0b57be0e72d4c641bd9953c6b15d55a8904070	compiled initializer correspondence; original and Buka retail pointer slots and full literal bytes checked; table layout reviewed
table.gSpellDesc.3	0x000998e8	0x00098d60	0x0009364c	0x00092bc8	43cf275fee2f181375d208f58b101536bc34fc7c	src/SOURCE/KB.cpp:gSpellDesc; pointer offset 0xc	6367decaba744796fbe62f9bea7aa5026bc296eae8034d5c614097e9a30db653	compiled initializer correspondence; original and Buka retail pointer slots and full literal bytes checked; table layout reviewed
table.gSpellDesc.4	0x00099924	0x00098da8	0x00093650	0x00092bcc	43cf275fee2f181375d208f58b101536bc34fc7c	src/SOURCE/KB.cpp:gSpellDesc; pointer offset 0x10	b08bb0841ee0a52fa9e90915539dd7c2a38289df8bb0994e2c67528d73baecad	compiled initializer correspondence; original and Buka retail pointer slots and full literal bytes checked; table layout reviewed
table.gSpellDesc.5	0x00099964	0x00098dec	0x00093654	0x00092bd0	43cf275fee2f181375d208f58b101536bc34fc7c	src/SOURCE/KB.cpp:gSpellDesc; pointer offset 0x14	bdec62addac724f27d91391923793d9477a1d3e102efad4e03203309567f0f5b	compiled initializer correspondence; original and Buka retail pointer slots and full literal bytes checked; table layout reviewed
table.gSpellDesc.6	0x000999a0	0x00098e30	0x00093658	0x00092bd4	43cf275fee2f181375d208f58b101536bc34fc7c	src/SOURCE/KB.cpp:gSpellDesc; pointer offset 0x18	18a5a134ed0b63497a8cedf65eb114c9d2b9280e3d9d549949dc3d029512f4a0	compiled initializer correspondence; original and Buka retail pointer slots and full literal bytes checked; table layout reviewed
table.gSpellDesc.7	0x000999d4	0x00098e7c	0x0009365c	0x00092bd8	43cf275fee2f181375d208f58b101536bc34fc7c	src/SOURCE/KB.cpp:gSpellDesc; pointer offset 0x1c	e11e424accb3756d7f9d946ccd5632d825b94f50c907869026f41c3fee659f0d	compiled initializer correspondence; original and Buka retail pointer slots and full literal bytes checked; table layout reviewed
table.gSpellDesc.8	0x00099a20	0x00098eec	0x00093660	0x00092bdc	43cf275fee2f181375d208f58b101536bc34fc7c	src/SOURCE/KB.cpp:gSpellDesc; pointer offset 0x20	0d3d1fadad05e7199ad962ca88c0e6799126a7baf472e1ceea56c8b02cfed238	compiled initializer correspondence; original and Buka retail pointer slots and full literal bytes checked; table layout reviewed
table.gSpellDesc.9	0x00099a60	0x00098f40	0x00093664	0x00092be0	43cf275fee2f181375d208f58b101536bc34fc7c	src/SOURCE/KB.cpp:gSpellDesc; pointer offset 0x24	dc426d534439154692a89792aa381ab980f71f9fbd1b1bb42cbe293bf9647740	compiled initializer correspondence; original and Buka retail pointer slots and full literal bytes checked; table layout reviewed
table.gSpellDesc.10	0x00099ab0	0x00098f7c	0x00093668	0x00092be4	43cf275fee2f181375d208f58b101536bc34fc7c	src/SOURCE/KB.cpp:gSpellDesc; pointer offset 0x28	5c7e28b71225f299ac0f4404a045e65e437c268db6976f3bf8f929342e2477e7	compiled initializer correspondence; original and Buka retail pointer slots and full literal bytes checked; table layout reviewed
table.gSpellDesc.11	0x00099af0	0x00098fcc	0x0009366c	0x00092be8	43cf275fee2f181375d208f58b101536bc34fc7c	src/SOURCE/KB.cpp:gSpellDesc; pointer offset 0x2c	a5fd001c53655213da6e48e6b412339b2b14df5f0b197caa69a30c44b4eb75ed	compiled initializer correspondence; original and Buka retail pointer slots and full literal bytes checked; table layout reviewed
table.gSpellDesc.12	0x00099b34	0x00099010	0x00093670	0x00092bec	43cf275fee2f181375d208f58b101536bc34fc7c	src/SOURCE/KB.cpp:gSpellDesc; pointer offset 0x30	a7c826e0199cfe0e3313eb29a2cd29b042d343b5f9fb9f690dd3ee61445db039	compiled initializer correspondence; original and Buka retail pointer slots and full literal bytes checked; table layout reviewed
table.gSpellDesc.13	0x00099b78	0x00099068	0x00093674	0x00092bf0	43cf275fee2f181375d208f58b101536bc34fc7c	src/SOURCE/KB.cpp:gSpellDesc; pointer offset 0x34	b0422f7b3acaa1a48738b6493ed57fe45455c0e4847fbfbe5b564114968df32d	compiled initializer correspondence; original and Buka retail pointer slots and full literal bytes checked; table layout reviewed
table.gSpellDesc.14	0x00099bc0	0x000990b4	0x00093678	0x00092bf4	43cf275fee2f181375d208f58b101536bc34fc7c	src/SOURCE/KB.cpp:gSpellDesc; pointer offset 0x38	bce9740ffc10df2619526c22094cb37e576be22c9bd1e795f8db59a37d2755a6	compiled initializer correspondence; original and Buka retail pointer slots and full literal bytes checked; table layout reviewed
table.gSpellDesc.15	0x00099bfc	0x00099110	0x0009367c	0x00092bf8	43cf275fee2f181375d208f58b101536bc34fc7c	src/SOURCE/KB.cpp:gSpellDesc; pointer offset 0x3c	962d882b0097b1957c699234dfbd0a4df5cff390be97960f41f81c22e16528fc	compiled initializer correspondence; original and Buka retail pointer slots and full literal bytes checked; table layout reviewed
table.gSpellDesc.16	0x00099c58	0x0009916c	0x00093680	0x00092bfc	43cf275fee2f181375d208f58b101536bc34fc7c	src/SOURCE/KB.cpp:gSpellDesc; pointer offset 0x40	d96899ca84bded23b8e3dce4a151ab3446009e9001de0480d497cbf4145ac7f4	compiled initializer correspondence; original and Buka retail pointer slots and full literal bytes checked; table layout reviewed
table.gSpellDesc.17	0x00099cb0	0x000991c0	0x00093684	0x00092c00	43cf275fee2f181375d208f58b101536bc34fc7c	src/SOURCE/KB.cpp:gSpellDesc; pointer offset 0x44	75ab9dc9b3ece76c1cadf8fcceb251bc2f1a238aa002081b683655e441d5d974	compiled initializer correspondence; original and Buka retail pointer slots and full literal bytes checked; table layout reviewed
table.gSpellDesc.18	0x00099d14	0x00099238	0x00093688	0x00092c04	43cf275fee2f181375d208f58b101536bc34fc7c	src/SOURCE/KB.cpp:gSpellDesc; pointer offset 0x48	f7bde991eae227e376c0f0397023a516ea2aabb338c03c9367ada32d91448a3b	compiled initializer correspondence; original and Buka retail pointer slots and full literal bytes checked; table layout reviewed
table.gSpellDesc.19	0x00099d64	0x000992c4	0x0009368c	0x00092c08	43cf275fee2f181375d208f58b101536bc34fc7c	src/SOURCE/KB.cpp:gSpellDesc; pointer offset 0x4c	e9009a66fb9e0504589305a4834dc917492a475e15b0f469719378e1939c4ada	compiled initializer correspondence; original and Buka retail pointer slots and full literal bytes checked; table layout reviewed
table.gSpellDesc.20	0x00099da4	0x000992f8	0x00093690	0x00092c0c	43cf275fee2f181375d208f58b101536bc34fc7c	src/SOURCE/KB.cpp:gSpellDesc; pointer offset 0x50	b47674c8ca27ba06397c7fdf14445cf5c33a4f3cae17210a27ac4411fe36959c	compiled initializer correspondence; original and Buka retail pointer slots and full literal bytes checked; table layout reviewed
table.gSpellDesc.21	0x00099dec	0x00099330	0x00093694	0x00092c10	43cf275fee2f181375d208f58b101536bc34fc7c	src/SOURCE/KB.cpp:gSpellDesc; pointer offset 0x54	4a400149f7d90a5e980f99dc582e42d2f2d82023488e296ffe52ff46403a1287	compiled initializer correspondence; original and Buka retail pointer slots and full literal bytes checked; table layout reviewed
table.gSpellDesc.22	0x00099e34	0x0009936c	0x00093698	0x00092c14	43cf275fee2f181375d208f58b101536bc34fc7c	src/SOURCE/KB.cpp:gSpellDesc; pointer offset 0x58	5f68b8c5780ce008ef5f8712fc6e6fb457ba2f8fa6bb001f2a1b24ad954d6293	compiled initializer correspondence; original and Buka retail pointer slots and full literal bytes checked; table layout reviewed
table.gSpellDesc.23	0x00099e80	0x000993ac	0x0009369c	0x00092c18	43cf275fee2f181375d208f58b101536bc34fc7c	src/SOURCE/KB.cpp:gSpellDesc; pointer offset 0x5c	21b58a41f5b81f8bcded98db542e6ed2cdcde6aa3e40c4d26428020163fadddb	compiled initializer correspondence; original and Buka retail pointer slots and full literal bytes checked; table layout reviewed
table.gSpellDesc.24	0x00099ec4	0x000993e4	0x000936a0	0x00092c1c	43cf275fee2f181375d208f58b101536bc34fc7c	src/SOURCE/KB.cpp:gSpellDesc; pointer offset 0x60	c7d78ea26aa231680ffc9df6653cd4f5b5e58d907060c3408ab952e97974e3d6	compiled initializer correspondence; original and Buka retail pointer slots and full literal bytes checked; table layout reviewed
table.gSpellDesc.25	0x00099ef8	0x0009940c	0x000936a4	0x00092c20	43cf275fee2f181375d208f58b101536bc34fc7c	src/SOURCE/KB.cpp:gSpellDesc; pointer offset 0x64	30f813cb943b879ee4165d3b22177809c68cab21a48d52522dc552fb2a3b803e	compiled initializer correspondence; original and Buka retail pointer slots and full literal bytes checked; table layout reviewed
table.gSpellDesc.26	0x00099f48	0x00099458	0x000936a8	0x00092c24	43cf275fee2f181375d208f58b101536bc34fc7c	src/SOURCE/KB.cpp:gSpellDesc; pointer offset 0x68	2085caed0717c53695470583350e7110d6212723a88c7514f5df7bcfe4cd8a86	compiled initializer correspondence; original and Buka retail pointer slots and full literal bytes checked; table layout reviewed
table.gSpellDesc.27	0x00099ffc	0x0009952c	0x000936ac	0x00092c28	43cf275fee2f181375d208f58b101536bc34fc7c	src/SOURCE/KB.cpp:gSpellDesc; pointer offset 0x6c	39fde20f61588fd201a350822707791e516c4b0a66f5c3d77a585193162c9e12	compiled initializer correspondence; original and Buka retail pointer slots and full literal bytes checked; table layout reviewed
table.gSpellDesc.28	0x0009a054	0x00099570	0x000936b0	0x00092c2c	43cf275fee2f181375d208f58b101536bc34fc7c	src/SOURCE/KB.cpp:gSpellDesc; pointer offset 0x70	0d819df980c0fb73b75bc837f1b726ce6e688238565080259d56c2c298722047	compiled initializer correspondence; original and Buka retail pointer slots and full literal bytes checked; table layout reviewed
table.gAlignmentNames.0	0x000997b0	0x00098c04	0x00093628	0x00092ba8	43cf275fee2f181375d208f58b101536bc34fc7c	src/SOURCE/KB.cpp:gAlignmentNames; pointer offset 0x0	174e576096c8bae07e5c8c61440b589844ebb4093403ae8bccdd45a58888311e	compiled initializer correspondence; original and Buka retail pointer slots and full literal bytes checked; table layout reviewed
table.gAlignmentNames.1	0x000997b8	0x00098c0c	0x0009362c	0x00092bac	43cf275fee2f181375d208f58b101536bc34fc7c	src/SOURCE/KB.cpp:gAlignmentNames; pointer offset 0x4	2041d62a416c62888df30a83ce5815092f6d707eb1bc664de775cb36c0b478fc	compiled initializer correspondence; original and Buka retail pointer slots and full literal bytes checked; table layout reviewed
table.gAlignmentNames.2	0x000997c0	0x00098c18	0x00093630	0x00092bb0	43cf275fee2f181375d208f58b101536bc34fc7c	src/SOURCE/KB.cpp:gAlignmentNames; pointer offset 0x8	d28ef4b5828ef0a2dfb9ea13467a9a5af687f30cc4d8ace1c96c09ad5c7d14c4	compiled initializer correspondence; original and Buka retail pointer slots and full literal bytes checked; table layout reviewed
table.gAlignmentNames.3	0x000997c8	0x00098c20	0x00093634	0x00092bb4	43cf275fee2f181375d208f58b101536bc34fc7c	src/SOURCE/KB.cpp:gAlignmentNames; pointer offset 0xc	944c25830eab944da761a5b7f35e62e1552be71932fbf30b122ae270eff6bc57	compiled initializer correspondence; original and Buka retail pointer slots and full literal bytes checked; table layout reviewed
table.gAlignmentNames.4	0x000997d4	0x00098c28	0x00093638	0x00092bb8	43cf275fee2f181375d208f58b101536bc34fc7c	src/SOURCE/KB.cpp:gAlignmentNames; pointer offset 0x10	8c4cffc2d3a8c630998ca77829191b7d4da9ffefe95edbbbe5b1fa86af5af0bf	compiled initializer correspondence; original and Buka retail pointer slots and full literal bytes checked; table layout reviewed
table.gAPanelHelp.0	0x000993f0	0x000987e4	0x00093548	0x00092ae0	43cf275fee2f181375d208f58b101536bc34fc7c	src/SOURCE/KB.cpp:gAPanelHelp; pointer offset 0x0	d35f49560f18402bf0537e26cb0490e1be47d589d16005db161d3b69efc167e3	compiled initializer correspondence; original and Buka retail pointer slots and full literal bytes checked; table layout reviewed
table.gAPanelHelp.1	0x00099408	0x000987f8	0x0009354c	0x00092ae4	43cf275fee2f181375d208f58b101536bc34fc7c	src/SOURCE/KB.cpp:gAPanelHelp; pointer offset 0x4	aff38db6d7f72626b4f6057c04627a2abc99e7b7c9d90d0c9070936632d7ea49	compiled initializer correspondence; original and Buka retail pointer slots and full literal bytes checked; table layout reviewed
table.gAPanelHelp.2	0x00099424	0x00098810	0x00093550	0x00092ae8	43cf275fee2f181375d208f58b101536bc34fc7c	src/SOURCE/KB.cpp:gAPanelHelp; pointer offset 0x8	d5f1430997c4f8c97b5f37649f559ad5fc5cc28ad4fcdbe0d0f6c400e9f93d65	compiled initializer correspondence; original and Buka retail pointer slots and full literal bytes checked; table layout reviewed
table.gAPanelHelp.3	0x00099440	0x00098828	0x00093554	0x00092aec	43cf275fee2f181375d208f58b101536bc34fc7c	src/SOURCE/KB.cpp:gAPanelHelp; pointer offset 0xc	a6d27b780600d1ee1873dd89452b6be4e3f76c56ac7482ae67873fd9af5f0888	compiled initializer correspondence; original and Buka retail pointer slots and full literal bytes checked; table layout reviewed
table.gAPanelHelp.4	0x00099460	0x00098854	0x00093558	0x00092af0	43cf275fee2f181375d208f58b101536bc34fc7c	src/SOURCE/KB.cpp:gAPanelHelp; pointer offset 0x10	a3ceec22ff98ef7b09bf14e49551ae20ce20697b73ac27f635df562910919497	compiled initializer correspondence; original and Buka retail pointer slots and full literal bytes checked; table layout reviewed
table.gDwellingNames.0	0x00096d10	0x00095f68	0x000931e0	0x0009276c	43cf275fee2f181375d208f58b101536bc34fc7c	src/SOURCE/KB.cpp:gDwellingNames; pointer offset 0x0	9b526b3800530bfc071d447816faa7df186e9892ac21eb38b45f26cab7275c7c	compiled initializer correspondence; original and Buka retail pointer slots and full literal bytes checked; table layout reviewed
table.gDwellingNames.1	0x00096d20	0x00095f70	0x000931e4	0x00092770	43cf275fee2f181375d208f58b101536bc34fc7c	src/SOURCE/KB.cpp:gDwellingNames; pointer offset 0x4	01e77409bd3e50cf67a7bd32591954d505ae5722273b7a133773c40365ecde67	compiled initializer correspondence; original and Buka retail pointer slots and full literal bytes checked; table layout reviewed
table.gDwellingNames.2	0x00096d30	0x00095f7c	0x000931e8	0x00092774	43cf275fee2f181375d208f58b101536bc34fc7c	src/SOURCE/KB.cpp:gDwellingNames; pointer offset 0x8	efb1b49f1499d8a251727f74e1cdc6a241c0b592d0abea5fbe384933d0833b20	compiled initializer correspondence; original and Buka retail pointer slots and full literal bytes checked; table layout reviewed
table.gDwellingNames.3	0x00096d3c	0x00095f84	0x000931ec	0x00092778	43cf275fee2f181375d208f58b101536bc34fc7c	src/SOURCE/KB.cpp:gDwellingNames; pointer offset 0xc	442ca0c42dc5d562e146c711d580c9e0a77790870cc05e55c34e8f3910e1d6f5	compiled initializer correspondence; original and Buka retail pointer slots and full literal bytes checked; table layout reviewed
table.gDwellingNames.4	0x00096d44	0x00095f90	0x000931f0	0x0009277c	43cf275fee2f181375d208f58b101536bc34fc7c	src/SOURCE/KB.cpp:gDwellingNames; pointer offset 0x10	c48716be10e5ecf3ed7cc49c71b6b79c354cdd2eb7054b5d9c0619bd1dc12409	compiled initializer correspondence; original and Buka retail pointer slots and full literal bytes checked; table layout reviewed
table.gDwellingNames.5	0x00096d54	0x00095f9c	0x000931f4	0x00092780	43cf275fee2f181375d208f58b101536bc34fc7c	src/SOURCE/KB.cpp:gDwellingNames; pointer offset 0x14	3a9dea7e52c7481e06a7808acee446cf4cfcc093fd9ea6261e58dd082fb2f1ed	compiled initializer correspondence; original and Buka retail pointer slots and full literal bytes checked; table layout reviewed
table.gDwellingNames.6	0x00096d60	0x00095fa4	0x000931f8	0x00092784	43cf275fee2f181375d208f58b101536bc34fc7c	src/SOURCE/KB.cpp:gDwellingNames; pointer offset 0x18	1c0d1e40312ccfee4d47797d1686c9112c605f83dfecbc65958e80677ec1e011	compiled initializer correspondence; original and Buka retail pointer slots and full literal bytes checked; table layout reviewed
table.gDwellingNames.7	0x00096d6c	0x00095fb0	0x000931fc	0x00092788	43cf275fee2f181375d208f58b101536bc34fc7c	src/SOURCE/KB.cpp:gDwellingNames; pointer offset 0x1c	0fd46885f879d6dd84637ee1d10d40e47c9fd31e5f4a96c55dcb9693d368ec31	compiled initializer correspondence; original and Buka retail pointer slots and full literal bytes checked; table layout reviewed
table.gDwellingNames.8	0x00096d74	0x00095fb8	0x00093200	0x0009278c	43cf275fee2f181375d208f58b101536bc34fc7c	src/SOURCE/KB.cpp:gDwellingNames; pointer offset 0x20	01e77409bd3e50cf67a7bd32591954d505ae5722273b7a133773c40365ecde67	compiled initializer correspondence; original and Buka retail pointer slots and full literal bytes checked; table layout reviewed
table.gDwellingNames.9	0x00096d84	0x00095fc4	0x00093204	0x00092790	43cf275fee2f181375d208f58b101536bc34fc7c	src/SOURCE/KB.cpp:gDwellingNames; pointer offset 0x24	3cf1a979f357c5a4df125fa384caf3bb597f88ee47512f8a07039c8594dc070e	compiled initializer correspondence; original and Buka retail pointer slots and full literal bytes checked; table layout reviewed
table.gDwellingNames.10	0x00096d90	0x00095fd0	0x00093208	0x00092794	43cf275fee2f181375d208f58b101536bc34fc7c	src/SOURCE/KB.cpp:gDwellingNames; pointer offset 0x28	762ac1efd60c7a237b8b163a270cde60ba0b2dabaa82d7a7b21406c32e4316f0	compiled initializer correspondence; original and Buka retail pointer slots and full literal bytes checked; table layout reviewed
table.gDwellingNames.11	0x00096da0	0x00095fd8	0x0009320c	0x00092798	43cf275fee2f181375d208f58b101536bc34fc7c	src/SOURCE/KB.cpp:gDwellingNames; pointer offset 0x2c	88f2f1ff307b795a5cfbd8fa3357e221d8e2bbd3699dc37c19ac28cca6f628a9	compiled initializer correspondence; original and Buka retail pointer slots and full literal bytes checked; table layout reviewed
table.gDwellingNames.12	0x00096dac	0x00095fe4	0x00093210	0x0009279c	43cf275fee2f181375d208f58b101536bc34fc7c	src/SOURCE/KB.cpp:gDwellingNames; pointer offset 0x30	c089c0ca25b8913a882a304d33636519bcfcab7c23db7a67f4751518b3936237	compiled initializer correspondence; original and Buka retail pointer slots and full literal bytes checked; table layout reviewed
table.gDwellingNames.13	0x00096db0	0x00095fec	0x00093214	0x000927a0	43cf275fee2f181375d208f58b101536bc34fc7c	src/SOURCE/KB.cpp:gDwellingNames; pointer offset 0x34	100805e879d7e0825064b39e921d04478e9462d53745f43794307d30c417ab06	compiled initializer correspondence; original and Buka retail pointer slots and full literal bytes checked; table layout reviewed
table.gDwellingNames.14	0x00096dbc	0x00095ff4	0x00093218	0x000927a4	43cf275fee2f181375d208f58b101536bc34fc7c	src/SOURCE/KB.cpp:gDwellingNames; pointer offset 0x38	52b815495feea9b32f060b67bd0b8875c744fb495085ea8aa3c183bfc5515a96	compiled initializer correspondence; original and Buka retail pointer slots and full literal bytes checked; table layout reviewed
table.gDwellingNames.15	0x00096dc0	0x00095ffc	0x0009321c	0x000927a8	43cf275fee2f181375d208f58b101536bc34fc7c	src/SOURCE/KB.cpp:gDwellingNames; pointer offset 0x3c	71176426390a4da46111f9e5954ded396b7c09448043189bc0373a4e51c1d1fd	compiled initializer correspondence; original and Buka retail pointer slots and full literal bytes checked; table layout reviewed
table.gDwellingNames.16	0x00096dc8	0x00096008	0x00093220	0x000927ac	43cf275fee2f181375d208f58b101536bc34fc7c	src/SOURCE/KB.cpp:gDwellingNames; pointer offset 0x40	92221eeff090cb6dc9e41f5f8f6d5a5ced33cb7edb3a4878f6fac5aa5344b1e9	compiled initializer correspondence; original and Buka retail pointer slots and full literal bytes checked; table layout reviewed
table.gDwellingNames.17	0x00096dd0	0x00096010	0x00093224	0x000927b0	43cf275fee2f181375d208f58b101536bc34fc7c	src/SOURCE/KB.cpp:gDwellingNames; pointer offset 0x44	33a17926d32a20c1d0061a6fecc027c7f68296229deb9e38fbbd870cc0108521	compiled initializer correspondence; original and Buka retail pointer slots and full literal bytes checked; table layout reviewed
table.gDwellingNames.18	0x00096dd8	0x0009601c	0x00093228	0x000927b4	43cf275fee2f181375d208f58b101536bc34fc7c	src/SOURCE/KB.cpp:gDwellingNames; pointer offset 0x48	aa18da39ae62c5edadf73524745583a7815f3f5b406aa49b84e14ce336ebde78	compiled initializer correspondence; original and Buka retail pointer slots and full literal bytes checked; table layout reviewed
table.gDwellingNames.19	0x00096de0	0x00096024	0x0009322c	0x000927b8	43cf275fee2f181375d208f58b101536bc34fc7c	src/SOURCE/KB.cpp:gDwellingNames; pointer offset 0x4c	29b562aa7180d6ae2460673ea099c0233c996330b9cf73ea44bebedc2b807254	compiled initializer correspondence; original and Buka retail pointer slots and full literal bytes checked; table layout reviewed
table.gDwellingNames.20	0x00096de8	0x0009602c	0x00093230	0x000927bc	43cf275fee2f181375d208f58b101536bc34fc7c	src/SOURCE/KB.cpp:gDwellingNames; pointer offset 0x50	929555ee4f03258fee4a581233415717affa19b018405f99625fb2948a838276	compiled initializer correspondence; original and Buka retail pointer slots and full literal bytes checked; table layout reviewed
table.gDwellingNames.21	0x00096df0	0x00096034	0x00093234	0x000927c0	43cf275fee2f181375d208f58b101536bc34fc7c	src/SOURCE/KB.cpp:gDwellingNames; pointer offset 0x54	f37a6c7a9ae9a8f2d013bb61ea48b35cb128c85ea062f98d7929331044f3de61	compiled initializer correspondence; original and Buka retail pointer slots and full literal bytes checked; table layout reviewed
table.gDwellingNames.22	0x00096df8	0x00096040	0x00093238	0x000927c4	43cf275fee2f181375d208f58b101536bc34fc7c	src/SOURCE/KB.cpp:gDwellingNames; pointer offset 0x58	232d06c4aa61beadcb6343b720c5b1ba0f35a432fdaed98c5959e8c79fbadfc4	compiled initializer correspondence; original and Buka retail pointer slots and full literal bytes checked; table layout reviewed
table.gDwellingNames.23	0x00096e00	0x00096048	0x0009323c	0x000927c8	43cf275fee2f181375d208f58b101536bc34fc7c	src/SOURCE/KB.cpp:gDwellingNames; pointer offset 0x5c	890f74b14806dbe3fc7b47d326c3d4f1cf326e699be26efe0f83c55946625a64	compiled initializer correspondence; original and Buka retail pointer slots and full literal bytes checked; table layout reviewed
table.gNeutralBuildingNames.0	0x00096cc8	0x00095f20	0x000931c0	0x00092750	43cf275fee2f181375d208f58b101536bc34fc7c	src/SOURCE/KB.cpp:gNeutralBuildingNames; pointer offset 0x0	be535c08ee362aec1690876d60d697a54550a30b1a7f0b432a355881029ebee6	compiled initializer correspondence; original and Buka retail pointer slots and full literal bytes checked; table layout reviewed
table.gNeutralBuildingNames.1	0x00096cd4	0x00095f30	0x000931c4	0x00092754	43cf275fee2f181375d208f58b101536bc34fc7c	src/SOURCE/KB.cpp:gNeutralBuildingNames; pointer offset 0x4	9f9129ff269f765872933bf96fdd9e5f95427d2d76ffe5d186963da69ecd635c	compiled initializer correspondence; original and Buka retail pointer slots and full literal bytes checked; table layout reviewed
table.gNeutralBuildingNames.2	0x00096ce4	0x00095f40	0x000931c8	0x00092758	43cf275fee2f181375d208f58b101536bc34fc7c	src/SOURCE/KB.cpp:gNeutralBuildingNames; pointer offset 0x8	3704691f343900e6dd310a7502572032f3dce13c602c065b4284e41bb284cae2	compiled initializer correspondence; original and Buka retail pointer slots and full literal bytes checked; table layout reviewed
table.gNeutralBuildingNames.3	0x00096cec	0x00095f48	0x000931cc	0x0009275c	43cf275fee2f181375d208f58b101536bc34fc7c	src/SOURCE/KB.cpp:gNeutralBuildingNames; pointer offset 0xc	434ad278736ab9670a30a633e9c10034a952d0dcd252cbd30619d79d63a6ed24	compiled initializer correspondence; original and Buka retail pointer slots and full literal bytes checked; table layout reviewed
table.gNeutralBuildingNames.4	0x00096cf8	0x00095f50	0x000931d0	0x00092760	43cf275fee2f181375d208f58b101536bc34fc7c	src/SOURCE/KB.cpp:gNeutralBuildingNames; pointer offset 0x10	58c66449a18751aa0e452de5429f5f77e3958a1e297536920fe803bc5b748ece	compiled initializer correspondence; original and Buka retail pointer slots and full literal bytes checked; table layout reviewed
table.gNeutralBuildingNames.5	0x00096d00	0x00095f58	0x000931d4	0x00092764	43cf275fee2f181375d208f58b101536bc34fc7c	src/SOURCE/KB.cpp:gNeutralBuildingNames; pointer offset 0x14	e869dd8df422da4fc141994b194d41a02dae54be419d72456ce39483cc9653dd	compiled initializer correspondence; original and Buka retail pointer slots and full literal bytes checked; table layout reviewed
table.gNeutralBuildingNames.6	0x00096d08	0x00095f60	0x000931d8	0x00092768	43cf275fee2f181375d208f58b101536bc34fc7c	src/SOURCE/KB.cpp:gNeutralBuildingNames; pointer offset 0x18	f57d0c18171fa3cf9cfd742db3991d741123181ca0025dbe5fa9191989cbe8b8	compiled initializer correspondence; original and Buka retail pointer slots and full literal bytes checked; table layout reviewed
table.gCampaignWinTexts.0	0x0009de44	0x0009d2e4	0x00093d58	0x00093268	43cf275fee2f181375d208f58b101536bc34fc7c	src/SOURCE/KB.cpp:gCampaignWinTexts; pointer offset 0x0	c50178191f98a860f85e292113c95ad8bf7a009086b0c628eb9dfe8e0522bb6a	compiled initializer correspondence; original and Buka retail pointer slots and full literal bytes checked; table layout reviewed
table.gCampaignWinTexts.1	0x0009deec	0x0009d388	0x00093d5c	0x0009326c	43cf275fee2f181375d208f58b101536bc34fc7c	src/SOURCE/KB.cpp:gCampaignWinTexts; pointer offset 0x4	88985cf63a1698eeb59e7220baea162675e6ffa10421f807392f9c8864b85e70	compiled initializer correspondence; original and Buka retail pointer slots and full literal bytes checked; table layout reviewed
table.gCampaignWinTexts.2	0x0009df7c	0x0009d408	0x00093d60	0x00093270	43cf275fee2f181375d208f58b101536bc34fc7c	src/SOURCE/KB.cpp:gCampaignWinTexts; pointer offset 0x8	f6de019a6f63d501a6337aa3cd23d18bed48d571685419032aa5a398157cdef8	compiled initializer correspondence; original and Buka retail pointer slots and full literal bytes checked; table layout reviewed
table.gCampaignWinTexts.3	0x0009e020	0x0009d4a0	0x00093d64	0x00093274	43cf275fee2f181375d208f58b101536bc34fc7c	src/SOURCE/KB.cpp:gCampaignWinTexts; pointer offset 0xc	7398c7f1dbce47d77df67f65051490c6aef9f8ee5fa2b79dbcb8c195f939123b	compiled initializer correspondence; original and Buka retail pointer slots and full literal bytes checked; table layout reviewed
table.gCampaignWinTexts.4	0x0009e0d0	0x0009d538	0x00093d68	0x00093278	43cf275fee2f181375d208f58b101536bc34fc7c	src/SOURCE/KB.cpp:gCampaignWinTexts; pointer offset 0x10	792b3296faed5516d16c193543ce4561aec065cce6b6acd9ae6f2d0483b43cc1	compiled initializer correspondence; original and Buka retail pointer slots and full literal bytes checked; table layout reviewed
table.gCampaignWinTexts.5	0x0009e118	0x0009d578	0x00093d6c	0x0009327c	43cf275fee2f181375d208f58b101536bc34fc7c	src/SOURCE/KB.cpp:gCampaignWinTexts; pointer offset 0x14	c10816087cc612b230b8b8a0067aed0ee8566377d11ae861bb3b8758cda28b7f	compiled initializer correspondence; original and Buka retail pointer slots and full literal bytes checked; table layout reviewed
table.gCampaignWinTexts.6	0x0009e15c	0x0009d5ac	0x00093d70	0x00093280	43cf275fee2f181375d208f58b101536bc34fc7c	src/SOURCE/KB.cpp:gCampaignWinTexts; pointer offset 0x18	762b4a0e833325ca6a1779ce1fe9b0ae7f5a49a1613370352f2b032be2c86eb8	compiled initializer correspondence; original and Buka retail pointer slots and full literal bytes checked; table layout reviewed
table.gCampaignWinTexts.7	0x0009e1a4	0x0009d5f4	0x00093d74	0x00093284	43cf275fee2f181375d208f58b101536bc34fc7c	src/SOURCE/KB.cpp:gCampaignWinTexts; pointer offset 0x1c	85c2a58a65bf83b81f4aadeb55b0b4f4bd4ace5a1c5e3fdabfbdb44f99840ae4	compiled initializer correspondence; original and Buka retail pointer slots and full literal bytes checked; table layout reviewed
table.gCampaignWinTexts.8	0x0009e210	0x0009d650	0x00093d78	0x00093288	43cf275fee2f181375d208f58b101536bc34fc7c	src/SOURCE/KB.cpp:gCampaignWinTexts; pointer offset 0x20	587799735d54f2629290843bb9470efb5c4713ef0812e2b0d56c6ec73b34be6f	compiled initializer correspondence; original and Buka retail pointer slots and full literal bytes checked; table layout reviewed
table.gArmyNamesPlural.0	0x00096a64	0x00095cc0	0x000930d8	0x0009266c	43cf275fee2f181375d208f58b101536bc34fc7c	src/SOURCE/KB.cpp:gArmyNamesPlural; pointer offset 0x0	1ee4b4828a300d3780592dfe6dc0ac10e3cd2483ceabb1282203b28402eeba07	compiled initializer correspondence; original and Buka retail pointer slots and full literal bytes checked; table layout reviewed
table.gArmyNamesPlural.1	0x00096a70	0x00095ccc	0x000930dc	0x00092670	43cf275fee2f181375d208f58b101536bc34fc7c	src/SOURCE/KB.cpp:gArmyNamesPlural; pointer offset 0x4	4ad816caabf3db2c2544598cd831523d111250bbee75504ecefca928413fee09	compiled initializer correspondence; original and Buka retail pointer slots and full literal bytes checked; table layout reviewed
table.gArmyNamesPlural.2	0x00096a78	0x00095cd8	0x000930e0	0x00092674	43cf275fee2f181375d208f58b101536bc34fc7c	src/SOURCE/KB.cpp:gArmyNamesPlural; pointer offset 0x8	07e5659d6dc80dac19e2e0ee2df21ef83010d35076726164fb2ae171a23e1d1b	compiled initializer correspondence; original and Buka retail pointer slots and full literal bytes checked; table layout reviewed
table.gArmyNamesPlural.3	0x00096a80	0x00095ce4	0x000930e4	0x00092678	43cf275fee2f181375d208f58b101536bc34fc7c	src/SOURCE/KB.cpp:gArmyNamesPlural; pointer offset 0xc	821b40aa9dfdd9e14602f60edc375e11094d315a6462f7d336bd9f30c2163deb	compiled initializer correspondence; original and Buka retail pointer slots and full literal bytes checked; table layout reviewed
table.gArmyNamesPlural.4	0x00096a8c	0x00095cf0	0x000930e8	0x0009267c	43cf275fee2f181375d208f58b101536bc34fc7c	src/SOURCE/KB.cpp:gArmyNamesPlural; pointer offset 0x10	ace87aaedb7628b0e8bcba0739e4463e18fa029251384c371ce0890821b53430	compiled initializer correspondence; original and Buka retail pointer slots and full literal bytes checked; table layout reviewed
table.gArmyNamesPlural.5	0x00096a98	0x00095cfc	0x000930ec	0x00092680	43cf275fee2f181375d208f58b101536bc34fc7c	src/SOURCE/KB.cpp:gArmyNamesPlural; pointer offset 0x14	595e592aa508a7bd87e3b55cebb51e34488555228fdcf21b99ae9c1fc606123f	compiled initializer correspondence; original and Buka retail pointer slots and full literal bytes checked; table layout reviewed
table.gArmyNamesPlural.6	0x00096aa4	0x00095d08	0x000930f0	0x00092684	43cf275fee2f181375d208f58b101536bc34fc7c	src/SOURCE/KB.cpp:gArmyNamesPlural; pointer offset 0x18	a2841d5ea1c4e1ba58c40150d2eedf067ebdcdcb8f007e7e5845dc421a7cf1bf	compiled initializer correspondence; original and Buka retail pointer slots and full literal bytes checked; table layout reviewed
table.gArmyNamesPlural.7	0x00096aac	0x00095d14	0x000930f4	0x00092688	43cf275fee2f181375d208f58b101536bc34fc7c	src/SOURCE/KB.cpp:gArmyNamesPlural; pointer offset 0x1c	b47dcc39333fe06f041226f6c6b97a7c2dab78c9e15a4a7b9b528301d5a47d2b	compiled initializer correspondence; original and Buka retail pointer slots and full literal bytes checked; table layout reviewed
table.gArmyNamesPlural.8	0x00096ab4	0x00095d1c	0x000930f8	0x0009268c	43cf275fee2f181375d208f58b101536bc34fc7c	src/SOURCE/KB.cpp:gArmyNamesPlural; pointer offset 0x20	8a7b14f5133872ef387b909879a22dc12da2ff152081814c4579bd71eb4fcec8	compiled initializer correspondence; original and Buka retail pointer slots and full literal bytes checked; table layout reviewed
table.gArmyNamesPlural.9	0x00096abc	0x00095d24	0x000930fc	0x00092690	43cf275fee2f181375d208f58b101536bc34fc7c	src/SOURCE/KB.cpp:gArmyNamesPlural; pointer offset 0x24	4223a8d83065d02e9644db14c06c25bdef6b465b4fe86258de95c6dfedd31b24	compiled initializer correspondence; original and Buka retail pointer slots and full literal bytes checked; table layout reviewed
table.gArmyNamesPlural.10	0x00096ac4	0x00095d2c	0x00093100	0x00092694	43cf275fee2f181375d208f58b101536bc34fc7c	src/SOURCE/KB.cpp:gArmyNamesPlural; pointer offset 0x28	7e2ca7482d884403f7b9a1edd1d5ebf78827642296440c2d8faa658843a4dff0	compiled initializer correspondence; original and Buka retail pointer slots and full literal bytes checked; table layout reviewed
table.gArmyNamesPlural.11	0x00096acc	0x00095d34	0x00093104	0x00092698	43cf275fee2f181375d208f58b101536bc34fc7c	src/SOURCE/KB.cpp:gArmyNamesPlural; pointer offset 0x2c	6414331a2be85d2d074055896b1cf206a917382bfe6829945b7dc860f8d76e51	compiled initializer correspondence; original and Buka retail pointer slots and full literal bytes checked; table layout reviewed
table.gArmyNamesPlural.12	0x00096ad8	0x00095d40	0x00093108	0x0009269c	43cf275fee2f181375d208f58b101536bc34fc7c	src/SOURCE/KB.cpp:gArmyNamesPlural; pointer offset 0x30	14e6ea0196a2d000fa492ba51b5669c081ae6301588ee8248e8a3a5acb38adaf	compiled initializer correspondence; original and Buka retail pointer slots and full literal bytes checked; table layout reviewed
table.gArmyNamesPlural.13	0x00096ae0	0x00095d44	0x0009310c	0x000926a0	43cf275fee2f181375d208f58b101536bc34fc7c	src/SOURCE/KB.cpp:gArmyNamesPlural; pointer offset 0x34	11a38b58b5a1dbd0284a4373bcb0c17a40b48ee08cea5c34a09eb4afe9e0a00d	compiled initializer correspondence; original and Buka retail pointer slots and full literal bytes checked; table layout reviewed
table.gArmyNamesPlural.14	0x00096ae8	0x00095d4c	0x00093110	0x000926a4	43cf275fee2f181375d208f58b101536bc34fc7c	src/SOURCE/KB.cpp:gArmyNamesPlural; pointer offset 0x38	3fe4c86cb42db79f920679c18bd6d0465b34b3e9738320c7a38c236de932e577	compiled initializer correspondence; original and Buka retail pointer slots and full literal bytes checked; table layout reviewed
table.gArmyNamesPlural.15	0x00096af0	0x00095d54	0x00093114	0x000926a8	43cf275fee2f181375d208f58b101536bc34fc7c	src/SOURCE/KB.cpp:gArmyNamesPlural; pointer offset 0x3c	f79fec336c913f2361be8cc109ec6d58319dc7479c560c29d2519c8cb46e5031	compiled initializer correspondence; original and Buka retail pointer slots and full literal bytes checked; table layout reviewed
table.gArmyNamesPlural.16	0x00096af8	0x00095d5c	0x00093118	0x000926ac	43cf275fee2f181375d208f58b101536bc34fc7c	src/SOURCE/KB.cpp:gArmyNamesPlural; pointer offset 0x40	35700ed85199597f976272c31a0cd2266dc883cdb741a645e3fa3963d88040eb	compiled initializer correspondence; original and Buka retail pointer slots and full literal bytes checked; table layout reviewed
table.gArmyNamesPlural.17	0x00096b04	0x00095d68	0x0009311c	0x000926b0	43cf275fee2f181375d208f58b101536bc34fc7c	src/SOURCE/KB.cpp:gArmyNamesPlural; pointer offset 0x44	b4130e0c89ee5d7e6566f009859ce39bc9736f64713b410cee0b40117da932a3	compiled initializer correspondence; original and Buka retail pointer slots and full literal bytes checked; table layout reviewed
table.gArmyNamesPlural.18	0x00096b0c	0x00095d74	0x00093120	0x000926b4	43cf275fee2f181375d208f58b101536bc34fc7c	src/SOURCE/KB.cpp:gArmyNamesPlural; pointer offset 0x48	d5b0d78357e1946edc56c68f0bd9a573cdbdcd4f372dffb7931074dfdfe8aa4f	compiled initializer correspondence; original and Buka retail pointer slots and full literal bytes checked; table layout reviewed
table.gArmyNamesPlural.19	0x00096b18	0x00095d80	0x00093124	0x000926b8	43cf275fee2f181375d208f58b101536bc34fc7c	src/SOURCE/KB.cpp:gArmyNamesPlural; pointer offset 0x4c	5f5cf624933f0fdcb2c6b09f620697982359e28b1cccca440d26d651a3f853d9	compiled initializer correspondence; original and Buka retail pointer slots and full literal bytes checked; table layout reviewed
table.gArmyNamesPlural.20	0x00096b24	0x00095d8c	0x00093128	0x000926bc	43cf275fee2f181375d208f58b101536bc34fc7c	src/SOURCE/KB.cpp:gArmyNamesPlural; pointer offset 0x50	995cc430f1ddc1fb4f77ced8f07c40fec03b2acb4dc52a97a0c31d5e956768a4	compiled initializer correspondence; original and Buka retail pointer slots and full literal bytes checked; table layout reviewed
table.gArmyNamesPlural.21	0x00096b30	0x00095d98	0x0009312c	0x000926c0	43cf275fee2f181375d208f58b101536bc34fc7c	src/SOURCE/KB.cpp:gArmyNamesPlural; pointer offset 0x54	ac205bd07e75fad5951889f7aedd3d9340f339517f9032a5485f9e726bff9612	compiled initializer correspondence; original and Buka retail pointer slots and full literal bytes checked; table layout reviewed
table.gArmyNamesPlural.22	0x00096b3c	0x00095da4	0x00093130	0x000926c4	43cf275fee2f181375d208f58b101536bc34fc7c	src/SOURCE/KB.cpp:gArmyNamesPlural; pointer offset 0x58	288657d9f66018310724c24ed0494edc728cb01b5ae2e1a490480ce35eebffe3	compiled initializer correspondence; original and Buka retail pointer slots and full literal bytes checked; table layout reviewed
table.gArmyNamesPlural.23	0x00096b44	0x00095dac	0x00093134	0x000926c8	43cf275fee2f181375d208f58b101536bc34fc7c	src/SOURCE/KB.cpp:gArmyNamesPlural; pointer offset 0x5c	492c476d9622e5c6b72bb9f8288f7ccb86764d9256a7109f4b6ad856eaf7c57c	compiled initializer correspondence; original and Buka retail pointer slots and full literal bytes checked; table layout reviewed
table.gArmyNamesPlural.24	0x00096b4c	0x00095db8	0x00093138	0x000926cc	43cf275fee2f181375d208f58b101536bc34fc7c	src/SOURCE/KB.cpp:gArmyNamesPlural; pointer offset 0x60	abe51a78307b5bb292867059d2fd134272e4b055b0c2b30e0cf8b9025193dbd0	compiled initializer correspondence; original and Buka retail pointer slots and full literal bytes checked; table layout reviewed
table.gArmyNamesPlural.25	0x00096b54	0x00095dc4	0x0009313c	0x000926d0	43cf275fee2f181375d208f58b101536bc34fc7c	src/SOURCE/KB.cpp:gArmyNamesPlural; pointer offset 0x64	02f1e8b11f1d687214ad53820b9f80c5df4b90c0dd49d52bc37e50291d55d77f	compiled initializer correspondence; original and Buka retail pointer slots and full literal bytes checked; table layout reviewed
table.gArmyNamesPlural.26	0x00096b5c	0x00095dd0	0x00093140	0x000926d4	43cf275fee2f181375d208f58b101536bc34fc7c	src/SOURCE/KB.cpp:gArmyNamesPlural; pointer offset 0x68	a2f2cf1666732e9e0f30d165df614e768e562322c2f5e5cca9ba2c95448096fa	compiled initializer correspondence; original and Buka retail pointer slots and full literal bytes checked; table layout reviewed
table.gArmyNamesPlural.27	0x00096b64	0x00095ddc	0x00093144	0x000926d8	43cf275fee2f181375d208f58b101536bc34fc7c	src/SOURCE/KB.cpp:gArmyNamesPlural; pointer offset 0x6c	3cc182d7c089e26bd8f0a2d77d802da5affbb87369fc94cd225a275dc0c085be	compiled initializer correspondence; original and Buka retail pointer slots and full literal bytes checked; table layout reviewed
table.gBattleResults.0	0x0009cbd4	0x0009c330	0x00093c60	0x00093188	43cf275fee2f181375d208f58b101536bc34fc7c	src/SOURCE/KB.cpp:gBattleResults; pointer offset 0x0	fc2d2d7c210a2b1a2a8cd5d5811e1a3c519def43b5757fa9122fa16c3661a95d	compiled initializer correspondence; original and Buka retail pointer slots and full literal bytes checked; table layout reviewed
table.gBattleResults.1	0x0009cbf0	0x0009c340	0x00093c64	0x0009318c	43cf275fee2f181375d208f58b101536bc34fc7c	src/SOURCE/KB.cpp:gBattleResults; pointer offset 0x4	2dbe7d5ff55d997aca8a35670a6de67b1cdbab2f635669f99674869c688d1d58	compiled initializer correspondence; original and Buka retail pointer slots and full literal bytes checked; table layout reviewed
table.gBattleResults.2	0x0009cc04	0x0009c350	0x00093c68	0x00093190	43cf275fee2f181375d208f58b101536bc34fc7c	src/SOURCE/KB.cpp:gBattleResults; pointer offset 0x8	de1411a425bd824ea991da802d12c8518a488945e2b4995f70152e74227f4853	compiled initializer correspondence; original and Buka retail pointer slots and full literal bytes checked; table layout reviewed
table.gBattleResults.3	0x0009cc18	0x0009c360	0x00093c6c	0x00093194	43cf275fee2f181375d208f58b101536bc34fc7c	src/SOURCE/KB.cpp:gBattleResults; pointer offset 0xc	c55f5f860a8e581962724439da3b5f826b327a4110190f8bbe3e36bc6e9bfe13	compiled initializer correspondence; original and Buka retail pointer slots and full literal bytes checked; table layout reviewed
table.gBattleResults.4	0x0009cc4c	0x0009c39c	0x00093c70	0x00093198	43cf275fee2f181375d208f58b101536bc34fc7c	src/SOURCE/KB.cpp:gBattleResults; pointer offset 0x10	8f3374776a230ae00f99ed0d7dcc0ecb03ecede2968edfbcf1c7c06aee1a2972	compiled initializer correspondence; original and Buka retail pointer slots and full literal bytes checked; table layout reviewed
table.gBattleResults.5	0x0009cc80	0x0009c3c4	0x00093c74	0x0009319c	43cf275fee2f181375d208f58b101536bc34fc7c	src/SOURCE/KB.cpp:gBattleResults; pointer offset 0x14	7377b564dd4605b86b4ce02cca2cbdc553af2ccb7e28e186b59fb38b8ecf6d8e	compiled initializer correspondence; original and Buka retail pointer slots and full literal bytes checked; table layout reviewed
table.gBattleResults.6	0x0009cca4	0x0009c3e4	0x00093c78	0x000931a0	43cf275fee2f181375d208f58b101536bc34fc7c	src/SOURCE/KB.cpp:gBattleResults; pointer offset 0x18	4985eab9437cb553278f4c5d6175b7c98f79837f7e587c23df9195122eb5f7a7	compiled initializer correspondence; original and Buka retail pointer slots and full literal bytes checked; table layout reviewed
table.gBattleResults.7	0x0009cce4	0x0009c418	0x00093c7c	0x000931a4	43cf275fee2f181375d208f58b101536bc34fc7c	src/SOURCE/KB.cpp:gBattleResults; pointer offset 0x1c	43e2594a5bf20ec6f9311f0862f75a945f78855cd5fa67087308414480df965b	compiled initializer correspondence; original and Buka retail pointer slots and full literal bytes checked; table layout reviewed
table.gBattleResults.8	0x0009cd20	0x0009c448	0x00093c80	0x000931a8	43cf275fee2f181375d208f58b101536bc34fc7c	src/SOURCE/KB.cpp:gBattleResults; pointer offset 0x20	84bcfd7dd44e56cbb1516f8dddc4fd527f04cdbb5df9401d423b4ab6fce7c254	compiled initializer correspondence; original and Buka retail pointer slots and full literal bytes checked; table layout reviewed
table.gBattleResults.9	0x0009cd48	0x0009c474	0x00093c84	0x000931ac	43cf275fee2f181375d208f58b101536bc34fc7c	src/SOURCE/KB.cpp:gBattleResults; pointer offset 0x24	30e0684392ea262d626667cdb90dcb82489d924070b3e58e93aab1b01ebcc991	compiled initializer correspondence; original and Buka retail pointer slots and full literal bytes checked; table layout reviewed
table.gBattleResults.10	0x0009cd6c	0x0009c498	0x00093c88	0x000931b0	43cf275fee2f181375d208f58b101536bc34fc7c	src/SOURCE/KB.cpp:gBattleResults; pointer offset 0x28	865313d27362228c6acb2740542f04c2e2469588ccffebdda7696095df8b2cf3	compiled initializer correspondence; original and Buka retail pointer slots and full literal bytes checked; table layout reviewed
table.gCombatHelp.0	0x0009af94	0x0009a5c0	0x00093988	0x00092ed8	43cf275fee2f181375d208f58b101536bc34fc7c	src/SOURCE/KB.cpp:gCombatHelp; pointer offset 0x0	fb870e485174cd5db3f565ecb23d87689f98fc9647f29d772fa1b792fe132b16	compiled initializer correspondence; original and Buka retail pointer slots and full literal bytes checked; table layout reviewed
table.gCombatHelp.1	0x0009afa0	0x0009a5d4	0x0009398c	0x00092edc	43cf275fee2f181375d208f58b101536bc34fc7c	src/SOURCE/KB.cpp:gCombatHelp; pointer offset 0x4	8d97c9c60b55e6cba162763cb4709a5c674d0ed639cd1da8793f67e4404cccf0	compiled initializer correspondence; original and Buka retail pointer slots and full literal bytes checked; table layout reviewed
adventure.confirm_restart	0x000a1a7c	0x0008e3e0	0x000553fc	0x00003182	43cf275fee2f181375d208f58b101536bc34fc7c	src/SOURCE/ADVMGR.cpp:advManager::Main	051e412d78f7abc367c92dd408cd1c06a102c2f7c1bed9ea72e8af8a5b24ef98	Main restart/load/quit control-flow cases; both executable push operands and full literal bytes verified; buka-advmgr.json
adventure.confirm_load	0x000a1ac0	0x0008e428	0x0005541f	0x000031a0	43cf275fee2f181375d208f58b101536bc34fc7c	src/SOURCE/ADVMGR.cpp:advManager::Main	415bae7932ed74d0f9bbdb9377a9f657b935b54b531518c89840c7cf3d1a1157	Main restart/load/quit control-flow cases; both executable push operands and full literal bytes verified; buka-advmgr.json
adventure.confirm_quit	0x000a1b0c	0x0008e45c	0x00055442	0x000031be	43cf275fee2f181375d208f58b101536bc34fc7c	src/SOURCE/ADVMGR.cpp:advManager::Main	f55688a59d4e3bba1216c48bbf59adb8a3ae4a47a1b56e565b26639265fae669	Main restart/load/quit control-flow cases; both executable push operands and full literal bytes verified; buka-advmgr.json
table.gAdvMenuHelp.0	0x00099548	0x00098924	0x00093578	0x00092b08	43cf275fee2f181375d208f58b101536bc34fc7c	src/SOURCE/KB.cpp:gAdvMenuHelp[0]	845e864aaa4455bb72ae7a5e09d55829d5f771ef4ee9dae542d30ec9ad3bc8e0	Main right-click help cases preserve six-entry order; aligned 0x2c45 operand identifies Buka table; complete NWC/Buka slot payloads verified; buka-adventure-commands.json
table.gAdvMenuHelp.1	0x0009956c	0x00098950	0x0009357c	0x00092b0c	43cf275fee2f181375d208f58b101536bc34fc7c	src/SOURCE/KB.cpp:gAdvMenuHelp[1]	2d7afe03baf1bcbe6487f2f21e2d975983a100295bb8fa5a9da7a300c2604dd7	Main right-click help cases preserve six-entry order; aligned 0x2c45 operand identifies Buka table; complete NWC/Buka slot payloads verified; buka-adventure-commands.json
table.gAdvMenuHelp.2	0x000995b4	0x00098998	0x00093580	0x00092b10	43cf275fee2f181375d208f58b101536bc34fc7c	src/SOURCE/KB.cpp:gAdvMenuHelp[2]	b21f7b56486703c1e5005076d159593901cf809cb83849410bc13069d80b16bc	Main right-click help cases preserve six-entry order; aligned 0x2c45 operand identifies Buka table; complete NWC/Buka slot payloads verified; buka-adventure-commands.json
table.gAdvMenuHelp.3	0x000995e8	0x000989c4	0x00093584	0x00092b14	43cf275fee2f181375d208f58b101536bc34fc7c	src/SOURCE/KB.cpp:gAdvMenuHelp[3]	d6b5c9ee2cee75260384e87b6f1efb42af76e8e7ddf05fe0458f97004a1ceb03	Main right-click help cases preserve six-entry order; aligned 0x2c45 operand identifies Buka table; complete NWC/Buka slot payloads verified; buka-adventure-commands.json
table.gAdvMenuHelp.4	0x00099624	0x00098a04	0x00093588	0x00092b18	43cf275fee2f181375d208f58b101536bc34fc7c	src/SOURCE/KB.cpp:gAdvMenuHelp[4]	683ca2b37d8964fb2e46280352719a2ac0ec817f10097988a61c2f82eaa91149	Main right-click help cases preserve six-entry order; aligned 0x2c45 operand identifies Buka table; complete NWC/Buka slot payloads verified; buka-adventure-commands.json
table.gAdvMenuHelp.5	0x0009965c	0x00098a38	0x0009358c	0x00092b1c	43cf275fee2f181375d208f58b101536bc34fc7c	src/SOURCE/KB.cpp:gAdvMenuHelp[5]	eedf620f97d2b4b31367d823810c38ca7d67b516fa74dd9cd6b0a81381b82ab5	Main right-click help cases preserve six-entry order; aligned 0x2c45 operand identifies Buka table; complete NWC/Buka slot payloads verified; buka-adventure-commands.json
adventure.world_map_help	0x000a1b2c	0x0008e478	0x000562d4	0x0000402d	43cf275fee2f181375d208f58b101536bc34fc7c	src/SOURCE/ADVMGR.cpp:ProcessSelect	cec7cc992618730f27c2be1789c212f5b9a53d8e3d5bad199a7bb2ed296f038c	Complete input-handler CFG/instruction correspondence; both executables push the complete checked literal; buka-adventure-input.json
adventure.status_help	0x000a1b5c	0x0008e4b4	0x0005673c	0x000043b3	43cf275fee2f181375d208f58b101536bc34fc7c	src/SOURCE/ADVMGR.cpp:ProcessSelect	c0bb786267cfa2c91ebd68eba9da7f5d0c44c9f7bd0665ba1c17dd5d5eb52667	Complete input-handler CFG/instruction correspondence; both executables push the complete checked literal; buka-adventure-input.json
adventure.confirm_end_turn	0x000a1bf8	0x0008e558	0x000567d6	0x00004503	43cf275fee2f181375d208f58b101536bc34fc7c	src/SOURCE/ADVMGR.cpp:ProcessDeSelect	af6024fc401860ce5deeb4371ae064664d756ad3f890a0b0905e896d5ab47b67	Complete input-handler CFG/instruction correspondence; both executables push the complete checked literal; buka-adventure-input.json
adventure.search.requires_full_day	0x000a1c44	0x0008e594	0x000569b0	0x00004673	43cf275fee2f181375d208f58b101536bc34fc7c	src/SOURCE/ADVMGR.cpp:ProcessSearch	94229aeed31f5d11f0343b02eac3ae162a80103f1809dd72d11eb76e2ea9ce2e	Complete input-handler CFG/instruction correspondence; both executables push the complete checked literal; buka-adventure-input.json
adventure.search.clear_ground	0x000a1c84	0x0008e5cc	0x00056a5c	0x00004714	43cf275fee2f181375d208f58b101536bc34fc7c	src/SOURCE/ADVMGR.cpp:ProcessSearch	79d8c3cecf007b689d0d381385d829170a2af16af828c6d92f8805b145fc57d4	Complete input-handler CFG/instruction correspondence; both executables push the complete checked literal; buka-adventure-input.json
adventure.search.on_land	0x000a1ca4	0x0008e5f0	0x00056a93	0x00004747	43cf275fee2f181375d208f58b101536bc34fc7c	src/SOURCE/ADVMGR.cpp:ProcessSearch	6ae189f873598f00da962f02ad57dac6924c4876a8746fb0df0d12d822ccde97	Complete input-handler CFG/instruction correspondence; both executables push the complete checked literal; buka-adventure-input.json
adventure.search.no_artifact_room	0x000a1ccc	0x0008e620	0x00056ba6	0x00004840	43cf275fee2f181375d208f58b101536bc34fc7c	src/SOURCE/ADVMGR.cpp:ProcessSearch	2b38d582eef83dc83c9266b6df1bcc42b3251fca4ac30965badde62bfb26747f	Complete input-handler CFG/instruction correspondence; both executables push the complete checked literal; buka-adventure-input.json
adventure.search.found_prefix	0x000a1cf8	0x0008e64c	0x00056bed	0x00004887	43cf275fee2f181375d208f58b101536bc34fc7c	src/SOURCE/ADVMGR.cpp:ProcessSearch	d91943294e9c2fc0bdc938f93cf6072e1f65ada156ab371f3ccf07671585724f	Complete input-handler CFG/instruction correspondence; both executables push the complete checked literal; buka-adventure-input.json
adventure.search.eye_of_goros_found	0x000a1d54	0x0008e688	0x00056c22	0x000048b5	43cf275fee2f181375d208f58b101536bc34fc7c	src/SOURCE/ADVMGR.cpp:ProcessSearch	d26b9381288a1e03e3cbd385b435b95148a7abfd7fd19720ef5ebd795e0697ad	Complete input-handler CFG/instruction correspondence; both executables push the complete checked literal; buka-adventure-input.json
adventure.search.eye_of_goros_enemy	0x000a1da4	0x0008e6c4	0x00056cc8	0x0000494c	43cf275fee2f181375d208f58b101536bc34fc7c	src/SOURCE/ADVMGR.cpp:ProcessSearch	fb7163f28b227a2dd87c53d82a40dbf53b1cf86f6e3f63d6a420e9fc1da26967	Complete input-handler CFG/instruction correspondence; both executables push the complete checked literal; buka-adventure-input.json
adventure.search.nothing_here	0x000a1e04	0x0008e710	0x00056d30	0x000049ae	43cf275fee2f181375d208f58b101536bc34fc7c	src/SOURCE/ADVMGR.cpp:ProcessSearch	db0b149f404de1e166249386947e00ba4c41cfa685cb7a44b066a13d661beb18	Complete input-handler CFG/instruction correspondence; both executables push the complete checked literal; buka-adventure-input.json
adventure.quick_info.border	0x000a1e38	0x0008e740	0x00059aae	0x000073e3	43cf275fee2f181375d208f58b101536bc34fc7c	src/SOURCE/ADVMGR.cpp:QuickInfo	5964fdbdb36f284f13f46d29da47b8535faabaf668f771f73227d4784e693bdb	QuickInfo complete source and retail instruction review; both executables push the checked literal; buka-quick-info.json.
adventure.quick_info.uncharted	0x000a1e48	0x0008e750	0x00059b4c	0x0000747e	43cf275fee2f181375d208f58b101536bc34fc7c	src/SOURCE/ADVMGR.cpp:QuickInfo	1bdae8eb83c0cea3f51444f434ab3070f3a10396bab90f47b246f61c550d59b2	QuickInfo complete source and retail instruction review; both executables push the checked literal; buka-quick-info.json.
adventure.quick_info.artifact	0x000a1e64	0x0008e76c	0x00059b7e	0x000074cd	43cf275fee2f181375d208f58b101536bc34fc7c	src/SOURCE/ADVMGR.cpp:QuickInfo	a77b9a5bee9fd4a2d3323018fd59dc1260d51eeab3f15b3a6bc4d83d3791195b	QuickInfo complete source and retail instruction review; both executables push the checked literal; buka-quick-info.json.
table.gTerrainNames.0	0x00096e0c	0x00096058	0x00093240	0x000927cc	43cf275fee2f181375d208f58b101536bc34fc7c	src/SOURCE/KB.cpp:gTerrainNames	6191ba6790bb12df595d7aab6a1cb862de4746d1aa1455c83936e24d6792d913	Complete original/Buka pointer-slot and payload check; QuickInfo operand identifies table; buka-quick-info.json.
table.gTerrainNames.1	0x00096e14	0x00096060	0x00093244	0x000927d0	43cf275fee2f181375d208f58b101536bc34fc7c	src/SOURCE/KB.cpp:gTerrainNames	8710904b3f131c1e10f3ed74c215b41a47d762fa245493c5279d9af8d61623dc	Complete original/Buka pointer-slot and payload check; QuickInfo operand identifies table; buka-quick-info.json.
table.gTerrainNames.2	0x00096e1c	0x00096068	0x00093248	0x000927d4	43cf275fee2f181375d208f58b101536bc34fc7c	src/SOURCE/KB.cpp:gTerrainNames	24dd23632b40a38dfb01884dbcdd36a814cdbb9c0e899eb6ab9c6c3341e043cf	Complete original/Buka pointer-slot and payload check; QuickInfo operand identifies table; buka-quick-info.json.
table.gTerrainNames.3	0x00096e24	0x00096070	0x0009324c	0x000927d8	43cf275fee2f181375d208f58b101536bc34fc7c	src/SOURCE/KB.cpp:gTerrainNames	232d06c4aa61beadcb6343b720c5b1ba0f35a432fdaed98c5959e8c79fbadfc4	Complete original/Buka pointer-slot and payload check; QuickInfo operand identifies table; buka-quick-info.json.
table.gTerrainNames.4	0x00096e2c	0x00096078	0x00093250	0x000927dc	43cf275fee2f181375d208f58b101536bc34fc7c	src/SOURCE/KB.cpp:gTerrainNames	c60f0dd2a3976cada55566a3a19230dc1f65a60467ee16ae8a03b382d37db644	Complete original/Buka pointer-slot and payload check; QuickInfo operand identifies table; buka-quick-info.json.
table.gTerrainNames.5	0x00096e34	0x00096080	0x00093254	0x000927e0	43cf275fee2f181375d208f58b101536bc34fc7c	src/SOURCE/KB.cpp:gTerrainNames	055a0e8c6d224fd1f950f66cde2faf82ac94f8e20cb56faaa105d4b074624a9e	Complete original/Buka pointer-slot and payload check; QuickInfo operand identifies table; buka-quick-info.json.
table.gTerrainNames.6	0x00096e3c	0x00096088	0x00093258	0x000927e4	43cf275fee2f181375d208f58b101536bc34fc7c	src/SOURCE/KB.cpp:gTerrainNames	fc55e243514fa7de182579cb1f8294e952c2d69aec8d608ab13ba7a4b08283b5	Complete original/Buka pointer-slot and payload check; QuickInfo operand identifies table; buka-quick-info.json.
table.gObjectNames.1	0x00096e7c	0x00096154	0x00093284	0x00092824	43cf275fee2f181375d208f58b101536bc34fc7c	src/SOURCE/KB.cpp:gObjectNames	3d967553415c1627f1c3dc9d6d131896ec3c15ef8bf1aadf535b84d15a5db5b2	Complete original/Buka pointer-slot and payload check; QuickInfo operand identifies table; buka-quick-info.json.
table.gObjectNames.2	0x00096e8c	0x0009616c	0x00093288	0x00092828	43cf275fee2f181375d208f58b101536bc34fc7c	src/SOURCE/KB.cpp:gObjectNames	4137410a85fed3708d84490493dfa99bb0a897f2b0dce586aa3ad3ef96dad342	Complete original/Buka pointer-slot and payload check; QuickInfo operand identifies table; buka-quick-info.json.
table.gObjectNames.3	0x00096e98	0x00096178	0x0009328c	0x0009282c	43cf275fee2f181375d208f58b101536bc34fc7c	src/SOURCE/KB.cpp:gObjectNames	77503dfb9e5fbcc74950fe24047f5642f93aabe10ae793ef280850608487efe8	Complete original/Buka pointer-slot and payload check; QuickInfo operand identifies table; buka-quick-info.json.
table.gObjectNames.4	0x00096ea0	0x0009617c	0x00093290	0x00092830	43cf275fee2f181375d208f58b101536bc34fc7c	src/SOURCE/KB.cpp:gObjectNames	b525890d47412f5049b176fedc89323f2da7055c736111238d738e4aabe867e8	Complete original/Buka pointer-slot and payload check; QuickInfo operand identifies table; buka-quick-info.json.
table.gObjectNames.5	0x00096eac	0x00096184	0x00093294	0x00092834	43cf275fee2f181375d208f58b101536bc34fc7c	src/SOURCE/KB.cpp:gObjectNames	ca168e54eef57e28621e89ec83a751063711029f289a2f9dbd6093712bbcda5c	Complete original/Buka pointer-slot and payload check; QuickInfo operand identifies table; buka-quick-info.json.
table.gObjectNames.6	0x00096eb8	0x00096194	0x00093298	0x00092838	43cf275fee2f181375d208f58b101536bc34fc7c	src/SOURCE/KB.cpp:gObjectNames	f14ed92b03b589ae302eac8722a4f9ee3ac790cf0fbe807075899d8554c0733d	Complete original/Buka pointer-slot and payload check; QuickInfo operand identifies table; buka-quick-info.json.
table.gObjectNames.7	0x00096ec8	0x000961a8	0x0009329c	0x0009283c	43cf275fee2f181375d208f58b101536bc34fc7c	src/SOURCE/KB.cpp:gObjectNames	3e480a3f6d6d905df362903fcc1ccbf6ecb9644712d551e540052bbe41b386be	Complete original/Buka pointer-slot and payload check; QuickInfo operand identifies table; buka-quick-info.json.
table.gObjectNames.8	0x00096ed4	0x000961b8	0x000932a0	0x00092840	43cf275fee2f181375d208f58b101536bc34fc7c	src/SOURCE/KB.cpp:gObjectNames	7bc6b201d287268912a4c2060ea1f75f1fcaf0713f169c7fe48888553b457771	Complete original/Buka pointer-slot and payload check; QuickInfo operand identifies table; buka-quick-info.json.
table.gObjectNames.9	0x00096ee0	0x000961c0	0x000932a4	0x00092844	43cf275fee2f181375d208f58b101536bc34fc7c	src/SOURCE/KB.cpp:gObjectNames	5ff2c49acb56e8cd16604406739c713523720782374617724bfaa7b17cc2d7db	Complete original/Buka pointer-slot and payload check; QuickInfo operand identifies table; buka-quick-info.json.
table.gObjectNames.10	0x00096eec	0x000961c8	0x000932a8	0x00092848	43cf275fee2f181375d208f58b101536bc34fc7c	src/SOURCE/KB.cpp:gObjectNames	c07e001353a077d612676ee27c568951e6ff68ff256bced010ec48e4ca82d5f7	Complete original/Buka pointer-slot and payload check; QuickInfo operand identifies table; buka-quick-info.json.
table.gObjectNames.11	0x00096ef4	0x000961d0	0x000932ac	0x0009284c	43cf275fee2f181375d208f58b101536bc34fc7c	src/SOURCE/KB.cpp:gObjectNames	0c41f49889e1619c871f2311219d73e50d65f4dca43e379c3ff1301005ccad52	Complete original/Buka pointer-slot and payload check; QuickInfo operand identifies table; buka-quick-info.json.
table.gObjectNames.12	0x00096f04	0x000961e0	0x000932b0	0x00092850	43cf275fee2f181375d208f58b101536bc34fc7c	src/SOURCE/KB.cpp:gObjectNames	92b2b9d458f6fb7dde41376e73a1bcb541578cbb51d2bbc8d3c701296898b74a	Complete original/Buka pointer-slot and payload check; QuickInfo operand identifies table; buka-quick-info.json.
table.gObjectNames.13	0x00096f10	0x000961ec	0x000932b4	0x00092854	43cf275fee2f181375d208f58b101536bc34fc7c	src/SOURCE/KB.cpp:gObjectNames	5abbcf3ddf3ac1626045b4e86b9a48bbecfb964fdf4d105da7a3ee7d84ffe6dd	Complete original/Buka pointer-slot and payload check; QuickInfo operand identifies table; buka-quick-info.json.
table.gObjectNames.14	0x00096f1c	0x000961f4	0x000932b8	0x00092858	43cf275fee2f181375d208f58b101536bc34fc7c	src/SOURCE/KB.cpp:gObjectNames	5adfe69d201c01a8a53d41c9cbaef448a3080088d5e8b87bf743a677b5d2292d	Complete original/Buka pointer-slot and payload check; QuickInfo operand identifies table; buka-quick-info.json.
table.gObjectNames.15	0x00096f24	0x000961f8	0x000932bc	0x0009285c	43cf275fee2f181375d208f58b101536bc34fc7c	src/SOURCE/KB.cpp:gObjectNames	53ba4ed77bfbbac6344732aa20fbcff7a9514d85e3cbf41f1e51ae5a2719ba11	Complete original/Buka pointer-slot and payload check; QuickInfo operand identifies table; buka-quick-info.json.
table.gObjectNames.16	0x00096f2c	0x00096200	0x000932c0	0x00092860	43cf275fee2f181375d208f58b101536bc34fc7c	src/SOURCE/KB.cpp:gObjectNames	c089c0ca25b8913a882a304d33636519bcfcab7c23db7a67f4751518b3936237	Complete original/Buka pointer-slot and payload check; QuickInfo operand identifies table; buka-quick-info.json.
table.gObjectNames.17	0x00096f38	0x00096208	0x000932c4	0x00092864	43cf275fee2f181375d208f58b101536bc34fc7c	src/SOURCE/KB.cpp:gObjectNames	c089c0ca25b8913a882a304d33636519bcfcab7c23db7a67f4751518b3936237	Complete original/Buka pointer-slot and payload check; QuickInfo operand identifies table; buka-quick-info.json.
table.gObjectNames.18	0x00096f44	0x00096210	0x000932c8	0x00092868	43cf275fee2f181375d208f58b101536bc34fc7c	src/SOURCE/KB.cpp:gObjectNames	f4fa16fef080a36f1b4568928d97f529e2a5b10ebf4264bec3d01ddfcece9dbd	Complete original/Buka pointer-slot and payload check; QuickInfo operand identifies table; buka-quick-info.json.
table.gObjectNames.19	0x00096f4c	0x0009621c	0x000932cc	0x0009286c	43cf275fee2f181375d208f58b101536bc34fc7c	src/SOURCE/KB.cpp:gObjectNames	318a09e9ed90d751bfefa78f8fa8abf86b353ae23fd7d61f96f86130c139924e	Complete original/Buka pointer-slot and payload check; QuickInfo operand identifies table; buka-quick-info.json.
table.gObjectNames.20	0x00096f54	0x00096228	0x000932d0	0x00092870	43cf275fee2f181375d208f58b101536bc34fc7c	src/SOURCE/KB.cpp:gObjectNames	f967c02ab600656c197e224acdc95af2efe7da315e0f66acfdea7e98b2accf9d	Complete original/Buka pointer-slot and payload check; QuickInfo operand identifies table; buka-quick-info.json.
table.gObjectNames.21	0x00096f5c	0x00096234	0x000932d4	0x00092874	43cf275fee2f181375d208f58b101536bc34fc7c	src/SOURCE/KB.cpp:gObjectNames	d354191f94710763e1da17a6d99129aa5fe5aa70fb5b2e3e518c55af610375e3	Complete original/Buka pointer-slot and payload check; QuickInfo operand identifies table; buka-quick-info.json.
table.gObjectNames.22	0x00096f64	0x00096240	0x000932d8	0x00092878	43cf275fee2f181375d208f58b101536bc34fc7c	src/SOURCE/KB.cpp:gObjectNames	ddddb42f7088cc2e760e5539e8b9d2c001c3e3ee6b4bef605f9b24e0ae40d49b	Complete original/Buka pointer-slot and payload check; QuickInfo operand identifies table; buka-quick-info.json.
table.gObjectNames.23	0x00096f70	0x00096250	0x000932dc	0x0009287c	43cf275fee2f181375d208f58b101536bc34fc7c	src/SOURCE/KB.cpp:gObjectNames	8b564e402de220dc40c9f3daec77ef61c109f49cf80dec92abf98520d614d050	Complete original/Buka pointer-slot and payload check; QuickInfo operand identifies table; buka-quick-info.json.
table.gObjectNames.24	0x00096f7c	0x00096258	0x000932e0	0x00092880	43cf275fee2f181375d208f58b101536bc34fc7c	src/SOURCE/KB.cpp:gObjectNames	73e8673ad00c54413039d30493fff2ad111d9fe3e7f2f63b0182ab90861a3e03	Complete original/Buka pointer-slot and payload check; QuickInfo operand identifies table; buka-quick-info.json.
table.gObjectNames.25	0x00096f88	0x0009626c	0x000932e4	0x00092884	43cf275fee2f181375d208f58b101536bc34fc7c	src/SOURCE/KB.cpp:gObjectNames	64fb1e893c3e6064c7bfd085ccc4342caf186648af6b91dbb4f3e4e1ebf4fd8d	Complete original/Buka pointer-slot and payload check; QuickInfo operand identifies table; buka-quick-info.json.
table.gObjectNames.26	0x00096f90	0x00096274	0x000932e8	0x00092888	43cf275fee2f181375d208f58b101536bc34fc7c	src/SOURCE/KB.cpp:gObjectNames	4ced1923f2077835d6e82a26adbd31d5a74a26dd4995e14fd14194cb09dcfa7b	Complete original/Buka pointer-slot and payload check; QuickInfo operand identifies table; buka-quick-info.json.
table.gObjectNames.27	0x00096f9c	0x0009627c	0x000932ec	0x0009288c	43cf275fee2f181375d208f58b101536bc34fc7c	src/SOURCE/KB.cpp:gObjectNames	550a62cb88b82240af21f779ed38c4452bd8b8a83354621a733344fbedb6ff4f	Complete original/Buka pointer-slot and payload check; QuickInfo operand identifies table; buka-quick-info.json.
table.gObjectNames.28	0x00096fa4	0x00096284	0x000932f0	0x00092890	43cf275fee2f181375d208f58b101536bc34fc7c	src/SOURCE/KB.cpp:gObjectNames	c34186ab0161397d99150438b79ba9da8e6a149e33904fa0b727764ecf7c6364	Complete original/Buka pointer-slot and payload check; QuickInfo operand identifies table; buka-quick-info.json.
table.gObjectNames.29	0x00096fac	0x0009628c	0x000932f4	0x00092894	43cf275fee2f181375d208f58b101536bc34fc7c	src/SOURCE/KB.cpp:gObjectNames	3149a77216e2d9ddc4beb9c10d84eedd1fe530396f5487f7ec95004146b559ba	Complete original/Buka pointer-slot and payload check; QuickInfo operand identifies table; buka-quick-info.json.
table.gObjectNames.30	0x00096fb8	0x00096294	0x000932f8	0x00092898	43cf275fee2f181375d208f58b101536bc34fc7c	src/SOURCE/KB.cpp:gObjectNames	6cffd597f791794ecd4141ceb42a6f353e62cc64459bbf8ff41aa5200f42e25f	Complete original/Buka pointer-slot and payload check; QuickInfo operand identifies table; buka-quick-info.json.
table.gObjectNames.31	0x00096fc4	0x000962a4	0x000932fc	0x0009289c	43cf275fee2f181375d208f58b101536bc34fc7c	src/SOURCE/KB.cpp:gObjectNames	5e0b05722febc2e8bfe1cf795ce98025545bb23e28e6a453852849ec6555af58	Complete original/Buka pointer-slot and payload check; QuickInfo operand identifies table; buka-quick-info.json.
table.gObjectNames.32	0x00096fcc	0x000962b0	0x00093300	0x000928a0	43cf275fee2f181375d208f58b101536bc34fc7c	src/SOURCE/KB.cpp:gObjectNames	c31b59975c6b981ed967c26bf7fddd333eba6a65d6dc8f8bd75dd9ada2e10a20	Complete original/Buka pointer-slot and payload check; QuickInfo operand identifies table; buka-quick-info.json.
table.gObjectNames.33	0x00096fd4	0x000962bc	0x00093304	0x000928a4	43cf275fee2f181375d208f58b101536bc34fc7c	src/SOURCE/KB.cpp:gObjectNames	f64a12611f7160509dfcc88e468f41fa0bd547a0d81130c81eb963ecb445832c	Complete original/Buka pointer-slot and payload check; QuickInfo operand identifies table; buka-quick-info.json.
table.gObjectNames.34	0x00096fdc	0x000962c8	0x00093308	0x000928a8	43cf275fee2f181375d208f58b101536bc34fc7c	src/SOURCE/KB.cpp:gObjectNames	f64a12611f7160509dfcc88e468f41fa0bd547a0d81130c81eb963ecb445832c	Complete original/Buka pointer-slot and payload check; QuickInfo operand identifies table; buka-quick-info.json.
table.gObjectNames.35	0x00096fe4	0x000962d4	0x0009330c	0x000928ac	43cf275fee2f181375d208f58b101536bc34fc7c	src/SOURCE/KB.cpp:gObjectNames	fcd60e6459c35345789d6a2094e818f4526a844b2c3fcccb922c4e00b0806c88	Complete original/Buka pointer-slot and payload check; QuickInfo operand identifies table; buka-quick-info.json.
table.gObjectNames.36	0x00096ff0	0x000962e4	0x00093310	0x000928b0	43cf275fee2f181375d208f58b101536bc34fc7c	src/SOURCE/KB.cpp:gObjectNames	4c4d8614d228d3df1d9f7614ae577ed5b96342a9187ff5e38103431990ad395b	Complete original/Buka pointer-slot and payload check; QuickInfo operand identifies table; buka-quick-info.json.
table.gObjectNames.37	0x00096ff8	0x000962ec	0x00093314	0x000928b4	43cf275fee2f181375d208f58b101536bc34fc7c	src/SOURCE/KB.cpp:gObjectNames	4f79b056b635869f1d9e28e3950014b3f9794c3c17ccc69104e9b6ee587ff074	Complete original/Buka pointer-slot and payload check; QuickInfo operand identifies table; buka-quick-info.json.
table.gObjectNames.38	0x00097004	0x000962f4	0x00093318	0x000928b8	43cf275fee2f181375d208f58b101536bc34fc7c	src/SOURCE/KB.cpp:gObjectNames	51512ed0997a28c79f5c202cd12b2c15c9e5ea0a26035e7ffe6f69a6f343c20c	Complete original/Buka pointer-slot and payload check; QuickInfo operand identifies table; buka-quick-info.json.
table.gObjectNames.39	0x00097010	0x00096304	0x0009331c	0x000928bc	43cf275fee2f181375d208f58b101536bc34fc7c	src/SOURCE/KB.cpp:gObjectNames	e869dd8df422da4fc141994b194d41a02dae54be419d72456ce39483cc9653dd	Complete original/Buka pointer-slot and payload check; QuickInfo operand identifies table; buka-quick-info.json.
table.gObjectNames.40	0x0009701c	0x0009630c	0x00093320	0x000928c0	43cf275fee2f181375d208f58b101536bc34fc7c	src/SOURCE/KB.cpp:gObjectNames	89f93553995639771784ad50362d72ad9bc96f9688f64aa433b90adc8f744eb8	Complete original/Buka pointer-slot and payload check; QuickInfo operand identifies table; buka-quick-info.json.
table.gObjectNames.41	0x00097024	0x00096314	0x00093324	0x000928c4	43cf275fee2f181375d208f58b101536bc34fc7c	src/SOURCE/KB.cpp:gObjectNames	a1ebe97c7edf5a5e09f81a64292db3f58dd5b4eaf6a426a82863556ea987ae67	Complete original/Buka pointer-slot and payload check; QuickInfo operand identifies table; buka-quick-info.json.
table.gObjectNames.42	0x00097030	0x0009631c	0x00093328	0x000928c8	43cf275fee2f181375d208f58b101536bc34fc7c	src/SOURCE/KB.cpp:gObjectNames	c343bed65df5500a5fc6ab6f48221174f51a1cef5ca5fba97a9a67623d6d4a44	Complete original/Buka pointer-slot and payload check; QuickInfo operand identifies table; buka-quick-info.json.
table.gObjectNames.43	0x0009703c	0x00096324	0x0009332c	0x000928cc	43cf275fee2f181375d208f58b101536bc34fc7c	src/SOURCE/KB.cpp:gObjectNames	58c66449a18751aa0e452de5429f5f77e3958a1e297536920fe803bc5b748ece	Complete original/Buka pointer-slot and payload check; QuickInfo operand identifies table; buka-quick-info.json.
table.gObjectNames.44	0x00097044	0x0009632c	0x00093330	0x000928d0	43cf275fee2f181375d208f58b101536bc34fc7c	src/SOURCE/KB.cpp:gObjectNames	f4f7fec1875de26a520d1c4fa15cc6795004434008f0cf6a437ff22c4986b4f3	Complete original/Buka pointer-slot and payload check; QuickInfo operand identifies table; buka-quick-info.json.
table.gObjectNames.45	0x00097050	0x00096338	0x00093334	0x000928d4	43cf275fee2f181375d208f58b101536bc34fc7c	src/SOURCE/KB.cpp:gObjectNames	46b499272b755a343c2789488cc24a546efc84dbfd63fbb7b60d1d104ef95fae	Complete original/Buka pointer-slot and payload check; QuickInfo operand identifies table; buka-quick-info.json.
table.gObjectNames.46	0x0009705c	0x0009634c	0x00093338	0x000928d8	43cf275fee2f181375d208f58b101536bc34fc7c	src/SOURCE/KB.cpp:gObjectNames	f29ed7282a2b87f6b0411e902278fe6c0e60cbb22ac31b7285bb2b1763366641	Complete original/Buka pointer-slot and payload check; QuickInfo operand identifies table; buka-quick-info.json.
table.gObjectNames.47	0x00097068	0x00096350	0x0009333c	0x000928dc	43cf275fee2f181375d208f58b101536bc34fc7c	src/SOURCE/KB.cpp:gObjectNames	68a1e69dc254c8534a65a13ecf91a04bcfb37546cff3faecb8e32d9d939ad8e7	Complete original/Buka pointer-slot and payload check; QuickInfo operand identifies table; buka-quick-info.json.
table.gObjectNames.48	0x00097074	0x00096358	0x00093340	0x000928e0	43cf275fee2f181375d208f58b101536bc34fc7c	src/SOURCE/KB.cpp:gObjectNames	a77b9a5bee9fd4a2d3323018fd59dc1260d51eeab3f15b3a6bc4d83d3791195b	Complete original/Buka pointer-slot and payload check; QuickInfo operand identifies table; buka-quick-info.json.
table.gObjectNames.49	0x00097080	0x00096364	0x00093344	0x000928e4	43cf275fee2f181375d208f58b101536bc34fc7c	src/SOURCE/KB.cpp:gObjectNames	3c471719214f493a021f4161f80b8e8375622811141db9fa066eebac54128ea0	Complete original/Buka pointer-slot and payload check; QuickInfo operand identifies table; buka-quick-info.json.
table.gObjectNames.52	0x00097098	0x00096374	0x00093350	0x000928f0	43cf275fee2f181375d208f58b101536bc34fc7c	src/SOURCE/KB.cpp:gObjectNames	700339378f931c0789f41ad8d49d33fea1538c72783d9fc8c0d250d5f222e3af	Complete original/Buka pointer-slot and payload check; QuickInfo operand identifies table; buka-quick-info.json.
table.gObjectNames.53	0x000970a4	0x0009637c	0x00093354	0x000928f4	43cf275fee2f181375d208f58b101536bc34fc7c	src/SOURCE/KB.cpp:gObjectNames	700339378f931c0789f41ad8d49d33fea1538c72783d9fc8c0d250d5f222e3af	Complete original/Buka pointer-slot and payload check; QuickInfo operand identifies table; buka-quick-info.json.
table.gObjectNames.54	0x000970b0	0x00096384	0x00093358	0x000928f8	43cf275fee2f181375d208f58b101536bc34fc7c	src/SOURCE/KB.cpp:gObjectNames	700339378f931c0789f41ad8d49d33fea1538c72783d9fc8c0d250d5f222e3af	Complete original/Buka pointer-slot and payload check; QuickInfo operand identifies table; buka-quick-info.json.
table.gObjectNames.55	0x000970bc	0x0009638c	0x0009335c	0x000928fc	43cf275fee2f181375d208f58b101536bc34fc7c	src/SOURCE/KB.cpp:gObjectNames	700339378f931c0789f41ad8d49d33fea1538c72783d9fc8c0d250d5f222e3af	Complete original/Buka pointer-slot and payload check; QuickInfo operand identifies table; buka-quick-info.json.
table.gObjectNames.56	0x000970c8	0x00096394	0x00093360	0x00092900	43cf275fee2f181375d208f58b101536bc34fc7c	src/SOURCE/KB.cpp:gObjectNames	298bde1e868471614a81e403a6e20db668dd910a3f461397ab2fd46eacaed2a0	Complete original/Buka pointer-slot and payload check; QuickInfo operand identifies table; buka-quick-info.json.
table.gObjectNames.57	0x000970d0	0x0009639c	0x00093364	0x00092904	43cf275fee2f181375d208f58b101536bc34fc7c	src/SOURCE/KB.cpp:gObjectNames	298bde1e868471614a81e403a6e20db668dd910a3f461397ab2fd46eacaed2a0	Complete original/Buka pointer-slot and payload check; QuickInfo operand identifies table; buka-quick-info.json.
table.gObjectNames.58	0x000970d8	0x000963a4	0x00093368	0x00092908	43cf275fee2f181375d208f58b101536bc34fc7c	src/SOURCE/KB.cpp:gObjectNames	298bde1e868471614a81e403a6e20db668dd910a3f461397ab2fd46eacaed2a0	Complete original/Buka pointer-slot and payload check; QuickInfo operand identifies table; buka-quick-info.json.
table.gObjectNames.59	0x000970e0	0x000963ac	0x0009336c	0x0009290c	43cf275fee2f181375d208f58b101536bc34fc7c	src/SOURCE/KB.cpp:gObjectNames	298bde1e868471614a81e403a6e20db668dd910a3f461397ab2fd46eacaed2a0	Complete original/Buka pointer-slot and payload check; QuickInfo operand identifies table; buka-quick-info.json.
table.gObjectNames.60	0x000970e8	0x000963b4	0x00093370	0x00092910	43cf275fee2f181375d208f58b101536bc34fc7c	src/SOURCE/KB.cpp:gObjectNames	298bde1e868471614a81e403a6e20db668dd910a3f461397ab2fd46eacaed2a0	Complete original/Buka pointer-slot and payload check; QuickInfo operand identifies table; buka-quick-info.json.
table.gObjectNames.62	0x000970f4	0x000963bc	0x00093378	0x00092918	43cf275fee2f181375d208f58b101536bc34fc7c	src/SOURCE/KB.cpp:gObjectNames	beb6567a9215b43fd8d829ef6396b9bfc1a917d5d1e86cff603c9c0f7426c030	Complete original/Buka pointer-slot and payload check; QuickInfo operand identifies table; buka-quick-info.json.
table.gMineNames.0	0x00096e44	0x000960d4	0x00093260	0x00092804	43cf275fee2f181375d208f58b101536bc34fc7c	src/SOURCE/KB.cpp:gMineNames	c31b59975c6b981ed967c26bf7fddd333eba6a65d6dc8f8bd75dd9ada2e10a20	New Buka mine-name table; original English composed from original resource slot plus the verified Mine suffix in QuickInfo; composition operands recorded in buka-quick-info.json.
table.gMineNames.1	0x00096e4c	0x000960e0	0x00093264	0x00092808	43cf275fee2f181375d208f58b101536bc34fc7c	src/SOURCE/KB.cpp:gMineNames	3d967553415c1627f1c3dc9d6d131896ec3c15ef8bf1aadf535b84d15a5db5b2	New Buka mine-name table; original English composed from original resource slot plus the verified Mine suffix in QuickInfo; composition operands recorded in buka-quick-info.json.
table.gMineNames.2	0x00096e54	0x000960f8	0x00093268	0x0009280c	43cf275fee2f181375d208f58b101536bc34fc7c	src/SOURCE/KB.cpp:gMineNames	d6238297093ee6073584fbddc30da5630ca7457ba6d4943d3424d7b495346cd9	New Buka mine-name table; original English composed from original resource slot plus the verified Mine suffix in QuickInfo; composition operands recorded in buka-quick-info.json.
table.gMineNames.3	0x00096e58	0x00096108	0x0009326c	0x00092810	43cf275fee2f181375d208f58b101536bc34fc7c	src/SOURCE/KB.cpp:gMineNames	7304429df8f14412cd17e6a7d89071196782f1240fa13b4f205cff5d40a1bf09	New Buka mine-name table; original English composed from original resource slot plus the verified Mine suffix in QuickInfo; composition operands recorded in buka-quick-info.json.
table.gMineNames.4	0x00096e60	0x00096118	0x00093270	0x00092814	43cf275fee2f181375d208f58b101536bc34fc7c	src/SOURCE/KB.cpp:gMineNames	e65940426533603fb3365cf2a6bfb293f52e0dff5fbb344bdae852092f7c31f2	New Buka mine-name table; original English composed from original resource slot plus the verified Mine suffix in QuickInfo; composition operands recorded in buka-quick-info.json.
table.gMineNames.5	0x00096e68	0x0009612c	0x00093274	0x00092818	43cf275fee2f181375d208f58b101536bc34fc7c	src/SOURCE/KB.cpp:gMineNames	381fd105ef9b5fc5b089a0d85481d147257a89ff217e9e439e9ffdb4eb6db24b	New Buka mine-name table; original English composed from original resource slot plus the verified Mine suffix in QuickInfo; composition operands recorded in buka-quick-info.json.
table.gMineNames.6	0x00096e70	0x00096140	0x00093278	0x0009281c	43cf275fee2f181375d208f58b101536bc34fc7c	src/SOURCE/KB.cpp:gMineNames	1291195bffed15a9970f2e0e2026853f9853f7dde0da834349202e02eddc7d81	New Buka mine-name table; original English composed from original resource slot plus the verified Mine suffix in QuickInfo; composition operands recorded in buka-quick-info.json.
calendar.month.label	0x000a1f50	0x0008e848	0x0005b070	0x00008771	43cf275fee2f181375d208f58b101536bc34fc7c	src/SOURCE/ADVMGR.cpp:UpdBottomViewNewTurn	da037186313aca771da37b13c704f18b3bd8b96d0d40352f61acaf0a2d9b7bde	Complete NewTurn instruction/CFG review; NWC and Buka push the verified date label; source formats unchanged; buka-bottom-turns.json.
calendar.week.label	0x000a1f48	0x0008e840	0x0005b05c	0x0000875d	43cf275fee2f181375d208f58b101536bc34fc7c	src/SOURCE/ADVMGR.cpp:UpdBottomViewNewTurn	f11e9e6740275ee7ed7c6309cfa348f4cf84efb62bb0a5b9fed5864d5463bd84	Complete NewTurn instruction/CFG review; NWC and Buka push the verified date label; source formats unchanged; buka-bottom-turns.json.
calendar.day.label	0x000a1f78	0x0008e870	0x0005b136	0x00008833	43cf275fee2f181375d208f58b101536bc34fc7c	src/SOURCE/ADVMGR.cpp:UpdBottomViewNewTurn	5eb31ad3d1583041d5208ef383aecf47f969e390c82e433ab0da0fbf6f397ada	Complete NewTurn instruction/CFG review; NWC and Buka push the verified date label; source formats unchanged; buka-bottom-turns.json.
adventure.quick.unknown	0x000a20f4	0x0008e9f0	0x0005d140	0x0000a599	43cf275fee2f181375d208f58b101536bc34fc7c	src/SOURCE/ADVMGR.cpp:TownQuickView	6cd07452f43e0aa566262da2ea54a732732d0827acbec64c30f064881d753aac	Complete TownQuickView instruction/CFG review; NWC and Buka push the verified garrison label; buka-quick-views.json.
adventure.quick.none	0x000a20fc	0x0008e9fc	0x0005d156	0x0000a5ac	43cf275fee2f181375d208f58b101536bc34fc7c	src/SOURCE/ADVMGR.cpp:TownQuickView	efd5530d3cca36fcf334deab0c280510220ff25e857c9c93256cf985f84bdca8	Complete TownQuickView instruction/CFG review; NWC and Buka push the verified garrison label; buka-quick-views.json.
adventure.spell.identify_hero	0x000a2190	0x0008ea8c	0x0005ef4e	0x0000c152	43cf275fee2f181375d208f58b101536bc34fc7c	src/SOURCE/ADVMGR.cpp:CastSpell	fb30d5ed0a1938dfa18bb4ca0e7121b4c385e3030093f0023db7c75165388b8c	Complete CastSpell instruction/CFG and switch-table review; exact dialog call arguments retained; English and Russian payloads verified against their executable operand sites; buka-map-views.json.
adventure.spell.too_tired	0x000a21bc	0x0008eab0	0x0005ef8c	0x0000c189	43cf275fee2f181375d208f58b101536bc34fc7c	src/SOURCE/ADVMGR.cpp:CastSpell	4a530e25f1016361b3a335aeb0cf948a36690100715c154d5e7ce900cf423116	Complete CastSpell instruction/CFG and switch-table review; exact dialog call arguments retained; English and Russian payloads verified against their executable operand sites; buka-map-views.json.
table.onOffText.0	0x000996f8	0x00098af4	0x000935d0	0x00092b58	43cf275fee2f181375d208f58b101536bc34fc7c	src/SOURCE/KB.cpp:onOffText	89c0802718e91af95cf52d2be9cbcf92a715d325bc2eeafda18aec7f18f327d0	Complete control-panel instruction/CFG review and original/Buka pointer-slot and payload verification; buka-control-panel.json.
table.onOffText.1	0x000996fc	0x00098afc	0x000935d4	0x00092b5c	43cf275fee2f181375d208f58b101536bc34fc7c	src/SOURCE/KB.cpp:onOffText	a22bfd8206074910feabab502ba4bbdfcf0eba50115c6f09cfbd8fcb2f4d20ec	Complete control-panel instruction/CFG review and original/Buka pointer-slot and payload verification; buka-control-panel.json.
table.onOffText.2	0x00099700	0x00098b04	0x000935d8	0x00092b60	43cf275fee2f181375d208f58b101536bc34fc7c	src/SOURCE/KB.cpp:onOffText	14f631409e6629e7c73e971741a768305961560af1f0433c578a7dca91a05f09	Complete control-panel instruction/CFG review and original/Buka pointer-slot and payload verification; buka-control-panel.json.
table.onOffText.3	0x0009970c	0x00098b18	0x000935dc	0x00092b64	43cf275fee2f181375d208f58b101536bc34fc7c	src/SOURCE/KB.cpp:onOffText	9ce82e4b6b127027239a58726f05273d2e83761bb663e406a4b0ba8b307fdbb6	Complete control-panel instruction/CFG review and original/Buka pointer-slot and payload verification; buka-control-panel.json.
table.onOffText.4	0x00099718	0x00098b2c	0x000935e0	0x00092b68	43cf275fee2f181375d208f58b101536bc34fc7c	src/SOURCE/KB.cpp:onOffText	0d071b72731e5af0baf1af413a8b137b7f56c0f6be0671014298235eb260a13e	Complete control-panel instruction/CFG review and original/Buka pointer-slot and payload verification; buka-control-panel.json.
table.onOffText.5	0x00099724	0x00098b40	0x000935e4	0x00092b6c	43cf275fee2f181375d208f58b101536bc34fc7c	src/SOURCE/KB.cpp:onOffText	c2fc2a873a324631d45b5b28c785ec829d13eff6809a62dd05f77de017a82725	Complete control-panel instruction/CFG review and original/Buka pointer-slot and payload verification; buka-control-panel.json.
table.onOffText.6	0x00099730	0x00098b54	0x000935e8	0x00092b70	43cf275fee2f181375d208f58b101536bc34fc7c	src/SOURCE/KB.cpp:onOffText	1e5d0e5417dd42c9f3a5719710ce3d431f5f516effa32be7fcd878fa4f716622	Complete control-panel instruction/CFG review and original/Buka pointer-slot and payload verification; buka-control-panel.json.
table.onOffText.7	0x0009973c	0x00098b68	0x000935ec	0x00092b74	43cf275fee2f181375d208f58b101536bc34fc7c	src/SOURCE/KB.cpp:onOffText	4fcb42b69ee7d6e15755b01257d4b024043f5d8b4dfa2068f578925662888ef5	Complete control-panel instruction/CFG review and original/Buka pointer-slot and payload verification; buka-control-panel.json.
table.onOffText.8	0x00099748	0x00098b7c	0x000935f0	0x00092b78	43cf275fee2f181375d208f58b101536bc34fc7c	src/SOURCE/KB.cpp:onOffText	946fb418b209c746cd8c96103056cef72adaf0c1775147ab966f80e0cd77b353	Complete control-panel instruction/CFG review and original/Buka pointer-slot and payload verification; buka-control-panel.json.
table.onOffText.9	0x00099754	0x00098b90	0x000935f4	0x00092b7c	43cf275fee2f181375d208f58b101536bc34fc7c	src/SOURCE/KB.cpp:onOffText	8633720bbfce5b66f5af4dddedac2398296ca089febab8fa5877692c3707a5c2	Complete control-panel instruction/CFG review and original/Buka pointer-slot and payload verification; buka-control-panel.json.
table.onOffText.10	0x00099760	0x00098ba4	0x000935f8	0x00092b80	43cf275fee2f181375d208f58b101536bc34fc7c	src/SOURCE/KB.cpp:onOffText	9ce600acd8aa36644e743c8ee46148035ce2000d0618e60080713bf14b3d5e09	Complete control-panel instruction/CFG review and original/Buka pointer-slot and payload verification; buka-control-panel.json.
table.walkSpeedText.0	0x0009976c	0x00098bb8	0x00093600	0x00092b84	43cf275fee2f181375d208f58b101536bc34fc7c	src/SOURCE/KB.cpp:walkSpeedText	7e28cc2b46350c054d8bebe0b80a6f09a9e92061149cece9c11ac083ee5aa981	Complete control-panel instruction/CFG review and original/Buka pointer-slot and payload verification; buka-control-panel.json.
table.walkSpeedText.1	0x00099774	0x00098bc0	0x00093604	0x00092b88	43cf275fee2f181375d208f58b101536bc34fc7c	src/SOURCE/KB.cpp:walkSpeedText	29e7300afbf7c312486bb2f6d5abcfe57341c46ebd7b48b6556b73250672528f	Complete control-panel instruction/CFG review and original/Buka pointer-slot and payload verification; buka-control-panel.json.
table.walkSpeedText.2	0x0009977c	0x00098bc8	0x00093608	0x00092b8c	43cf275fee2f181375d208f58b101536bc34fc7c	src/SOURCE/KB.cpp:walkSpeedText	958e0ff762e36ae516cc5c87f1fde7cd04afb90425a4c4b5da18f94b05566446	Complete control-panel instruction/CFG review and original/Buka pointer-slot and payload verification; buka-control-panel.json.
table.walkSpeedText.3	0x00099784	0x00098bd0	0x0009360c	0x00092b90	43cf275fee2f181375d208f58b101536bc34fc7c	src/SOURCE/KB.cpp:walkSpeedText	5e1d301a45f2e8d4b5b5281e843d969a09300e298232cacac7a5c78303982295	Complete control-panel instruction/CFG review and original/Buka pointer-slot and payload verification; buka-control-panel.json.
table.walkSpeedText.4	0x0009978c	0x00098bd8	0x00093610	0x00092b94	43cf275fee2f181375d208f58b101536bc34fc7c	src/SOURCE/KB.cpp:walkSpeedText	c9ab1250b632955b01728ce16d34614e57b1d96873dae9d274065790132bdf12	Complete control-panel instruction/CFG review and original/Buka pointer-slot and payload verification; buka-control-panel.json.
table.musicQualityText.0	0x0009e440	0x0009d8a8	0x00093e10	0x0009330c	43cf275fee2f181375d208f58b101536bc34fc7c	src/SOURCE/KB.cpp:musicQualityText	74917b6dd30fbf6f5e4093d3e27ea21783809e1e0dba93cc650e6e8466a5c4a2	Complete control-panel instruction/CFG review and original/Buka pointer-slot and payload verification; buka-control-panel.json.
table.musicQualityText.1	0x0009e44c	0x0009d8b4	0x00093e14	0x00093310	43cf275fee2f181375d208f58b101536bc34fc7c	src/SOURCE/KB.cpp:musicQualityText	fd388cdc7f8122ee1ace14a2865b70d7d38f5b0ae877a192a0d887422735f0db	Complete control-panel instruction/CFG review and original/Buka pointer-slot and payload verification; buka-control-panel.json.
table.musicQualityText.2	0x0009e45c	0x0009d8c4	0x00093e18	0x00093314	43cf275fee2f181375d208f58b101536bc34fc7c	src/SOURCE/KB.cpp:musicQualityText	8f12fc24aa8d6e9bdbbe88778aa3f0429c5792d468505dbd5bcd47b972db1800	Complete control-panel instruction/CFG review and original/Buka pointer-slot and payload verification; buka-control-panel.json.
table.gCPanelHelp.0	0x0009b474	0x0009aad0	0x00093b28	0x00093070	43cf275fee2f181375d208f58b101536bc34fc7c	src/SOURCE/KB.cpp:gCPanelHelp	b99571c9951ef71a5d7bfff111023347863a1f7f53742a1ee979d4d8fc43021d	Complete control-panel instruction/CFG review and original/Buka pointer-slot and payload verification; buka-control-panel.json.
table.gCPanelHelp.1	0x0009b49c	0x0009aaf4	0x00093b2c	0x00093074	43cf275fee2f181375d208f58b101536bc34fc7c	src/SOURCE/KB.cpp:gCPanelHelp	1d024ec42b85455f58ee0fb8129544ff2bd931626d88a219edaa0e54503104ab	Complete control-panel instruction/CFG review and original/Buka pointer-slot and payload verification; buka-control-panel.json.
table.gCPanelHelp.2	0x0009b4bc	0x0009ab18	0x00093b30	0x00093078	43cf275fee2f181375d208f58b101536bc34fc7c	src/SOURCE/KB.cpp:gCPanelHelp	544e03e4f8667b56006ad1302ad4afa799292a292cdccfa24372da769a9e2b60	Complete control-panel instruction/CFG review and original/Buka pointer-slot and payload verification; buka-control-panel.json.
table.gCPanelHelp.3	0x0009b4fc	0x0009ab48	0x00093b34	0x0009307c	43cf275fee2f181375d208f58b101536bc34fc7c	src/SOURCE/KB.cpp:gCPanelHelp	cf078def69f5525f119532acb2bb87c65d17633a3e7b8fea83a8ccb7f9d6c7a5	Complete control-panel instruction/CFG review and original/Buka pointer-slot and payload verification; buka-control-panel.json.
table.gCPanelHelp.4	0x0009b524	0x0009ab70	0x00093b38	0x00093080	43cf275fee2f181375d208f58b101536bc34fc7c	src/SOURCE/KB.cpp:gCPanelHelp	651d16edc0c3d6a6c61a83a481881c53fbbec22158c5b5f4e992ad246bc09570	Complete control-panel instruction/CFG review and original/Buka pointer-slot and payload verification; buka-control-panel.json.
table.gCPanelHelp.5	0x0009b53c	0x0009ab88	0x00093b3c	0x00093084	43cf275fee2f181375d208f58b101536bc34fc7c	src/SOURCE/KB.cpp:gCPanelHelp	b25a2a24f80bf43f459de47ad8e2b89a9ce3296b91a8f83755fa529d72b9a8b2	Complete control-panel instruction/CFG review and original/Buka pointer-slot and payload verification; buka-control-panel.json.
table.gCPanelHelp.6	0x0009b558	0x0009aba8	0x00093b40	0x00093088	43cf275fee2f181375d208f58b101536bc34fc7c	src/SOURCE/KB.cpp:gCPanelHelp	2420f8f7349974d8770f778a09c53a636271d64b8cf3d57424426ac49573b67c	Complete control-panel instruction/CFG review and original/Buka pointer-slot and payload verification; buka-control-panel.json.
table.gCPanelHelp.7	0x0009b578	0x0009abd0	0x00093b44	0x0009308c	43cf275fee2f181375d208f58b101536bc34fc7c	src/SOURCE/KB.cpp:gCPanelHelp	d101a4eb76761fa6dfb7fea26183d82566d2697badf91caee2338468256268f6	Complete control-panel instruction/CFG review and original/Buka pointer-slot and payload verification; buka-control-panel.json.
table.gCPanelHelp.8	0x0009b5b4	0x0009ac00	0x00093b48	0x00093090	43cf275fee2f181375d208f58b101536bc34fc7c	src/SOURCE/KB.cpp:gCPanelHelp	bcdb90bf6f2696fb2ba8546b8f87c25de34eeecbcb8dd498b794bd9cb80ae2e6	Complete control-panel instruction/CFG review and original/Buka pointer-slot and payload verification; buka-control-panel.json.
table.gCPanelHelp.9	0x0009b6b0	0x0009acec	0x00093b4c	0x00093094	43cf275fee2f181375d208f58b101536bc34fc7c	src/SOURCE/KB.cpp:gCPanelHelp	b3687bcfc16cb304f9c49ecce99141a59b645ac2443b9b8a8006e0879612a349	Complete control-panel instruction/CFG review and original/Buka pointer-slot and payload verification; buka-control-panel.json.
table.gCPanelHelp.10	0x0009b78c	0x0009ade0	0x00093b50	0x00093098	43cf275fee2f181375d208f58b101536bc34fc7c	src/SOURCE/KB.cpp:gCPanelHelp	f6ab1ba4874e146cb94d4ae19d458dec39eec4dd78af0e58e3c00755f89177b2	Complete control-panel instruction/CFG review and original/Buka pointer-slot and payload verification; buka-control-panel.json.
table.gCPanelHelp.11	0x0009b870	0x0009aee4	0x00093b54	0x0009309c	43cf275fee2f181375d208f58b101536bc34fc7c	src/SOURCE/KB.cpp:gCPanelHelp	19530b9840a3cf4d07061ff5e0fc9db44da1e0fe0d4a3221f09f8db29fd88859	Complete control-panel instruction/CFG review and original/Buka pointer-slot and payload verification; buka-control-panel.json.
adventure.save.success	0x000a22b8	0x0008ebb8	0x00060937	0x0000d969	43cf275fee2f181375d208f58b101536bc34fc7c	src/SOURCE/ADVMGR.cpp:SaveGame	1005e58c1836e218863db253616630560119aff8a57c00b047f410fd69213079	Complete control-panel instruction/CFG review and original/Buka pointer-slot and payload verification; buka-control-panel.json.
adventure.dimension_door.failed	0x000a2450	0x0008eca8	0x00062c69	0x0000f9c6	43cf275fee2f181375d208f58b101536bc34fc7c	src/SOURCE/ADVMGR.cpp:DimensionDoor	63008e987fa85d42881e82486fde7c268b4a770f93a6c8388b4f8763a3765a0d	Complete travel-spell instruction/CFG review; exact dialog arguments retained; original English and Russian verified at executable push operands; buka-travel.json.
adventure.town_gate.land_required	0x000a246c	0x0008ecc0	0x00062d89	0x0000faab	43cf275fee2f181375d208f58b101536bc34fc7c	src/SOURCE/ADVMGR.cpp:TownGate	0bc9618835a6649dffd5837353ccd95974e80f2a53f8c8e3c8cf7322fb00db3c	Complete travel-spell instruction/CFG review; exact dialog arguments retained; original English and Russian verified at executable push operands; buka-travel.json.
adventure.town_gate.no_town	0x000a24b0	0x0008ed1c	0x00062e6c	0x0000fb72	43cf275fee2f181375d208f58b101536bc34fc7c	src/SOURCE/ADVMGR.cpp:TownGate	994a2373f2d8075c7c51fbd3fc9a60ca3eb5097569c6d0fa7e1d237659b78f94	Complete travel-spell instruction/CFG review; exact dialog arguments retained; original English and Russian verified at executable push operands; buka-travel.json.
adventure.town_gate.occupied	0x000a24d8	0x0008ed58	0x00062eb9	0x0000fbb1	43cf275fee2f181375d208f58b101536bc34fc7c	src/SOURCE/ADVMGR.cpp:TownGate	d79678b623d3e08086fadf75fd42684a3169268eaecda9f584883b07dc778a7e	Complete travel-spell instruction/CFG review; exact dialog arguments retained; original English and Russian verified at executable push operands; buka-travel.json.
adventure.summon_boat.failed	0x000a2504	0x0008ed98	0x000634cc	0x00010137	43cf275fee2f181375d208f58b101536bc34fc7c	src/SOURCE/ADVMGR.cpp:SummonBoat	8200e2722d602973666bbd16cb4b59153f3f82837fb23ea99de25bb8cf10217f	Complete travel-spell instruction/CFG review; exact dialog arguments retained; original English and Russian verified at executable push operands; buka-travel.json.
combat.fragment.attack	-	0x8ee60	-	0x15300	43cf275fee2f181375d208f58b101536bc34fc7c	src/SOURCE/ARMY.cpp:new combat prefix; HoMM2 catalog connective	52362834f360a3641154fec265f4d947a6fcabf13d2a994adcfaff34f8b99d3d	Retail assembly and complete ordered message literals; buka-combat-messages.json.
combat.fragment.does_damage	0x90390	0x8ee58	0x8a01	0x152e9	43cf275fee2f181375d208f58b101536bc34fc7c	src/SOURCE/ARMY.cpp:SpecialAttack	74f9bb400bb8ba552ba1a8488beb20b8038b9b5d8feecb804165780f8e5ae181	Retail assembly and complete ordered message literals; buka-combat-messages.json.
combat.fragment.damage_points	0x90380	0x8ee4c	0x89f5	0x152dd	43cf275fee2f181375d208f58b101536bc34fc7c	src/SOURCE/ARMY.cpp:SpecialAttack	cce37adb8675d93255c70dc239cde9a925c625dccdd0829593669be4f11da98a	Retail assembly and complete ordered message literals; buka-combat-messages.json.
combat.fragment.dies	0x9036c	0x8ee34	0x89d4	0x15294	43cf275fee2f181375d208f58b101536bc34fc7c	src/SOURCE/ARMY.cpp:SpecialAttack	a07fa61c0519c0f8d68ab76c86691f625fe27519c7b95963e7a186c4ce73b073	Retail assembly and complete ordered message literals; buka-combat-messages.json.
combat.fragment.killed	0x90378	0x8ee40	0x89cf	0x152a0	43cf275fee2f181375d208f58b101536bc34fc7c	src/SOURCE/ARMY.cpp:SpecialAttack	a07fa61c0519c0f8d68ab76c86691f625fe27519c7b95963e7a186c4ce73b073	Retail assembly and complete ordered message literals; buka-combat-messages.json.
combat.fragment.troop	0x903e4	0x8eec8	0x8f1b	0x157c7	43cf275fee2f181375d208f58b101536bc34fc7c	src/SOURCE/ARMY.cpp:DoHydraAttack	3ae6c10f229c9168db33fbe616a0a3845d561a76d5c2ce5899ea036fd077ff5e	Retail assembly and complete ordered message literals; buka-combat-messages.json.
combat.fragment.troops	0x903f0	0x8eed0	0x8f16	0x157d0	43cf275fee2f181375d208f58b101536bc34fc7c	src/SOURCE/ARMY.cpp:DoHydraAttack	65ccc059367418ea1f69c0ca3e94ee4bf1d155a53ddf44e5804926ed35e66d08	Retail assembly and complete ordered message literals; buka-combat-messages.json.
combat.fragment.destroy_singular	0x9044c	0x8ef3c	0x9b3e	0x1643c	43cf275fee2f181375d208f58b101536bc34fc7c	src/SOURCE/ARMY.cpp:DoAttack	6445a75a6c1e81e60ee08a748087678e0440fe597ce9198fb610c8bbb4d39e70	Retail assembly and complete ordered message literals; buka-combat-messages.json.
combat.fragment.destroy_plural	0x90458	0x8ef48	0x9b39	0x16445	43cf275fee2f181375d208f58b101536bc34fc7c	src/SOURCE/ARMY.cpp:DoAttack	e6d89c486eaba55cf4051cbfb22fe0c47c1bb54780db57793dcb03bc02af97f8	Retail assembly and complete ordered message literals; buka-combat-messages.json.
combat.genie.half_army.buka	0x90460	0x8ef54	0x9b5e	0x16482	43cf275fee2f181375d208f58b101536bc34fc7c	src/SOURCE/ARMY.cpp:DoAttack	23040532353c17272b681cc996d2a08d728099ef8d4cf4ef037f3322de669366	Retail assembly and complete ordered message literals; buka-combat-messages.json.
combat.fragment.does_damage_singular	0x90388	0x8ee58	0x8a06	0x152e9	43cf275fee2f181375d208f58b101536bc34fc7c	src/SOURCE/ARMY.cpp:SpecialAttack	74f9bb400bb8ba552ba1a8488beb20b8038b9b5d8feecb804165780f8e5ae181	Retail assembly and complete ordered message literals; buka-combat-messages.json. Original singular verb archived; Buka always uses plural attacker.
combat.luck.bad.buka	0x90500	0x8f010	0xa8dd	0x170da	43cf275fee2f181375d208f58b101536bc34fc7c	src/SOURCE/ARMY.cpp:CheckLuck	614b4a3f55e4b744e6e41a2b2fa7d09d4b9bceb117cf38bd5df37719a313c67f	NWC and Buka literal operands and complete CP1251 payloads; CheckLuck uses plural creature names for both outcomes; buka-army-luck.json.
combat.luck.good.buka	0x9051c	0x8f038	0xa958	0x17126	43cf275fee2f181375d208f58b101536bc34fc7c	src/SOURCE/ARMY.cpp:CheckLuck	549387ed8dceba6276a97fe64b4277345490e674aaca8ec9c100b4e837092374	NWC and Buka literal operands and complete CP1251 payloads; CheckLuck uses plural creature names for both outcomes; buka-army-luck.json.
ui.new_game.difficulty_rating	0x000909c4	0x0008fd78	0x00013a67	0x0002dbdc	43cf275fee2f181375d208f58b101536bc34fc7c	src/SOURCE/GAME.cpp:?UpdateNewGameWindow@game@@QAEXXZ	16f49bbf0f2e5c94b156e22aced89f4b938540b5964c5b7f1b5d18a9afa669f9	Complete-body operand correspondence in buka-bulk-correspondence.json; original English checked at NWC 1.2 operand; exact Buka CP1251 payload; format arguments unchanged.
campaign.restart.confirm	0x00090ae4	0x0008fe84	0x00014419	0x0002e48b	43cf275fee2f181375d208f58b101536bc34fc7c	src/SOURCE/GAME.cpp:?ShowCampaignInfo@game@@QAEXHHH@Z	659f5820b6f051836f691a57a5e85cd9929d671610a1d0547430b45929c0de88	Complete-body operand correspondence in buka-bulk-correspondence.json; original English checked at NWC 1.2 operand; exact Buka CP1251 payload; format arguments unchanged.
hero.dismiss.confirm	0x000a132c	0x00090210	0x00048669	0x0003a16d	43cf275fee2f181375d208f58b101536bc34fc7c	src/SOURCE/HERO.cpp:?Dismiss@hero@@QAECXZ	2b57e5ee7cd5e4cf3f2b08eb871614fb76ba09f9e6f0d71cd877477a6b7a2427	Complete-body operand correspondence in buka-bulk-correspondence.json; original English checked at NWC 1.2 operand; exact Buka CP1251 payload; format arguments unchanged.
game.restart.confirm	0x0009f3b0	0x0009e684	0x000272e5	0x000423ca	43cf275fee2f181375d208f58b101536bc34fc7c	src/SOURCE/KB.cpp:?HandleAppSpecificMenuCommands@@YAHH@Z	051e412d78f7abc367c92dd408cd1c06a102c2f7c1bed9ea72e8af8a5b24ef98	Complete-body operand correspondence in buka-bulk-correspondence.json; original English checked at NWC 1.2 operand; exact Buka CP1251 payload; format arguments unchanged.
game.load.confirm	0x0009f3f4	0x0009e6cc	0x00027301	0x000423e1	43cf275fee2f181375d208f58b101536bc34fc7c	src/SOURCE/KB.cpp:?HandleAppSpecificMenuCommands@@YAHH@Z	415bae7932ed74d0f9bbdb9377a9f657b935b54b531518c89840c7cf3d1a1157	Complete-body operand correspondence in buka-bulk-correspondence.json; original English checked at NWC 1.2 operand; exact Buka CP1251 payload; format arguments unchanged.
recruitment.garrison.full	0x000a2604	0x0009efe0	0x00066df2	0x000511a3	43cf275fee2f181375d208f58b101536bc34fc7c	src/SOURCE/RECRUIT.cpp:?Close@recruitUnit@@UAEXXZ	e22de0ae0ed6e65faf8d391b21b0b605e426db4a2dcb33060b4e1630c8b9d44a	Complete-body operand correspondence in buka-bulk-correspondence.json; original English checked at NWC 1.2 operand; exact Buka CP1251 payload; format arguments unchanged.
recruitment.available.label	0x000a2634	0x0009f008	0x00066e8a	0x0005122b	43cf275fee2f181375d208f58b101536bc34fc7c	src/SOURCE/RECRUIT.cpp:?Update@recruitUnit@@QAEXXZ	974075fc60f3be48493b36d5149cdff3883dd7457b896cdd7c25fdeb714f0d95	Complete-body operand correspondence in buka-bulk-correspondence.json; original English checked at NWC 1.2 operand; exact Buka CP1251 payload; format arguments unchanged.
network.netbios.missing	0x000a2dcc	0x0009f190	0x00071607	0x000522db	43cf275fee2f181375d208f58b101536bc34fc7c	src/SOURCE/REMOTE.cpp:?InitNetGuest@@YACXZ	26bfe1a8b21608b5241ba20cf386c79292bc67184118ccc679f5a8240edd1bf4	Complete-body operand correspondence in buka-bulk-correspondence.json; original English checked at NWC 1.2 operand; exact Buka CP1251 payload; format arguments unchanged.
network.initialize.failed	0x000a2df0	0x0009f1b4	0x000716af	0x0005238d	43cf275fee2f181375d208f58b101536bc34fc7c	src/SOURCE/REMOTE.cpp:?InitNetGuest@@YACXZ	bb30dd296ce2e948ff1164e7c77c18bc23b7f458b373740805b940d3c8f54868	Complete-body operand correspondence in buka-bulk-correspondence.json; original English checked at NWC 1.2 operand; exact Buka CP1251 payload; format arguments unchanged.
network.initialize.slots_full	0x000a2e10	0x0009f1e0	0x00071718	0x000523ec	43cf275fee2f181375d208f58b101536bc34fc7c	src/SOURCE/REMOTE.cpp:?InitNetGuest@@YACXZ	8fa9ffed4ec27a69ef9aa26eb89987a555a9e2786abbf1345ae90e45e3aedad0	Complete-body operand correspondence in buka-bulk-correspondence.json; original English checked at NWC 1.2 operand; exact Buka CP1251 payload; format arguments unchanged.
network.initialize.wait	0x000a2e70	0x0009f24c	0x00071992	0x000525fd	43cf275fee2f181375d208f58b101536bc34fc7c	src/SOURCE/REMOTE.cpp:?nbnet_init@@YAHXZ	493ba2d0b7c9de94685b5285c96f48ff9d83c6facb2918a5303f4ec7df5b79e3	Complete-body operand correspondence in buka-bulk-correspondence.json; original English checked at NWC 1.2 operand; exact Buka CP1251 payload; format arguments unchanged.
network.guest.wait	0x000a2ea4	0x0009f288	0x000719e1	0x00052648	43cf275fee2f181375d208f58b101536bc34fc7c	src/SOURCE/REMOTE.cpp:?nbnet_init@@YAHXZ	7fc28e40e2cc8c026efa0b3f09d274b1ac647fd7c26f7bd3136d6a6b05682471	Complete-body operand correspondence in buka-bulk-correspondence.json; original English checked at NWC 1.2 operand; exact Buka CP1251 payload; format arguments unchanged.
network.host.wait	0x000a2f08	0x0009f2fc	0x00071aba	0x00052715	43cf275fee2f181375d208f58b101536bc34fc7c	src/SOURCE/REMOTE.cpp:?nbnet_init@@YAHXZ	2bfb86acf7ad79ceac28696e0af7ef70be9a546e55ca0ad5870db5e15fcc8665	Complete-body operand correspondence in buka-bulk-correspondence.json; original English checked at NWC 1.2 operand; exact Buka CP1251 payload; format arguments unchanged.
modem.dialing	0x000a2f48	0x0009f344	0x00071c56	0x0005286a	43cf275fee2f181375d208f58b101536bc34fc7c	src/SOURCE/REMOTE.cpp:?Dial@@YAHXZ	3776a24ffa221eb21465cfab3a12bdc428b47f3a766dfeb2d10407b12335ae3c	Complete-body operand correspondence in buka-bulk-correspondence.json; original English checked at NWC 1.2 operand; exact Buka CP1251 payload; format arguments unchanged.
modem.ring.wait	0x000a2f80	0x0009f384	0x00071cd8	0x000528dc	43cf275fee2f181375d208f58b101536bc34fc7c	src/SOURCE/REMOTE.cpp:?Wait@@YAHXZ	98d2b3e92a4db9f53120f09d101e8553a5dfde4f2eae40f4d3b38cd476f8d07e	Complete-body operand correspondence in buka-bulk-correspondence.json; original English checked at NWC 1.2 operand; exact Buka CP1251 payload; format arguments unchanged.
modem.initializing	0x000a2f98	0x0009f39c	0x00071cea	0x000528ee	43cf275fee2f181375d208f58b101536bc34fc7c	src/SOURCE/REMOTE.cpp:?Wait@@YAHXZ	3768ffe5d8ba0f1ea402a146f07af1273595e65de7e08660d3569847239ce276	Complete-body operand correspondence in buka-bulk-correspondence.json; original English checked at NWC 1.2 operand; exact Buka CP1251 payload; format arguments unchanged.
modem.connecting	0x000a2fb8	0x0009f3bc	0x00071cfc	0x00052900	43cf275fee2f181375d208f58b101536bc34fc7c	src/SOURCE/REMOTE.cpp:?Wait@@YAHXZ	a748e1648a30228bcca6057d49b680592b904986e5a108b5796039d113bfdfa5	Complete-body operand correspondence in buka-bulk-correspondence.json; original English checked at NWC 1.2 operand; exact Buka CP1251 payload; format arguments unchanged.
modem.telephone.required	0x00090630	0x0009f768	0x0000c7c3	0x00057330	43cf275fee2f181375d208f58b101536bc34fc7c	src/SOURCE/SETUP.cpp:?SetupModemGame@game@@QAECXZ	bf6e5955cfe6ce99155e155eae0d9ba57f6d4f3b2d9c8bc1b51d40114f800602	Complete-body operand correspondence in buka-bulk-correspondence.json; original English checked at NWC 1.2 operand; exact Buka CP1251 payload; format arguments unchanged.
combat.spell.cast	0x0009070c	0x0009f9f8	0x0000e361	0x0005a5a7	43cf275fee2f181375d208f58b101536bc34fc7c	src/SOURCE/SPELLS.cpp:?SpellMessage@combatManager@@QAEXCC@Z	3835478b7df26f7c90040406076831376c75d76d93c0a01abdd5cf5f65de6804	Complete-body operand correspondence in buka-bulk-correspondence.json; original English checked at NWC 1.2 operand; exact Buka CP1251 payload; format arguments unchanged.
combat.spell.teleport_here	0x00090714	0x0009fa08	0x0000e387	0x0005a5c6	43cf275fee2f181375d208f58b101536bc34fc7c	src/SOURCE/SPELLS.cpp:?SpellMessage@combatManager@@QAEXCC@Z	11d74e71e84fae99093fdb1fce6c4cf22d323f2eb44df8dc65d52ea9619ad42b	Complete-body operand correspondence in buka-bulk-correspondence.json; original English checked at NWC 1.2 operand; exact Buka CP1251 payload; format arguments unchanged.
combat.spell.cast_target	0x00090724	0x0009fa1c	0x0000e3f0	0x0005a624	43cf275fee2f181375d208f58b101536bc34fc7c	src/SOURCE/SPELLS.cpp:?SpellMessage@combatManager@@QAEXCC@Z	f9a6ec609652c7810d2211e22d82da74b8e95c7fe1e32810715c1aacb516ee32	Complete-body operand correspondence in buka-bulk-correspondence.json; original English checked at NWC 1.2 operand; exact Buka CP1251 payload; format arguments unchanged.
hero.meeting.title	0x000a161c	0x0009fc44	0x0004fabc	0x0005d0cf	43cf275fee2f181375d208f58b101536bc34fc7c	src/SOURCE/SWAPMGR.cpp:?Open@swapManager@@UAEFF@Z	9db3eef0ec53cb351ee13300b7ccfee060afdcc5f3ba41d9f255bed3e330eea1	Complete-body operand correspondence in buka-bulk-correspondence.json; original English checked at NWC 1.2 operand; exact Buka CP1251 payload; format arguments unchanged.
display.color_mode.required	0x000a0720	0x000a0c6c	0x00036e36	0x00068255	43cf275fee2f181375d208f58b101536bc34fc7c	src/SOURCE/wingraph.cpp:?GetGraphicsInfo@@YAXXZ	3a6d98a68931525b7846feba88ff345e24ce5b591b567ba0aed59155d35c7bc4	Complete-body operand correspondence in buka-bulk-correspondence.json; original English checked at NWC 1.2 operand; exact Buka CP1251 payload; format arguments unchanged.
startup.resources.failed	0x000a3bb4	0x000a15cc	0x00078007	0x00072a45	43cf275fee2f181375d208f58b101536bc34fc7c	src/BASE/EXEC.cpp:?InitSystem@executive@@QAEFXZ	3cbfd62348f85988ff8c5df1b2f1abd513631d9b7f293d7453ea6d12b9b26b03	Complete-body operand correspondence in buka-bulk-correspondence.json; original English checked at NWC 1.2 operand; exact Buka CP1251 payload; format arguments unchanged.
startup.input.failed	0x000a3bec	0x000a1604	0x00078026	0x00072a6b	43cf275fee2f181375d208f58b101536bc34fc7c	src/BASE/EXEC.cpp:?InitSystem@executive@@QAEFXZ	6ee73861ebd8fb62133f2fde24f1d0c0d5186e4e137bde4aa279159606c78c06	Complete-body operand correspondence in buka-bulk-correspondence.json; original English checked at NWC 1.2 operand; exact Buka CP1251 payload; format arguments unchanged.
startup.sound.failed	0x000a3c3c	0x000a162c	0x00078045	0x00072a86	43cf275fee2f181375d208f58b101536bc34fc7c	src/BASE/EXEC.cpp:?InitSystem@executive@@QAEFXZ	5c25c8a6bffad29bfe28781a9a19c417342d5054e257e1ca652813e6afe69de6	Complete-body operand correspondence in buka-bulk-correspondence.json; original English checked at NWC 1.2 operand; exact Buka CP1251 payload; format arguments unchanged.
startup.mouse.failed	0x000a3c58	0x000a1644	0x00078066	0x00072aab	43cf275fee2f181375d208f58b101536bc34fc7c	src/BASE/EXEC.cpp:?InitSystem@executive@@QAEFXZ	1e6b058fee7b447c875d14af27ab69c31ea48a05ee7408297aaa784154070c87	Complete-body operand correspondence in buka-bulk-correspondence.json; original English checked at NWC 1.2 operand; exact Buka CP1251 payload; format arguments unchanged.
startup.windows.failed	0x000a3c74	0x000a165c	0x00078087	0x00072acf	43cf275fee2f181375d208f58b101536bc34fc7c	src/BASE/EXEC.cpp:?InitSystem@executive@@QAEFXZ	0c356b24c4118151f76da8ba3d48a8f96eb851489ba275a2e38f0cce6a48658d	Complete-body operand correspondence in buka-bulk-correspondence.json; original English checked at NWC 1.2 operand; exact Buka CP1251 payload; format arguments unchanged.
table.gTownNames.0	0x000970fc	0x000963c4	0x00093380	0x0009291c	43cf275fee2f181375d208f58b101536bc34fc7c	src/SOURCE/KB.cpp:gTownNames[0]	5caedfc86817b54c4570d5a875d726ebf85cccfde1c966d4d3e27b30dd835c55	Complete caller-body identity, typed pointer-table order and count; each original English and Buka Russian pointer slot checked in pinned executables; buka-combat-setup.json.
table.gTownNames.1	0x00097108	0x000963d0	0x00093384	0x00092920	43cf275fee2f181375d208f58b101536bc34fc7c	src/SOURCE/KB.cpp:gTownNames[1]	430383001001d5027df4fb4790feeee4c818e383ae81db8bb3f99a378cc4767c	Complete caller-body identity, typed pointer-table order and count; each original English and Buka Russian pointer slot checked in pinned executables; buka-combat-setup.json.
table.gTownNames.2	0x00097114	0x000963e0	0x00093388	0x00092924	43cf275fee2f181375d208f58b101536bc34fc7c	src/SOURCE/KB.cpp:gTownNames[2]	ef6c9264b30145d8f2e031a8c3f8b1809d6e809e225f5021fa134a10baab2de7	Complete caller-body identity, typed pointer-table order and count; each original English and Buka Russian pointer slot checked in pinned executables; buka-combat-setup.json.
table.gTownNames.3	0x00097120	0x000963ec	0x0009338c	0x00092928	43cf275fee2f181375d208f58b101536bc34fc7c	src/SOURCE/KB.cpp:gTownNames[3]	a1b19b176ac1ea26ce33b76d9b92448d70f141b3511de7440c462dff419680cb	Complete caller-body identity, typed pointer-table order and count; each original English and Buka Russian pointer slot checked in pinned executables; buka-combat-setup.json.
table.gTownNames.4	0x0009712c	0x000963f4	0x00093390	0x0009292c	43cf275fee2f181375d208f58b101536bc34fc7c	src/SOURCE/KB.cpp:gTownNames[4]	4a2a57e59571b77b58c9ca0d8fbdba60320e3d23d8b3d24230850233a8c2c035	Complete caller-body identity, typed pointer-table order and count; each original English and Buka Russian pointer slot checked in pinned executables; buka-combat-setup.json.
table.gTownNames.5	0x00097138	0x00096400	0x00093394	0x00092930	43cf275fee2f181375d208f58b101536bc34fc7c	src/SOURCE/KB.cpp:gTownNames[5]	5059dc4b648d4b442e5a2f584b5ed04fbc71d6c45438d107d99501b99dc714b9	Complete caller-body identity, typed pointer-table order and count; each original English and Buka Russian pointer slot checked in pinned executables; buka-combat-setup.json.
table.gTownNames.6	0x00097144	0x0009640c	0x00093398	0x00092934	43cf275fee2f181375d208f58b101536bc34fc7c	src/SOURCE/KB.cpp:gTownNames[6]	829dd455ca05b79e7d3445c0046f8c58844a84cd07573217ec827727c97230c1	Complete caller-body identity, typed pointer-table order and count; each original English and Buka Russian pointer slot checked in pinned executables; buka-combat-setup.json.
table.gTownNames.7	0x00097150	0x0009641c	0x0009339c	0x00092938	43cf275fee2f181375d208f58b101536bc34fc7c	src/SOURCE/KB.cpp:gTownNames[7]	f57449ff96f43bc378738c3941f934e4fbd8612e6eebd4a0c33ff5c77b3fe8bc	Complete caller-body identity, typed pointer-table order and count; each original English and Buka Russian pointer slot checked in pinned executables; buka-combat-setup.json.
table.gTownNames.8	0x0009715c	0x00096428	0x000933a0	0x0009293c	43cf275fee2f181375d208f58b101536bc34fc7c	src/SOURCE/KB.cpp:gTownNames[8]	4684a0ecd988f52f403e3cb0ad585d051e065757e08c84bedadeb9f7d5f80d77	Complete caller-body identity, typed pointer-table order and count; each original English and Buka Russian pointer slot checked in pinned executables; buka-combat-setup.json.
table.gTownNames.9	0x00097168	0x00096434	0x000933a4	0x00092940	43cf275fee2f181375d208f58b101536bc34fc7c	src/SOURCE/KB.cpp:gTownNames[9]	210dcfe9ee75c50dadb85d6272fe755a5975d2eed689058b31b11d0e1cabacde	Complete caller-body identity, typed pointer-table order and count; each original English and Buka Russian pointer slot checked in pinned executables; buka-combat-setup.json.
table.gTownNames.10	0x00097174	0x00096440	0x000933a8	0x00092944	43cf275fee2f181375d208f58b101536bc34fc7c	src/SOURCE/KB.cpp:gTownNames[10]	c2fefd20782dfe3efc694f84e59f79bb91abe05e5232c275714110bc26a5e6cc	Complete caller-body identity, typed pointer-table order and count; each original English and Buka Russian pointer slot checked in pinned executables; buka-combat-setup.json.
table.gTownNames.11	0x00097180	0x0009644c	0x000933ac	0x00092948	43cf275fee2f181375d208f58b101536bc34fc7c	src/SOURCE/KB.cpp:gTownNames[11]	01fd9417828e6f7f2308d576257fa96c494b0f71839a7b6ab731ce34787b2bb6	Complete caller-body identity, typed pointer-table order and count; each original English and Buka Russian pointer slot checked in pinned executables; buka-combat-setup.json.
table.gTownNames.12	0x00097188	0x00096454	0x000933b0	0x0009294c	43cf275fee2f181375d208f58b101536bc34fc7c	src/SOURCE/KB.cpp:gTownNames[12]	6e01e2532ef2fc82a021bcec463c68b8193da8311257759f3b8fac9ad7d607f8	Complete caller-body identity, typed pointer-table order and count; each original English and Buka Russian pointer slot checked in pinned executables; buka-combat-setup.json.
table.gTownNames.13	0x00097194	0x00096460	0x000933b4	0x00092950	43cf275fee2f181375d208f58b101536bc34fc7c	src/SOURCE/KB.cpp:gTownNames[13]	d69966bf3504bc0dcc49b4dbf0e1b367eefb20e49965cb9d291c77b128304679	Complete caller-body identity, typed pointer-table order and count; each original English and Buka Russian pointer slot checked in pinned executables; buka-combat-setup.json.
table.gTownNames.14	0x000971a0	0x0009646c	0x000933b8	0x00092954	43cf275fee2f181375d208f58b101536bc34fc7c	src/SOURCE/KB.cpp:gTownNames[14]	f7422208507f96bd8c0e1d726281bc5e16ce643f58e5048912523d0eff3bd72b	Complete caller-body identity, typed pointer-table order and count; each original English and Buka Russian pointer slot checked in pinned executables; buka-combat-setup.json.
table.gTownNames.15	0x000971ac	0x00096478	0x000933bc	0x00092958	43cf275fee2f181375d208f58b101536bc34fc7c	src/SOURCE/KB.cpp:gTownNames[15]	0f20b1c827a84b074cb7dfe25d13cd77c15cbe7b74c1d0eedce11601e8f6dae9	Complete caller-body identity, typed pointer-table order and count; each original English and Buka Russian pointer slot checked in pinned executables; buka-combat-setup.json.
table.gTownNames.16	0x000971b8	0x00096480	0x000933c0	0x0009295c	43cf275fee2f181375d208f58b101536bc34fc7c	src/SOURCE/KB.cpp:gTownNames[16]	82572ee9204bc5c838185edb29822f639700df084b1b955dbd0f4065d11e6759	Complete caller-body identity, typed pointer-table order and count; each original English and Buka Russian pointer slot checked in pinned executables; buka-combat-setup.json.
table.gTownNames.17	0x000971c4	0x0009648c	0x000933c4	0x00092960	43cf275fee2f181375d208f58b101536bc34fc7c	src/SOURCE/KB.cpp:gTownNames[17]	ee33a4a5ba13eb4ce6873517456aa4851f6d522329b49f4b8b33654e453f30e9	Complete caller-body identity, typed pointer-table order and count; each original English and Buka Russian pointer slot checked in pinned executables; buka-combat-setup.json.
table.gTownNames.18	0x000971d4	0x00096498	0x000933c8	0x00092964	43cf275fee2f181375d208f58b101536bc34fc7c	src/SOURCE/KB.cpp:gTownNames[18]	9c088ba642838bf531c0a5751f16e28aaddfb67396c1bed446e06cd6b7a6f115	Complete caller-body identity, typed pointer-table order and count; each original English and Buka Russian pointer slot checked in pinned executables; buka-combat-setup.json.
table.gTownNames.19	0x000971dc	0x000964a0	0x000933cc	0x00092968	43cf275fee2f181375d208f58b101536bc34fc7c	src/SOURCE/KB.cpp:gTownNames[19]	345b5d0e0af7bab17523382c6abddafa6bd8104c93d00f349fdbf7185c26ff49	Complete caller-body identity, typed pointer-table order and count; each original English and Buka Russian pointer slot checked in pinned executables; buka-combat-setup.json.
table.gTownNames.20	0x000971e8	0x000964ac	0x000933d0	0x0009296c	43cf275fee2f181375d208f58b101536bc34fc7c	src/SOURCE/KB.cpp:gTownNames[20]	3db2afd5ef5cc620f0c24b631722baf4ee58577a1a61ef277c4532756f2f10b0	Complete caller-body identity, typed pointer-table order and count; each original English and Buka Russian pointer slot checked in pinned executables; buka-combat-setup.json.
table.gTownNames.21	0x000971f4	0x000964b8	0x000933d4	0x00092970	43cf275fee2f181375d208f58b101536bc34fc7c	src/SOURCE/KB.cpp:gTownNames[21]	af84faa82b1bd90804f6371049bdc47a4602e02f43964c461d92b98c7b1a94b1	Complete caller-body identity, typed pointer-table order and count; each original English and Buka Russian pointer slot checked in pinned executables; buka-combat-setup.json.
table.gTownNames.22	0x00097200	0x000964c4	0x000933d8	0x00092974	43cf275fee2f181375d208f58b101536bc34fc7c	src/SOURCE/KB.cpp:gTownNames[22]	2e6d6aa707c8824627c93eb6400200c8d1025f592d49ab79c376f3837e799faf	Complete caller-body identity, typed pointer-table order and count; each original English and Buka Russian pointer slot checked in pinned executables; buka-combat-setup.json.
table.gTownNames.23	0x0009720c	0x000964d0	0x000933dc	0x00092978	43cf275fee2f181375d208f58b101536bc34fc7c	src/SOURCE/KB.cpp:gTownNames[23]	0d0b24b8b7b94dafb803df189c15dc81f15356e0a8428cb8eb82dec1806ac488	Complete caller-body identity, typed pointer-table order and count; each original English and Buka Russian pointer slot checked in pinned executables; buka-combat-setup.json.
table.gTownNames.24	0x00097214	0x000964d8	0x000933e0	0x0009297c	43cf275fee2f181375d208f58b101536bc34fc7c	src/SOURCE/KB.cpp:gTownNames[24]	42d4adc9764af34f4e36c0533e37af68bdc72f55a3e0c7663d22629ff9f3531a	Complete caller-body identity, typed pointer-table order and count; each original English and Buka Russian pointer slot checked in pinned executables; buka-combat-setup.json.
table.gTownNames.25	0x00097220	0x000964e4	0x000933e4	0x00092980	43cf275fee2f181375d208f58b101536bc34fc7c	src/SOURCE/KB.cpp:gTownNames[25]	5532c46fa70f031b3fb41f2c3d85cbbe9a595ca8092987d26a5b20a4caacfc6d	Complete caller-body identity, typed pointer-table order and count; each original English and Buka Russian pointer slot checked in pinned executables; buka-combat-setup.json.
table.gTownNames.26	0x00097228	0x000964ec	0x000933e8	0x00092984	43cf275fee2f181375d208f58b101536bc34fc7c	src/SOURCE/KB.cpp:gTownNames[26]	b17f62e76e6526d90806d9bf5f504a0e4120bb010aa98ce70ca52fd9334e1116	Complete caller-body identity, typed pointer-table order and count; each original English and Buka Russian pointer slot checked in pinned executables; buka-combat-setup.json.
table.gTownNames.27	0x00097230	0x000964f4	0x000933ec	0x00092988	43cf275fee2f181375d208f58b101536bc34fc7c	src/SOURCE/KB.cpp:gTownNames[27]	e999a67f33f1eb1ddd697c1786c6f5374c05f76af5331c66d483feeeb28e9c4f	Complete caller-body identity, typed pointer-table order and count; each original English and Buka Russian pointer slot checked in pinned executables; buka-combat-setup.json.
table.gTownNames.28	0x0009723c	0x00096500	0x000933f0	0x0009298c	43cf275fee2f181375d208f58b101536bc34fc7c	src/SOURCE/KB.cpp:gTownNames[28]	463361ffb8c51f6a11c1cda7654ea34d81bac913a049b6eae04f2fb9a63bbc84	Complete caller-body identity, typed pointer-table order and count; each original English and Buka Russian pointer slot checked in pinned executables; buka-combat-setup.json.
table.gTownNames.29	0x00097244	0x00096508	0x000933f4	0x00092990	43cf275fee2f181375d208f58b101536bc34fc7c	src/SOURCE/KB.cpp:gTownNames[29]	3810763ae99d3fcf6fad887f116e745dff2aa2e52cfc3af7ee646c5ff591b1a1	Complete caller-body identity, typed pointer-table order and count; each original English and Buka Russian pointer slot checked in pinned executables; buka-combat-setup.json.
table.gTownNames.30	0x00097250	0x00096514	0x000933f8	0x00092994	43cf275fee2f181375d208f58b101536bc34fc7c	src/SOURCE/KB.cpp:gTownNames[30]	7c5c542751d56a629d51b6828ccfd864ac12794ebf4b2e2d85d4e4af175e6284	Complete caller-body identity, typed pointer-table order and count; each original English and Buka Russian pointer slot checked in pinned executables; buka-combat-setup.json.
table.gTownNames.31	0x0009725c	0x00096520	0x000933fc	0x00092998	43cf275fee2f181375d208f58b101536bc34fc7c	src/SOURCE/KB.cpp:gTownNames[31]	df6efa46708a54f40663e7b236a2365f4392a7b3c77552d61a8b128aad93f257	Complete caller-body identity, typed pointer-table order and count; each original English and Buka Russian pointer slot checked in pinned executables; buka-combat-setup.json.
table.gTownNames.32	0x00097264	0x00096528	0x00093400	0x0009299c	43cf275fee2f181375d208f58b101536bc34fc7c	src/SOURCE/KB.cpp:gTownNames[32]	71cad1c3ab2bbd849f5e3a9921d67df683cd6ce7b35201a32e93becdd41df48c	Complete caller-body identity, typed pointer-table order and count; each original English and Buka Russian pointer slot checked in pinned executables; buka-combat-setup.json.
table.gTownNames.33	0x0009726c	0x00096530	0x00093404	0x000929a0	43cf275fee2f181375d208f58b101536bc34fc7c	src/SOURCE/KB.cpp:gTownNames[33]	4b5c53f802d22acf64b249ed91bc2160d7b81ea44a7f14a81cab028c2acdc6dc	Complete caller-body identity, typed pointer-table order and count; each original English and Buka Russian pointer slot checked in pinned executables; buka-combat-setup.json.
table.gTownNames.34	0x00097278	0x0009653c	0x00093408	0x000929a4	43cf275fee2f181375d208f58b101536bc34fc7c	src/SOURCE/KB.cpp:gTownNames[34]	ab12160b861c2dcc41e47223ff49c656b557ab9de01f4052e27f6062f1b474a4	Complete caller-body identity, typed pointer-table order and count; each original English and Buka Russian pointer slot checked in pinned executables; buka-combat-setup.json.
table.gTownNames.35	0x00097280	0x00096544	0x0009340c	0x000929a8	43cf275fee2f181375d208f58b101536bc34fc7c	src/SOURCE/KB.cpp:gTownNames[35]	44f9793301452085e5fb31529178b5243c7dcbf7d8db1c6cb8c7db769b4404f9	Complete caller-body identity, typed pointer-table order and count; each original English and Buka Russian pointer slot checked in pinned executables; buka-combat-setup.json.
table.gSetupCampaignGameHelp.0	0x0009bbc8	0x0009b27c	0x00093b80	0x000930c4	43cf275fee2f181375d208f58b101536bc34fc7c	src/SOURCE/KB.cpp:gSetupCampaignGameHelp[0]	c21ba7079ad9d6eb559d2acce1bd5f35958da4ecf9d8f62146bc0a2e64162e1f	Complete caller-body identity, typed pointer-table order and count; each original English and Buka Russian pointer slot checked in pinned executables; buka-combat-setup.json.
table.gSetupCampaignGameHelp.1	0x0009bbe8	0x0009b298	0x00093b84	0x000930c8	43cf275fee2f181375d208f58b101536bc34fc7c	src/SOURCE/KB.cpp:gSetupCampaignGameHelp[1]	7acb6b4a4d9c12292bd48f916883fdd4e99ec5e6807185a247d6e3a673d7f6c0	Complete caller-body identity, typed pointer-table order and count; each original English and Buka Russian pointer slot checked in pinned executables; buka-combat-setup.json.
table.gSetupCampaignGameHelp.2	0x0009bc08	0x0009b2b4	0x00093b88	0x000930cc	43cf275fee2f181375d208f58b101536bc34fc7c	src/SOURCE/KB.cpp:gSetupCampaignGameHelp[2]	7af10d65bbe7ddcfaf91df0b2eafed0ca4040b9bb83bc3b381bd56539121c311	Complete caller-body identity, typed pointer-table order and count; each original English and Buka Russian pointer slot checked in pinned executables; buka-combat-setup.json.
table.gSetupCampaignGameHelp.3	0x0009bc28	0x0009b2d0	0x00093b8c	0x000930d0	43cf275fee2f181375d208f58b101536bc34fc7c	src/SOURCE/KB.cpp:gSetupCampaignGameHelp[3]	ba961754991e39b6aa1fabe1550b0c32e213f50e0fbd1d05aeb3df2d63603765	Complete caller-body identity, typed pointer-table order and count; each original English and Buka Russian pointer slot checked in pinned executables; buka-combat-setup.json.
table.gSetupCampaignGameHelp.4	0x0009bc48	0x0009b2ec	0x00093b90	0x000930d4	43cf275fee2f181375d208f58b101536bc34fc7c	src/SOURCE/KB.cpp:gSetupCampaignGameHelp[4]	d06a4e20e1a6dc08ae8d8f8701c00ee56c02c8b8ce1058729772c447e663dc87	Complete caller-body identity, typed pointer-table order and count; each original English and Buka Russian pointer slot checked in pinned executables; buka-combat-setup.json.
table.gSetupDCBaudHelp.0	0x0009bf98	0x0009b6d4	0x00093bc8	0x00093100	43cf275fee2f181375d208f58b101536bc34fc7c	src/SOURCE/KB.cpp:gSetupDCBaudHelp[0]	b6cf4de11bdac138b9dafa8d5dcce6ef1d0e489ead5c5b39df9d9db1b5dd01f6	Complete caller-body identity, typed pointer-table order and count; each original English and Buka Russian pointer slot checked in pinned executables; buka-combat-setup.json.
table.gSetupDCBaudHelp.1	0x0009c0e4	0x0009b83c	0x00093bcc	0x00093104	43cf275fee2f181375d208f58b101536bc34fc7c	src/SOURCE/KB.cpp:gSetupDCBaudHelp[1]	9b6c8dd66b1cfa7afa932e21306b89f07e92222f0a2a338d0ebb215689f28158	Complete caller-body identity, typed pointer-table order and count; each original English and Buka Russian pointer slot checked in pinned executables; buka-combat-setup.json.
table.gSetupDCBaudHelp.2	0x0009c230	0x0009b9a4	0x00093bd0	0x00093108	43cf275fee2f181375d208f58b101536bc34fc7c	src/SOURCE/KB.cpp:gSetupDCBaudHelp[2]	e7c26564e2b27a8599941ed8e6ac6e5e0d7b7edc74cb97bc41dbd442e14ee0d9	Complete caller-body identity, typed pointer-table order and count; each original English and Buka Russian pointer slot checked in pinned executables; buka-combat-setup.json.
table.gSetupDCBaudHelp.3	0x0009c37c	0x0009bb0c	0x00093bd4	0x0009310c	43cf275fee2f181375d208f58b101536bc34fc7c	src/SOURCE/KB.cpp:gSetupDCBaudHelp[3]	85d7945eba93c65489fe367197cd6ddd4aefa8a1d6c051c52fd209cc2a85e8ae	Complete caller-body identity, typed pointer-table order and count; each original English and Buka Russian pointer slot checked in pinned executables; buka-combat-setup.json.
table.gSetupDCBaudHelp.4	0x0009c4c8	0x0009bc74	0x00093bd8	0x00093110	43cf275fee2f181375d208f58b101536bc34fc7c	src/SOURCE/KB.cpp:gSetupDCBaudHelp[4]	7c7364c9d28c11d0f75ec4777e33a127296d1ce5e52901f88f026155f51d3978	Complete caller-body identity, typed pointer-table order and count; each original English and Buka Russian pointer slot checked in pinned executables; buka-combat-setup.json.
table.gSetupBaudHelp.0	0x0009bc68	0x0009b314	0x00093b98	0x000930d8	43cf275fee2f181375d208f58b101536bc34fc7c	src/SOURCE/KB.cpp:gSetupBaudHelp[0]	32bdbb1a6bb27ec5d01923f5475b5d69ad8f427cdd7890f29852ca92e71c3d77	Complete caller-body identity, typed pointer-table order and count; each original English and Buka Russian pointer slot checked in pinned executables; buka-combat-setup.json.
table.gSetupBaudHelp.1	0x0009bcf8	0x0009b3bc	0x00093b9c	0x000930dc	43cf275fee2f181375d208f58b101536bc34fc7c	src/SOURCE/KB.cpp:gSetupBaudHelp[1]	e96fdef0f7e1760f95d2debc70398283e78721284b1edd50593a6693508be6e4	Complete caller-body identity, typed pointer-table order and count; each original English and Buka Russian pointer slot checked in pinned executables; buka-combat-setup.json.
table.gSetupBaudHelp.2	0x0009bd88	0x0009b464	0x00093ba0	0x000930e0	43cf275fee2f181375d208f58b101536bc34fc7c	src/SOURCE/KB.cpp:gSetupBaudHelp[2]	abf7c0873c7953151194947be52c5103feffb749055c9471310968dc9adf47c3	Complete caller-body identity, typed pointer-table order and count; each original English and Buka Russian pointer slot checked in pinned executables; buka-combat-setup.json.
table.gSetupBaudHelp.3	0x0009be18	0x0009b50c	0x00093ba4	0x000930e4	43cf275fee2f181375d208f58b101536bc34fc7c	src/SOURCE/KB.cpp:gSetupBaudHelp[3]	2172b0fc271b3c19032f188e5d83a564a2d8745b4c16f38321d361506d98102f	Complete caller-body identity, typed pointer-table order and count; each original English and Buka Russian pointer slot checked in pinned executables; buka-combat-setup.json.
table.gSetupBaudHelp.4	0x0009bea8	0x0009b5b4	0x00093ba8	0x000930e8	43cf275fee2f181375d208f58b101536bc34fc7c	src/SOURCE/KB.cpp:gSetupBaudHelp[4]	d06a4e20e1a6dc08ae8d8f8701c00ee56c02c8b8ce1058729772c447e663dc87	Complete caller-body identity, typed pointer-table order and count; each original English and Buka Russian pointer slot checked in pinned executables; buka-combat-setup.json.
table.gSetupHotSeatGameHelp.0	0x0009c5b8	0x0009bd84	0x00093bf8	0x00093128	43cf275fee2f181375d208f58b101536bc34fc7c	src/SOURCE/KB.cpp:gSetupHotSeatGameHelp[0]	0637a363799dfaeeb2919bc6790a687f20c6d1363b1184bf36518fccf04ec59d	Complete caller-body identity, typed pointer-table order and count; each original English and Buka Russian pointer slot checked in pinned executables; buka-combat-setup.json.
table.gSetupHotSeatGameHelp.1	0x0009c608	0x0009bdd0	0x00093bfc	0x0009312c	43cf275fee2f181375d208f58b101536bc34fc7c	src/SOURCE/KB.cpp:gSetupHotSeatGameHelp[1]	25747e016906389208495e8050ffd740732c08500390cd4a22efd9b45539d7ba	Complete caller-body identity, typed pointer-table order and count; each original English and Buka Russian pointer slot checked in pinned executables; buka-combat-setup.json.
table.gSetupHotSeatGameHelp.2	0x0009c648	0x0009be0c	0x00093c00	0x00093130	43cf275fee2f181375d208f58b101536bc34fc7c	src/SOURCE/KB.cpp:gSetupHotSeatGameHelp[2]	ab9c8f6771133fece0b368bc2182accfed5d9bb9b7b04425b029f4e5b48686d6	Complete caller-body identity, typed pointer-table order and count; each original English and Buka Russian pointer slot checked in pinned executables; buka-combat-setup.json.
table.gSetupHotSeatGameHelp.3	0x0009c664	0x0009be20	0x00093c04	0x00093134	43cf275fee2f181375d208f58b101536bc34fc7c	src/SOURCE/KB.cpp:gSetupHotSeatGameHelp[3]	d06a4e20e1a6dc08ae8d8f8701c00ee56c02c8b8ce1058729772c447e663dc87	Complete caller-body identity, typed pointer-table order and count; each original English and Buka Russian pointer slot checked in pinned executables; buka-combat-setup.json.
combat.morale.good	0xa2a14	0x8f1f4	0x6c42b	0x1a9fe	43cf275fee2f181375d208f58b101536bc34fc7c	src/SOURCE/CMBTMGR.cpp:?CheckApplyGoodMorale@combatManager@@QAEXHH@Z	2f18596e5f350ba454f745ae8a9f125746881dfe061d19ea88f8cb592f777545	Complete morale instruction, branch and bijective local-slot correspondence; both singular/plural uses documented in buka-combat-morale.json. Original NWC English and exact CP1251 Buka payloads checked.
combat.morale.bad	0xa2a78	0x8f260	0x6c5f9	0x1ab86	43cf275fee2f181375d208f58b101536bc34fc7c	src/SOURCE/CMBTMGR.cpp:?CheckApplyBadMorale@combatManager@@QAEHHH@Z	228284566e279732a89e9817c59978d24edd33fce03677b2efed94b8ff6e334f	Complete morale instruction, branch and bijective local-slot correspondence; both singular/plural uses documented in buka-combat-morale.json. Original NWC English and exact CP1251 Buka payloads checked.
setup.modem.initialization_prompt	0x9056c	0x9f6c4	0xc2a1	0x56ed2	43cf275fee2f181375d208f58b101536bc34fc7c	src/SOURCE/SETUP.cpp:?SetupComPort@game@@QAECXZ	b95b63d90059d449e3371f7fa53057641cbafaabc53d7af052737b7dd1181d6d	Complete instruction and reference correspondence with injective local-slot mapping; original English and exact Russian operands checked; buka-local-correspondence.json.
combat.armageddon.damage	0x908b0	0x9fba8	0x1046a	0x5c3e2	43cf275fee2f181375d208f58b101536bc34fc7c	src/SOURCE/SPELLS.cpp:?Armageddon@combatManager@@QAEXXZ	b8b54e6899a5789f609c14bc0ee4f43cf6b6cf87d518c17981be8e053111d618	Complete instruction and reference correspondence with injective local-slot mapping; original English and exact Russian operands checked; buka-local-correspondence.json.
startup.instance.event_name	0x9f7dc	0x9e724	0x32882	0x42caf	43cf275fee2f181375d208f58b101536bc34fc7c	src/SOURCE/kbwin.cpp:_WinMain@16	f1d410476d896443c3e693f4e6943783e2b56c3b4b6157ede1c24954db653018	Complete instruction and reference correspondence with injective local-slot mapping; original English and exact Russian operands checked; buka-local-correspondence.json.
startup.instance.game_title	0x9f7e4	0x9e72c	0x328bb	0x42ce0	43cf275fee2f181375d208f58b101536bc34fc7c	src/SOURCE/kbwin.cpp:_WinMain@16	6fe6472cd9a0ed152a53bb22d0f77ec78fd7a867b7d5beda718c0e27b36307c4	Complete instruction and reference correspondence with injective local-slot mapping; original English and exact Russian operands checked; buka-local-correspondence.json.
startup.instance.already_running	0x9f800	0x9e740	0x328c0	0x42ce5	43cf275fee2f181375d208f58b101536bc34fc7c	src/SOURCE/kbwin.cpp:_WinMain@16	6b1a2ab9e6527409ad05a13d1f7719c3db579bc36a88349ee0a49a07df0fea0c	Complete instruction and reference correspondence with injective local-slot mapping; original English and exact Russian operands checked; buka-local-correspondence.json.
startup.error.title	0x9f828	0x9e778	0x328d4	0x42cf9	43cf275fee2f181375d208f58b101536bc34fc7c	src/SOURCE/kbwin.cpp:_WinMain@16	ea92999cbaa78e9f2668df4e51161867c170b674eb7b9140a85c0b016f58635f	Complete instruction and reference correspondence with injective local-slot mapping; original English and exact Russian operands checked; buka-local-correspondence.json.
combat.tower.garrison.damage.prefix	0xa2b38	0x8f328	0x6e183	0x1c5f5	43cf275fee2f181375d208f58b101536bc34fc7c	src/SOURCE/CMBTMGR.cpp:KeepAttack	41737cd834e34cff00790cace94b14ed44294ad163427ff9f9b168455e411048	Complete keep-attack instruction/branch correspondence with bijective stack-byte mapping; original English and exact Buka operands checked; buka-keep-attack.json.
combat.spell.no_hero	0xa1390	0x8f830	0x4b41c	0x1e83f	43cf275fee2f181375d208f58b101536bc34fc7c	src/SOURCE/COMMAND.cpp:ProcessCombatMsg	370d410ab395cb9717a4bae5ab1ffcdc7945be5f39c3592ea56812c605ec91ba	Complete input instructions, switch tables and reference correspondence; original English and exact Buka operands checked; buka-combat-input.json.
combat.spell.already_cast	0xa13b4	0x8f860	0x4b45b	0x1e877	43cf275fee2f181375d208f58b101536bc34fc7c	src/SOURCE/COMMAND.cpp:ProcessCombatMsg	22bf795d8a4343910205a86ff2cb66320a84d54014006823e117a9749cf9bc4b	Complete input instructions, switch tables and reference correspondence; original English and exact Buka operands checked; buka-combat-input.json.
combat.confirm.retreat	0xa13e0	0x8f88c	0x4bed6	0x1f123	43cf275fee2f181375d208f58b101536bc34fc7c	src/SOURCE/COMMAND.cpp:DoCommand	170f99e2d47cc9db43d3f37db1cfba4553b8eeb9817f5f15fc047fbc50c966d5	Complete combat-command instructions, switch destinations and reference correspondence; original English and exact Russian checked; buka-combat-actions.json.
resource.gold.insufficient	0xa1404	0x8f8b0	0x4bf68	0x1f1a3	43cf275fee2f181375d208f58b101536bc34fc7c	src/SOURCE/COMMAND.cpp:DoCommand	c79e62129f545d442e0a5ebfe0d3f665a747b00c747baa58897358aed52a03d4	Complete combat-command instructions, switch destinations and reference correspondence; original English and exact Russian checked; buka-combat-actions.json.
combat.artifact.captured	0xa1420	0x8f8cc	0x4c2d8	0x1f4bc	43cf275fee2f181375d208f58b101536bc34fc7c	src/SOURCE/COMMAND.cpp:ShowWinLoseArtifact	9016d3fd6461a552ef201b66d7d44aed186a2bf6e52fe900fbb1859681fbd459	Complete result-window instruction, branch, reference and exception-cleanup correspondence; original English and exact Buka text checked; buka-combat-results.json.
combat.casualties.title	0xa1488	0x8f930	0x4c7b3	0x1f900	43cf275fee2f181375d208f58b101536bc34fc7c	src/SOURCE/COMMAND.cpp:ShowDeadArmies	ebff8d9659a7076dbc7738100dfffb88f4b1f7cce1943a5a5ce893765a0abe70	Complete result-window instruction, branch, reference and exception-cleanup correspondence; original English and exact Buka text checked; buka-combat-results.json.
combat.casualties.attacker	0xa14b0	0x8f948	0x4c8bf	0x1fa14	43cf275fee2f181375d208f58b101536bc34fc7c	src/SOURCE/COMMAND.cpp:ShowDeadArmies	69a856d79090ff4b66e7c1f63e6fcea135a2f3ee8640a8d8c94c13d35560b8f0	Complete result-window instruction, branch, reference and exception-cleanup correspondence; original English and exact Buka text checked; buka-combat-results.json.
combat.casualties.defender	0xa14bc	0x8f954	0x4c8c4	0x1fa20	43cf275fee2f181375d208f58b101536bc34fc7c	src/SOURCE/COMMAND.cpp:ShowDeadArmies	d9fb3871762cff743a74f3cca5e9b6009954f5acada15356065273ca36ca08f1	Complete result-window instruction, branch, reference and exception-cleanup correspondence; original English and exact Buka text checked; buka-combat-results.json.
common.none	0xa14d8	0x8f974	0x4c9c4	0x1fb18	43cf275fee2f181375d208f58b101536bc34fc7c	src/SOURCE/COMMAND.cpp:ShowDeadArmies	efd5530d3cca36fcf334deab0c280510220ff25e857c9c93256cf985f84bdca8	Complete result-window instruction, branch, reference and exception-cleanup correspondence; original English and exact Buka text checked; buka-combat-results.json.
combat.surrender.offer	0xa1570	0x8fa08	0x4dc98	0x20c6c	43cf275fee2f181375d208f58b101536bc34fc7c	src/SOURCE/COMMAND.cpp:DoSurrender	993c567715fca4d29ac07e16e913c427c9d9070e4f6951af57573362762c8224	Complete loss/surrender instruction, branch, operand and EH correspondence; exact original English and Buka Russian payloads; buka-combat-loss.json.
table.gSetupDCComPortHelp.0	0x0009c4e8	0x0009bc9c	0x00093be0	0x00093114	43cf275fee2f181375d208f58b101536bc34fc7c	src/SOURCE/KB.cpp:gSetupDCComPortHelp[0]	68c78b0d9190b9c600836ea8ad32c65a8a4b0eceb6554b2c788401f5f1c73f15	Complete caller-body identity, typed pointer-table order and count; each original English and Buka Russian pointer slot checked in pinned executables; buka-data-recovery.json.
table.gSetupDCComPortHelp.1	0x0009c514	0x0009bccc	0x00093be4	0x00093118	43cf275fee2f181375d208f58b101536bc34fc7c	src/SOURCE/KB.cpp:gSetupDCComPortHelp[1]	27cff7b5e4af0a469ca06a0dbcc60f7c4291ec17f62cf2cf0383fff18177cf5b	Complete caller-body identity, typed pointer-table order and count; each original English and Buka Russian pointer slot checked in pinned executables; buka-data-recovery.json.
table.gSetupDCComPortHelp.2	0x0009c540	0x0009bcfc	0x00093be8	0x0009311c	43cf275fee2f181375d208f58b101536bc34fc7c	src/SOURCE/KB.cpp:gSetupDCComPortHelp[2]	e03f1a547e97176d0debc3223cef3180241e5a3f8f590b1c80acb7165aab887b	Complete caller-body identity, typed pointer-table order and count; each original English and Buka Russian pointer slot checked in pinned executables; buka-data-recovery.json.
table.gSetupDCComPortHelp.3	0x0009c56c	0x0009bd2c	0x00093bec	0x00093120	43cf275fee2f181375d208f58b101536bc34fc7c	src/SOURCE/KB.cpp:gSetupDCComPortHelp[3]	5aca67f4ca3d5c1876c41786047642dfc6d4cfa07c4bb579c9afa771d2511b06	Complete caller-body identity, typed pointer-table order and count; each original English and Buka Russian pointer slot checked in pinned executables; buka-data-recovery.json.
table.gSetupDCComPortHelp.4	0x0009c598	0x0009bd5c	0x00093bf0	0x00093124	43cf275fee2f181375d208f58b101536bc34fc7c	src/SOURCE/KB.cpp:gSetupDCComPortHelp[4]	d06a4e20e1a6dc08ae8d8f8701c00ee56c02c8b8ce1058729772c447e663dc87	Complete caller-body identity, typed pointer-table order and count; each original English and Buka Russian pointer slot checked in pinned executables; buka-data-recovery.json.
table.gSetupComPortHelp.0	0x0009bec8	0x0009b5dc	0x00093bb0	0x000930ec	43cf275fee2f181375d208f58b101536bc34fc7c	src/SOURCE/KB.cpp:gSetupComPortHelp[0]	d00302d991c062bb87423a9992899532842205e21a5e8b8ec5e13c8839c3d280	Complete caller-body identity, typed pointer-table order and count; each original English and Buka Russian pointer slot checked in pinned executables; buka-data-recovery.json.
table.gSetupComPortHelp.1	0x0009bef4	0x0009b610	0x00093bb4	0x000930f0	43cf275fee2f181375d208f58b101536bc34fc7c	src/SOURCE/KB.cpp:gSetupComPortHelp[1]	8baeda087a34d220ec32f074a2d17b39f6872af0ea99d70064923d8b3a7ad6c4	Complete caller-body identity, typed pointer-table order and count; each original English and Buka Russian pointer slot checked in pinned executables; buka-data-recovery.json.
table.gSetupComPortHelp.2	0x0009bf20	0x0009b644	0x00093bb8	0x000930f4	43cf275fee2f181375d208f58b101536bc34fc7c	src/SOURCE/KB.cpp:gSetupComPortHelp[2]	8420f7ffe1d7aab59eb8703150b0d038a2351971cb3c68668e187d66cf49dd55	Complete caller-body identity, typed pointer-table order and count; each original English and Buka Russian pointer slot checked in pinned executables; buka-data-recovery.json.
table.gSetupComPortHelp.3	0x0009bf4c	0x0009b678	0x00093bbc	0x000930f8	43cf275fee2f181375d208f58b101536bc34fc7c	src/SOURCE/KB.cpp:gSetupComPortHelp[3]	5bef571f7e83f0e0234733249ea0dfd23b19a5014fed54b41a9493f6bc291e82	Complete caller-body identity, typed pointer-table order and count; each original English and Buka Russian pointer slot checked in pinned executables; buka-data-recovery.json.
table.gSetupComPortHelp.4	0x0009bf78	0x0009b6ac	0x00093bc0	0x000930fc	43cf275fee2f181375d208f58b101536bc34fc7c	src/SOURCE/KB.cpp:gSetupComPortHelp[4]	d06a4e20e1a6dc08ae8d8f8701c00ee56c02c8b8ce1058729772c447e663dc87	Complete caller-body identity, typed pointer-table order and count; each original English and Buka Russian pointer slot checked in pinned executables; buka-data-recovery.json.
table.gWinSetupText.0	0x0009e468	0x0009d8d0	0x00093e20	0x00093318	43cf275fee2f181375d208f58b101536bc34fc7c	src/SOURCE/KB.cpp:gWinSetupText[0]	5a723de70ab5a7910a4bfd3d9aabf98746cc0e9f4c04e2c3b456411c35a0f077	Complete caller-body identity, typed pointer-table order and count; each original English and Buka Russian pointer slot checked in pinned executables; buka-data-recovery.json.
table.gWinSetupText.1	0x0009e478	0x0009d8e0	0x00093e24	0x0009331c	43cf275fee2f181375d208f58b101536bc34fc7c	src/SOURCE/KB.cpp:gWinSetupText[1]	1ed941157da795c47019e939056c604858178367c82a09fb6b089cac7691dd95	Complete caller-body identity, typed pointer-table order and count; each original English and Buka Russian pointer slot checked in pinned executables; buka-data-recovery.json.
table.gWinSetupText.2	0x0009e488	0x0009d8ec	0x00093e28	0x00093320	43cf275fee2f181375d208f58b101536bc34fc7c	src/SOURCE/KB.cpp:gWinSetupText[2]	88d94f1286cf1b0382f921808462ca85afb0a1ba756825045718b4c8c5de5777	Complete caller-body identity, typed pointer-table order and count; each original English and Buka Russian pointer slot checked in pinned executables; buka-data-recovery.json.
table.gWinSetupText.3	0x0009e49c	0x0009d8f8	0x00093e2c	0x00093324	43cf275fee2f181375d208f58b101536bc34fc7c	src/SOURCE/KB.cpp:gWinSetupText[3]	245d4116d7f07885e6dfa134c7d71e9b8b6d5339f920387656d17e2541109bd8	Complete caller-body identity, typed pointer-table order and count; each original English and Buka Russian pointer slot checked in pinned executables; buka-data-recovery.json.
table.gWinSetupText.4	0x0009e4cc	0x0009d91c	0x00093e30	0x00093328	43cf275fee2f181375d208f58b101536bc34fc7c	src/SOURCE/KB.cpp:gWinSetupText[4]	be535c08ee362aec1690876d60d697a54550a30b1a7f0b432a355881029ebee6	Complete caller-body identity, typed pointer-table order and count; each original English and Buka Russian pointer slot checked in pinned executables; buka-data-recovery.json.
table.gWinSetupText.5	0x0009e4d8	0x0009d92c	0x00093e34	0x0009332c	43cf275fee2f181375d208f58b101536bc34fc7c	src/SOURCE/KB.cpp:gWinSetupText[5]	9f9129ff269f765872933bf96fdd9e5f95427d2d76ffe5d186963da69ecd635c	Complete caller-body identity, typed pointer-table order and count; each original English and Buka Russian pointer slot checked in pinned executables; buka-data-recovery.json.
table.gWinSetupText.6	0x0009e4e8	0x0009d93c	0x00093e38	0x00093330	43cf275fee2f181375d208f58b101536bc34fc7c	src/SOURCE/KB.cpp:gWinSetupText[6]	3704691f343900e6dd310a7502572032f3dce13c602c065b4284e41bb284cae2	Complete caller-body identity, typed pointer-table order and count; each original English and Buka Russian pointer slot checked in pinned executables; buka-data-recovery.json.
table.gWinSetupText.7	0x0009e4f0	0x0009d944	0x00093e3c	0x00093334	43cf275fee2f181375d208f58b101536bc34fc7c	src/SOURCE/KB.cpp:gWinSetupText[7]	434ad278736ab9670a30a633e9c10034a952d0dcd252cbd30619d79d63a6ed24	Complete caller-body identity, typed pointer-table order and count; each original English and Buka Russian pointer slot checked in pinned executables; buka-data-recovery.json.
table.gWinSetupText.8	0x0009e4fc	0x0009d94c	0x00093e40	0x00093338	43cf275fee2f181375d208f58b101536bc34fc7c	src/SOURCE/KB.cpp:gWinSetupText[8]	58c66449a18751aa0e452de5429f5f77e3958a1e297536920fe803bc5b748ece	Complete caller-body identity, typed pointer-table order and count; each original English and Buka Russian pointer slot checked in pinned executables; buka-data-recovery.json.
table.gWinSetupText.9	0x0009e504	0x0009d954	0x00093e44	0x0009333c	43cf275fee2f181375d208f58b101536bc34fc7c	src/SOURCE/KB.cpp:gWinSetupText[9]	7c62b92766cf924f39c87cf7919327164e91cd12877235eef064de960964e8fa	Complete caller-body identity, typed pointer-table order and count; each original English and Buka Russian pointer slot checked in pinned executables; buka-data-recovery.json.
table.gWinSetupText.10	0x0009e514	0x0009d964	0x00093e48	0x00093340	43cf275fee2f181375d208f58b101536bc34fc7c	src/SOURCE/KB.cpp:gWinSetupText[10]	1f6f8137d82921ff45159a07cf8a6af173590de0c54f9e52ed9d8a79dd03f678	Complete caller-body identity, typed pointer-table order and count; each original English and Buka Russian pointer slot checked in pinned executables; buka-data-recovery.json.
table.gWinSetupText.11	0x0009e51c	0x0009d96c	0x00093e4c	0x00093344	43cf275fee2f181375d208f58b101536bc34fc7c	src/SOURCE/KB.cpp:gWinSetupText[11]	c4757d2f1f7cf16efa35309e2f22124860c4d4ebd8fa083931d8f0270590b7f6	Complete caller-body identity, typed pointer-table order and count; each original English and Buka Russian pointer slot checked in pinned executables; buka-data-recovery.json.
table.gWinSetupText.12	0x0009e524	0x0009d974	0x00093e50	0x00093348	43cf275fee2f181375d208f58b101536bc34fc7c	src/SOURCE/KB.cpp:gWinSetupText[12]	7a9bbb8d78dd53f34440905d0e5ed129e0d95dc98ef79c6754d843127b06ef62	Complete caller-body identity, typed pointer-table order and count; each original English and Buka Russian pointer slot checked in pinned executables; buka-data-recovery.json.
table.gWinSetupText.13	0x0009e534	0x0009d984	0x00093e54	0x0009334c	43cf275fee2f181375d208f58b101536bc34fc7c	src/SOURCE/KB.cpp:gWinSetupText[13]	64b749ce7f6fd5b28b64deb39d9cae75aa6b90908c6d837ba7d6d01f0c0d4096	Complete caller-body identity, typed pointer-table order and count; each original English and Buka Russian pointer slot checked in pinned executables; buka-data-recovery.json.
table.gWinSetupText.14	0x0009e53c	0x0009d990	0x00093e58	0x00093350	43cf275fee2f181375d208f58b101536bc34fc7c	src/SOURCE/KB.cpp:gWinSetupText[14]	04d0ea5fe186d60442c639ae860c35809180ec12c2b855e23b735edba239859a	Complete caller-body identity, typed pointer-table order and count; each original English and Buka Russian pointer slot checked in pinned executables; buka-data-recovery.json.
table.gWinSetupText.15	0x0009e548	0x0009d998	0x00093e5c	0x00093354	43cf275fee2f181375d208f58b101536bc34fc7c	src/SOURCE/KB.cpp:gWinSetupText[15]	e3ce6c4b86769f1879bc27bc4c93f3dfe520b6ba6369d76fc1f6c2b0b0c14bb7	Complete caller-body identity, typed pointer-table order and count; each original English and Buka Russian pointer slot checked in pinned executables; buka-data-recovery.json.
table.gWinSetupText.16	0x0009e55c	0x0009d9b0	0x00093e60	0x00093358	43cf275fee2f181375d208f58b101536bc34fc7c	src/SOURCE/KB.cpp:gWinSetupText[16]	458e050f8b6c801636b207c83c386b86a6a1e5192db281d085a961b4456f8a69	Complete caller-body identity, typed pointer-table order and count; each original English and Buka Russian pointer slot checked in pinned executables; buka-data-recovery.json.
table.gWinSetupText.17	0x0009e580	0x0009d9d4	0x00093e64	0x0009335c	43cf275fee2f181375d208f58b101536bc34fc7c	src/SOURCE/KB.cpp:gWinSetupText[17]	52362834f360a3641154fec265f4d947a6fcabf13d2a994adcfaff34f8b99d3d	Complete caller-body identity, typed pointer-table order and count; each original English and Buka Russian pointer slot checked in pinned executables; buka-data-recovery.json.
table.gWinSetupText.18	0x0009e590	0x0009d9dc	0x00093e68	0x00093360	43cf275fee2f181375d208f58b101536bc34fc7c	src/SOURCE/KB.cpp:gWinSetupText[18]	7437eeaf6b73482197029f5e8c71aad4da716421a0d5fffb8dd21c1b8afb2f4e	Complete caller-body identity, typed pointer-table order and count; each original English and Buka Russian pointer slot checked in pinned executables; buka-data-recovery.json.
table.gWinSetupText.19	0x0009e5a0	0x0009d9e4	0x00093e6c	0x00093364	43cf275fee2f181375d208f58b101536bc34fc7c	src/SOURCE/KB.cpp:gWinSetupText[19]	729225b65567df1fd1ea48894e797a839330cdb0d46cb248b78669ee74d1fdd5	Complete caller-body identity, typed pointer-table order and count; each original English and Buka Russian pointer slot checked in pinned executables; buka-data-recovery.json.
table.gWinSetupText.20	0x0009e5ac	0x0009d9f0	0x00093e70	0x00093368	43cf275fee2f181375d208f58b101536bc34fc7c	src/SOURCE/KB.cpp:gWinSetupText[20]	d815cac2ad000533b51abb39d1772a46ddcfd77f1ed298aac46d4837cc2b82db	Complete caller-body identity, typed pointer-table order and count; each original English and Buka Russian pointer slot checked in pinned executables; buka-data-recovery.json.
table.gWinSetupText.21	0x0009e5b8	0x0009d9f8	0x00093e74	0x0009336c	43cf275fee2f181375d208f58b101536bc34fc7c	src/SOURCE/KB.cpp:gWinSetupText[21]	b9cfb1ed11547ec185ccd3aff0e602a5f69bc16b4746b88a21f19c06706c0968	Complete caller-body identity, typed pointer-table order and count; each original English and Buka Russian pointer slot checked in pinned executables; buka-data-recovery.json.
table.gWinSetupText.22	0x0009e5e8	0x0009da34	0x00093e78	0x00093370	43cf275fee2f181375d208f58b101536bc34fc7c	src/SOURCE/KB.cpp:gWinSetupText[22]	07c94286f4c833307d547524c67e72c829faa7089729c795c3216269364ead0c	Complete caller-body identity, typed pointer-table order and count; each original English and Buka Russian pointer slot checked in pinned executables; buka-data-recovery.json.
table.gWinSetupText.23	0x0009e600	0x0009da48	0x00093e7c	0x00093374	43cf275fee2f181375d208f58b101536bc34fc7c	src/SOURCE/KB.cpp:gWinSetupText[23]	7ea10b3541dd1d20c013cb7d6a6e193fd0ab6fe755e85cc45b11d20aa82be88d	Complete caller-body identity, typed pointer-table order and count; each original English and Buka Russian pointer slot checked in pinned executables; buka-data-recovery.json.
table.gWinSetupText.24	0x0009e608	0x0009da50	0x00093e80	0x00093378	43cf275fee2f181375d208f58b101536bc34fc7c	src/SOURCE/KB.cpp:gWinSetupText[24]	06e42820fa6d304089492b79e3417d4c87198e1e1929b24a5ff89c44b429d671	Complete caller-body identity, typed pointer-table order and count; each original English and Buka Russian pointer slot checked in pinned executables; buka-data-recovery.json.
table.gWinSetupText.25	0x0009e610	0x0009da58	0x00093e84	0x0009337c	43cf275fee2f181375d208f58b101536bc34fc7c	src/SOURCE/KB.cpp:gWinSetupText[25]	378da8b5a6db2f90ef6cf759c926e40bcc7547840e92e744d95920287237a0d3	Complete caller-body identity, typed pointer-table order and count; each original English and Buka Russian pointer slot checked in pinned executables; buka-data-recovery.json.
table.gWinSetupText.26	0x0009e618	0x0009da60	0x00093e88	0x00093380	43cf275fee2f181375d208f58b101536bc34fc7c	src/SOURCE/KB.cpp:gWinSetupText[26]	f82022d8dfb589e465749e994c2028eb13df3a483289f87f9e4637b72f520594	Complete caller-body identity, typed pointer-table order and count; each original English and Buka Russian pointer slot checked in pinned executables; buka-data-recovery.json.
table.gWinSetupText.27	0x0009e620	0x0009da68	0x00093e8c	0x00093384	43cf275fee2f181375d208f58b101536bc34fc7c	src/SOURCE/KB.cpp:gWinSetupText[27]	652f67ca76e748c4dfd38f612fc6218878fa4cb41efc670738faf19bab8aca1c	Complete caller-body identity, typed pointer-table order and count; each original English and Buka Russian pointer slot checked in pinned executables; buka-data-recovery.json.
table.gWinSetupText.28	0x0009e638	0x0009da7c	0x00093e90	0x00093388	43cf275fee2f181375d208f58b101536bc34fc7c	src/SOURCE/KB.cpp:gWinSetupText[28]	12876a107aafe7f570bf433219fe0e9a5bbe80b8fffdc4c9d2e071f59c98411c	Complete caller-body identity, typed pointer-table order and count; each original English and Buka Russian pointer slot checked in pinned executables; buka-data-recovery.json.
table.gWinSetupText.29	0x0009e640	0x0009da84	0x00093e94	0x0009338c	43cf275fee2f181375d208f58b101536bc34fc7c	src/SOURCE/KB.cpp:gWinSetupText[29]	12876a107aafe7f570bf433219fe0e9a5bbe80b8fffdc4c9d2e071f59c98411c	Complete caller-body identity, typed pointer-table order and count; each original English and Buka Russian pointer slot checked in pinned executables; buka-data-recovery.json.
table.gWinSetupText.30	0x0009e648	0x0009da8c	0x00093e98	0x00093390	43cf275fee2f181375d208f58b101536bc34fc7c	src/SOURCE/KB.cpp:gWinSetupText[30]	12876a107aafe7f570bf433219fe0e9a5bbe80b8fffdc4c9d2e071f59c98411c	Complete caller-body identity, typed pointer-table order and count; each original English and Buka Russian pointer slot checked in pinned executables; buka-data-recovery.json.
table.gWinSetupText.31	0x0009e650	0x0009da94	0x00093e9c	0x00093394	43cf275fee2f181375d208f58b101536bc34fc7c	src/SOURCE/KB.cpp:gWinSetupText[31]	5064c155a50e7a245154d4140a72bfcf5b00f11f81c48223017a0a1ce64a6395	Complete caller-body identity, typed pointer-table order and count; each original English and Buka Russian pointer slot checked in pinned executables; buka-data-recovery.json.
table.gWinSetupText.32	0x0009e660	0x0009da9c	0x00093ea0	0x00093398	43cf275fee2f181375d208f58b101536bc34fc7c	src/SOURCE/KB.cpp:gWinSetupText[32]	822660ddae4ecf5fc832861f80550c621c3790ec350e481c583b35e17896dcec	Complete caller-body identity, typed pointer-table order and count; each original English and Buka Russian pointer slot checked in pinned executables; buka-data-recovery.json.
table.gWinSetupText.33	0x0009e674	0x0009daa8	0x00093ea4	0x0009339c	43cf275fee2f181375d208f58b101536bc34fc7c	src/SOURCE/KB.cpp:gWinSetupText[33]	48e1fe91a74ff55f4419c7b86f5df580bc73e54e9e7585cd894deee4a7869396	Complete caller-body identity, typed pointer-table order and count; each original English and Buka Russian pointer slot checked in pinned executables; buka-data-recovery.json.
table.gWinSetupText.34	0x0009e688	0x0009dab4	0x00093ea8	0x000933a0	43cf275fee2f181375d208f58b101536bc34fc7c	src/SOURCE/KB.cpp:gWinSetupText[34]	f1d410476d896443c3e693f4e6943783e2b56c3b4b6157ede1c24954db653018	Complete caller-body identity, typed pointer-table order and count; each original English and Buka Russian pointer slot checked in pinned executables; buka-data-recovery.json.
table.gWinSetupText.35	0x0009e690	0x0009dabc	0x00093eac	0x000933a4	43cf275fee2f181375d208f58b101536bc34fc7c	src/SOURCE/KB.cpp:gWinSetupText[35]	f4ebc9144842a3fbf128eb91d0ccd1280f5462d43e7eff205b2ef1964ac3fcdc	Complete caller-body identity, typed pointer-table order and count; each original English and Buka Russian pointer slot checked in pinned executables; buka-data-recovery.json.
table.gWinSetupText.36	0x0009e698	0x0009dac4	0x00093eb0	0x000933a8	43cf275fee2f181375d208f58b101536bc34fc7c	src/SOURCE/KB.cpp:gWinSetupText[36]	ea44d254c8a6ddf3419c593d886714b25de8fa7062a5ba2171d70ceb9f02a8b0	Complete caller-body identity, typed pointer-table order and count; each original English and Buka Russian pointer slot checked in pinned executables; buka-data-recovery.json.
table.gWinSetupText.37	0x0009e6a0	0x0009dacc	0x00093eb4	0x000933ac	43cf275fee2f181375d208f58b101536bc34fc7c	src/SOURCE/KB.cpp:gWinSetupText[37]	0311317eecb6722041b10448c7022adb8f154c99c5dbf3f24bbe58d801237802	Complete caller-body identity, typed pointer-table order and count; each original English and Buka Russian pointer slot checked in pinned executables; buka-data-recovery.json.
table.gWinSetupText.38	0x0009e6a8	0x0009dad4	0x00093eb8	0x000933b0	43cf275fee2f181375d208f58b101536bc34fc7c	src/SOURCE/KB.cpp:gWinSetupText[38]	3149a77216e2d9ddc4beb9c10d84eedd1fe530396f5487f7ec95004146b559ba	Complete caller-body identity, typed pointer-table order and count; each original English and Buka Russian pointer slot checked in pinned executables; buka-data-recovery.json.
table.gWinSetupText.39	0x0009e6b4	0x0009dadc	0x00093ebc	0x000933b4	43cf275fee2f181375d208f58b101536bc34fc7c	src/SOURCE/KB.cpp:gWinSetupText[39]	4a419dc2f76d06b22b60aded5dfcd059561d814c4103618705057d2f243df473	Complete caller-body identity, typed pointer-table order and count; each original English and Buka Russian pointer slot checked in pinned executables; buka-data-recovery.json.
table.gWinSetupText.40	0x0009e6c8	0x0009daec	0x00093ec0	0x000933b8	43cf275fee2f181375d208f58b101536bc34fc7c	src/SOURCE/KB.cpp:gWinSetupText[40]	f131993d7b4547d35d9564cf0fd730f2a9e47d84c2506d0a81632647298f9a64	Complete caller-body identity, typed pointer-table order and count; each original English and Buka Russian pointer slot checked in pinned executables; buka-data-recovery.json.
table.gWinSetupText.41	0x0009e6d0	0x0009daf4	0x00093ec4	0x000933bc	43cf275fee2f181375d208f58b101536bc34fc7c	src/SOURCE/KB.cpp:gWinSetupText[41]	8fecee4832f234b3df43cdeca9c712e400e9ec3173aaa148281164dbde4e7bc7	Complete caller-body identity, typed pointer-table order and count; each original English and Buka Russian pointer slot checked in pinned executables; buka-data-recovery.json.
table.gWinSetupText.42	0x0009e6dc	0x0009dafc	0x00093ec8	0x000933c0	43cf275fee2f181375d208f58b101536bc34fc7c	src/SOURCE/KB.cpp:gWinSetupText[42]	ecee7cd853ba1f9afb1c157a3f343f5c21cb3aeb799bc612ff1abe50e1806eed	Complete caller-body identity, typed pointer-table order and count; each original English and Buka Russian pointer slot checked in pinned executables; buka-data-recovery.json.
table.gWinSetupText.43	0x0009e6ec	0x0009db08	0x00093ecc	0x000933c4	43cf275fee2f181375d208f58b101536bc34fc7c	src/SOURCE/KB.cpp:gWinSetupText[43]	4e7d828de0ef3a288505a64ef3d80f9ca2176450d16826198a55a7cab4d709e3	Complete caller-body identity, typed pointer-table order and count; each original English and Buka Russian pointer slot checked in pinned executables; buka-data-recovery.json.
table.gWinSetupText.44	0x0009e6f8	0x0009db10	0x00093ed0	0x000933c8	43cf275fee2f181375d208f58b101536bc34fc7c	src/SOURCE/KB.cpp:gWinSetupText[44]	851e8e9f5b1ad96752826e27597836fb7e7d74af13a8fe4585cc0924ae91d2c1	Complete caller-body identity, typed pointer-table order and count; each original English and Buka Russian pointer slot checked in pinned executables; buka-data-recovery.json.
table.gWinSetupText.45	0x0009e704	0x0009db1c	0x00093ed4	0x000933cc	43cf275fee2f181375d208f58b101536bc34fc7c	src/SOURCE/KB.cpp:gWinSetupText[45]	7c62b92766cf924f39c87cf7919327164e91cd12877235eef064de960964e8fa	Complete caller-body identity, typed pointer-table order and count; each original English and Buka Russian pointer slot checked in pinned executables; buka-data-recovery.json.
table.gWinSetupText.46	0x0009e714	0x0009db2c	0x00093ed8	0x000933d0	43cf275fee2f181375d208f58b101536bc34fc7c	src/SOURCE/KB.cpp:gWinSetupText[46]	9d0d5d305035fbddce764a84774d7c3dcbed7f31c23550b7e6dca058f883e796	Complete caller-body identity, typed pointer-table order and count; each original English and Buka Russian pointer slot checked in pinned executables; buka-data-recovery.json.
table.gWinSetupText.47	0x0009e728	0x0009db40	0x00093edc	0x000933d4	43cf275fee2f181375d208f58b101536bc34fc7c	src/SOURCE/KB.cpp:gWinSetupText[47]	fa568e481a088bc6615fe6b6533f3ebf04605a50431e771f97ec05fad578e1cb	Complete caller-body identity, typed pointer-table order and count; each original English and Buka Russian pointer slot checked in pinned executables; buka-data-recovery.json.
table.gWinSetupText.48	0x0009e738	0x0009db48	0x00093ee0	0x000933d8	43cf275fee2f181375d208f58b101536bc34fc7c	src/SOURCE/KB.cpp:gWinSetupText[48]	52362834f360a3641154fec265f4d947a6fcabf13d2a994adcfaff34f8b99d3d	Complete caller-body identity, typed pointer-table order and count; each original English and Buka Russian pointer slot checked in pinned executables; buka-data-recovery.json.
table.gWinSetupText.49	0x0009e748	0x0009db50	0x00093ee4	0x000933dc	43cf275fee2f181375d208f58b101536bc34fc7c	src/SOURCE/KB.cpp:gWinSetupText[49]	7437eeaf6b73482197029f5e8c71aad4da716421a0d5fffb8dd21c1b8afb2f4e	Complete caller-body identity, typed pointer-table order and count; each original English and Buka Russian pointer slot checked in pinned executables; buka-data-recovery.json.
table.gWinSetupText.50	0x0009e758	0x0009db58	0x00093ee8	0x000933e0	43cf275fee2f181375d208f58b101536bc34fc7c	src/SOURCE/KB.cpp:gWinSetupText[50]	729225b65567df1fd1ea48894e797a839330cdb0d46cb248b78669ee74d1fdd5	Complete caller-body identity, typed pointer-table order and count; each original English and Buka Russian pointer slot checked in pinned executables; buka-data-recovery.json.
table.gWinSetupText.51	0x0009e764	0x0009db64	0x00093eec	0x000933e4	43cf275fee2f181375d208f58b101536bc34fc7c	src/SOURCE/KB.cpp:gWinSetupText[51]	ed29ff6f15bdf68a9b1b6e6512b69231e905a81c998455acce2085883f121fbe	Complete caller-body identity, typed pointer-table order and count; each original English and Buka Russian pointer slot checked in pinned executables; buka-data-recovery.json.
table.gWinSetupText.52	0x0009e770	0x0009db70	0x00093ef0	0x000933e8	43cf275fee2f181375d208f58b101536bc34fc7c	src/SOURCE/KB.cpp:gWinSetupText[52]	3704691f343900e6dd310a7502572032f3dce13c602c065b4284e41bb284cae2	Complete caller-body identity, typed pointer-table order and count; each original English and Buka Russian pointer slot checked in pinned executables; buka-data-recovery.json.
table.gWinSetupText.53	0x0009e778	0x0009db78	0x00093ef4	0x000933ec	43cf275fee2f181375d208f58b101536bc34fc7c	src/SOURCE/KB.cpp:gWinSetupText[53]	fc076368262959110aa7f3b3f7fcf8c854d4790277c13315bafaaedca276e778	Complete caller-body identity, typed pointer-table order and count; each original English and Buka Russian pointer slot checked in pinned executables; buka-data-recovery.json.
table.gWinSetupText.54	0x0009e7b4	0x0009dba8	0x00093ef8	0x000933f0	43cf275fee2f181375d208f58b101536bc34fc7c	src/SOURCE/KB.cpp:gWinSetupText[54]	9f3e023db516b4dbfe6801e4c9565325061f0207dcf7f194b030b9e74599aa3b	Complete caller-body identity, typed pointer-table order and count; each original English and Buka Russian pointer slot checked in pinned executables; buka-data-recovery.json.
table.gWinSetupText.55	0x0009e7d4	0x0009dbcc	0x00093efc	0x000933f4	43cf275fee2f181375d208f58b101536bc34fc7c	src/SOURCE/KB.cpp:gWinSetupText[55]	880c11d812105eb4c96821c9fda529cefedf7c699cdefaebf12b4cc2364b46e4	Complete caller-body identity, typed pointer-table order and count; each original English and Buka Russian pointer slot checked in pinned executables; buka-data-recovery.json.
table.gWinSetupText.56	0x0009e7dc	0x0009dbd0	0x00093f00	0x000933f8	43cf275fee2f181375d208f58b101536bc34fc7c	src/SOURCE/KB.cpp:gWinSetupText[56]	131aad0231b9432b4a66891bfae597cf6de9dc10b993398f458aac1b45f75318	Complete caller-body identity, typed pointer-table order and count; each original English and Buka Russian pointer slot checked in pinned executables; buka-data-recovery.json.
table.gWinSetupText.57	0x0009e7e4	0x0009dbd4	0x00093f04	0x000933fc	43cf275fee2f181375d208f58b101536bc34fc7c	src/SOURCE/KB.cpp:gWinSetupText[57]	e8f96d80de94a36265817b5eeafbf3b9d7f2c14110c550946f2dec8122c274b4	Complete caller-body identity, typed pointer-table order and count; each original English and Buka Russian pointer slot checked in pinned executables; buka-data-recovery.json.
table.gWinSetupText.58	0x0009e7ec	0x0009dbd8	0x00093f08	0x00093400	43cf275fee2f181375d208f58b101536bc34fc7c	src/SOURCE/KB.cpp:gWinSetupText[58]	8dd0b3b46e71a2f2a6bb55f3f22274d5e04854cf1e48fc9559a650f93710ad16	Complete caller-body identity, typed pointer-table order and count; each original English and Buka Russian pointer slot checked in pinned executables; buka-data-recovery.json.
table.gWinSetupText.59	0x0009e7f4	0x0009dbdc	0x00093f0c	0x00093404	43cf275fee2f181375d208f58b101536bc34fc7c	src/SOURCE/KB.cpp:gWinSetupText[59]	c2cf8abec5bd349cecaf093def01dc28867947e8eb7d140311e3a77904b1dfeb	Complete caller-body identity, typed pointer-table order and count; each original English and Buka Russian pointer slot checked in pinned executables; buka-data-recovery.json.
table.gWinSetupText.60	0x0009e808	0x0009dbe8	0x00093f10	0x00093408	43cf275fee2f181375d208f58b101536bc34fc7c	src/SOURCE/KB.cpp:gWinSetupText[60]	f692a087748fbaa2a450a59de41af14db80422daaa0380dcf1b4d60f637962e9	Complete caller-body identity, typed pointer-table order and count; each original English and Buka Russian pointer slot checked in pinned executables; buka-data-recovery.json.
table.gWinSetupText.61	0x0009e81c	0x0009dbf0	0x00093f14	0x0009340c	43cf275fee2f181375d208f58b101536bc34fc7c	src/SOURCE/KB.cpp:gWinSetupText[61]	fb3295266a242bd4d584f4ca900d2b4389196240640e847da16bd4b34a750668	Complete caller-body identity, typed pointer-table order and count; each original English and Buka Russian pointer slot checked in pinned executables; buka-data-recovery.json.
table.gWinSetupText.62	0x0009e830	0x0009dbf8	0x00093f18	0x00093410	43cf275fee2f181375d208f58b101536bc34fc7c	src/SOURCE/KB.cpp:gWinSetupText[62]	56d8dd9c7fb1993716a3bcd1dcfe506002b776231b14f29aecda1902d4b202f6	Complete caller-body identity, typed pointer-table order and count; each original English and Buka Russian pointer slot checked in pinned executables; buka-data-recovery.json.
table.gWinSetupText.63	0x0009e844	0x0009dc00	0x00093f1c	0x00093414	43cf275fee2f181375d208f58b101536bc34fc7c	src/SOURCE/KB.cpp:gWinSetupText[63]	be79de21936155bdfe72021b4248f1a1229d6ca8c34665e34c58ec97c4deab34	Complete caller-body identity, typed pointer-table order and count; each original English and Buka Russian pointer slot checked in pinned executables; buka-data-recovery.json.
table.gWinSetupText.64	0x0009e85c	0x0009dc1c	0x00093f20	0x00093418	43cf275fee2f181375d208f58b101536bc34fc7c	src/SOURCE/KB.cpp:gWinSetupText[64]	ef31035087676c63c091064390c1c80b3257d761c7f01b6ee8d1ee5b9a426756	Complete caller-body identity, typed pointer-table order and count; each original English and Buka Russian pointer slot checked in pinned executables; buka-data-recovery.json.
table.gWinSetupText.65	0x0009e874	0x0009dc38	0x00093f24	0x0009341c	43cf275fee2f181375d208f58b101536bc34fc7c	src/SOURCE/KB.cpp:gWinSetupText[65]	73954f6179d14ddc99c9a68f01366f4946814dd7fe879a40a48b327c49645c84	Complete caller-body identity, typed pointer-table order and count; each original English and Buka Russian pointer slot checked in pinned executables; buka-data-recovery.json.
table.gWinSetupText.66	0x0009e88c	0x0009dc4c	0x00093f28	0x00093420	43cf275fee2f181375d208f58b101536bc34fc7c	src/SOURCE/KB.cpp:gWinSetupText[66]	efbfa56efca00ee088ebe8d97adfa279c205663055efa4adebbe7085591fa0e7	Complete caller-body identity, typed pointer-table order and count; each original English and Buka Russian pointer slot checked in pinned executables; buka-data-recovery.json.
table.gWinSetupText.67	0x0009e8a4	0x0009dc60	0x00093f2c	0x00093424	43cf275fee2f181375d208f58b101536bc34fc7c	src/SOURCE/KB.cpp:gWinSetupText[67]	f329c9378443165ab0249bd4a50ab689bd7ada35e87aebc4671337880a9afcc5	Complete caller-body identity, typed pointer-table order and count; each original English and Buka Russian pointer slot checked in pinned executables; buka-data-recovery.json.
table.gCombatMessage.1	0x0009aed4	0x0009a4e4	0x00093954	0x00092eac	43cf275fee2f181375d208f58b101536bc34fc7c	src/SOURCE/KB.cpp:gCombatMessage[1]	d7706308e992c27b9ac03461cb74a5ff134957b4ecd6a464f2240481b484f893	Both retail pointer tables and CombatMessage call arguments; buka-command-messages.json.
table.gCombatMessage.2	0x0009aee4	0x0009a4f4	0x00093958	0x00092eb0	43cf275fee2f181375d208f58b101536bc34fc7c	src/SOURCE/KB.cpp:gCombatMessage[2]	f81c27272de2448fd80fb5139714e8928184ae92221cfaf973a99664edca6221	Both retail pointer tables and CombatMessage call arguments; buka-command-messages.json.
table.gCombatMessage.3	0x0009aef4	0x0009a50c	0x0009395c	0x00092eb4	43cf275fee2f181375d208f58b101536bc34fc7c	src/SOURCE/KB.cpp:gCombatMessage[3]	0ce1bca4b668d46af0bbe04cfd04dbe3afe7c7317dcff738f99e96327886e2a4	Both retail pointer tables and CombatMessage call arguments; buka-command-messages.json.
table.gCombatMessage.4	0x0009af00	0x0009a51c	0x00093960	0x00092eb8	43cf275fee2f181375d208f58b101536bc34fc7c	src/SOURCE/KB.cpp:gCombatMessage[4]	2eb61a6dee3439bf00ce31b5711c53ac16a90a42556d2b6dc728dbc1a6eb1b9c	Both retail pointer tables and CombatMessage call arguments; buka-command-messages.json.
table.gCombatMessage.5	0x0009af1c	0x0009a544	0x00093964	0x00092ebc	43cf275fee2f181375d208f58b101536bc34fc7c	src/SOURCE/KB.cpp:gCombatMessage[5]	2a60f9b8c1ca952555fb8d13542ab1bac8de1fa3bae28d90e8e97a87cf07bfb1	Both retail pointer tables and CombatMessage call arguments; buka-command-messages.json.
table.gCombatMessage.6	0x0009af30	0x0009a558	0x00093968	0x00092ec0	43cf275fee2f181375d208f58b101536bc34fc7c	src/SOURCE/KB.cpp:gCombatMessage[6]	ddabbddb95b4523d94b6c54aeff90e6dfe4e41689cee5b6417324efd01b964f3	Both retail pointer tables and CombatMessage call arguments; buka-command-messages.json.
table.gCombatMessage.7	0x0009af48	0x0009a568	0x0009396c	0x00092ec4	43cf275fee2f181375d208f58b101536bc34fc7c	src/SOURCE/KB.cpp:gCombatMessage[7]	205d0ce9afa5a9f1c64d64e1d5894b2a5f65367d25c4f928dec96170283947b2	Both retail pointer tables and CombatMessage call arguments; buka-command-messages.json.
table.gCombatMessage.8	0x0009af58	0x0009a580	0x00093970	0x00092ec8	43cf275fee2f181375d208f58b101536bc34fc7c	src/SOURCE/KB.cpp:gCombatMessage[8]	0887487dc29681fa71ea4bffd3499eb7d37ee6c74b1187ff0e72680772c0b989	Both retail pointer tables and CombatMessage call arguments; buka-command-messages.json.
event.skeleton.treasure	0x0009008c	0x0008fa80	0x0000190d	0x0002531a	43cf275fee2f181375d208f58b101536bc34fc7c	src/SOURCE/EVENTS.cpp:advManager::DoEvent	af8b7c20e2428480c56b2a2c70a617ffeb4174dd5fd6bdc649fc19daad12557c	Full literal and referring operand in both DoEvent bodies; buka-events.json.
event.shrine.rankings	0x000900f0	0x0008faa8	0x000020af	0x00025aa4	43cf275fee2f181375d208f58b101536bc34fc7c	src/SOURCE/EVENTS.cpp:advManager::DoEvent	6a096b3616f2e3945a162d7ee91a7c0c505926da4c9ccfd5629cd29c798cf3d1	Full literal and referring operand in both DoEvent bodies; buka-events.json.
event.shrine.no_spellbook	0x00090114	0x0008fad0	0x000021b5	0x00025b9b	43cf275fee2f181375d208f58b101536bc34fc7c	src/SOURCE/EVENTS.cpp:advManager::DoEvent	e6f5c3006dcd8eb1aac3540bfff3ae4f407cc39398c6671dd60f336b8f54a7b6	Full literal and referring operand in both DoEvent bodies; buka-events.json.
event.artifact.full	0x00090158	0x0008fb18	0x00002430	0x00025de1	43cf275fee2f181375d208f58b101536bc34fc7c	src/SOURCE/EVENTS.cpp:advManager::DoEvent	771e7ca9ef948ee9062dbb7339edc34b8e049804eef4840f15c35b19d4fcdefe	Full literal and referring operand in both DoEvent bodies; buka-events.json.
table.gArtifactEvent.4	0x0009530c	0x00094534	0x00092fa0	0x000924cc	43cf275fee2f181375d208f58b101536bc34fc7c	src/SOURCE/KB.cpp:gArtifactEvent[4]	d244b04737af4a5ec13f2fd15996e05a635639cc2ae5c5c57a1133a927301706	Complete ordered pointer slots and full literal bytes in both retail images; DoEvent array-index operand; buka-events.json.
table.gArtifactEvent.5	0x00095378	0x000945ac	0x00092fa4	0x000924d0	43cf275fee2f181375d208f58b101536bc34fc7c	src/SOURCE/KB.cpp:gArtifactEvent[5]	861689fdca20ab1497a5404c82c8d5b69d6b494c5b4bfa1536f43ec4d463a86f	Complete ordered pointer slots and full literal bytes in both retail images; DoEvent array-index operand; buka-events.json.
table.gArtifactEvent.6	0x00095408	0x00094634	0x00092fa8	0x000924d4	43cf275fee2f181375d208f58b101536bc34fc7c	src/SOURCE/KB.cpp:gArtifactEvent[6]	53333c9f8a535c89b71bf1665260e14d48b2f45d0228b6786b92c29bb2ac344d	Complete ordered pointer slots and full literal bytes in both retail images; DoEvent array-index operand; buka-events.json.
table.gArtifactEvent.7	0x000954b8	0x00094708	0x00092fac	0x000924d8	43cf275fee2f181375d208f58b101536bc34fc7c	src/SOURCE/KB.cpp:gArtifactEvent[7]	540ef6950d94bc984b8600fdd034d595b95afc3b8ef70a62761ff9ad5b2db884	Complete ordered pointer slots and full literal bytes in both retail images; DoEvent array-index operand; buka-events.json.
table.gArtifactEvent.8	0x0009555c	0x0009479c	0x00092fb0	0x000924dc	43cf275fee2f181375d208f58b101536bc34fc7c	src/SOURCE/KB.cpp:gArtifactEvent[8]	69f40782f7cb2db73a550c322e768f5dd74cd2823b6b3b3c92db0e78cbdba57b	Complete ordered pointer slots and full literal bytes in both retail images; DoEvent array-index operand; buka-events.json.
table.gArtifactEvent.9	0x000955d4	0x00094818	0x00092fb4	0x000924e0	43cf275fee2f181375d208f58b101536bc34fc7c	src/SOURCE/KB.cpp:gArtifactEvent[9]	36cad010b131295e4b1da2f66eb27b97205361d42562ee1615e2431c8bb79393	Complete ordered pointer slots and full literal bytes in both retail images; DoEvent array-index operand; buka-events.json.
table.gArtifactEvent.10	0x00095670	0x000948a8	0x00092fb8	0x000924e4	43cf275fee2f181375d208f58b101536bc34fc7c	src/SOURCE/KB.cpp:gArtifactEvent[10]	0dbce20fd5279dc9ca558524570255064098ed47b93dd7d0cb12452cd3da7e4d	Complete ordered pointer slots and full literal bytes in both retail images; DoEvent array-index operand; buka-events.json.
table.gArtifactEvent.11	0x000956f8	0x00094930	0x00092fbc	0x000924e8	43cf275fee2f181375d208f58b101536bc34fc7c	src/SOURCE/KB.cpp:gArtifactEvent[11]	975643f686c4cb0de93e2851e6650cfd779219c7c067dff6c78eed097880279f	Complete ordered pointer slots and full literal bytes in both retail images; DoEvent array-index operand; buka-events.json.
table.gArtifactEvent.12	0x00095788	0x000949b0	0x00092fc0	0x000924ec	43cf275fee2f181375d208f58b101536bc34fc7c	src/SOURCE/KB.cpp:gArtifactEvent[12]	50fd8ba8ecc629d5b06ce532c4d27dd8054f46eb57ae869561943aa9f60c855c	Complete ordered pointer slots and full literal bytes in both retail images; DoEvent array-index operand; buka-events.json.
table.gArtifactEvent.13	0x0009585c	0x00094a58	0x00092fc4	0x000924f0	43cf275fee2f181375d208f58b101536bc34fc7c	src/SOURCE/KB.cpp:gArtifactEvent[13]	87ddede810220f7cded11b32e6b58f68696f27c0a1e3e2628080340df4368633	Complete ordered pointer slots and full literal bytes in both retail images; DoEvent array-index operand; buka-events.json.
table.gArtifactEvent.14	0x000958d4	0x00094ad8	0x00092fc8	0x000924f4	43cf275fee2f181375d208f58b101536bc34fc7c	src/SOURCE/KB.cpp:gArtifactEvent[14]	d862f3d3aab9d5632ab18ebf697544c33f84c77b447adcf9bf9af294b52f0bb5	Complete ordered pointer slots and full literal bytes in both retail images; DoEvent array-index operand; buka-events.json.
table.gArtifactEvent.15	0x0009596c	0x00094b68	0x00092fcc	0x000924f8	43cf275fee2f181375d208f58b101536bc34fc7c	src/SOURCE/KB.cpp:gArtifactEvent[15]	fb055ef2aff90d340a55ab5e55c0e4ae03d3515282d363275a3a405b25bb1cf8	Complete ordered pointer slots and full literal bytes in both retail images; DoEvent array-index operand; buka-events.json.
table.gArtifactEvent.16	0x000959e0	0x00094bf8	0x00092fd0	0x000924fc	43cf275fee2f181375d208f58b101536bc34fc7c	src/SOURCE/KB.cpp:gArtifactEvent[16]	1e0bc675c6f7edce9a4d23c72cad5d11318dfd0d882af7ff4596ced28a2b074f	Complete ordered pointer slots and full literal bytes in both retail images; DoEvent array-index operand; buka-events.json.
table.gArtifactEvent.17	0x00095a8c	0x00094c9c	0x00092fd4	0x00092500	43cf275fee2f181375d208f58b101536bc34fc7c	src/SOURCE/KB.cpp:gArtifactEvent[17]	5aa3c13859fb9b389786f672a0e9189d0d6a56e0b3f29b23805177bce78e9368	Complete ordered pointer slots and full literal bytes in both retail images; DoEvent array-index operand; buka-events.json.
table.gArtifactEvent.18	0x00095b18	0x00094d2c	0x00092fd8	0x00092504	43cf275fee2f181375d208f58b101536bc34fc7c	src/SOURCE/KB.cpp:gArtifactEvent[18]	3b55bd9a6a624eb70950df916b6249ff7baf3e46dfc2a6613fe02c6540766273	Complete ordered pointer slots and full literal bytes in both retail images; DoEvent array-index operand; buka-events.json.
table.gArtifactEvent.19	0x00095b88	0x00094da8	0x00092fdc	0x00092508	43cf275fee2f181375d208f58b101536bc34fc7c	src/SOURCE/KB.cpp:gArtifactEvent[19]	4988efd72454e3d7d73dd7dc5c69acb116da5f3c83f6740f7e36262a929d535e	Complete ordered pointer slots and full literal bytes in both retail images; DoEvent array-index operand; buka-events.json.
table.gArtifactEvent.20	0x00095c4c	0x00094e6c	0x00092fe0	0x0009250c	43cf275fee2f181375d208f58b101536bc34fc7c	src/SOURCE/KB.cpp:gArtifactEvent[20]	f503bf01bbafea1cf2ef3bd72a32971b5799239269375769b4310306d1b7f729	Complete ordered pointer slots and full literal bytes in both retail images; DoEvent array-index operand; buka-events.json.
table.gArtifactEvent.21	0x00095d0c	0x00094f18	0x00092fe4	0x00092510	43cf275fee2f181375d208f58b101536bc34fc7c	src/SOURCE/KB.cpp:gArtifactEvent[21]	acf5227de6f770a8ac51d71581ea43e280d74332c88c17bc7b2d33fa481f120a	Complete ordered pointer slots and full literal bytes in both retail images; DoEvent array-index operand; buka-events.json.
table.gArtifactEvent.22	0x00095dac	0x00094fa4	0x00092fe8	0x00092514	43cf275fee2f181375d208f58b101536bc34fc7c	src/SOURCE/KB.cpp:gArtifactEvent[22]	72dbb3afe40adef6d65e8f9571eaa88d4ad8e03b92a118b6260eb5743230c4f0	Complete ordered pointer slots and full literal bytes in both retail images; DoEvent array-index operand; buka-events.json.
table.gArtifactEvent.23	0x00095e5c	0x00095078	0x00092fec	0x00092518	43cf275fee2f181375d208f58b101536bc34fc7c	src/SOURCE/KB.cpp:gArtifactEvent[23]	3d6ccf6b23efc78fa168e2333dad90c1cd2781d08cf1f4870f10d79d02b874ec	Complete ordered pointer slots and full literal bytes in both retail images; DoEvent array-index operand; buka-events.json.
table.gArtifactEvent.24	0x00095eec	0x000950fc	0x00092ff0	0x0009251c	43cf275fee2f181375d208f58b101536bc34fc7c	src/SOURCE/KB.cpp:gArtifactEvent[24]	41c843b2a8f60251f4183fe34046079d4e48cbe6c77187d3091b6e99c5798560	Complete ordered pointer slots and full literal bytes in both retail images; DoEvent array-index operand; buka-events.json.
table.gArtifactEvent.25	0x00095fa0	0x000951b4	0x00092ff4	0x00092520	43cf275fee2f181375d208f58b101536bc34fc7c	src/SOURCE/KB.cpp:gArtifactEvent[25]	647a46fb151b37fcf8da2a32494c6a81e1d2afe035822563c369a518cebdf5a6	Complete ordered pointer slots and full literal bytes in both retail images; DoEvent array-index operand; buka-events.json.
table.gArtifactEvent.26	0x00096030	0x0009524c	0x00092ff8	0x00092524	43cf275fee2f181375d208f58b101536bc34fc7c	src/SOURCE/KB.cpp:gArtifactEvent[26]	df63d3ad1128b2ab4ef2a4043a692e159056c34b265dbe68446777ba919f6065	Complete ordered pointer slots and full literal bytes in both retail images; DoEvent array-index operand; buka-events.json.
table.gArtifactEvent.27	0x00096144	0x00095340	0x00092ffc	0x00092528	43cf275fee2f181375d208f58b101536bc34fc7c	src/SOURCE/KB.cpp:gArtifactEvent[27]	438dcc3fd767f82e512637222fd7842c247b266964c389e7943a82f6699042e7	Complete ordered pointer slots and full literal bytes in both retail images; DoEvent array-index operand; buka-events.json.
table.gArtifactEvent.28	0x000961d8	0x000953cc	0x00093000	0x0009252c	43cf275fee2f181375d208f58b101536bc34fc7c	src/SOURCE/KB.cpp:gArtifactEvent[28]	77dcb2729fbd2847a0478a764bd965b141f29bccd59207f5990445ca753b1e4d	Complete ordered pointer slots and full literal bytes in both retail images; DoEvent array-index operand; buka-events.json.
table.gArtifactEvent.29	0x00096280	0x0009545c	0x00093004	0x00092530	43cf275fee2f181375d208f58b101536bc34fc7c	src/SOURCE/KB.cpp:gArtifactEvent[29]	12296e8b78e3c0c85780a920f132e4440f1849a92098fd374e2dc6d2d6ea909f	Complete ordered pointer slots and full literal bytes in both retail images; DoEvent array-index operand; buka-events.json.
table.gArtifactEvent.30	0x0009636c	0x000954f8	0x00093008	0x00092534	43cf275fee2f181375d208f58b101536bc34fc7c	src/SOURCE/KB.cpp:gArtifactEvent[30]	1bf772d90741227197fc009522a41ec2de422e27c6c3f285c1b380e6d7eaf5d2	Complete ordered pointer slots and full literal bytes in both retail images; DoEvent array-index operand; buka-events.json.
table.gArtifactEvent.31	0x00096408	0x00095570	0x0009300c	0x00092538	43cf275fee2f181375d208f58b101536bc34fc7c	src/SOURCE/KB.cpp:gArtifactEvent[31]	c46e6ab5ae2b12b32b248554a4ce9eea923b1b1121aa53f6773554e20b5df35d	Complete ordered pointer slots and full literal bytes in both retail images; DoEvent array-index operand; buka-events.json.
table.gArtifactEvent.32	0x000964ac	0x000955ec	0x00093010	0x0009253c	43cf275fee2f181375d208f58b101536bc34fc7c	src/SOURCE/KB.cpp:gArtifactEvent[32]	957b0cccc28a9fa48d7a3f0b0cc6a33f41e1d1577e1980232f6b1a0a686dfa95	Complete ordered pointer slots and full literal bytes in both retail images; DoEvent array-index operand; buka-events.json.
table.gArtifactEvent.33	0x00096568	0x000956b4	0x00093014	0x00092540	43cf275fee2f181375d208f58b101536bc34fc7c	src/SOURCE/KB.cpp:gArtifactEvent[33]	df47a83fd724e680d1e2257d6ba32c3ca04b68a0cf6cc1afa297cad5d0380f98	Complete ordered pointer slots and full literal bytes in both retail images; DoEvent array-index operand; buka-events.json.
table.gArtifactEvent.34	0x000965f4	0x0009572c	0x00093018	0x00092544	43cf275fee2f181375d208f58b101536bc34fc7c	src/SOURCE/KB.cpp:gArtifactEvent[34]	cc6463e163dcbd3ec823ee93d6ec3e7c83a67e33b56338c27597bc89c529a51f	Complete ordered pointer slots and full literal bytes in both retail images; DoEvent array-index operand; buka-events.json.
table.gArtifactEvent.35	0x00096668	0x000957bc	0x0009301c	0x00092548	43cf275fee2f181375d208f58b101536bc34fc7c	src/SOURCE/KB.cpp:gArtifactEvent[35]	1ec64fa95e7b06e4d9f9718b4d796b62ed15145371891e39b8f81ec84f8cac62	Complete ordered pointer slots and full literal bytes in both retail images; DoEvent array-index operand; buka-events.json.
table.gArtifactEvent.36	0x000966d4	0x00095858	0x00093020	0x0009254c	43cf275fee2f181375d208f58b101536bc34fc7c	src/SOURCE/KB.cpp:gArtifactEvent[36]	f79ae08c229b0252d5d9b20ac9e6e7fa8c7e562b99d0d3fbe540449c3a960c26	Complete ordered pointer slots and full literal bytes in both retail images; DoEvent array-index operand; buka-events.json.
table.gArtifactEvent.37	0x00096770	0x000958f4	0x00093024	0x00092550	43cf275fee2f181375d208f58b101536bc34fc7c	src/SOURCE/KB.cpp:gArtifactEvent[37]	843affd2cc99ecdff7849c7a50a4bef03f652c3aa75cf4ec4cd3ac25250dd7d2	Complete ordered pointer slots and full literal bytes in both retail images; DoEvent array-index operand; buka-events.json.
combat.network.town	0x00090298	0x0008fc4c	0x00005f95	0x000293f3	43cf275fee2f181375d208f58b101536bc34fc7c	src/SOURCE/EVENTS.cpp:advManager::DoCombat	89f93553995639771784ad50362d72ad9bc96f9688f64aa433b90adc8f744eb8	Both retail operands and complete literals checked; buka-network-combat.json
combat.network.hero	0x000902a0	0x0008fc54	0x00005f9a	0x000293fc	43cf275fee2f181375d208f58b101536bc34fc7c	src/SOURCE/EVENTS.cpp:advManager::DoCombat	58b3c62a82cf2fe56edf5961341a688964076ee9576a4218c7aae4de4d913650	Both retail operands and complete literals checked; buka-network-combat.json
combat.network.attacked	0x000902a8	0x0008fc5c	0x00005fd3	0x00029424	43cf275fee2f181375d208f58b101536bc34fc7c	src/SOURCE/EVENTS.cpp:advManager::DoCombat	593ca21180d02fb914603b80956b7e09ff5cc93999ca653ad88324e7c1f2844a	Both retail operands and complete literals checked; buka-network-combat.json
combat.network.receive_error	0x000902c8	0x0008fc80	0x0000676b	0x00029b33	43cf275fee2f181375d208f58b101536bc34fc7c	src/SOURCE/EVENTS.cpp:advManager::ReceiveHeroTownData	d21678c7642843caa89b4dce04e1f67b0033fe2fa582b7aa5b2bc479def6c6d3	Both retail operands and complete literals checked; buka-receive.json
combat.network.canceled	0x000902f0	0x0008fcac	0x00006797	0x00029b59	43cf275fee2f181375d208f58b101536bc34fc7c	src/SOURCE/EVENTS.cpp:advManager::ReceiveHeroTownData	8f3b5fcaf19836caf0b9d4b39be9330cd6374f0ef0c32e737eef05e772345f0e	Both retail operands and complete literals checked; buka-receive.json
table.gHeroNames.0.0	0x0009b224	0x0009a870	0x00093a08	0x00092f50	43cf275fee2f181375d208f58b101536bc34fc7c	src/SOURCE/KB.cpp:gHeroNames	e8722c7d0a93aaaa8987330b4382ad98b011f62fb1d324809e46bd4e2e1ad09f	LoadGame 36-entry two-pointer indexing, hero name field destinations, full original/Buka table payloads; buka-hero-names.json
table.gHeroNames.0.1	0x0009b234	0x0009a880	0x00093a0c	0x00092f54	43cf275fee2f181375d208f58b101536bc34fc7c	src/SOURCE/KB.cpp:gHeroNames	f75352184286765f8eb5b7894af7e0402e2749426b4319e90dda3059a80cad72	LoadGame 36-entry two-pointer indexing, hero name field destinations, full original/Buka table payloads; buka-hero-names.json
table.gHeroNames.1.0	0x0009b23c	0x0009a888	0x00093a10	0x00092f58	43cf275fee2f181375d208f58b101536bc34fc7c	src/SOURCE/KB.cpp:gHeroNames	44b30563cceed0d9e65f612bf77aa74971bc6b464a2975d41841fea3fb9a4b30	LoadGame 36-entry two-pointer indexing, hero name field destinations, full original/Buka table payloads; buka-hero-names.json
table.gHeroNames.1.1	0x0009b248	0x0009a894	0x00093a14	0x00092f5c	43cf275fee2f181375d208f58b101536bc34fc7c	src/SOURCE/KB.cpp:gHeroNames	a3c93930b6542936e6c96a7eeb400d2bd20dd320121e959b4dd3bd45c774ce1d	LoadGame 36-entry two-pointer indexing, hero name field destinations, full original/Buka table payloads; buka-hero-names.json
table.gHeroNames.2.0	0x0009b250	0x0009a89c	0x00093a18	0x00092f60	43cf275fee2f181375d208f58b101536bc34fc7c	src/SOURCE/KB.cpp:gHeroNames	b1ec4a1b78e2d182694728857cb41b1a09437ca6cc2e6e9b57c5eaa056f319da	LoadGame 36-entry two-pointer indexing, hero name field destinations, full original/Buka table payloads; buka-hero-names.json
table.gHeroNames.2.1	0x0009b25c	0x0009a8a8	0x00093a1c	0x00092f64	43cf275fee2f181375d208f58b101536bc34fc7c	src/SOURCE/KB.cpp:gHeroNames	331ba5d7ba7c383cef3cff4336ed70220628a4f6c53a102e51addcb9a2cbf171	LoadGame 36-entry two-pointer indexing, hero name field destinations, full original/Buka table payloads; buka-hero-names.json
table.gHeroNames.3.0	0x0009b264	0x0009a8b0	0x00093a20	0x00092f68	43cf275fee2f181375d208f58b101536bc34fc7c	src/SOURCE/KB.cpp:gHeroNames	bb44c87cc3f4e73568402671c1f5f02b88659743d5c7b5fa0c115fc195826c41	LoadGame 36-entry two-pointer indexing, hero name field destinations, full original/Buka table payloads; buka-hero-names.json
table.gHeroNames.3.1	0x0009b270	0x0009a8bc	0x00093a24	0x00092f6c	43cf275fee2f181375d208f58b101536bc34fc7c	src/SOURCE/KB.cpp:gHeroNames	bb44c87cc3f4e73568402671c1f5f02b88659743d5c7b5fa0c115fc195826c41	LoadGame 36-entry two-pointer indexing, hero name field destinations, full original/Buka table payloads; buka-hero-names.json
table.gHeroNames.4.0	0x0009b27c	0x0009a8c8	0x00093a28	0x00092f70	43cf275fee2f181375d208f58b101536bc34fc7c	src/SOURCE/KB.cpp:gHeroNames	763a9175bf4aafda14eec37e5c0bfe0420936fd462e7c44b62851021c3d56874	LoadGame 36-entry two-pointer indexing, hero name field destinations, full original/Buka table payloads; buka-hero-names.json
table.gHeroNames.4.1	0x0009b284	0x0009a8d0	0x00093a2c	0x00092f74	43cf275fee2f181375d208f58b101536bc34fc7c	src/SOURCE/KB.cpp:gHeroNames	763a9175bf4aafda14eec37e5c0bfe0420936fd462e7c44b62851021c3d56874	LoadGame 36-entry two-pointer indexing, hero name field destinations, full original/Buka table payloads; buka-hero-names.json
table.gHeroNames.5.0	0x0009b28c	0x0009a8d8	0x00093a30	0x00092f78	43cf275fee2f181375d208f58b101536bc34fc7c	src/SOURCE/KB.cpp:gHeroNames	02d8a61e214faf75a62de09db824bd01ad959fe2e7f882930bded4150f825b08	LoadGame 36-entry two-pointer indexing, hero name field destinations, full original/Buka table payloads; buka-hero-names.json
table.gHeroNames.5.1	0x0009b294	0x0009a8e4	0x00093a34	0x00092f7c	43cf275fee2f181375d208f58b101536bc34fc7c	src/SOURCE/KB.cpp:gHeroNames	02d8a61e214faf75a62de09db824bd01ad959fe2e7f882930bded4150f825b08	LoadGame 36-entry two-pointer indexing, hero name field destinations, full original/Buka table payloads; buka-hero-names.json
table.gHeroNames.6.0	0x0009b29c	0x0009a8f0	0x00093a38	0x00092f80	43cf275fee2f181375d208f58b101536bc34fc7c	src/SOURCE/KB.cpp:gHeroNames	b37bf108b1cf6e38ac680bdbe4155a9796fe040350534d7e77846c98f65fd93c	LoadGame 36-entry two-pointer indexing, hero name field destinations, full original/Buka table payloads; buka-hero-names.json
table.gHeroNames.6.1	0x0009b2a4	0x0009a8f8	0x00093a3c	0x00092f84	43cf275fee2f181375d208f58b101536bc34fc7c	src/SOURCE/KB.cpp:gHeroNames	b37bf108b1cf6e38ac680bdbe4155a9796fe040350534d7e77846c98f65fd93c	LoadGame 36-entry two-pointer indexing, hero name field destinations, full original/Buka table payloads; buka-hero-names.json
table.gHeroNames.7.0	0x0009b2ac	0x0009a900	0x00093a40	0x00092f88	43cf275fee2f181375d208f58b101536bc34fc7c	src/SOURCE/KB.cpp:gHeroNames	1e1b3aab4e7a04b3b85b035694d886c54b9e837d6db7429e0a940e3a17484d3b	LoadGame 36-entry two-pointer indexing, hero name field destinations, full original/Buka table payloads; buka-hero-names.json
table.gHeroNames.7.1	0x0009b2b4	0x0009a90c	0x00093a44	0x00092f8c	43cf275fee2f181375d208f58b101536bc34fc7c	src/SOURCE/KB.cpp:gHeroNames	1e1b3aab4e7a04b3b85b035694d886c54b9e837d6db7429e0a940e3a17484d3b	LoadGame 36-entry two-pointer indexing, hero name field destinations, full original/Buka table payloads; buka-hero-names.json
table.gHeroNames.8.0	0x0009b2bc	0x0009a918	0x00093a48	0x00092f90	43cf275fee2f181375d208f58b101536bc34fc7c	src/SOURCE/KB.cpp:gHeroNames	bc796e10b44459892b83e22e1d764d6c3a9c5d8a1b5c6c55c99281eef7bce363	LoadGame 36-entry two-pointer indexing, hero name field destinations, full original/Buka table payloads; buka-hero-names.json
table.gHeroNames.8.1	0x0009b2c4	0x0009a924	0x00093a4c	0x00092f94	43cf275fee2f181375d208f58b101536bc34fc7c	src/SOURCE/KB.cpp:gHeroNames	bc796e10b44459892b83e22e1d764d6c3a9c5d8a1b5c6c55c99281eef7bce363	LoadGame 36-entry two-pointer indexing, hero name field destinations, full original/Buka table payloads; buka-hero-names.json
table.gHeroNames.9.0	0x0009b2cc	0x0009a930	0x00093a50	0x00092f98	43cf275fee2f181375d208f58b101536bc34fc7c	src/SOURCE/KB.cpp:gHeroNames	9955d7d4c04d1b1ce69e619a24a979f0204605bfd8a206639f805490ce6a000f	LoadGame 36-entry two-pointer indexing, hero name field destinations, full original/Buka table payloads; buka-hero-names.json
table.gHeroNames.9.1	0x0009b2d4	0x0009a938	0x00093a54	0x00092f9c	43cf275fee2f181375d208f58b101536bc34fc7c	src/SOURCE/KB.cpp:gHeroNames	9955d7d4c04d1b1ce69e619a24a979f0204605bfd8a206639f805490ce6a000f	LoadGame 36-entry two-pointer indexing, hero name field destinations, full original/Buka table payloads; buka-hero-names.json
table.gHeroNames.10.0	0x0009b2dc	0x0009a940	0x00093a58	0x00092fa0	43cf275fee2f181375d208f58b101536bc34fc7c	src/SOURCE/KB.cpp:gHeroNames	098e43fe8e036b596f3fd7c019d9537f1e41df14a90e4863b906e404320cdf3d	LoadGame 36-entry two-pointer indexing, hero name field destinations, full original/Buka table payloads; buka-hero-names.json
table.gHeroNames.10.1	0x0009b2e4	0x0009a948	0x00093a5c	0x00092fa4	43cf275fee2f181375d208f58b101536bc34fc7c	src/SOURCE/KB.cpp:gHeroNames	098e43fe8e036b596f3fd7c019d9537f1e41df14a90e4863b906e404320cdf3d	LoadGame 36-entry two-pointer indexing, hero name field destinations, full original/Buka table payloads; buka-hero-names.json
table.gHeroNames.11.0	0x0009b2ec	0x0009a950	0x00093a60	0x00092fa8	43cf275fee2f181375d208f58b101536bc34fc7c	src/SOURCE/KB.cpp:gHeroNames	52fb7b45d7b7d4be5ff835a143af95bac1bea46be717c5ee19c13541aafeea9c	LoadGame 36-entry two-pointer indexing, hero name field destinations, full original/Buka table payloads; buka-hero-names.json
table.gHeroNames.11.1	0x0009b2f4	0x0009a958	0x00093a64	0x00092fac	43cf275fee2f181375d208f58b101536bc34fc7c	src/SOURCE/KB.cpp:gHeroNames	52fb7b45d7b7d4be5ff835a143af95bac1bea46be717c5ee19c13541aafeea9c	LoadGame 36-entry two-pointer indexing, hero name field destinations, full original/Buka table payloads; buka-hero-names.json
table.gHeroNames.12.0	0x0009b2fc	0x0009a960	0x00093a68	0x00092fb0	43cf275fee2f181375d208f58b101536bc34fc7c	src/SOURCE/KB.cpp:gHeroNames	708785e3250b8e3bf0cec68fc4d737431715f3c98467c65bac9fe42ad90cc1c3	LoadGame 36-entry two-pointer indexing, hero name field destinations, full original/Buka table payloads; buka-hero-names.json
table.gHeroNames.12.1	0x0009b304	0x0009a968	0x00093a6c	0x00092fb4	43cf275fee2f181375d208f58b101536bc34fc7c	src/SOURCE/KB.cpp:gHeroNames	708785e3250b8e3bf0cec68fc4d737431715f3c98467c65bac9fe42ad90cc1c3	LoadGame 36-entry two-pointer indexing, hero name field destinations, full original/Buka table payloads; buka-hero-names.json
table.gHeroNames.13.0	0x0009b30c	0x0009a970	0x00093a70	0x00092fb8	43cf275fee2f181375d208f58b101536bc34fc7c	src/SOURCE/KB.cpp:gHeroNames	45843745a7f5c68f16b4aeebffffde2a8030e7e8f3b4562bd9463be7c0d4c456	LoadGame 36-entry two-pointer indexing, hero name field destinations, full original/Buka table payloads; buka-hero-names.json
table.gHeroNames.13.1	0x0009b318	0x0009a97c	0x00093a74	0x00092fbc	43cf275fee2f181375d208f58b101536bc34fc7c	src/SOURCE/KB.cpp:gHeroNames	ac92f8a2282ff1ed62d3155e04320880a2bc4237c555451c1004a19e03ad4d8c	LoadGame 36-entry two-pointer indexing, hero name field destinations, full original/Buka table payloads; buka-hero-names.json
table.gHeroNames.14.0	0x0009b320	0x0009a984	0x00093a78	0x00092fc0	43cf275fee2f181375d208f58b101536bc34fc7c	src/SOURCE/KB.cpp:gHeroNames	81f8df0b3118321d4b16aabe24a12f090a5675e1599d527887b8062440dea276	LoadGame 36-entry two-pointer indexing, hero name field destinations, full original/Buka table payloads; buka-hero-names.json
table.gHeroNames.14.1	0x0009b328	0x0009a98c	0x00093a7c	0x00092fc4	43cf275fee2f181375d208f58b101536bc34fc7c	src/SOURCE/KB.cpp:gHeroNames	81f8df0b3118321d4b16aabe24a12f090a5675e1599d527887b8062440dea276	LoadGame 36-entry two-pointer indexing, hero name field destinations, full original/Buka table payloads; buka-hero-names.json
table.gHeroNames.15.0	0x0009b330	0x0009a994	0x00093a80	0x00092fc8	43cf275fee2f181375d208f58b101536bc34fc7c	src/SOURCE/KB.cpp:gHeroNames	0e35ec6bb608101cad54b0e5ae43862ba42f365876c740257233626488e20b49	LoadGame 36-entry two-pointer indexing, hero name field destinations, full original/Buka table payloads; buka-hero-names.json
table.gHeroNames.15.1	0x0009b338	0x0009a99c	0x00093a84	0x00092fcc	43cf275fee2f181375d208f58b101536bc34fc7c	src/SOURCE/KB.cpp:gHeroNames	0e35ec6bb608101cad54b0e5ae43862ba42f365876c740257233626488e20b49	LoadGame 36-entry two-pointer indexing, hero name field destinations, full original/Buka table payloads; buka-hero-names.json
table.gHeroNames.16.0	0x0009b340	0x0009a9a4	0x00093a88	0x00092fd0	43cf275fee2f181375d208f58b101536bc34fc7c	src/SOURCE/KB.cpp:gHeroNames	3c68d13b902cd1e1b9bf918a121db3041b2a7c85759f469febaba6656eab625e	LoadGame 36-entry two-pointer indexing, hero name field destinations, full original/Buka table payloads; buka-hero-names.json
table.gHeroNames.16.1	0x0009b344	0x0009a9a8	0x00093a8c	0x00092fd4	43cf275fee2f181375d208f58b101536bc34fc7c	src/SOURCE/KB.cpp:gHeroNames	3c68d13b902cd1e1b9bf918a121db3041b2a7c85759f469febaba6656eab625e	LoadGame 36-entry two-pointer indexing, hero name field destinations, full original/Buka table payloads; buka-hero-names.json
table.gHeroNames.17.0	0x0009b348	0x0009a9ac	0x00093a90	0x00092fd8	43cf275fee2f181375d208f58b101536bc34fc7c	src/SOURCE/KB.cpp:gHeroNames	7903f85465f6bd23a8cbf486081080fe4eaa01a9edacac1b32a104b0c34f3e7b	LoadGame 36-entry two-pointer indexing, hero name field destinations, full original/Buka table payloads; buka-hero-names.json
table.gHeroNames.17.1	0x0009b350	0x0009a9b4	0x00093a94	0x00092fdc	43cf275fee2f181375d208f58b101536bc34fc7c	src/SOURCE/KB.cpp:gHeroNames	7903f85465f6bd23a8cbf486081080fe4eaa01a9edacac1b32a104b0c34f3e7b	LoadGame 36-entry two-pointer indexing, hero name field destinations, full original/Buka table payloads; buka-hero-names.json
table.gHeroNames.18.0	0x0009b358	0x0009a9bc	0x00093a98	0x00092fe0	43cf275fee2f181375d208f58b101536bc34fc7c	src/SOURCE/KB.cpp:gHeroNames	ccb365475c2115267ea4d461e5cd5cb73a2e0a11ce2bb481102d9809794d1f4b	LoadGame 36-entry two-pointer indexing, hero name field destinations, full original/Buka table payloads; buka-hero-names.json
table.gHeroNames.18.1	0x0009b360	0x0009a9c4	0x00093a9c	0x00092fe4	43cf275fee2f181375d208f58b101536bc34fc7c	src/SOURCE/KB.cpp:gHeroNames	ccb365475c2115267ea4d461e5cd5cb73a2e0a11ce2bb481102d9809794d1f4b	LoadGame 36-entry two-pointer indexing, hero name field destinations, full original/Buka table payloads; buka-hero-names.json
table.gHeroNames.19.0	0x0009b368	0x0009a9cc	0x00093aa0	0x00092fe8	43cf275fee2f181375d208f58b101536bc34fc7c	src/SOURCE/KB.cpp:gHeroNames	28cfd44f2473025f8c70fef1140873915845daece79533e3863be3c739748f4c	LoadGame 36-entry two-pointer indexing, hero name field destinations, full original/Buka table payloads; buka-hero-names.json
table.gHeroNames.19.1	0x0009b370	0x0009a9d4	0x00093aa4	0x00092fec	43cf275fee2f181375d208f58b101536bc34fc7c	src/SOURCE/KB.cpp:gHeroNames	28cfd44f2473025f8c70fef1140873915845daece79533e3863be3c739748f4c	LoadGame 36-entry two-pointer indexing, hero name field destinations, full original/Buka table payloads; buka-hero-names.json
table.gHeroNames.20.0	0x0009b378	0x0009a9dc	0x00093aa8	0x00092ff0	43cf275fee2f181375d208f58b101536bc34fc7c	src/SOURCE/KB.cpp:gHeroNames	f0f1fe3f30be62fad0dd96b8ec3c7457c1518c417b104ba08e79346da29ec6ff	LoadGame 36-entry two-pointer indexing, hero name field destinations, full original/Buka table payloads; buka-hero-names.json
table.gHeroNames.20.1	0x0009b380	0x0009a9e4	0x00093aac	0x00092ff4	43cf275fee2f181375d208f58b101536bc34fc7c	src/SOURCE/KB.cpp:gHeroNames	f0f1fe3f30be62fad0dd96b8ec3c7457c1518c417b104ba08e79346da29ec6ff	LoadGame 36-entry two-pointer indexing, hero name field destinations, full original/Buka table payloads; buka-hero-names.json
table.gHeroNames.21.0	0x0009b388	0x0009a9ec	0x00093ab0	0x00092ff8	43cf275fee2f181375d208f58b101536bc34fc7c	src/SOURCE/KB.cpp:gHeroNames	39c7d4b62b48668e2014d5b27b41413cbb4da848ed01a76e766176058a1fe594	LoadGame 36-entry two-pointer indexing, hero name field destinations, full original/Buka table payloads; buka-hero-names.json
table.gHeroNames.21.1	0x0009b390	0x0009a9f4	0x00093ab4	0x00092ffc	43cf275fee2f181375d208f58b101536bc34fc7c	src/SOURCE/KB.cpp:gHeroNames	39c7d4b62b48668e2014d5b27b41413cbb4da848ed01a76e766176058a1fe594	LoadGame 36-entry two-pointer indexing, hero name field destinations, full original/Buka table payloads; buka-hero-names.json
table.gHeroNames.22.0	0x0009b398	0x0009a9fc	0x00093ab8	0x00093000	43cf275fee2f181375d208f58b101536bc34fc7c	src/SOURCE/KB.cpp:gHeroNames	e0c6ed8423e276c7c512756f6fc8c5ac3ad98c76a21f8a1cdf4756d990ce76a2	LoadGame 36-entry two-pointer indexing, hero name field destinations, full original/Buka table payloads; buka-hero-names.json
table.gHeroNames.22.1	0x0009b3a0	0x0009aa04	0x00093abc	0x00093004	43cf275fee2f181375d208f58b101536bc34fc7c	src/SOURCE/KB.cpp:gHeroNames	e0c6ed8423e276c7c512756f6fc8c5ac3ad98c76a21f8a1cdf4756d990ce76a2	LoadGame 36-entry two-pointer indexing, hero name field destinations, full original/Buka table payloads; buka-hero-names.json
table.gHeroNames.23.0	0x0009b3a8	0x0009aa0c	0x00093ac0	0x00093008	43cf275fee2f181375d208f58b101536bc34fc7c	src/SOURCE/KB.cpp:gHeroNames	1be5fe61bcaeff46e97f77c747ab65044b4f7e2ceee079a0592ed89025b34a3f	LoadGame 36-entry two-pointer indexing, hero name field destinations, full original/Buka table payloads; buka-hero-names.json
table.gHeroNames.23.1	0x0009b3b0	0x0009aa14	0x00093ac4	0x0009300c	43cf275fee2f181375d208f58b101536bc34fc7c	src/SOURCE/KB.cpp:gHeroNames	1be5fe61bcaeff46e97f77c747ab65044b4f7e2ceee079a0592ed89025b34a3f	LoadGame 36-entry two-pointer indexing, hero name field destinations, full original/Buka table payloads; buka-hero-names.json
table.gHeroNames.24.0	0x0009b3b8	0x0009aa1c	0x00093ac8	0x00093010	43cf275fee2f181375d208f58b101536bc34fc7c	src/SOURCE/KB.cpp:gHeroNames	ffc0441f61ca4da22ab2c82ba7e4c90936fb67a0312eb0c26784bcb339d63474	LoadGame 36-entry two-pointer indexing, hero name field destinations, full original/Buka table payloads; buka-hero-names.json
table.gHeroNames.24.1	0x0009b3c0	0x0009aa24	0x00093acc	0x00093014	43cf275fee2f181375d208f58b101536bc34fc7c	src/SOURCE/KB.cpp:gHeroNames	ffc0441f61ca4da22ab2c82ba7e4c90936fb67a0312eb0c26784bcb339d63474	LoadGame 36-entry two-pointer indexing, hero name field destinations, full original/Buka table payloads; buka-hero-names.json
table.gHeroNames.25.0	0x0009b3c8	0x0009aa2c	0x00093ad0	0x00093018	43cf275fee2f181375d208f58b101536bc34fc7c	src/SOURCE/KB.cpp:gHeroNames	f3d25ad3aebdce1448c210296b53fbf4976342d8104bef6f002b2239d7828149	LoadGame 36-entry two-pointer indexing, hero name field destinations, full original/Buka table payloads; buka-hero-names.json
table.gHeroNames.25.1	0x0009b3cc	0x0009aa30	0x00093ad4	0x0009301c	43cf275fee2f181375d208f58b101536bc34fc7c	src/SOURCE/KB.cpp:gHeroNames	f3d25ad3aebdce1448c210296b53fbf4976342d8104bef6f002b2239d7828149	LoadGame 36-entry two-pointer indexing, hero name field destinations, full original/Buka table payloads; buka-hero-names.json
table.gHeroNames.26.0	0x0009b3d0	0x0009aa34	0x00093ad8	0x00093020	43cf275fee2f181375d208f58b101536bc34fc7c	src/SOURCE/KB.cpp:gHeroNames	ea82775b56d537be95c2ea360f73271af39ea4a9afe0ce10b32edd7093dd3b41	LoadGame 36-entry two-pointer indexing, hero name field destinations, full original/Buka table payloads; buka-hero-names.json
table.gHeroNames.26.1	0x0009b3d8	0x0009aa3c	0x00093adc	0x00093024	43cf275fee2f181375d208f58b101536bc34fc7c	src/SOURCE/KB.cpp:gHeroNames	ea82775b56d537be95c2ea360f73271af39ea4a9afe0ce10b32edd7093dd3b41	LoadGame 36-entry two-pointer indexing, hero name field destinations, full original/Buka table payloads; buka-hero-names.json
table.gHeroNames.27.0	0x0009b3e0	0x0009aa44	0x00093ae0	0x00093028	43cf275fee2f181375d208f58b101536bc34fc7c	src/SOURCE/KB.cpp:gHeroNames	31580ddffc8058ff3bfd38cb45f3717001c2d6647f89626eaebb6a1427355420	LoadGame 36-entry two-pointer indexing, hero name field destinations, full original/Buka table payloads; buka-hero-names.json
table.gHeroNames.27.1	0x0009b3e8	0x0009aa4c	0x00093ae4	0x0009302c	43cf275fee2f181375d208f58b101536bc34fc7c	src/SOURCE/KB.cpp:gHeroNames	31580ddffc8058ff3bfd38cb45f3717001c2d6647f89626eaebb6a1427355420	LoadGame 36-entry two-pointer indexing, hero name field destinations, full original/Buka table payloads; buka-hero-names.json
table.gHeroNames.28.0	0x0009b3f0	0x0009aa54	0x00093ae8	0x00093030	43cf275fee2f181375d208f58b101536bc34fc7c	src/SOURCE/KB.cpp:gHeroNames	a481932908cf6519668876d7668a2ac8fd9883c86ebfa2ee8ed7efd186cf4dab	LoadGame 36-entry two-pointer indexing, hero name field destinations, full original/Buka table payloads; buka-hero-names.json
table.gHeroNames.28.1	0x0009b3f8	0x0009aa5c	0x00093aec	0x00093034	43cf275fee2f181375d208f58b101536bc34fc7c	src/SOURCE/KB.cpp:gHeroNames	a481932908cf6519668876d7668a2ac8fd9883c86ebfa2ee8ed7efd186cf4dab	LoadGame 36-entry two-pointer indexing, hero name field destinations, full original/Buka table payloads; buka-hero-names.json
table.gHeroNames.29.0	0x0009b400	0x0009aa64	0x00093af0	0x00093038	43cf275fee2f181375d208f58b101536bc34fc7c	src/SOURCE/KB.cpp:gHeroNames	da3ec46c17f383998e6e6afde125f1240f57341801a44e57d4357dd1d07bdcde	LoadGame 36-entry two-pointer indexing, hero name field destinations, full original/Buka table payloads; buka-hero-names.json
table.gHeroNames.29.1	0x0009b408	0x0009aa6c	0x00093af4	0x0009303c	43cf275fee2f181375d208f58b101536bc34fc7c	src/SOURCE/KB.cpp:gHeroNames	da3ec46c17f383998e6e6afde125f1240f57341801a44e57d4357dd1d07bdcde	LoadGame 36-entry two-pointer indexing, hero name field destinations, full original/Buka table payloads; buka-hero-names.json
table.gHeroNames.30.0	0x0009b410	0x0009aa74	0x00093af8	0x00093040	43cf275fee2f181375d208f58b101536bc34fc7c	src/SOURCE/KB.cpp:gHeroNames	21b43536fc36604138ea6741e44c40e599e3656855a92e87fab556530b2cdee9	LoadGame 36-entry two-pointer indexing, hero name field destinations, full original/Buka table payloads; buka-hero-names.json
table.gHeroNames.30.1	0x0009b418	0x0009aa7c	0x00093afc	0x00093044	43cf275fee2f181375d208f58b101536bc34fc7c	src/SOURCE/KB.cpp:gHeroNames	21b43536fc36604138ea6741e44c40e599e3656855a92e87fab556530b2cdee9	LoadGame 36-entry two-pointer indexing, hero name field destinations, full original/Buka table payloads; buka-hero-names.json
table.gHeroNames.31.0	0x0009b420	0x0009aa84	0x00093b00	0x00093048	43cf275fee2f181375d208f58b101536bc34fc7c	src/SOURCE/KB.cpp:gHeroNames	8beab393b9c94b4fff5e9c5f819a7b20f9e84696894d23cb0c3970c99cf6b0a6	LoadGame 36-entry two-pointer indexing, hero name field destinations, full original/Buka table payloads; buka-hero-names.json
table.gHeroNames.31.1	0x0009b428	0x0009aa8c	0x00093b04	0x0009304c	43cf275fee2f181375d208f58b101536bc34fc7c	src/SOURCE/KB.cpp:gHeroNames	8beab393b9c94b4fff5e9c5f819a7b20f9e84696894d23cb0c3970c99cf6b0a6	LoadGame 36-entry two-pointer indexing, hero name field destinations, full original/Buka table payloads; buka-hero-names.json
table.gHeroNames.32.0	0x0009b430	0x0009aa94	0x00093b08	0x00093050	43cf275fee2f181375d208f58b101536bc34fc7c	src/SOURCE/KB.cpp:gHeroNames	ecd16178d351738dd37ea56f1962a80b549a2b9b9611dabebe4695e88906db14	LoadGame 36-entry two-pointer indexing, hero name field destinations, full original/Buka table payloads; buka-hero-names.json
table.gHeroNames.32.1	0x0009b438	0x0009aa9c	0x00093b0c	0x00093054	43cf275fee2f181375d208f58b101536bc34fc7c	src/SOURCE/KB.cpp:gHeroNames	ecd16178d351738dd37ea56f1962a80b549a2b9b9611dabebe4695e88906db14	LoadGame 36-entry two-pointer indexing, hero name field destinations, full original/Buka table payloads; buka-hero-names.json
table.gHeroNames.33.0	0x0009b440	0x0009aaa4	0x00093b10	0x00093058	43cf275fee2f181375d208f58b101536bc34fc7c	src/SOURCE/KB.cpp:gHeroNames	ffbb46897f5bc6d1f01b267cb305a3d67ab4ff81b9dff5baeb9f7478e795fc07	LoadGame 36-entry two-pointer indexing, hero name field destinations, full original/Buka table payloads; buka-hero-names.json
table.gHeroNames.33.1	0x0009b448	0x0009aaac	0x00093b14	0x0009305c	43cf275fee2f181375d208f58b101536bc34fc7c	src/SOURCE/KB.cpp:gHeroNames	ffbb46897f5bc6d1f01b267cb305a3d67ab4ff81b9dff5baeb9f7478e795fc07	LoadGame 36-entry two-pointer indexing, hero name field destinations, full original/Buka table payloads; buka-hero-names.json
table.gHeroNames.34.0	0x0009b450	0x0009aab4	0x00093b18	0x00093060	43cf275fee2f181375d208f58b101536bc34fc7c	src/SOURCE/KB.cpp:gHeroNames	ce84c432614dfc2d6501e6dc083c44e0f8b7558c03323ada846b4e0984aeceb3	LoadGame 36-entry two-pointer indexing, hero name field destinations, full original/Buka table payloads; buka-hero-names.json
table.gHeroNames.34.1	0x0009b45c	0x0009aabc	0x00093b1c	0x00093064	43cf275fee2f181375d208f58b101536bc34fc7c	src/SOURCE/KB.cpp:gHeroNames	80340580fe16b4ebdbb8a146fb30c55ba723b35b348e553c8a05c86a5c5e29a4	LoadGame 36-entry two-pointer indexing, hero name field destinations, full original/Buka table payloads; buka-hero-names.json
table.gHeroNames.35.0	0x0009b464	0x0009aac0	0x00093b20	0x00093068	43cf275fee2f181375d208f58b101536bc34fc7c	src/SOURCE/KB.cpp:gHeroNames	ec13e51c5f177cb921d803a51272a1ffb43dea2e2308e162b3eec6376cc31170	LoadGame 36-entry two-pointer indexing, hero name field destinations, full original/Buka table payloads; buka-hero-names.json
table.gHeroNames.35.1	0x0009b46c	0x0009aac8	0x00093b24	0x0009306c	43cf275fee2f181375d208f58b101536bc34fc7c	src/SOURCE/KB.cpp:gHeroNames	ec13e51c5f177cb921d803a51272a1ffb43dea2e2308e162b3eec6376cc31170	LoadGame 36-entry two-pointer indexing, hero name field destinations, full original/Buka table payloads; buka-hero-names.json
window.gAppName	0x0009f7a8	0x0009e700		0x00042fc2	43cf275fee2f181375d208f58b101536bc34fc7c	src/SOURCE/kbwin.cpp:gAppName	f1d410476d896443c3e693f4e6943783e2b56c3b4b6157ede1c24954db653018	CreateWindowExA title/class arguments and full NWC/Buka array payloads; buka-smack-data.json
window.gTitle	0x0009f7b0	0x0009e708		0x00042fbd	43cf275fee2f181375d208f58b101536bc34fc7c	src/SOURCE/kbwin.cpp:gTitle	6fe6472cd9a0ed152a53bb22d0f77ec78fd7a867b7d5beda718c0e27b36307c4	CreateWindowExA title/class arguments and full NWC/Buka array payloads; buka-smack-data.json
table.gSpeedText.1	0x0009aaf0	0x0009a0ac	0x000938b4	0x00092e1c	43cf275fee2f181375d208f58b101536bc34fc7c	src/SOURCE/KB.cpp:gSpeedText[1]	8d161bed179a5b5cd6d1d0003e82f469119084f5848aabae960f91fb9fa794d2	Army window stat/format argument dataflow, table order and all original/Russian payloads; buka-army-window.json
table.gSpeedText.2	0x0009aaf8	0x0009a0b4	0x000938b8	0x00092e20	43cf275fee2f181375d208f58b101536bc34fc7c	src/SOURCE/KB.cpp:gSpeedText[2]	39adf8c1853a29d294337eb26741305504b34feb872cbccb1ba014e38b68943a	Army window stat/format argument dataflow, table order and all original/Russian payloads; buka-army-window.json
table.gSpeedText.3	0x0009ab00	0x0009a0bc	0x000938bc	0x00092e24	43cf275fee2f181375d208f58b101536bc34fc7c	src/SOURCE/KB.cpp:gSpeedText[3]	d2e7e7df6e50558182129935c86632a24d08433a756986d17c7fbac2c573d275	Army window stat/format argument dataflow, table order and all original/Russian payloads; buka-army-window.json
table.gSpeedText.4	0x0009ab08	0x0009a0c4	0x000938c0	0x00092e28	43cf275fee2f181375d208f58b101536bc34fc7c	src/SOURCE/KB.cpp:gSpeedText[4]	2ead8e266b8a4fa2783bcd1758912d3fe226ef7ec4af70ea5af6199f67f7ef86	Army window stat/format argument dataflow, table order and all original/Russian payloads; buka-army-window.json
table.gArmyStatText.0	0x0009ab10	0x0009a0d0	0x000938c8	0x00092e2c	43cf275fee2f181375d208f58b101536bc34fc7c	src/SOURCE/KB.cpp:gArmyStatText[0]	c62b97ce0e64b81441b951523af371591ba3f41a66002f254fa2aaf15a2cdbc1	Army window stat/format argument dataflow, table order and all original/Russian payloads; buka-army-window.json
table.gArmyStatText.1	0x0009ab20	0x0009a0d8	0x000938cc	0x00092e30	43cf275fee2f181375d208f58b101536bc34fc7c	src/SOURCE/KB.cpp:gArmyStatText[1]	9e935037c6d5bf0b02de07c02f0c7e29f85db75d844abad0325ed0dfc25a4879	Army window stat/format argument dataflow, table order and all original/Russian payloads; buka-army-window.json
table.gArmyStatText.2	0x0009ab30	0x0009a0e4	0x000938d0	0x00092e34	43cf275fee2f181375d208f58b101536bc34fc7c	src/SOURCE/KB.cpp:gArmyStatText[2]	b4e5cf472d6f7021ab1e80be9ec31eea0d5187b3ec07aa2da9cb815841a59f72	Army window stat/format argument dataflow, table order and all original/Russian payloads; buka-army-window.json
table.gArmyStatText.3	0x0009ab40	0x0009a0f0	0x000938d4	0x00092e38	43cf275fee2f181375d208f58b101536bc34fc7c	src/SOURCE/KB.cpp:gArmyStatText[3]	5b4e025d40ffd88c73454944b55e47ffddfe437ebfb143d781024b82676e3ed1	Army window stat/format argument dataflow, table order and all original/Russian payloads; buka-army-window.json
table.gArmyStatText.4	0x0009ab4c	0x0009a0f8	0x000938d8	0x00092e3c	43cf275fee2f181375d208f58b101536bc34fc7c	src/SOURCE/KB.cpp:gArmyStatText[4]	cf0a864ff9d9a44f3481e27e3c95788ec73c1ff6ec58a6fa30a9aa52f8a96af2	Army window stat/format argument dataflow, table order and all original/Russian payloads; buka-army-window.json
table.gArmyStatText.5	0x0009ab5c	0x0009a104	0x000938dc	0x00092e40	43cf275fee2f181375d208f58b101536bc34fc7c	src/SOURCE/KB.cpp:gArmyStatText[5]	29d4a96277d1d6cbe1be70efcddff2b4c7e2d9edacb01c3403dc8b72acde3802	Army window stat/format argument dataflow, table order and all original/Russian payloads; buka-army-window.json
table.gArmyStatText.6	0x0009ab64	0x0009a110	0x000938e0	0x00092e44	43cf275fee2f181375d208f58b101536bc34fc7c	src/SOURCE/KB.cpp:gArmyStatText[6]	f32e85bd7db82786bc555a28b9af496ab3a5771a09e305823a81b3f5ad7783ce	Army window stat/format argument dataflow, table order and all original/Russian payloads; buka-army-window.json
table.gArmyStatText.7	0x0009ab70	0x0009a11c	0x000938e4	0x00092e48	43cf275fee2f181375d208f58b101536bc34fc7c	src/SOURCE/KB.cpp:gArmyStatText[7]	0945cc1f08886838f52179617275e1f5b010f157476ba9ece5cae922737f804a	Army window stat/format argument dataflow, table order and all original/Russian payloads; buka-army-window.json
table.gArmyStatText.8	0x0009ab78	0x0009a124	0x000938e8	0x00092e4c	43cf275fee2f181375d208f58b101536bc34fc7c	src/SOURCE/KB.cpp:gArmyStatText[8]	f79deaaaae0bbc100562ea11a72734e8f9b9620683d81920de48c04ff89e2534	Army window stat/format argument dataflow, table order and all original/Russian payloads; buka-army-window.json
table.gLuckText.0	0x0009968c	0x00098a64	0x00093590	0x00092b20	43cf275fee2f181375d208f58b101536bc34fc7c	src/SOURCE/KB.cpp:gLuckText[0]	a4c5c212b6eb08ab579000b9c4403311796127b8c7f502574a6f8fe512f062ed	Army window stat/format argument dataflow, table order and all original/Russian payloads; buka-army-window.json
table.gLuckText.1	0x00099694	0x00098a70	0x00093594	0x00092b24	43cf275fee2f181375d208f58b101536bc34fc7c	src/SOURCE/KB.cpp:gLuckText[1]	13f9ac5e20eceec2541a2e5738d75afafc07be8dcfe9af9bc13f98d1b0088641	Army window stat/format argument dataflow, table order and all original/Russian payloads; buka-army-window.json
table.gLuckText.2	0x0009969c	0x00098a78	0x00093598	0x00092b28	43cf275fee2f181375d208f58b101536bc34fc7c	src/SOURCE/KB.cpp:gLuckText[2]	0587b7678dd922a877efab1ffc2de0bcdc85aa362041de92711454adc476731e	Army window stat/format argument dataflow, table order and all original/Russian payloads; buka-army-window.json
table.gLuckText.3	0x000996a0	0x00098a80	0x0009359c	0x00092b2c	43cf275fee2f181375d208f58b101536bc34fc7c	src/SOURCE/KB.cpp:gLuckText[3]	06e42820fa6d304089492b79e3417d4c87198e1e1929b24a5ff89c44b429d671	Army window stat/format argument dataflow, table order and all original/Russian payloads; buka-army-window.json
table.gLuckText.4	0x000996a8	0x00098a88	0x000935a0	0x00092b30	43cf275fee2f181375d208f58b101536bc34fc7c	src/SOURCE/KB.cpp:gLuckText[4]	438092439f7db48a19854b6991ecb9dca083884616ca2ef90ccf267eabc087ad	Army window stat/format argument dataflow, table order and all original/Russian payloads; buka-army-window.json
table.gLuckText.5	0x000996b0	0x00098a90	0x000935a4	0x00092b34	43cf275fee2f181375d208f58b101536bc34fc7c	src/SOURCE/KB.cpp:gLuckText[5]	77bd19f6a528839e741342ebb2bb05bcc15654b11205e8ea281838354f4c8047	Army window stat/format argument dataflow, table order and all original/Russian payloads; buka-army-window.json
table.gLuckText.6	0x000996b8	0x00098a9c	0x000935a8	0x00092b38	43cf275fee2f181375d208f58b101536bc34fc7c	src/SOURCE/KB.cpp:gLuckText[6]	4338ccf249273dcf7227b001872d60d9f76e1be4d5313626fa1538b99cd0315a	Army window stat/format argument dataflow, table order and all original/Russian payloads; buka-army-window.json
table.gMoraleText.0	0x000996c0	0x00098aac	0x000935b0	0x00092b3c	43cf275fee2f181375d208f58b101536bc34fc7c	src/SOURCE/KB.cpp:gMoraleText[0]	c9ef47dc7a4a63f3ebc2f69f8ff5949d305a5a1c33233e2c4596e7557eee4fe9	Army window stat/format argument dataflow, table order and all original/Russian payloads; buka-army-window.json
table.gMoraleText.1	0x000996c8	0x00098abc	0x000935b4	0x00092b40	43cf275fee2f181375d208f58b101536bc34fc7c	src/SOURCE/KB.cpp:gMoraleText[1]	13f9ac5e20eceec2541a2e5738d75afafc07be8dcfe9af9bc13f98d1b0088641	Army window stat/format argument dataflow, table order and all original/Russian payloads; buka-army-window.json
table.gMoraleText.2	0x000996d0	0x00098ac4	0x000935b8	0x00092b44	43cf275fee2f181375d208f58b101536bc34fc7c	src/SOURCE/KB.cpp:gMoraleText[2]	0587b7678dd922a877efab1ffc2de0bcdc85aa362041de92711454adc476731e	Army window stat/format argument dataflow, table order and all original/Russian payloads; buka-army-window.json
table.gMoraleText.3	0x000996d8	0x00098acc	0x000935bc	0x00092b48	43cf275fee2f181375d208f58b101536bc34fc7c	src/SOURCE/KB.cpp:gMoraleText[3]	06e42820fa6d304089492b79e3417d4c87198e1e1929b24a5ff89c44b429d671	Army window stat/format argument dataflow, table order and all original/Russian payloads; buka-army-window.json
table.gMoraleText.4	0x000996e0	0x00098ad4	0x000935c0	0x00092b4c	43cf275fee2f181375d208f58b101536bc34fc7c	src/SOURCE/KB.cpp:gMoraleText[4]	438092439f7db48a19854b6991ecb9dca083884616ca2ef90ccf267eabc087ad	Army window stat/format argument dataflow, table order and all original/Russian payloads; buka-army-window.json
table.gMoraleText.5	0x000996e8	0x00098adc	0x000935c4	0x00092b50	43cf275fee2f181375d208f58b101536bc34fc7c	src/SOURCE/KB.cpp:gMoraleText[5]	77bd19f6a528839e741342ebb2bb05bcc15654b11205e8ea281838354f4c8047	Army window stat/format argument dataflow, table order and all original/Russian payloads; buka-army-window.json
table.gMoraleText.6	0x000996f0	0x00098ae8	0x000935c8	0x00092b54	43cf275fee2f181375d208f58b101536bc34fc7c	src/SOURCE/KB.cpp:gMoraleText[6]	1525bd02819ace76c6042c56af329ab7ee7cfd80490e3f4bb4cc50ef85e85098	Army window stat/format argument dataflow, table order and all original/Russian payloads; buka-army-window.json
turn.player.prompt	0x00090ccc	0x00090050	0x000199bf	0x00033338	43cf275fee2f181375d208f58b101536bc34fc7c	src/SOURCE/GAME.cpp:game::NextPlayer	53e90fca8acecf4b54b0801f51be7378a438c68da77c558e007ae87924cba23c	NextPlayer sprintf arguments and both complete retail payloads checked. Buka 0x33349-0x333c7 maps ASCII a-z, CP1251 e0-ff, and b8 to uppercase; other bytes unchanged.
table.gNewTurnText.0	0x0009abe0	0x0009a184	0x00093900	0x00092e5c	43cf275fee2f181375d208f58b101536bc34fc7c	src/SOURCE/KB.cpp:gNewTurnText[0]	938b3701d7c880973c88e12a7e4d64cba9e1787daba70e73e7c0493a953d972f	Table uses discovered from matching caller instruction contexts; all original/Russian payloads checked; buka-dialog-tables.json
table.gNewTurnText.1	0x0009ac44	0x0009a200	0x00093904	0x00092e60	43cf275fee2f181375d208f58b101536bc34fc7c	src/SOURCE/KB.cpp:gNewTurnText[1]	1e4b7b85ed2d35d68bfec41611b05a4463062e3cd101b2f5c2979b65ad346bf1	Table uses discovered from matching caller instruction contexts; all original/Russian payloads checked; buka-dialog-tables.json
table.gNewTurnText.2	0x0009aca0	0x0009a284	0x00093908	0x00092e64	43cf275fee2f181375d208f58b101536bc34fc7c	src/SOURCE/KB.cpp:gNewTurnText[2]	163d5e9c93191668993a616b5ea440be0d4924a0b2454a15a9fdf30ca5404716	Table uses discovered from matching caller instruction contexts; all original/Russian payloads checked; buka-dialog-tables.json
table.gNewTurnText.3	0x0009acec	0x0009a2c4	0x0009390c	0x00092e68	43cf275fee2f181375d208f58b101536bc34fc7c	src/SOURCE/KB.cpp:gNewTurnText[3]	a9a560af5b65ed74d21aa2b9bef8b3a7c76346ce243ca8d6de3df5d075f207b1	Table uses discovered from matching caller instruction contexts; all original/Russian payloads checked; buka-dialog-tables.json
table.gNewTurnText.4	0x0009ad50	0x0009a340	0x00093910	0x00092e6c	43cf275fee2f181375d208f58b101536bc34fc7c	src/SOURCE/KB.cpp:gNewTurnText[4]	66203bf4588a7a7f9e99ee77c715061f2fa3aa8f9e06f178d97fcd97bf58b632	Table uses discovered from matching caller instruction contexts; all original/Russian payloads checked; buka-dialog-tables.json
table.gNewTurnText.5	0x0009ad98	0x0009a38c	0x00093914	0x00092e70	43cf275fee2f181375d208f58b101536bc34fc7c	src/SOURCE/KB.cpp:gNewTurnText[5]	9241d5656fb0a1aa1f0ff537272c1575b69263e4aca11cc5558caac56d6bce58	Table uses discovered from matching caller instruction contexts; all original/Russian payloads checked; buka-dialog-tables.json
table.gNewTurnText.6	0x0009ade4	0x0009a3cc	0x00093918	0x00092e74	43cf275fee2f181375d208f58b101536bc34fc7c	src/SOURCE/KB.cpp:gNewTurnText[6]	a7e48dc7281a8d93b55434204db0fb26a9364d959272d9a219f4c957692bfe2b	Table uses discovered from matching caller instruction contexts; all original/Russian payloads checked; buka-dialog-tables.json
table.gViewGeneralLabels.0	0x0009ae3c	0x0009a440	0x00093920	0x00092e78	43cf275fee2f181375d208f58b101536bc34fc7c	src/SOURCE/KB.cpp:gViewGeneralLabels[0]	c62b97ce0e64b81441b951523af371591ba3f41a66002f254fa2aaf15a2cdbc1	Table uses discovered from matching caller instruction contexts; all original/Russian payloads checked; buka-dialog-tables.json
table.gViewGeneralLabels.1	0x0009ae48	0x0009a448	0x00093924	0x00092e7c	43cf275fee2f181375d208f58b101536bc34fc7c	src/SOURCE/KB.cpp:gViewGeneralLabels[1]	9e935037c6d5bf0b02de07c02f0c7e29f85db75d844abad0325ed0dfc25a4879	Table uses discovered from matching caller instruction contexts; all original/Russian payloads checked; buka-dialog-tables.json
table.gViewGeneralLabels.2	0x0009ae54	0x0009a454	0x00093928	0x00092e80	43cf275fee2f181375d208f58b101536bc34fc7c	src/SOURCE/KB.cpp:gViewGeneralLabels[2]	a6c3c3c520f588f3ef8d43c7c0a535930497b56d41e0887373e8b4ef532e27b2	Table uses discovered from matching caller instruction contexts; all original/Russian payloads checked; buka-dialog-tables.json
table.gViewGeneralLabels.3	0x0009ae64	0x0009a464	0x0009392c	0x00092e84	43cf275fee2f181375d208f58b101536bc34fc7c	src/SOURCE/KB.cpp:gViewGeneralLabels[3]	4a405766a3824d74b20901f8b7ffbadbdd8f8441d2126e04dc5162f293b7caa3	Table uses discovered from matching caller instruction contexts; all original/Russian payloads checked; buka-dialog-tables.json
table.gViewGeneralLabels.4	0x0009ae70	0x0009a470	0x00093930	0x00092e88	43cf275fee2f181375d208f58b101536bc34fc7c	src/SOURCE/KB.cpp:gViewGeneralLabels[4]	f32e85bd7db82786bc555a28b9af496ab3a5771a09e305823a81b3f5ad7783ce	Table uses discovered from matching caller instruction contexts; all original/Russian payloads checked; buka-dialog-tables.json
table.gViewGeneralLabels.5	0x0009ae7c	0x0009a47c	0x00093934	0x00092e8c	43cf275fee2f181375d208f58b101536bc34fc7c	src/SOURCE/KB.cpp:gViewGeneralLabels[5]	0945cc1f08886838f52179617275e1f5b010f157476ba9ece5cae922737f804a	Table uses discovered from matching caller instruction contexts; all original/Russian payloads checked; buka-dialog-tables.json
table.gViewGeneralHelp.0	0x0009ae84	0x0009a484	0x00093938	0x00092e90	43cf275fee2f181375d208f58b101536bc34fc7c	src/SOURCE/KB.cpp:gViewGeneralHelp[0]	6a1eaf7e93acb825dde7bb5daae7a76d5947751a648068dd808d2a8b53bab8fb	Table uses discovered from matching caller instruction contexts; all original/Russian payloads checked; buka-dialog-tables.json
table.gViewGeneralHelp.1	0x0009ae94	0x0009a49c	0x0009393c	0x00092e94	43cf275fee2f181375d208f58b101536bc34fc7c	src/SOURCE/KB.cpp:gViewGeneralHelp[1]	2f1e0ab54afc144d154b9ca050d221b1dd07e6ec5fe7f922b7b5a4c688a05aad	Table uses discovered from matching caller instruction contexts; all original/Russian payloads checked; buka-dialog-tables.json
table.gViewGeneralHelp.2	0x0009aea0	0x0009a4b4	0x00093940	0x00092e98	43cf275fee2f181375d208f58b101536bc34fc7c	src/SOURCE/KB.cpp:gViewGeneralHelp[2]	a7baf50c007fe2cb21bef31e4278c1ea8c792bb08e76e4df00550dc39ffd0df5	Table uses discovered from matching caller instruction contexts; all original/Russian payloads checked; buka-dialog-tables.json
table.gViewGeneralHelp.3	0x0009aea8	0x0009a4c0	0x00093944	0x00092e9c	43cf275fee2f181375d208f58b101536bc34fc7c	src/SOURCE/KB.cpp:gViewGeneralHelp[3]	11d040da74b87903bfe5bcf0ea7fc716ff8a55dbc7b6e79730e57b7681889885	Table uses discovered from matching caller instruction contexts; all original/Russian payloads checked; buka-dialog-tables.json
table.gViewGeneralHelp.4	0x0009aeb4	0x0009a4c8	0x00093948	0x00092ea0	43cf275fee2f181375d208f58b101536bc34fc7c	src/SOURCE/KB.cpp:gViewGeneralHelp[4]	6fc39022d960678b44c77e97eb0c124b89c9f444d8491f3a6cbacce8915e297b	Table uses discovered from matching caller instruction contexts; all original/Russian payloads checked; buka-dialog-tables.json
table.gViewGeneralHelp.5	0x0009aebc	0x0009a4d0	0x0009394c	0x00092ea4	43cf275fee2f181375d208f58b101536bc34fc7c	src/SOURCE/KB.cpp:gViewGeneralHelp[5]	2a60f9b8c1ca952555fb8d13542ab1bac8de1fa3bae28d90e8e97a87cf07bfb1	Table uses discovered from matching caller instruction contexts; all original/Russian payloads checked; buka-dialog-tables.json
table.gDifficultyNames.0	0x0009e320	0x0009d768	0x00093da8	0x000932b0	43cf275fee2f181375d208f58b101536bc34fc7c	src/SOURCE/KB.cpp:gDifficultyNames[0]	7ea10b3541dd1d20c013cb7d6a6e193fd0ab6fe755e85cc45b11d20aa82be88d	Table uses discovered from matching caller instruction contexts; all original/Russian payloads checked; buka-dialog-tables.json
table.gDifficultyNames.1	0x0009e328	0x0009d770	0x00093dac	0x000932b4	43cf275fee2f181375d208f58b101536bc34fc7c	src/SOURCE/KB.cpp:gDifficultyNames[1]	06e42820fa6d304089492b79e3417d4c87198e1e1929b24a5ff89c44b429d671	Table uses discovered from matching caller instruction contexts; all original/Russian payloads checked; buka-dialog-tables.json
table.gDifficultyNames.2	0x0009e330	0x0009d778	0x00093db0	0x000932b8	43cf275fee2f181375d208f58b101536bc34fc7c	src/SOURCE/KB.cpp:gDifficultyNames[2]	378da8b5a6db2f90ef6cf759c926e40bcc7547840e92e744d95920287237a0d3	Table uses discovered from matching caller instruction contexts; all original/Russian payloads checked; buka-dialog-tables.json
table.gDifficultyNames.3	0x0009e338	0x0009d780	0x00093db4	0x000932bc	43cf275fee2f181375d208f58b101536bc34fc7c	src/SOURCE/KB.cpp:gDifficultyNames[3]	f82022d8dfb589e465749e994c2028eb13df3a483289f87f9e4637b72f520594	Table uses discovered from matching caller instruction contexts; all original/Russian payloads checked; buka-dialog-tables.json
