site_rva	target_rva	symbol
0x0000100d	0x000688c0	??0baseManager@@QAE@XZ
0x00001016	0x0008a38c	??_7advManager@@6B@
0x0000121a	0x000a98bc	?bShowIt@@3HA
0x00001260	0x000a7ba0	?gpGame@@3PAVgame@@A
0x00001265	0x0002bfee	?GetWorldMapData@game@@QAEPAY0EI@VmapCell@@XZ
0x00001275	0x000a7824	?gMapX@@3FA
0x0000127e	0x000a7826	?gMapY@@3FA
0x000012bb	0x0008a38c	??_7advManager@@6B@
0x000012c9	0x000887c8	__ehreg$?Open@advManager@@UAEFF@Z
0x000012ea	0x000a6750	?gCurBottomView@@3HA
0x000012fe	0x000a98bc	?bShowIt@@3HA
0x0000135c	0x00077d50	??2@YAPAXI@Z
0x00001374	0x0008e150	$SG42323
0x00001380	0x0006d150	??0heroWindow@@QAE@FFPAD@Z
0x000013b6	0x00042146	?MemError@@YAXXZ
0x000013bd	0x00077d50	??2@YAPAXI@Z
0x000013df	0x0008e160	$SG42329
0x000013f5	0x0006dfa0	??0iconWidget@@QAE@FFFFPADCCFFF@Z
0x0000142b	0x00042146	?MemError@@YAXXZ
0x00001445	0x0006d817	?AddWidget@heroWindow@@QAEXPAVwidget@@F@Z
0x0000144c	0x00077d50	??2@YAPAXI@Z
0x0000146e	0x0008e16c	$SG42335
0x00001484	0x0006dfa0	??0iconWidget@@QAE@FFFFPADCCFFF@Z
0x000014ba	0x00042146	?MemError@@YAXXZ
0x000014d4	0x0006d817	?AddWidget@heroWindow@@QAEXPAVwidget@@F@Z
0x000014db	0x00077d50	??2@YAPAXI@Z
0x0000150b	0x0006ce6b	??0backdropWidget@@QAE@FFFFFF@Z
0x00001541	0x00042146	?MemError@@YAXXZ
0x00001548	0x00077d50	??2@YAPAXI@Z
0x00001578	0x0006ce6b	??0backdropWidget@@QAE@FFFFFF@Z
0x000015ae	0x00042146	?MemError@@YAXXZ
0x000015b5	0x00077d50	??2@YAPAXI@Z
0x000015e2	0x0006ce6b	??0backdropWidget@@QAE@FFFFFF@Z
0x00001618	0x00042146	?MemError@@YAXXZ
0x0000161f	0x00077d50	??2@YAPAXI@Z
0x0000164c	0x0006ce6b	??0backdropWidget@@QAE@FFFFFF@Z
0x0000168b	0x00042146	?MemError@@YAXXZ
0x00001692	0x00077d50	??2@YAPAXI@Z
0x000016c5	0x0006ce6b	??0backdropWidget@@QAE@FFFFFF@Z
0x00001704	0x00042146	?MemError@@YAXXZ
0x0000173a	0x0006d817	?AddWidget@heroWindow@@QAEXPAVwidget@@F@Z
0x00001743	0x000b4aa4	?giCurPlayer@@3CA
0x0000174a	0x000a7b94	?gbThisNetHumanPlayer@@3PACA
0x00001755	0x0008e178	$SG42366
0x0000175b	0x000a7164	?gpMouseManager@@3PAVmouseManager@@A
0x00001760	0x0006b84a	?SetPointer@mouseManager@@QAEXPADF@Z
0x00001769	0x0008e184	$SG42368
0x0000176f	0x000a7164	?gpMouseManager@@3PAVmouseManager@@A
0x00001774	0x0006b84a	?SetPointer@mouseManager@@QAEXPADF@Z
0x0000178a	0x00077d50	??2@YAPAXI@Z
0x000017ad	0x00042146	?MemError@@YAXXZ
0x000017cb	0x000a74a8	?gpWindowManager@@3PAVheroWindowManager@@A
0x000017d0	0x0006a4f1	?AddWindow@heroWindowManager@@QAEXPAVheroWindow@@FC@Z
0x000017e1	0x0008e190	$SG42374
0x000017e7	0x000a74d8	?gpResourceManager@@3PAVresourceManager@@A
0x000017ec	0x0006c4b7	?GetTileset@resourceManager@@QAEPAVtileset@@PAD@Z
0x00001806	0x0008e1a0	$SG42376
0x0000180c	0x000a74d8	?gpResourceManager@@3PAVresourceManager@@A
0x00001811	0x0006c4b7	?GetTileset@resourceManager@@QAEPAVtileset@@PAD@Z
0x0000182b	0x0008e1ac	$SG42378
0x00001831	0x000a74d8	?gpResourceManager@@3PAVresourceManager@@A
0x00001836	0x0006c4b7	?GetTileset@resourceManager@@QAEPAVtileset@@PAD@Z
0x00001850	0x0008e1b8	$SG42380
0x00001856	0x000a74d8	?gpResourceManager@@3PAVresourceManager@@A
0x0000185b	0x0006c3db	?GetIcon@resourceManager@@QAEPAVicon@@PAD@Z
0x00001875	0x0008e1c4	$SG42382
0x0000187b	0x000a74d8	?gpResourceManager@@3PAVresourceManager@@A
0x00001880	0x0006c3db	?GetIcon@resourceManager@@QAEPAVicon@@PAD@Z
0x0000189a	0x0008e1d4	$SG42384
0x000018a0	0x000a74d8	?gpResourceManager@@3PAVresourceManager@@A
0x000018a5	0x0006c3db	?GetIcon@resourceManager@@QAEPAVicon@@PAD@Z
0x000018bf	0x0008e1e4	$SG42386
0x000018c5	0x000a74d8	?gpResourceManager@@3PAVresourceManager@@A
0x000018ca	0x0006c3db	?GetIcon@resourceManager@@QAEPAVicon@@PAD@Z
0x000018e4	0x0008e1f4	$SG42388
0x000018ea	0x000a74d8	?gpResourceManager@@3PAVresourceManager@@A
0x000018ef	0x0006c3db	?GetIcon@resourceManager@@QAEPAVicon@@PAD@Z
0x00001909	0x0008e204	$SG42390
0x0000190f	0x000a74d8	?gpResourceManager@@3PAVresourceManager@@A
0x00001914	0x0006c3db	?GetIcon@resourceManager@@QAEPAVicon@@PAD@Z
0x0000192e	0x0008e214	$SG42392
0x00001934	0x000a74d8	?gpResourceManager@@3PAVresourceManager@@A
0x00001939	0x0006c3db	?GetIcon@resourceManager@@QAEPAVicon@@PAD@Z
0x00001953	0x0008e224	$SG42394
0x00001959	0x000a74d8	?gpResourceManager@@3PAVresourceManager@@A
0x0000195e	0x0006c3db	?GetIcon@resourceManager@@QAEPAVicon@@PAD@Z
0x00001978	0x0008e234	$SG42396
0x0000197e	0x000a74d8	?gpResourceManager@@3PAVresourceManager@@A
0x00001983	0x0006c3db	?GetIcon@resourceManager@@QAEPAVicon@@PAD@Z
0x0000199d	0x0008e244	$SG42398
0x000019a3	0x000a74d8	?gpResourceManager@@3PAVresourceManager@@A
0x000019a8	0x0006c3db	?GetIcon@resourceManager@@QAEPAVicon@@PAD@Z
0x000019c2	0x0008e250	$SG42400
0x000019c8	0x000a74d8	?gpResourceManager@@3PAVresourceManager@@A
0x000019cd	0x0006c3db	?GetIcon@resourceManager@@QAEPAVicon@@PAD@Z
0x000019e7	0x0008e25c	$SG42402
0x000019ed	0x000a74d8	?gpResourceManager@@3PAVresourceManager@@A
0x000019f2	0x0006c3db	?GetIcon@resourceManager@@QAEPAVicon@@PAD@Z
0x00001a0c	0x0008e268	$SG42404
0x00001a12	0x000a74d8	?gpResourceManager@@3PAVresourceManager@@A
0x00001a17	0x0006c3db	?GetIcon@resourceManager@@QAEPAVicon@@PAD@Z
0x00001a31	0x0008e274	$SG42406
0x00001a37	0x000a74d8	?gpResourceManager@@3PAVresourceManager@@A
0x00001a3c	0x0006c3db	?GetIcon@resourceManager@@QAEPAVicon@@PAD@Z
0x00001a56	0x0008e280	$SG42408
0x00001a5c	0x000a74d8	?gpResourceManager@@3PAVresourceManager@@A
0x00001a61	0x0006c3db	?GetIcon@resourceManager@@QAEPAVicon@@PAD@Z
0x00001a7b	0x0008e28c	$SG42410
0x00001a81	0x000a74d8	?gpResourceManager@@3PAVresourceManager@@A
0x00001a86	0x0006c3db	?GetIcon@resourceManager@@QAEPAVicon@@PAD@Z
0x00001aa0	0x0008e298	$SG42412
0x00001aa6	0x000a74d8	?gpResourceManager@@3PAVresourceManager@@A
0x00001aab	0x0006c3db	?GetIcon@resourceManager@@QAEPAVicon@@PAD@Z
0x00001ac5	0x0008e2a8	$SG42414
0x00001acb	0x000a74d8	?gpResourceManager@@3PAVresourceManager@@A
0x00001ad0	0x0006c3db	?GetIcon@resourceManager@@QAEPAVicon@@PAD@Z
0x00001aea	0x0008e2b8	$SG42416
0x00001af0	0x000a74d8	?gpResourceManager@@3PAVresourceManager@@A
0x00001af5	0x0006c3db	?GetIcon@resourceManager@@QAEPAVicon@@PAD@Z
0x00001b0f	0x0008e2c4	$SG42418
0x00001b15	0x000a74d8	?gpResourceManager@@3PAVresourceManager@@A
0x00001b1a	0x0006c3db	?GetIcon@resourceManager@@QAEPAVicon@@PAD@Z
0x00001b34	0x0008e2d0	$SG42420
0x00001b3a	0x000a74d8	?gpResourceManager@@3PAVresourceManager@@A
0x00001b3f	0x0006c3db	?GetIcon@resourceManager@@QAEPAVicon@@PAD@Z
0x00001b59	0x0008e2e0	$SG42422
0x00001b5f	0x000a74d8	?gpResourceManager@@3PAVresourceManager@@A
0x00001b64	0x0006c3db	?GetIcon@resourceManager@@QAEPAVicon@@PAD@Z
0x00001b7e	0x0008e2ec	$SG42424
0x00001b84	0x000a74d8	?gpResourceManager@@3PAVresourceManager@@A
0x00001b89	0x0006c3db	?GetIcon@resourceManager@@QAEPAVicon@@PAD@Z
0x00001ba3	0x0008e2f8	$SG42426
0x00001ba9	0x000a74d8	?gpResourceManager@@3PAVresourceManager@@A
0x00001bae	0x0006c3db	?GetIcon@resourceManager@@QAEPAVicon@@PAD@Z
0x00001bc8	0x0008e304	$SG42428
0x00001bce	0x000a74d8	?gpResourceManager@@3PAVresourceManager@@A
0x00001bd3	0x0006c3db	?GetIcon@resourceManager@@QAEPAVicon@@PAD@Z
0x00001bed	0x0008e310	$SG42430
0x00001bf3	0x000a74d8	?gpResourceManager@@3PAVresourceManager@@A
0x00001bf8	0x0006c3db	?GetIcon@resourceManager@@QAEPAVicon@@PAD@Z
0x00001c12	0x0008e31c	$SG42432
0x00001c18	0x000a74d8	?gpResourceManager@@3PAVresourceManager@@A
0x00001c1d	0x0006c3db	?GetIcon@resourceManager@@QAEPAVicon@@PAD@Z
0x00001c2c	0x000a98cc	?gLoadingMonoIcon@@3HA
0x00001c41	0x0008e328	$SG42434
0x00001c47	0x000a74d8	?gpResourceManager@@3PAVresourceManager@@A
0x00001c4c	0x0006c3db	?GetIcon@resourceManager@@QAEPAVicon@@PAD@Z
0x00001c5b	0x000a98cc	?gLoadingMonoIcon@@3HA
0x00001c70	0x0008e338	$SG42436
0x00001c76	0x000a74d8	?gpResourceManager@@3PAVresourceManager@@A
0x00001c7b	0x0006c3db	?GetIcon@resourceManager@@QAEPAVicon@@PAD@Z
0x00001c95	0x0008e348	$SG42438
0x00001c9b	0x000a74d8	?gpResourceManager@@3PAVresourceManager@@A
0x00001ca0	0x0006c3db	?GetIcon@resourceManager@@QAEPAVicon@@PAD@Z
0x00001cba	0x0008e358	$SG42440
0x00001cc0	0x000a74d8	?gpResourceManager@@3PAVresourceManager@@A
0x00001cc5	0x0006c3db	?GetIcon@resourceManager@@QAEPAVicon@@PAD@Z
0x00001cdf	0x0008e368	$SG42442
0x00001ce5	0x000a74d8	?gpResourceManager@@3PAVresourceManager@@A
0x00001cea	0x0006c3db	?GetIcon@resourceManager@@QAEPAVicon@@PAD@Z
0x00001d04	0x0008e378	$SG42444
0x00001d0a	0x000a74d8	?gpResourceManager@@3PAVresourceManager@@A
0x00001d0f	0x0006c3db	?GetIcon@resourceManager@@QAEPAVicon@@PAD@Z
0x00001d29	0x0008e388	$SG42446
0x00001d2f	0x000a74d8	?gpResourceManager@@3PAVresourceManager@@A
0x00001d34	0x0006c3db	?GetIcon@resourceManager@@QAEPAVicon@@PAD@Z
0x00001d4e	0x0008e398	$SG42448
0x00001d54	0x000a74d8	?gpResourceManager@@3PAVresourceManager@@A
0x00001d59	0x0006c3db	?GetIcon@resourceManager@@QAEPAVicon@@PAD@Z
0x00001d73	0x0008e3a8	$SG42450
0x00001d79	0x000a74d8	?gpResourceManager@@3PAVresourceManager@@A
0x00001d7e	0x0006c3db	?GetIcon@resourceManager@@QAEPAVicon@@PAD@Z
0x00001d8d	0x000a98cc	?gLoadingMonoIcon@@3HA
0x00001da2	0x0008e3b8	$SG42452
0x00001da8	0x000a74d8	?gpResourceManager@@3PAVresourceManager@@A
0x00001dad	0x0006c3db	?GetIcon@resourceManager@@QAEPAVicon@@PAD@Z
0x00001dbc	0x000a98cc	?gLoadingMonoIcon@@3HA
0x00001e3a	0x000a9428	?gConfig@@3UconfigStruct@@A
0x00001e43	0x000023a8	?GetCursorSampleSet@advManager@@QAEXH@Z
0x00001e4a	0x000b4aa4	?giCurPlayer@@3CA
0x00001e51	0x000a7b94	?gbThisNetHumanPlayer@@3PACA
0x00001e5b	0x000a7ba0	?gpGame@@3PAVgame@@A
0x00001e60	0x00032f67	?TurnOnAIMusic@game@@QAEXXZ
0x00001e67	0x00043ccd	?SetNoDialogMenus@@YAXH@Z
0x00001e73	0x00043ccd	?SetNoDialogMenus@@YAXH@Z
0x00001e7b	0x00044b4e	?KBTickCount@@YAHXZ
0x00001e83	0x000a98a0	?glTimers@@3PAHA
0x00001e97	0x000a7164	?gpMouseManager@@3PAVmouseManager@@A
0x00001e9c	0x0006bfe5	?NewUpdate@mouseManager@@QAEXH@Z
0x00001ea1	0x000a9430	?gConfig@@3UconfigStruct@@A
0x00001eaa	0x000a9430	?gConfig@@3UconfigStruct@@A
0x00001eb3	0x000a9430	?gConfig@@3UconfigStruct@@A
0x00001ebf	0x00010b26	?SetInitialMapOrigin@advManager@@QAEXXZ
0x00001ec6	0x000b4aa4	?giCurPlayer@@3CA
0x00001ecd	0x000a7b94	?gbThisNetHumanPlayer@@3PACA
0x00001ed3	0x000a98bc	?bShowIt@@3HA
0x00001edb	0x000a7164	?gpMouseManager@@3PAVmouseManager@@A
0x00001ee0	0x0006c06f	?SetColorMice@mouseManager@@QAEXH@Z
0x00001ee7	0x000b4aa4	?giCurPlayer@@3CA
0x00001ef0	0x000a98bc	?bShowIt@@3HA
0x00001ef9	0x000a74a4	?giCurWatchPlayer@@3HA
0x00001eff	0x000b4aa4	?giCurPlayer@@3CA
0x00001f06	0x000b4aa4	?giCurPlayer@@3CA
0x00001f12	0x000a7ba0	?gpGame@@3PAVgame@@A
0x00001f1f	0x000b4ba8	?gCurPlayerData@@3PAVplayerData@@A
0x00001f25	0x000a98bc	?bShowIt@@3HA
0x00001f33	0x0000ae3d	?RedrawAdvScreen@advManager@@QAEXH@Z
0x00001f3b	0x000b4aa4	?giCurPlayer@@3CA
0x00001f44	0x000a98bc	?bShowIt@@3HA
0x00001f4b	0x000b4aa4	?giCurPlayer@@3CA
0x00001f56	0x000a7ba0	?gpGame@@3PAVgame@@A
0x00001f63	0x000b4ba8	?gCurPlayerData@@3PAVplayerData@@A
0x00001f6a	0x000b4aa4	?giCurPlayer@@3CA
0x00001f71	0x000a7b94	?gbThisNetHumanPlayer@@3PACA
0x00001f7b	0x000a7ba0	?gpGame@@3PAVgame@@A
0x00001f80	0x00036431	?ShowComputerScreen@game@@QAEXXZ
0x00001f86	0x000a7164	?gpMouseManager@@3PAVmouseManager@@A
0x00001f8b	0x0006bf6f	?ReallyShowPointer@mouseManager@@QAEXXZ
0x00001f91	0x000a98e4	?gAdventureMenu@@3PAUHMENU__@@A
0x00001f97	0x00043b24	?KBChangeMenu@@YAXPAUHMENU__@@@Z
0x00001fa0	0x000a7834	?gPalette@@3PAVpalette@@A
0x00001fab	0x000a74a8	?gpWindowManager@@3PAVheroWindowManager@@A
0x00001fb0	0x0006aaa3	?FadeScreen@heroWindowManager@@QAEXFFPAVpalette@@@Z
0x00001fb6	0x000a761c	?giBottomViewOverride@@3HA
0x00001fc2	0x000a9430	?gConfig@@3UconfigStruct@@A
0x00001fc8	0x000a942c	?gConfig@@3UconfigStruct@@A
0x00001fcf	0x000a9430	?gConfig@@3UconfigStruct@@A
0x00001fd5	0x00069dd5	?SetVolumes@@YAXHH@Z
0x00001ffa	0x0008e3c4	$SG42463
0x00002006	0x00077c60	_strcpy
0x0000202d	0x00007f20	?ClearBottomView@advManager@@QAEXXZ
0x00002035	0x000a7164	?gpMouseManager@@3PAVmouseManager@@A
0x0000203a	0x0006b8b2	?SetPointer@mouseManager@@QAEXF@Z
0x0000203f	0x00069d8e	?StopAllAudio@@YAXXZ
0x0000205a	0x00078156	_free
0x00002070	0x000a9940	?gAdvDisposeLevel@@3HA
0x000020b6	0x000a74d8	?gpResourceManager@@3PAVresourceManager@@A
0x000020bb	0x0006c705	?Dispose@resourceManager@@QAEXPAVresource@@@Z
0x000020d5	0x000a9940	?gAdvDisposeLevel@@3HA
0x000020ec	0x000a74d8	?gpResourceManager@@3PAVresourceManager@@A
0x000020f1	0x0006c705	?Dispose@resourceManager@@QAEXPAVresource@@@Z
0x0000210e	0x000a74d8	?gpResourceManager@@3PAVresourceManager@@A
0x00002113	0x0006c705	?Dispose@resourceManager@@QAEXPAVresource@@@Z
0x00002152	0x000a74d8	?gpResourceManager@@3PAVresourceManager@@A
0x00002157	0x0006c705	?Dispose@resourceManager@@QAEXPAVresource@@@Z
0x0000217b	0x000a74d8	?gpResourceManager@@3PAVresourceManager@@A
0x00002180	0x0006c705	?Dispose@resourceManager@@QAEXPAVresource@@@Z
0x000021bf	0x000a74d8	?gpResourceManager@@3PAVresourceManager@@A
0x000021c4	0x0006c705	?Dispose@resourceManager@@QAEXPAVresource@@@Z
0x000021eb	0x000a74d8	?gpResourceManager@@3PAVresourceManager@@A
0x000021f0	0x0006c705	?Dispose@resourceManager@@QAEXPAVresource@@@Z
0x00002214	0x000a74d8	?gpResourceManager@@3PAVresourceManager@@A
0x00002219	0x0006c705	?Dispose@resourceManager@@QAEXPAVresource@@@Z
0x00002236	0x000a74d8	?gpResourceManager@@3PAVresourceManager@@A
0x0000223b	0x0006c705	?Dispose@resourceManager@@QAEXPAVresource@@@Z
0x00002258	0x000a74d8	?gpResourceManager@@3PAVresourceManager@@A
0x0000225d	0x0006c705	?Dispose@resourceManager@@QAEXPAVresource@@@Z
0x000022ad	0x000a74d8	?gpResourceManager@@3PAVresourceManager@@A
0x000022b2	0x0006c705	?Dispose@resourceManager@@QAEXPAVresource@@@Z
0x00002309	0x000a74d8	?gpResourceManager@@3PAVresourceManager@@A
0x0000230e	0x0006c705	?Dispose@resourceManager@@QAEXPAVresource@@@Z
0x00002332	0x000a74a8	?gpWindowManager@@3PAVheroWindowManager@@A
0x00002337	0x0006a657	?RemoveWindow@heroWindowManager@@QAEXPAVheroWindow@@@Z
0x0000234c	0x00077c4d	??3@YAXPAX@Z
0x0000237d	0x00077c4d	??3@YAXPAX@Z
0x00002393	0x000a6750	?gCurBottomView@@3HA
0x00002400	0x0008e3d0	$SG42467
0x00002400	0x0008e3d0	$SG42503
0x00002405	0x000a7168	?gText@@3PADA
0x0000240a	0x0007823f	_sprintf
0x00002412	0x000a7168	?gText@@3PADA
0x00002418	0x000a74d8	?gpResourceManager@@3PAVresourceManager@@A
0x0000241d	0x0006c646	?GetSample@resourceManager@@QAEPAVsample@@PAD@Z
0x0000245b	0x000b4ba8	?gCurPlayerData@@3PAVplayerData@@A
0x0000246b	0x000a7ba0	?gpGame@@3PAVgame@@A
0x000024f6	0x000a74ac	?gpSearchArray@@3PAVsearchArray@@A
0x00002501	0x000a74ac	?gpSearchArray@@3PAVsearchArray@@A
0x00002528	0x000a9438	?gConfig@@3UconfigStruct@@A
0x0000256f	0x000a7164	?gpMouseManager@@3PAVmouseManager@@A
0x0000257a	0x000a7b90	?gInputManager@@3PAVinputManager@@A
0x00002585	0x000a74ac	?gpSearchArray@@3PAVsearchArray@@A
0x000025b8	0x000a674c	?TrigY@@3HA
0x000025bd	0x000a6748	?TrigX@@3HA
0x000025d1	0x000a74ac	?gpSearchArray@@3PAVsearchArray@@A
0x0000261a	0x000a7b90	?gInputManager@@3PAVinputManager@@A
0x00002687	0x000a7b90	?gInputManager@@3PAVinputManager@@A
0x000026e4	0x000a9438	?gConfig@@3UconfigStruct@@A
0x0000270f	0x000a9438	?gConfig@@3UconfigStruct@@A
0x00002726	0x000a7164	?gpMouseManager@@3PAVmouseManager@@A
0x0000274e	0x000a674c	?TrigY@@3HA
0x00002755	0x000a6748	?TrigX@@3HA
0x00002796	0x000a7164	?gpMouseManager@@3PAVmouseManager@@A
0x000027ab	0x000a7ba0	?gpGame@@3PAVgame@@A
0x000027d9	0x000a7164	?gpMouseManager@@3PAVmouseManager@@A
0x000027e4	0x000b4ba8	?gCurPlayerData@@3PAVplayerData@@A
0x000027f0	0x000a7ba0	?gpGame@@3PAVgame@@A
0x00002800	0x000b4ba8	?gCurPlayerData@@3PAVplayerData@@A
0x0000280d	0x000a7ba0	?gpGame@@3PAVgame@@A
0x00002827	0x000b4ba8	?gCurPlayerData@@3PAVplayerData@@A
0x00002834	0x000a7ba0	?gpGame@@3PAVgame@@A
0x00002854	0x000a7164	?gpMouseManager@@3PAVmouseManager@@A
0x00002860	0x000b4ba8	?gCurPlayerData@@3PAVplayerData@@A
0x00002870	0x000a7ba0	?gpGame@@3PAVgame@@A
0x00002892	0x000a74a8	?gpWindowManager@@3PAVheroWindowManager@@A
0x0000299b	0x000a98a0	?glTimers@@3PAHA
0x000029c0	0x000a6c24	?gGameOver@@3HA
0x000029e4	0x000b4aa4	?giCurPlayer@@3CA
0x000029eb	0x000a9414	?gbHumanPlayer@@3PAHA
0x000029f4	0x000a9944	?gRemoteOn@@3HA
0x00002a0c	0x000b4aa4	?giCurPlayer@@3CA
0x00002a13	0x000a74e4	?gpPhilAI@@3PAVphilAI@@A
0x00002a1e	0x000a7ba0	?gpGame@@3PAVgame@@A
0x00002a3b	0x000b4aa4	?giCurPlayer@@3CA
0x00002a42	0x000a7b94	?gbThisNetHumanPlayer@@3PACA
0x00002a60	0x000a782c	?giScreenScroll@@3CA
0x00002a6a	0x000a9e38	?gForegroundApp@@3HA
0x00002ab5	0x000a74ea	?gbNoSound@@3CA
0x00002abf	0x000a942c	?gConfig@@3UconfigStruct@@A
0x00002ac8	0x00093434	?gForceSwitchMusic@@3HA
0x00002ad6	0x00093434	?gForceSwitchMusic@@3HA
0x00002aed	0x00093434	?gForceSwitchMusic@@3HA
0x00002c45	0x00092b08	?gAdvMenuHelp@@3PAPADA
0x00002c5f	0x000b4ba8	?gCurPlayerData@@3PAVplayerData@@A
0x00002c73	0x000b4ba8	?gCurPlayerData@@3PAVplayerData@@A
0x00002c83	0x000a7ba0	?gpGame@@3PAVgame@@A
0x00002c9c	0x000a6c48	?giDebugLevel@@3HA
0x00002d60	0x000a7ba0	?gpGame@@3PAVgame@@A
0x00002d6c	0x000a7ba0	?gpGame@@3PAVgame@@A
0x00002d79	0x000a7ba0	?gpGame@@3PAVgame@@A
0x00002d95	0x000a7ba0	?gpGame@@3PAVgame@@A
0x00002e17	0x000a7ba0	?gpGame@@3PAVgame@@A
0x00002e2f	0x000a7ba0	?gpGame@@3PAVgame@@A
0x00002e6e	0x000b4ba8	?gCurPlayerData@@3PAVplayerData@@A
0x00002e7c	0x000b4ba8	?gCurPlayerData@@3PAVplayerData@@A
0x00002ea5	0x000b4aa4	?giCurPlayer@@3CA
0x00002eb0	0x000a7ba0	?gpGame@@3PAVgame@@A
0x00002f59	0x000a6760	_?gCheatSeq@?1??Main@advManager@@UAEFAAUtag_message@@@Z@4HA
0x00002f6d	0x000a6760	_?gCheatSeq@?1??Main@advManager@@UAEFAAUtag_message@@@Z@4HA
0x00002f73	0x000a6760	_?gCheatSeq@?1??Main@advManager@@UAEFAAUtag_message@@@Z@4HA
0x00002f87	0x000a7ba0	?gpGame@@3PAVgame@@A
0x00002f9a	0x000a7ba0	?gpGame@@3PAVgame@@A
0x00002fad	0x000a7ba0	?gpGame@@3PAVgame@@A
0x00002fc0	0x000a7ba0	?gpGame@@3PAVgame@@A
0x00003187	0x000a7168	?gText@@3PADA
0x000031a5	0x000a7168	?gText@@3PADA
0x000031c3	0x000a7168	?gText@@3PADA
0x000031ec	0x000a7168	?gText@@3PADA
0x000031f9	0x000a74a8	?gpWindowManager@@3PAVheroWindowManager@@A
0x00003216	0x000a746c	?gGameCommand@@3FA
0x0000322b	0x000a7ba0	?gpGame@@3PAVgame@@A
0x0000323a	0x000a7ba0	?gpGame@@3PAVgame@@A
0x00003244	0x000a7ba0	?gpGame@@3PAVgame@@A
0x00003251	0x000a7ba0	?gpGame@@3PAVgame@@A
0x00003261	0x000b4ba8	?gCurPlayerData@@3PAVplayerData@@A
0x00003273	0x000b4ba8	?gCurPlayerData@@3PAVplayerData@@A
0x00003288	0x000b4ba8	?gCurPlayerData@@3PAVplayerData@@A
0x000032b0	0x000b4ba8	?gCurPlayerData@@3PAVplayerData@@A
0x000032be	0x000b4ba8	?gCurPlayerData@@3PAVplayerData@@A
0x000032cd	0x000b4ba8	?gCurPlayerData@@3PAVplayerData@@A
0x000032de	0x000b4ba8	?gCurPlayerData@@3PAVplayerData@@A
0x000032f0	0x000b4ba8	?gCurPlayerData@@3PAVplayerData@@A
0x000032fe	0x000b4ba8	?gCurPlayerData@@3PAVplayerData@@A
0x00003322	0x000b4ba8	?gCurPlayerData@@3PAVplayerData@@A
0x00003337	0x000b4ba8	?gCurPlayerData@@3PAVplayerData@@A
0x0000335d	0x000b4ba8	?gCurPlayerData@@3PAVplayerData@@A
0x00003381	0x000b4ba8	?gCurPlayerData@@3PAVplayerData@@A
0x000033ac	0x000a7164	?gpMouseManager@@3PAVmouseManager@@A
0x000033c0	0x000a674c	?TrigY@@3HA
0x000033c5	0x000a6748	?TrigX@@3HA
0x000033fa	0x000a674c	?TrigY@@3HA
0x00003401	0x000a6748	?TrigX@@3HA
0x00003445	0x000a7164	?gpMouseManager@@3PAVmouseManager@@A
0x00003456	0x000a674c	?TrigY@@3HA
0x0000345d	0x000a6748	?TrigX@@3HA
0x00003470	0x000a6c24	?gGameOver@@3HA
0x0000347f	0x00092198	?gMenuCommand@@3HA
0x00003612	0x000a9408	?giSeedingValid@@3HA
0x0000366a	0x000043ff	$L45352
0x00003671	0x000043cb	$L45353
0x0000368c	0x000b4ba8	?gCurPlayerData@@3PAVplayerData@@A
0x000036a0	0x000b4ba8	?gCurPlayerData@@3PAVplayerData@@A
0x000036ac	0x000b4ba8	?gCurPlayerData@@3PAVplayerData@@A
0x000036dd	0x00009569	?HeroQuickView@advManager@@QAEXCCFF@Z
0x000036e4	0x000b4ba8	?gCurPlayerData@@3PAVplayerData@@A
0x0000370b	0x0000244a	?DoAdvCommand@advManager@@QAEPAVmapCell@@XZ
0x0000371e	0x00010429	?HideRoute@advManager@@QAEXHHH@Z
0x0000372f	0x0000b301	?SetHeroContext@advManager@@QAEXCC@Z
0x00003739	0x000b4ba8	?gCurPlayerData@@3PAVplayerData@@A
0x0000374a	0x000b4ba8	?gCurPlayerData@@3PAVplayerData@@A
0x00003782	0x0000a2b5	?TownQuickView@advManager@@QAEXCCFF@Z
0x00003795	0x00010429	?HideRoute@advManager@@QAEXHHH@Z
0x0000379b	0x000b4ba8	?gCurPlayerData@@3PAVplayerData@@A
0x000037c2	0x0000244a	?DoAdvCommand@advManager@@QAEPAVmapCell@@XZ
0x000037d8	0x0000b0dd	?SetTownContext@advManager@@QAEXC@Z
0x000037e2	0x000b4ba8	?gCurPlayerData@@3PAVplayerData@@A
0x000037f0	0x000b4ba8	?gCurPlayerData@@3PAVplayerData@@A
0x000037fb	0x000b4ba8	?gCurPlayerData@@3PAVplayerData@@A
0x0000380d	0x00007ae5	?UpdateHeroLocators@advManager@@QAEXCC@Z
0x00003818	0x000b4ba8	?gCurPlayerData@@3PAVplayerData@@A
0x00003825	0x000b4ba8	?gCurPlayerData@@3PAVplayerData@@A
0x00003832	0x000b4ba8	?gCurPlayerData@@3PAVplayerData@@A
0x0000383e	0x000b4ba8	?gCurPlayerData@@3PAVplayerData@@A
0x00003850	0x00007ae5	?UpdateHeroLocators@advManager@@QAEXCC@Z
0x00003860	0x0000b68e	?DoHeroKnob@advManager@@QAEXXZ
0x00003873	0x000a7164	?gpMouseManager@@3PAVmouseManager@@A
0x00003878	0x0006c00c	?MouseCoords@mouseManager@@QAEXAAF0@Z
0x0000388a	0x000b4ba8	?gCurPlayerData@@3PAVplayerData@@A
0x0000389d	0x000b4ba8	?gCurPlayerData@@3PAVplayerData@@A
0x000038bb	0x000b4ba8	?gCurPlayerData@@3PAVplayerData@@A
0x000038cd	0x000b4ba8	?gCurPlayerData@@3PAVplayerData@@A
0x000038e6	0x000b4ba8	?gCurPlayerData@@3PAVplayerData@@A
0x000038fb	0x00007ae5	?UpdateHeroLocators@advManager@@QAEXCC@Z
0x0000390b	0x0000b8d3	?DoTownKnob@advManager@@QAEXXZ
0x0000391e	0x000a7164	?gpMouseManager@@3PAVmouseManager@@A
0x00003923	0x0006c00c	?MouseCoords@mouseManager@@QAEXAAF0@Z
0x00003935	0x000b4ba8	?gCurPlayerData@@3PAVplayerData@@A
0x00003948	0x000b4ba8	?gCurPlayerData@@3PAVplayerData@@A
0x00003966	0x000b4ba8	?gCurPlayerData@@3PAVplayerData@@A
0x00003978	0x000b4ba8	?gCurPlayerData@@3PAVplayerData@@A
0x00003991	0x000b4ba8	?gCurPlayerData@@3PAVplayerData@@A
0x000039a6	0x00007bb8	?UpdateTownLocators@advManager@@QAEXCC@Z
0x000039b0	0x000b4ba8	?gCurPlayerData@@3PAVplayerData@@A
0x000039be	0x000b4ba8	?gCurPlayerData@@3PAVplayerData@@A
0x000039c9	0x000b4ba8	?gCurPlayerData@@3PAVplayerData@@A
0x000039db	0x00007bb8	?UpdateTownLocators@advManager@@QAEXCC@Z
0x000039e6	0x000b4ba8	?gCurPlayerData@@3PAVplayerData@@A
0x000039f3	0x000b4ba8	?gCurPlayerData@@3PAVplayerData@@A
0x00003a00	0x000b4ba8	?gCurPlayerData@@3PAVplayerData@@A
0x00003a0c	0x000b4ba8	?gCurPlayerData@@3PAVplayerData@@A
0x00003a1e	0x00007bb8	?UpdateTownLocators@advManager@@QAEXCC@Z
0x00003a48	0x000a7ba0	?gpGame@@3PAVgame@@A
0x00003a78	0x000c8cd0	?giCurPlayerBit@@3EA
0x00003aca	0x00006d26	?GetCell@advManager@@QAEPAVmapCell@@FF@Z
0x00003b0e	0x00007276	?QuickInfo@advManager@@QAEXFF@Z
0x00003b3c	0x000b4ba8	?gCurPlayerData@@3PAVplayerData@@A
0x00003b66	0x000b4ba8	?gCurPlayerData@@3PAVplayerData@@A
0x00003c4c	0x00009569	?HeroQuickView@advManager@@QAEXCCFF@Z
0x00003ce6	0x0000a2b5	?TownQuickView@advManager@@QAEXCCFF@Z
0x00003d0f	0x000a7ba0	?gpGame@@3PAVgame@@A
0x00003d3e	0x000c8cd0	?giCurPlayerBit@@3EA
0x00003d6b	0x00007276	?QuickInfo@advManager@@QAEXFF@Z
0x00003d8b	0x000b4ba8	?gCurPlayerData@@3PAVplayerData@@A
0x00003d9a	0x000b4ba8	?gCurPlayerData@@3PAVplayerData@@A
0x00003da9	0x000a7ba0	?gpGame@@3PAVgame@@A
0x00003dbf	0x000a7ba0	?gpGame@@3PAVgame@@A
0x00003dc4	0x0002bf56	?IsMobile@game@@QAECC@Z
0x00003dfb	0x000b4ba8	?gCurPlayerData@@3PAVplayerData@@A
0x00003e2e	0x0000244a	?DoAdvCommand@advManager@@QAEPAVmapCell@@XZ
0x00003e4f	0x000a9428	?gConfig@@3UconfigStruct@@A
0x00003e4f	0x000a9438	?gConfig@@3UconfigStruct@@A
0x00003e9f	0x000a74ac	?gpSearchArray@@3PAVsearchArray@@A
0x00003efa	0x0001014b	?ShowRoute@advManager@@QAEXHHH@Z
0x00003f07	0x0000244a	?DoAdvCommand@advManager@@QAEPAVmapCell@@XZ
0x00003f3b	0x000b4ba8	?gCurPlayerData@@3PAVplayerData@@A
0x00003f62	0x0000244a	?DoAdvCommand@advManager@@QAEPAVmapCell@@XZ
0x00003f74	0x000a7ba0	?gpGame@@3PAVgame@@A
0x00003f83	0x000b4aa4	?giCurPlayer@@3CA
0x00003f98	0x0000b301	?SetHeroContext@advManager@@QAEXCC@Z
0x00003fa6	0x000b4ba8	?gCurPlayerData@@3PAVplayerData@@A
0x00003fcd	0x0000244a	?DoAdvCommand@advManager@@QAEPAVmapCell@@XZ
0x00003fe1	0x000a7ba0	?gpGame@@3PAVgame@@A
0x00003ff0	0x000b4aa4	?giCurPlayer@@3CA
0x00004003	0x0000b0dd	?SetTownContext@advManager@@QAEXC@Z
0x0000402d	0x0008e478	$SG42792
0x00004032	0x0003e693	?NormalDialog@@YAXPADHHHHHHHH@Z
0x00004045	0x0000af7f	?DemobilizeCurrHero@advManager@@QAEXXZ
0x00004053	0x000a7164	?gpMouseManager@@3PAVmouseManager@@A
0x00004058	0x0006c00c	?MouseCoords@mouseManager@@QAEXAAF0@Z
0x00004135	0x00006d7e	?UpdateRadar@advManager@@QAEXCH@Z
0x00004142	0x00005ace	?CompleteDraw@advManager@@QAEXH@Z
0x00004151	0x00005530	?UpdateScreen@advManager@@QAEXCC@Z
0x00004169	0x00043775	?Process1WindowsMessage@@YAXXZ
0x00004173	0x000a7b90	?gInputManager@@3PAVinputManager@@A
0x00004178	0x0006eed9	?GetEvent@inputManager@@QAE?AUtag_message@@XZ
0x000041de	0x00043775	?Process1WindowsMessage@@YAXXZ
0x000041e8	0x000a7b90	?gInputManager@@3PAVinputManager@@A
0x000041ed	0x0006eed9	?GetEvent@inputManager@@QAE?AUtag_message@@XZ
0x00004261	0x000a7164	?gpMouseManager@@3PAVmouseManager@@A
0x00004269	0x000a7164	?gpMouseManager@@3PAVmouseManager@@A
0x00004349	0x00006d7e	?UpdateRadar@advManager@@QAEXCH@Z
0x00004356	0x00005ace	?CompleteDraw@advManager@@QAEXH@Z
0x00004365	0x00005530	?UpdateScreen@advManager@@QAEXCC@Z
0x000043b3	0x0008e4b4	$SG42817
0x000043b8	0x0003e693	?NormalDialog@@YAXPADHHHHHHHH@Z
0x000043cb	0x0000400c	$L42790
0x000043cf	0x00003a27	$L42748
0x000043d3	0x00003738	$L42725
0x000043d7	0x000037e1	$L42730
0x000043db	0x00003816	$L42732
0x000043df	0x00003869	$L42735
0x000043e3	0x000039af	$L42744
0x000043e7	0x000039e4	$L42746
0x000043eb	0x00003914	$L42740
0x000043ef	0x00003859	$L42734
0x000043f3	0x00003904	$L42739
0x000043f7	0x00003675	$L42719
0x000043fb	0x00004374	$L42815
0x000044a1	0x00004609	$L45355
0x000044a1	0x00004609	$L45372
0x000044b0	0x0000244a	?DoAdvCommand@advManager@@QAEPAVmapCell@@XZ
0x000044c2	0x0000df05	?AdvPanel@advManager@@QAEXXZ
0x000044cf	0x0000d2db	?ControlPanel@advManager@@QAEFXZ
0x000044e2	0x000b4ba8	?gCurPlayerData@@3PAVplayerData@@A
0x000044e7	0x0002b8d3	?HasMobileHero@playerData@@QAECXZ
0x00004503	0x0008e558	$SG42833
0x00004503	0x0008e558	$SG42869
0x00004508	0x0003e693	?NormalDialog@@YAXPADHHHHHHHH@Z
0x00004510	0x000a74a8	?gpWindowManager@@3PAVheroWindowManager@@A
0x00004521	0x000a7ba0	?gpGame@@3PAVgame@@A
0x00004526	0x00032f8c	?NextPlayer@game@@QAEXXZ
0x00004536	0x00010429	?HideRoute@advManager@@QAEXHHH@Z
0x00004540	0x000b4ba8	?gCurPlayerData@@3PAVplayerData@@A
0x00004545	0x0002b7d3	?NextHero@playerData@@QAECH@Z
0x0000454e	0x0000b301	?SetHeroContext@advManager@@QAEXCC@Z
0x00004556	0x000a7ba0	?gpGame@@3PAVgame@@A
0x0000455b	0x00032089	?Overview@game@@QAEXXZ
0x00004565	0x0000ae3d	?RedrawAdvScreen@advManager@@QAEXH@Z
0x00004571	0x000a74a8	?gpWindowManager@@3PAVheroWindowManager@@A
0x00004576	0x0006aaa3	?FadeScreen@heroWindowManager@@QAEXFFPAVpalette@@@Z
0x0000459a	0x000a761c	?giBottomViewOverride@@3HA
0x000045a3	0x000a761c	?giBottomViewOverride@@3HA
0x000045af	0x000a761c	?giBottomViewOverride@@3HA
0x000045b8	0x000a761c	?giBottomViewOverride@@3HA
0x000045c4	0x000a6750	?gCurBottomView@@3HA
0x000045cd	0x000a761c	?giBottomViewOverride@@3HA
0x000045d9	0x000a761c	?giBottomViewOverride@@3HA
0x000045e2	0x00044b4e	?KBTickCount@@YAHXZ
0x000045ec	0x000a7bb0	?giBottomViewOverrideEndTime@@3HA
0x000045fa	0x00007ddd	?UpdBottomView@advManager@@QAEXCCC@Z
0x00004609	0x0000452c	$L42835
0x00004609	0x0000452c	$L42871
0x0000460d	0x000044a5	$L42828
0x0000460d	0x000044a5	$L42864
0x00004611	0x00004554	$L42836
0x00004611	0x00004554	$L42872
0x00004615	0x000044e0	$L42831
0x00004615	0x000044e0	$L42867
0x00004619	0x000044be	$L42829
0x00004619	0x000044be	$L42865
0x0000461d	0x000044cb	$L42830
0x0000461d	0x000044cb	$L42866
0x00004632	0x000b4ba8	?gCurPlayerData@@3PAVplayerData@@A
0x00004642	0x000a7ba0	?gpGame@@3PAVgame@@A
0x00004673	0x0008e594	$SG42856
0x00004673	0x0008e594	$SG42892
0x00004678	0x0003e693	?NormalDialog@@YAXPADHHHHHHHH@Z
0x0000468f	0x0000af3e	?MobilizeCurrHero@advManager@@QAEXH@Z
0x00004699	0x00005ace	?CompleteDraw@advManager@@QAEXH@Z
0x000046a5	0x00005530	?UpdateScreen@advManager@@QAEXCC@Z
0x000046dd	0x00006d26	?GetCell@advManager@@QAEPAVmapCell@@FF@Z
0x00004714	0x0008e5cc	$SG42860
0x00004714	0x0008e5cc	$SG42896
0x00004719	0x0003e693	?NormalDialog@@YAXPADHHHHHHHH@Z
0x00004747	0x0008e5f0	$SG42862
0x00004747	0x0008e5f0	$SG42898
0x0000474c	0x0003e693	?NormalDialog@@YAXPADHHHHHHHH@Z
0x00004760	0x000b4aa4	?giCurPlayer@@3CA
0x00004767	0x000a9414	?gbHumanPlayer@@3PAHA
0x0000476f	0x0008e610	$SG42864
0x0000476f	0x0008e610	$SG42900
0x00004774	0x00068ec4	?LoadPlaySample@@YAPAVsample@@PAD@Z
0x000047b1	0x00005ace	?CompleteDraw@advManager@@QAEXH@Z
0x000047bd	0x00005530	?UpdateScreen@advManager@@QAEXCC@Z
0x000047c5	0x0000d2a5	?GrabScreen@advManager@@QAEXXZ
0x000047cb	0x000a7ba0	?gpGame@@3PAVgame@@A
0x000047e0	0x000a7ba0	?gpGame@@3PAVgame@@A
0x000047f6	0x000a7ba0	?gpGame@@3PAVgame@@A
0x0000480c	0x000a7ba0	?gpGame@@3PAVgame@@A
0x0000481f	0x00026e86	?GiveArtifact@advManager@@QAEFPAVhero@@C@Z
0x00004840	0x0008e620	$SG42868
0x00004840	0x0008e620	$SG42904
0x00004845	0x0003e693	?NormalDialog@@YAXPADHHHHHHHH@Z
0x00004854	0x000b4aa4	?giCurPlayer@@3CA
0x0000485b	0x000a9414	?gbHumanPlayer@@3PAHA
0x0000486e	0x00026be9	?EventSound@advManager@@QAEXFF@Z
0x00004873	0x000a7ba0	?gpGame@@3PAVgame@@A
0x00004881	0x0009238c	?gArtifactNames@@3PAPADA
0x00004887	0x0008e64c	$SG42871
0x00004887	0x0008e64c	$SG42907
0x0000488c	0x0008e680	$SG42872
0x0000488c	0x0008e680	$SG42908
0x00004891	0x000a7168	?gText@@3PADA
0x00004896	0x0007823f	_sprintf
0x0000489e	0x000a7ba0	?gpGame@@3PAVgame@@A
0x000048aa	0x000a7ba0	?gpGame@@3PAVgame@@A
0x000048b5	0x0008e688	$SG42874
0x000048b5	0x0008e688	$SG42910
0x000048ba	0x000a7168	?gText@@3PADA
0x000048bf	0x0007823f	_sprintf
0x000048da	0x000a7168	?gText@@3PADA
0x000048df	0x0003e693	?NormalDialog@@YAXPADHHHHHHHH@Z
0x000048fc	0x000a7168	?gText@@3PADA
0x00004901	0x0003e693	?NormalDialog@@YAXPADHHHHHHHH@Z
0x0000490c	0x000a7ba0	?gpGame@@3PAVgame@@A
0x0000491b	0x0003a114	?ViewArtifact@hero@@QAEXCC@Z
0x0000492b	0x000692fd	?PlayMusic@@YAXH@Z
0x00004935	0x000a7ba0	?gpGame@@3PAVgame@@A
0x00004941	0x000a7ba0	?gpGame@@3PAVgame@@A
0x0000494c	0x0008e6c4	$SG42878
0x0000494c	0x0008e6c4	$SG42914
0x00004951	0x000a7168	?gText@@3PADA
0x00004956	0x0007823f	_sprintf
0x00004971	0x000a7168	?gText@@3PADA
0x00004976	0x0003e693	?NormalDialog@@YAXPADHHHHHHHH@Z
0x0000497f	0x000a7ba0	?gpGame@@3PAVgame@@A
0x0000498f	0x000b4aa4	?giCurPlayer@@3CA
0x00004996	0x000a9414	?gbHumanPlayer@@3PAHA
0x000049ae	0x0008e710	$SG42881
0x000049ae	0x0008e710	$SG42917
0x000049b3	0x0003e693	?NormalDialog@@YAXPADHHHHHHHH@Z
0x000049bd	0x000b4aa4	?giCurPlayer@@3CA
0x000049c4	0x000a9414	?gbHumanPlayer@@3PAHA
0x000049d0	0x00068fb6	?WaitSample@@YAXPAVsample@@@Z
0x000049eb	0x000a7ba0	?gpGame@@3PAVgame@@A
0x00004a00	0x0002bab9	?ComputeUALoc@@YAXH@Z
0x00004a1c	0x00007ddd	?UpdBottomView@advManager@@QAEXCCC@Z
0x00004a24	0x000104fa	?CheckDimHero@advManager@@QAEXXZ
0x00004a30	0x00003609	?Reseed@advManager@@QAEXHH@Z
0x00004a37	0x0003fb8e	?CheckEndGame@@YAXH@Z
0x00004a71	0x000a7164	?gpMouseManager@@3PAVmouseManager@@A
0x00004a76	0x0006c00c	?MouseCoords@mouseManager@@QAEXAAF0@Z
0x00004a8a	0x000a7164	?gpMouseManager@@3PAVmouseManager@@A
0x00004a8f	0x0006b8b2	?SetPointer@mouseManager@@QAEXF@Z
0x00004bc1	0x000a7ba0	?gpGame@@3PAVgame@@A
0x00004bdf	0x000c8cd0	?giCurPlayerBit@@3EA
0x00004bed	0x000a7164	?gpMouseManager@@3PAVmouseManager@@A
0x00004bf2	0x0006b8b2	?SetPointer@mouseManager@@QAEXF@Z
0x00004c1a	0x00006d26	?GetCell@advManager@@QAEPAVmapCell@@FF@Z
0x00004c23	0x000b4ba8	?gCurPlayerData@@3PAVplayerData@@A
0x00004c50	0x000a7ba0	?gpGame@@3PAVgame@@A
0x00004c5f	0x000b4aa4	?giCurPlayer@@3CA
0x00004c6b	0x000a7164	?gpMouseManager@@3PAVmouseManager@@A
0x00004c70	0x0006b8b2	?SetPointer@mouseManager@@QAEXF@Z
0x00004ca3	0x000a7ba0	?gpGame@@3PAVgame@@A
0x00004cb2	0x000b4aa4	?giCurPlayer@@3CA
0x00004cbe	0x000a7164	?gpMouseManager@@3PAVmouseManager@@A
0x00004cc3	0x0006b8b2	?SetPointer@mouseManager@@QAEXF@Z
0x00004cdc	0x000a7164	?gpMouseManager@@3PAVmouseManager@@A
0x00004ce1	0x0006b8b2	?SetPointer@mouseManager@@QAEXF@Z
0x00004cf1	0x000b4ba8	?gCurPlayerData@@3PAVplayerData@@A
0x00004d00	0x000a7ba0	?gpGame@@3PAVgame@@A
0x00004d58	0x000a7164	?gpMouseManager@@3PAVmouseManager@@A
0x00004d5d	0x0006b8b2	?SetPointer@mouseManager@@QAEXF@Z
0x00004da7	0x000a7ba0	?gpGame@@3PAVgame@@A
0x00004dbf	0x000b4aa4	?giCurPlayer@@3CA
0x00004e0e	0x00006d26	?GetCell@advManager@@QAEPAVmapCell@@FF@Z
0x00004e3c	0x00006d26	?GetCell@advManager@@QAEPAVmapCell@@FF@Z
0x00004e6a	0x00006d26	?GetCell@advManager@@QAEPAVmapCell@@FF@Z
0x00004e98	0x00006d26	?GetCell@advManager@@QAEPAVmapCell@@FF@Z
0x00004ead	0x000a7164	?gpMouseManager@@3PAVmouseManager@@A
0x00004eb2	0x0006b8b2	?SetPointer@mouseManager@@QAEXF@Z
0x00004ec8	0x000a74ac	?gpSearchArray@@3PAVsearchArray@@A
0x00004ed7	0x000a7164	?gpMouseManager@@3PAVmouseManager@@A
0x00004edc	0x0006b8b2	?SetPointer@mouseManager@@QAEXF@Z
0x00004f60	0x000a74ac	?gpSearchArray@@3PAVsearchArray@@A
0x00004f6f	0x000a7164	?gpMouseManager@@3PAVmouseManager@@A
0x00004f74	0x0006b8b2	?SetPointer@mouseManager@@QAEXF@Z
0x00004f9c	0x000105da	?SeedTo@advManager@@QAEXHH@Z
0x00004fb1	0x000a74ac	?gpSearchArray@@3PAVsearchArray@@A
0x00004ff0	0x000a74ac	?gpSearchArray@@3PAVsearchArray@@A
0x00005042	0x000a74ac	?gpSearchArray@@3PAVsearchArray@@A
0x000050c3	0x000054d3	$L45379
0x000050ca	0x000054bb	$L45380
0x000050e7	0x000a7164	?gpMouseManager@@3PAVmouseManager@@A
0x000050ec	0x0006b8b2	?SetPointer@mouseManager@@QAEXF@Z
0x00005100	0x000a7164	?gpMouseManager@@3PAVmouseManager@@A
0x00005105	0x0006b8b2	?SetPointer@mouseManager@@QAEXF@Z
0x00005127	0x000a7164	?gpMouseManager@@3PAVmouseManager@@A
0x0000512c	0x0006b8b2	?SetPointer@mouseManager@@QAEXF@Z
0x0000514e	0x000a7fc0	?mapExtra@@3PAY0EI@EA
0x00005164	0x000a7164	?gpMouseManager@@3PAVmouseManager@@A
0x00005169	0x0006b8b2	?SetPointer@mouseManager@@QAEXF@Z
0x00005178	0x000a7164	?gpMouseManager@@3PAVmouseManager@@A
0x0000517d	0x0006b8b2	?SetPointer@mouseManager@@QAEXF@Z
0x00005196	0x000a7164	?gpMouseManager@@3PAVmouseManager@@A
0x0000519b	0x0006b8b2	?SetPointer@mouseManager@@QAEXF@Z
0x000051ba	0x000a7ba0	?gpGame@@3PAVgame@@A
0x000051c9	0x000b4aa4	?giCurPlayer@@3CA
0x000051da	0x000a7164	?gpMouseManager@@3PAVmouseManager@@A
0x000051df	0x0006b8b2	?SetPointer@mouseManager@@QAEXF@Z
0x000051f5	0x000a7164	?gpMouseManager@@3PAVmouseManager@@A
0x000051fa	0x0006b8b2	?SetPointer@mouseManager@@QAEXF@Z
0x00005216	0x000a7ba0	?gpGame@@3PAVgame@@A
0x00005240	0x000b4aa4	?giCurPlayer@@3CA
0x0000524c	0x0005ea20	?HasGarrison@town@@QAECXZ
0x00005260	0x000a7164	?gpMouseManager@@3PAVmouseManager@@A
0x00005265	0x0006b8b2	?SetPointer@mouseManager@@QAEXF@Z
0x000052a4	0x000a7fc0	?mapExtra@@3PAY0EI@EA
0x00005301	0x000a7164	?gpMouseManager@@3PAVmouseManager@@A
0x00005306	0x0006b8b2	?SetPointer@mouseManager@@QAEXF@Z
0x0000535c	0x00005500	$L45381
0x00005363	0x000054f8	$L45382
0x00005370	0x000a7164	?gpMouseManager@@3PAVmouseManager@@A
0x00005375	0x0006b8b2	?SetPointer@mouseManager@@QAEXF@Z
0x00005397	0x000a7fc0	?mapExtra@@3PAY0EI@EA
0x000053ae	0x000a7164	?gpMouseManager@@3PAVmouseManager@@A
0x000053b3	0x0006b8b2	?SetPointer@mouseManager@@QAEXF@Z
0x000053c2	0x000a7164	?gpMouseManager@@3PAVmouseManager@@A
0x000053c7	0x0006b8b2	?SetPointer@mouseManager@@QAEXF@Z
0x000053f2	0x000a7164	?gpMouseManager@@3PAVmouseManager@@A
0x000053f7	0x0006b8b2	?SetPointer@mouseManager@@QAEXF@Z
0x00005406	0x000a7164	?gpMouseManager@@3PAVmouseManager@@A
0x0000540b	0x0006b8b2	?SetPointer@mouseManager@@QAEXF@Z
0x0000542a	0x000a7164	?gpMouseManager@@3PAVmouseManager@@A
0x0000542f	0x0006b8b2	?SetPointer@mouseManager@@QAEXF@Z
0x0000543e	0x000a7164	?gpMouseManager@@3PAVmouseManager@@A
0x00005443	0x0006b8b2	?SetPointer@mouseManager@@QAEXF@Z
0x00005459	0x000a7164	?gpMouseManager@@3PAVmouseManager@@A
0x0000545e	0x0006b8b2	?SetPointer@mouseManager@@QAEXF@Z
0x0000546d	0x000a7164	?gpMouseManager@@3PAVmouseManager@@A
0x0000547c	0x000a7164	?gpMouseManager@@3PAVmouseManager@@A
0x0000548d	0x00010aad	?MouseInScrollZone@advManager@@QAEHXZ
0x00005499	0x000a7164	?gpMouseManager@@3PAVmouseManager@@A
0x0000549e	0x0006b8b2	?SetPointer@mouseManager@@QAEXF@Z
0x000054bb	0x0000518d	$L42945
0x000054bf	0x0000510e	$L42940
0x000054c3	0x0000520a	$L45378
0x000054c7	0x000051ab	$L42946
0x000054cb	0x000050ce	$L42937
0x000054cf	0x0000527a	$defaultHover$42951
0x000054f8	0x00005367	$L42962
0x000054fc	0x0000537b	$L42963
0x00005541	0x000a98bc	?bShowIt@@3HA
0x00005549	0x00044b4e	?KBTickCount@@YAHXZ
0x0000554f	0x000a98a0	?glTimers@@3PAHA
0x00005556	0x00044b4e	?KBTickCount@@YAHXZ
0x0000555e	0x000a98a0	?glTimers@@3PAHA
0x00005584	0x000a74a8	?gpWindowManager@@3PAVheroWindowManager@@A
0x0000558e	0x000a7164	?gpMouseManager@@3PAVmouseManager@@A
0x00005593	0x0006bfc0	?SaveAndDraw@mouseManager@@QAEXPAVbitmap@@FFF@Z
0x00005598	0x0003c7b0	_PollSound
0x000055a7	0x000a98d0	?gScrollX@@3HA
0x000055b7	0x000a98d4	?gScrollY@@3HA
0x000055bd	0x0008e140	?gLimitUpdMinX@@3HA
0x000055d7	0x000a74a8	?gpWindowManager@@3PAVheroWindowManager@@A
0x000055e0	0x0006f870	?BlitBitmapToScreen@@YAXPAVbitmap@@HHHHHH@Z
0x000055eb	0x000a6710	?giLimitUpdMinY@@3HA
0x000055f1	0x0008e140	?gLimitUpdMinX@@3HA
0x000055f8	0x000a65e0	?giLimitUpdMaxY@@3HA
0x000055fe	0x000a6710	?giLimitUpdMinY@@3HA
0x00005605	0x000a65dc	?gLimitUpdMaxX@@3HA
0x0000560b	0x0008e140	?gLimitUpdMinX@@3HA
0x00005611	0x000a6710	?giLimitUpdMinY@@3HA
0x00005618	0x0008e140	?gLimitUpdMinX@@3HA
0x0000561f	0x000a74a8	?gpWindowManager@@3PAVheroWindowManager@@A
0x00005628	0x0006f870	?BlitBitmapToScreen@@YAXPAVbitmap@@HHHHHH@Z
0x00005631	0x000a98d4	?gScrollY@@3HA
0x0000563b	0x000a98d4	?gScrollY@@3HA
0x00005641	0x000a98d0	?gScrollX@@3HA
0x00005646	0x0003c7b0	_PollSound
0x0000564b	0x00044b4e	?KBTickCount@@YAHXZ
0x00005651	0x000a98a0	?glTimers@@3PAHA
0x0000568f	0x00044b4e	?KBTickCount@@YAHXZ
0x00005697	0x000a98a0	?glTimers@@3PAHA
0x0000578b	0x0008e140	?gLimitUpdMinX@@3HA
0x00005795	0x000a7164	?gpMouseManager@@3PAVmouseManager@@A
0x0000579a	0x0006bf9d	?RestoreUnderlying@mouseManager@@QAEXXZ
0x0000579f	0x00043775	?Process1WindowsMessage@@YAXXZ
0x000057b3	0x0003c7b0	_PollSound
0x000057bf	0x000a98bc	?bShowIt@@3HA
0x000057cd	0x0008e140	?gLimitUpdMinX@@3HA
0x000057ff	0x000a992c	?gAllBlack@@3HA
0x0000586a	0x00005efb	?DrawCell@advManager@@QAEXFFFFCCC@Z
0x000058c6	0x00005efb	?DrawCell@advManager@@QAEXFFFFCCC@Z
0x000058eb	0x0003c7b0	_PollSound
0x00005942	0x00005efb	?DrawCell@advManager@@QAEXFFFFCCC@Z
0x0000598e	0x00005efb	?DrawCell@advManager@@QAEXFFFFCCC@Z
0x000059d2	0x00005efb	?DrawCell@advManager@@QAEXFFFFCCC@Z
0x00005a18	0x00005efb	?DrawCell@advManager@@QAEXFFFFCCC@Z
0x00005a74	0x00005efb	?DrawCell@advManager@@QAEXFFFFCCC@Z
0x00005a7d	0x0003c7b0	_PollSound
0x00005a8b	0x00007ddd	?UpdBottomView@advManager@@QAEXCCC@Z
0x00005a93	0x000114e2	?DrawAdventureBorder@advManager@@QAEXXZ
0x00005a99	0x000a992c	?gAllBlack@@3HA
0x00005af3	0x000057a9	?CompleteDraw@advManager@@QAEXFFH@Z
0x00005b5d	0x000a7ba0	?gpGame@@3PAVgame@@A
0x00005b74	0x000b9cbc	?giCurWatchPlayerBit@@3EA
0x00005b97	0x000a7ba0	?gpGame@@3PAVgame@@A
0x00005ba7	0x000b9cbc	?giCurWatchPlayerBit@@3EA
0x00005bc1	0x000a7ba0	?gpGame@@3PAVgame@@A
0x00005bd9	0x000b9cbc	?giCurWatchPlayerBit@@3EA
0x00005bfc	0x000a7ba0	?gpGame@@3PAVgame@@A
0x00005c0d	0x000b9cbc	?giCurWatchPlayerBit@@3EA
0x00005c2b	0x000a7ba0	?gpGame@@3PAVgame@@A
0x00005c43	0x000b9cbc	?giCurWatchPlayerBit@@3EA
0x00005c60	0x000a7ba0	?gpGame@@3PAVgame@@A
0x00005c77	0x000b9cbc	?giCurWatchPlayerBit@@3EA
0x00005c94	0x000a7ba0	?gpGame@@3PAVgame@@A
0x00005cac	0x000b9cbc	?giCurWatchPlayerBit@@3EA
0x00005cca	0x000a7ba0	?gpGame@@3PAVgame@@A
0x00005ce2	0x000b9cbc	?giCurWatchPlayerBit@@3EA
0x00005d0a	0x000a7ba0	?gpGame@@3PAVgame@@A
0x00005d22	0x000b9cbc	?giCurWatchPlayerBit@@3EA
0x00005d4e	0x000a7ba0	?gpGame@@3PAVgame@@A
0x00005d5f	0x000b9cbc	?giCurWatchPlayerBit@@3EA
0x00005d82	0x000a7ba0	?gpGame@@3PAVgame@@A
0x00005d9a	0x000b9cbc	?giCurWatchPlayerBit@@3EA
0x00005dc6	0x000a7ba0	?gpGame@@3PAVgame@@A
0x00005dd7	0x000b9cbc	?giCurWatchPlayerBit@@3EA
0x00005dfd	0x000a7ba0	?gpGame@@3PAVgame@@A
0x00005e15	0x000b9cbc	?giCurWatchPlayerBit@@3EA
0x00005e3d	0x000a7ba0	?gpGame@@3PAVgame@@A
0x00005e54	0x000b9cbc	?giCurWatchPlayerBit@@3EA
0x00005e7c	0x000a7ba0	?gpGame@@3PAVgame@@A
0x00005e94	0x000b9cbc	?giCurWatchPlayerBit@@3EA
0x00005ebd	0x000a7ba0	?gpGame@@3PAVgame@@A
0x00005ed5	0x000b9cbc	?giCurWatchPlayerBit@@3EA
0x00005eef	0x000919cc	?gCloudType@@3PAEA
0x00005f0e	0x000a98bc	?bShowIt@@3HA
0x00005f3e	0x00006d26	?GetCell@advManager@@QAEPAVmapCell@@FF@Z
0x00005f47	0x000a992c	?gAllBlack@@3HA
0x00005f7a	0x000a65e8	?s_drawMapStoneTile@@3HA
0x00005f96	0x000a65e8	?s_drawMapStoneTile@@3HA
0x00005fab	0x000a65e8	?s_drawMapStoneTile@@3HA
0x00005fd5	0x000a65e8	?s_drawMapStoneTile@@3HA
0x00005ff2	0x000a65e8	?s_drawMapStoneTile@@3HA
0x00006007	0x000a65e8	?s_drawMapStoneTile@@3HA
0x00006031	0x000a65e8	?s_drawMapStoneTile@@3HA
0x0000605f	0x000a65e8	?s_drawMapStoneTile@@3HA
0x0000608e	0x000a65e8	?s_drawMapStoneTile@@3HA
0x00006094	0x000a65e8	?s_drawMapStoneTile@@3HA
0x000060c7	0x000a65e8	?s_drawMapStoneTile@@3HA
0x000060d7	0x000a74a8	?gpWindowManager@@3PAVheroWindowManager@@A
0x000060e0	0x000a65e8	?s_drawMapStoneTile@@3HA
0x000060f0	0x00070d6c	_TileToBitmap
0x000060fe	0x000a992c	?gAllBlack@@3HA
0x0000610e	0x000a7ba0	?gpGame@@3PAVgame@@A
0x00006126	0x000b9cbc	?giCurWatchPlayerBit@@3EA
0x00006142	0x000a65d4	?s_drawCovered@@3HA
0x0000614c	0x000a992c	?gAllBlack@@3HA
0x00006155	0x000a65c8	?s_drawCloudFrame@@3HA
0x0000616d	0x00005afd	?GetCloudLookup@advManager@@QAEHHH@Z
0x00006172	0x000a65c8	?s_drawCloudFrame@@3HA
0x00006178	0x000a65c8	?s_drawCloudFrame@@3HA
0x00006195	0x000a74a8	?gpWindowManager@@3PAVheroWindowManager@@A
0x000061b6	0x00070d6c	_TileToBitmap
0x000061c4	0x000a65c8	?s_drawCloudFrame@@3HA
0x000061cd	0x000a672c	?s_drawCloudMirrored@@3CA
0x000061d3	0x000a65c8	?s_drawCloudFrame@@3HA
0x000061db	0x000a65c8	?s_drawCloudFrame@@3HA
0x000061e3	0x000a672c	?s_drawCloudMirrored@@3CA
0x000061ea	0x000a65c8	?s_drawCloudFrame@@3HA
0x000061f3	0x000a65c8	?s_drawCloudFrame@@3HA
0x00006207	0x000a65c8	?s_drawCloudFrame@@3HA
0x00006210	0x000a65c8	?s_drawCloudFrame@@3HA
0x00006216	0x000a65c8	?s_drawCloudFrame@@3HA
0x0000622a	0x000a65c8	?s_drawCloudFrame@@3HA
0x00006233	0x000a65c8	?s_drawCloudFrame@@3HA
0x0000623b	0x000a65d4	?s_drawCovered@@3HA
0x00006254	0x000a65d4	?s_drawCovered@@3HA
0x0000625e	0x000a672c	?s_drawCloudMirrored@@3CA
0x0000626a	0x000a65c8	?s_drawCloudFrame@@3HA
0x00006281	0x000a74a8	?gpWindowManager@@3PAVheroWindowManager@@A
0x00006294	0x0007048e	?FlipIconToBitmap@@YAXPAVicon@@PAVbitmap@@HHHH@Z
0x000062a1	0x000a65c8	?s_drawCloudFrame@@3HA
0x000062b5	0x000a74a8	?gpWindowManager@@3PAVheroWindowManager@@A
0x000062c8	0x000703b8	?IconToBitmap@@YAXPAVicon@@PAVbitmap@@HHHH@Z
0x0000635e	0x000a74a8	?gpWindowManager@@3PAVheroWindowManager@@A
0x00006371	0x0007048e	?FlipIconToBitmap@@YAXPAVicon@@PAVbitmap@@HHHH@Z
0x000063ab	0x000a74a8	?gpWindowManager@@3PAVheroWindowManager@@A
0x000063be	0x000703b8	?IconToBitmap@@YAXPAVicon@@PAVbitmap@@HHHH@Z
0x000063e3	0x000a6714	?s_drawGroundTile@@3GA
0x000063ea	0x000a6714	?s_drawGroundTile@@3GA
0x000063f5	0x000a6714	?s_drawGroundTile@@3GA
0x00006408	0x000a6714	?s_drawGroundTile@@3GA
0x00006412	0x000a6714	?s_drawGroundTile@@3GA
0x00006422	0x000a74a8	?gpWindowManager@@3PAVheroWindowManager@@A
0x0000642e	0x000a6714	?s_drawGroundTile@@3GA
0x0000643e	0x00070d6c	_TileToBitmap
0x00006463	0x000a65a4	?s_drawCellSet@@3EA
0x00006473	0x000a65a4	?s_drawCellSet@@3EA
0x0000649f	0x000a74a8	?gpWindowManager@@3PAVheroWindowManager@@A
0x000064ab	0x000a65a4	?s_drawCellSet@@3EA
0x000064bb	0x000703b8	?IconToBitmap@@YAXPAVicon@@PAVbitmap@@HHHH@Z
0x00006507	0x000a65a4	?s_drawCellSet@@3EA
0x0000650e	0x000a65a4	?s_drawCellSet@@3EA
0x00006532	0x000a74a8	?gpWindowManager@@3PAVheroWindowManager@@A
0x0000653e	0x000a65a4	?s_drawCellSet@@3EA
0x0000654e	0x000703b8	?IconToBitmap@@YAXPAVicon@@PAVbitmap@@HHHH@Z
0x00006589	0x000a74a8	?gpWindowManager@@3PAVheroWindowManager@@A
0x00006594	0x000a65a4	?s_drawCellSet@@3EA
0x000065a4	0x000703b8	?IconToBitmap@@YAXPAVicon@@PAVbitmap@@HHHH@Z
0x000065d0	0x000a74a8	?gpWindowManager@@3PAVheroWindowManager@@A
0x000065ef	0x000703b8	?IconToBitmap@@YAXPAVicon@@PAVbitmap@@HHHH@Z
0x00006646	0x000a65a4	?s_drawCellSet@@3EA
0x0000664e	0x000a65a4	?s_drawCellSet@@3EA
0x000066c9	0x000a74a8	?gpWindowManager@@3PAVheroWindowManager@@A
0x000066dc	0x0007048e	?FlipIconToBitmap@@YAXPAVicon@@PAVbitmap@@HHHH@Z
0x00006704	0x000a74a8	?gpWindowManager@@3PAVheroWindowManager@@A
0x00006717	0x000703b8	?IconToBitmap@@YAXPAVicon@@PAVbitmap@@HHHH@Z
0x0000675e	0x000a74a8	?gpWindowManager@@3PAVheroWindowManager@@A
0x00006771	0x00070076	?ClipIconToBitmap@@YAXPAVicon@@PAVbitmap@@HHHHHHHH@Z
0x0000679a	0x000a7ba0	?gpGame@@3PAVgame@@A
0x000067ac	0x00021dc4	?GetCursorBaseFrame@advManager@@QAEFF@Z
0x000067ed	0x000a7ba0	?gpGame@@3PAVgame@@A
0x00006826	0x000a7ba0	?gpGame@@3PAVgame@@A
0x0000686f	0x00021dc4	?GetCursorBaseFrame@advManager@@QAEFF@Z
0x000068f8	0x000a74a8	?gpWindowManager@@3PAVheroWindowManager@@A
0x00006910	0x00070b14	?FlipClippedIconToBitmap@@YAXPAVicon@@PAVbitmap@@HHHH@Z
0x0000693f	0x000a74a8	?gpWindowManager@@3PAVheroWindowManager@@A
0x00006957	0x00070b14	?FlipClippedIconToBitmap@@YAXPAVicon@@PAVbitmap@@HHHH@Z
0x00006996	0x000a74a8	?gpWindowManager@@3PAVheroWindowManager@@A
0x000069a9	0x000707de	?FlipDimIconToBitmap@@YAXPAVicon@@PAVbitmap@@HHHH@Z
0x000069d0	0x000a74a8	?gpWindowManager@@3PAVheroWindowManager@@A
0x000069e8	0x0007048e	?FlipIconToBitmap@@YAXPAVicon@@PAVbitmap@@HHHH@Z
0x00006a18	0x000a74a8	?gpWindowManager@@3PAVheroWindowManager@@A
0x00006a30	0x0007048e	?FlipIconToBitmap@@YAXPAVicon@@PAVbitmap@@HHHH@Z
0x00006a7c	0x000a74a8	?gpWindowManager@@3PAVheroWindowManager@@A
0x00006a94	0x000708b4	?ClippedIconToBitmap@@YAXPAVicon@@PAVbitmap@@HHHH@Z
0x00006ac1	0x000a74a8	?gpWindowManager@@3PAVheroWindowManager@@A
0x00006ad9	0x000708b4	?ClippedIconToBitmap@@YAXPAVicon@@PAVbitmap@@HHHH@Z
0x00006b12	0x000a74a8	?gpWindowManager@@3PAVheroWindowManager@@A
0x00006b25	0x00070704	?DimIconToBitmap@@YAXPAVicon@@PAVbitmap@@HHHH@Z
0x00006b46	0x000a74a8	?gpWindowManager@@3PAVheroWindowManager@@A
0x00006b5e	0x000703b8	?IconToBitmap@@YAXPAVicon@@PAVbitmap@@HHHH@Z
0x00006b8a	0x000a74a8	?gpWindowManager@@3PAVheroWindowManager@@A
0x00006ba2	0x000703b8	?IconToBitmap@@YAXPAVicon@@PAVbitmap@@HHHH@Z
0x00006c02	0x00021820	?DrawCursor@advManager@@QAEXXZ
0x00006c40	0x000a65a4	?s_drawCellSet@@3EA
0x00006c5a	0x000a74a8	?gpWindowManager@@3PAVheroWindowManager@@A
0x00006c66	0x000a65a4	?s_drawCellSet@@3EA
0x00006c76	0x000703b8	?IconToBitmap@@YAXPAVicon@@PAVbitmap@@HHHH@Z
0x00006cb1	0x000a74a8	?gpWindowManager@@3PAVheroWindowManager@@A
0x00006cbd	0x000a65a4	?s_drawCellSet@@3EA
0x00006ccd	0x000703b8	?IconToBitmap@@YAXPAVicon@@PAVbitmap@@HHHH@Z
0x00006cfa	0x000a74a8	?gpWindowManager@@3PAVheroWindowManager@@A
0x00006d19	0x000703b8	?IconToBitmap@@YAXPAVicon@@PAVbitmap@@HHHH@Z
0x00006e22	0x000b4aa4	?giCurPlayer@@3CA
0x00006e29	0x000a7b94	?gbThisNetHumanPlayer@@3PACA
0x00006e38	0x000a7480	?gpAdvManager@@3PAVadvManager@@A
0x00006e91	0x000a7ba0	?gpGame@@3PAVgame@@A
0x00006ea9	0x000c8cd0	?giCurPlayerBit@@3EA
0x00006eda	0x000712f5	?FillToBuffer@icon@@QAEXFFFFCC@Z
0x00006f1e	0x000a7ba0	?gpGame@@3PAVgame@@A
0x00006f36	0x000b4aa4	?giCurPlayer@@3CA
0x00006f5a	0x000a7ba0	?gpGame@@3PAVgame@@A
0x00006f70	0x0009057c	?gRadarOwnerColor@@3PAFA
0x00006f84	0x000a7638	?giGroundToTerrain@@3PACA
0x00006f8c	0x00090588	?gRadarTerrainColor@@3PAFA
0x00006fc0	0x000071be	$L45402
0x00006fce	0x000a7ba0	?gpGame@@3PAVgame@@A
0x00006ffb	0x000a7ba0	?gpGame@@3PAVgame@@A
0x00007011	0x0009057c	?gRadarOwnerColor@@3PAFA
0x00007042	0x000071d6	$L45403
0x00007049	0x000071ce	$L45404
0x00007057	0x000a7ba0	?gpGame@@3PAVgame@@A
0x00007084	0x000a7ba0	?gpGame@@3PAVgame@@A
0x0000709a	0x0009057c	?gRadarOwnerColor@@3PAFA
0x000070ae	0x000a7638	?giGroundToTerrain@@3PACA
0x000070b6	0x00090588	?gRadarTerrainColor@@3PAFA
0x000070ca	0x000a7638	?giGroundToTerrain@@3PACA
0x000070d2	0x00090588	?gRadarTerrainColor@@3PAFA
0x000070e9	0x000a7638	?giGroundToTerrain@@3PACA
0x000070f1	0x00090588	?gRadarTerrainColor@@3PAFA
0x00007123	0x000712f5	?FillToBuffer@icon@@QAEXFFFFCC@Z
0x00007178	0x000712a1	?ClipFillToBuffer@icon@@QAEXFFFFCCHHHH@Z
0x000071af	0x000a74a8	?gpWindowManager@@3PAVheroWindowManager@@A
0x000071b4	0x0006a917	?UpdateScreenRegion@heroWindowManager@@QAEXFFFF@Z
0x000071be	0x000070c0	$L43228
0x000071c2	0x000070c0	$L43228
0x000071c6	0x00006fc4	$L43220
0x000071ca	0x0000701e	$L43221
0x000071ce	0x0000704d	$L43226
0x000071d2	0x000070a4	$L43227
0x0000727c	0x000887e0	__ehreg$?QuickInfo@advManager@@QAEXFF@Z
0x00007282	-0x400000	__except_list
0x0000728a	-0x400000	__except_list
0x00007314	0x00077d50	??2@YAPAXI@Z
0x00007332	0x0008e730	$SG43251
0x00007347	0x0006d150	??0heroWindow@@QAE@FFPAD@Z
0x00007380	0x00042146	?MemError@@YAXXZ
0x000073e3	0x0008e740	$SG43255
0x000073e8	0x0008e748	$SG43256
0x000073ed	0x000a7168	?gText@@3PADA
0x000073f2	0x0007823f	_sprintf
0x0000742d	0x00006d26	?GetCell@advManager@@QAEPAVmapCell@@FF@Z
0x0000744c	0x000a7ba0	?gpGame@@3PAVgame@@A
0x00007473	0x000c8cd0	?giCurPlayerBit@@3EA
0x0000747e	0x0008e750	$SG43259
0x00007483	0x0008e764	$SG43260
0x00007488	0x000a7168	?gText@@3PADA
0x0000748d	0x0007823f	_sprintf
0x000074c1	0x00007751	$L45415
0x000074c8	0x00007735	$L45416
0x000074cd	0x0008e76c	$SG43267
0x000074d2	0x0008e778	$SG43268
0x000074d7	0x000a7168	?gText@@3PADA
0x000074dc	0x0007823f	_sprintf
0x000074f2	0x000a7638	?giGroundToTerrain@@3PACA
0x000074f9	0x000927cc	?gTerrainNames@@3PAPADA
0x000074ff	0x0008e780	$SG43270
0x00007504	0x000a7168	?gText@@3PADA
0x00007509	0x0007823f	_sprintf
0x00007521	0x000a7ba0	?gpGame@@3PAVgame@@A
0x00007530	0x00092804	?gMineNames@@3PAPADA
0x00007536	0x0008e788	$SG43272
0x0000753b	0x000a7168	?gText@@3PADA
0x00007540	0x0007823f	_sprintf
0x00007557	0x000926f4	?gResourceNames@@3PAPADA
0x00007557	0x000927e8	?gResourceNames@@3PAPADA
0x0000755d	0x0008e790	$SG43274
0x00007562	0x000a7168	?gText@@3PADA
0x00007567	0x0007823f	_sprintf
0x0000757e	0x000927e8	?gResourceNames@@3PAPADA
0x0000757e	0x000927f0	?gResourceNames@@3PAPADA
0x00007584	0x0008e798	$SG43276
0x00007589	0x000a7168	?gText@@3PADA
0x0000758e	0x0007823f	_sprintf
0x000075a2	0x0009266c	?gArmyNamesPlural@@3PAPADA
0x000075bc	0x0000a208	?GetArmySizeName@advManager@@QAEPADFC@Z
0x000075c2	0x0008e7a0	$SG43278
0x000075c7	0x000a7168	?gText@@3PADA
0x000075cc	0x0007823f	_sprintf
0x000075e3	0x00092820	?gObjectNames@@3PAPADA
0x000075e9	0x0008e7a8	$SG43280
0x000075ee	0x000a7168	?gText@@3PADA
0x000075f3	0x0007823f	_sprintf
0x000075fb	0x000a7168	?gText@@3PADA
0x00007607	0x00077c60	_strcpy
0x00007610	0x000a6c48	?giDebugLevel@@3HA
0x00007680	0x0008e7b0	$SG43282
0x00007685	0x000a7168	?gText@@3PADA
0x0000768a	0x0007823f	_sprintf
0x000076b2	0x000a7168	?gText@@3PADA
0x000076c1	0x0006da11	?BroadcastMessage@heroWindow@@QAEFAAUtag_message@@@Z
0x000076cc	0x0000d2a5	?GrabScreen@advManager@@QAEXXZ
0x000076da	0x000a74a8	?gpWindowManager@@3PAVheroWindowManager@@A
0x000076df	0x0006a4f1	?AddWindow@heroWindowManager@@QAEXPAVheroWindow@@FC@Z
0x000076e5	0x000a7164	?gpMouseManager@@3PAVmouseManager@@A
0x000076ea	0x0006c07c	?HideSystemCursor@mouseManager@@QAEXXZ
0x000076ef	0x000404c4	?QuickViewWait@@YAXXZ
0x000076f9	0x000a74a8	?gpWindowManager@@3PAVheroWindowManager@@A
0x000076fe	0x0006a657	?RemoveWindow@heroWindowManager@@QAEXPAVheroWindow@@@Z
0x00007713	0x00077c4d	??3@YAXPAX@Z
0x0000771c	0x000a7164	?gpMouseManager@@3PAVmouseManager@@A
0x00007721	0x0006c08f	?ShowSystemCursor@mouseManager@@QAEXXZ
0x0000772b	-0x400000	__except_list
0x00007735	0x000074e8	$L43269
0x00007739	0x00007515	$L43271
0x0000773d	0x00007597	$L43277
0x00007741	0x0000754c	$L43273
0x00007745	0x000074cc	$L43266
0x00007749	0x00007573	$L43275
0x0000774d	0x000075d5	$L43279
0x00007791	0x000b4aa4	?giCurPlayer@@3CA
0x00007798	0x000a7b94	?gbThisNetHumanPlayer@@3PACA
0x000077ad	0x000b4ba8	?gCurPlayerData@@3PAVplayerData@@A
0x000077e2	0x000b4ba8	?gCurPlayerData@@3PAVplayerData@@A
0x000077ef	0x000b4ba8	?gCurPlayerData@@3PAVplayerData@@A
0x00007823	0x000b4ba8	?gCurPlayerData@@3PAVplayerData@@A
0x00007830	0x000b4ba8	?gCurPlayerData@@3PAVplayerData@@A
0x00007850	0x000b4ba8	?gCurPlayerData@@3PAVplayerData@@A
0x0000785e	0x000b4ba8	?gCurPlayerData@@3PAVplayerData@@A
0x0000786d	0x000a992c	?gAllBlack@@3HA
0x00007898	0x0006da11	?BroadcastMessage@heroWindow@@QAEFAAUtag_message@@@Z
0x000078a7	0x000a992c	?gAllBlack@@3HA
0x000078d2	0x0006da11	?BroadcastMessage@heroWindow@@QAEFAAUtag_message@@@Z
0x00007913	0x0006da11	?BroadcastMessage@heroWindow@@QAEFAAUtag_message@@@Z
0x0000792a	0x000a7ba0	?gpGame@@3PAVgame@@A
0x0000795d	0x0006da11	?BroadcastMessage@heroWindow@@QAEFAAUtag_message@@@Z
0x0000799e	0x0006da11	?BroadcastMessage@heroWindow@@QAEFAAUtag_message@@@Z
0x00007a15	0x0006da11	?BroadcastMessage@heroWindow@@QAEFAAUtag_message@@@Z
0x00007a3e	0x0006da11	?BroadcastMessage@heroWindow@@QAEFAAUtag_message@@@Z
0x00007a67	0x0006da11	?BroadcastMessage@heroWindow@@QAEFAAUtag_message@@@Z
0x00007a90	0x0006da11	?BroadcastMessage@heroWindow@@QAEFAAUtag_message@@@Z
0x00007ab3	0x0006daab	?DrawWindow@heroWindow@@QAEXFHH@Z
0x00007ad6	0x000a74a8	?gpWindowManager@@3PAVheroWindowManager@@A
0x00007adb	0x0006a917	?UpdateScreenRegion@heroWindowManager@@QAEXFFFF@Z
0x00007af1	0x000b4aa4	?giCurPlayer@@3CA
0x00007af8	0x000a7b94	?gbThisNetHumanPlayer@@3PACA
0x00007b29	0x00007785	?UpdateHeroLocator@advManager@@QAEXHCC@Z
0x00007b31	0x000b4ba8	?gCurPlayerData@@3PAVplayerData@@A
0x00007b51	0x000b4ba8	?gCurPlayerData@@3PAVplayerData@@A
0x00007b64	0x0008a3a0	__real@8@40059200000000000000
0x00007b6d	0x000b4ba8	?gCurPlayerData@@3PAVplayerData@@A
0x00007b80	0x0008a398	__real@8@4006c300000000000000
0x00007b85	0x000782f4	__ftol
0x00007bae	0x0006da87	?DrawWindow@heroWindow@@QAEXF@Z
0x00007bc4	0x000b4aa4	?giCurPlayer@@3CA
0x00007bcb	0x000a7b94	?gbThisNetHumanPlayer@@3PACA
0x00007c01	0x000b4ba8	?gCurPlayerData@@3PAVplayerData@@A
0x00007c0f	0x000b4ba8	?gCurPlayerData@@3PAVplayerData@@A
0x00007c2c	0x000b4ba8	?gCurPlayerData@@3PAVplayerData@@A
0x00007c3e	0x000b4ba8	?gCurPlayerData@@3PAVplayerData@@A
0x00007c4c	0x000a992c	?gAllBlack@@3HA
0x00007c77	0x0006da11	?BroadcastMessage@heroWindow@@QAEFAAUtag_message@@@Z
0x00007c91	0x000a992c	?gAllBlack@@3HA
0x00007cb6	0x0006da11	?BroadcastMessage@heroWindow@@QAEFAAUtag_message@@@Z
0x00007cd5	0x0006da11	?BroadcastMessage@heroWindow@@QAEFAAUtag_message@@@Z
0x00007cf6	0x0006da11	?BroadcastMessage@heroWindow@@QAEFAAUtag_message@@@Z
0x00007d08	0x000a7ba0	?gpGame@@3PAVgame@@A
0x00007d22	0x000a7ba0	?gpGame@@3PAVgame@@A
0x00007d4c	0x0006da11	?BroadcastMessage@heroWindow@@QAEFAAUtag_message@@@Z
0x00007d57	0x000b4ba8	?gCurPlayerData@@3PAVplayerData@@A
0x00007d76	0x000b4ba8	?gCurPlayerData@@3PAVplayerData@@A
0x00007d89	0x0008a3a8	__real@8@40059400000000000000
0x00007d92	0x000b4ba8	?gCurPlayerData@@3PAVplayerData@@A
0x00007da5	0x0008a398	__real@8@4006c300000000000000
0x00007daa	0x000782f4	__ftol
0x00007dd3	0x0006da87	?DrawWindow@heroWindow@@QAEXF@Z
0x00007def	0x000a6758	?gForceUpdate@@3HA
0x00007df5	0x000a761c	?giBottomViewOverride@@3HA
0x00007e03	0x000a761c	?giBottomViewOverride@@3HA
0x00007e0b	0x00044b4e	?KBTickCount@@YAHXZ
0x00007e11	0x000a7bb0	?giBottomViewOverrideEndTime@@3HA
0x00007e19	0x000a761c	?giBottomViewOverride@@3HA
0x00007e25	0x000a761c	?giBottomViewOverride@@3HA
0x00007e44	0x00008575	?UpdBottomViewNewTurn@advManager@@QAECXZ
0x00007e51	0x00008c76	?UpdBottomViewKingdom@advManager@@QAECXZ
0x00007e5e	0x000088e7	?UpdBottomViewResMsg@advManager@@QAECXZ
0x00007e6d	0x000b4aa4	?giCurPlayer@@3CA
0x00007e74	0x000a7b94	?gbThisNetHumanPlayer@@3PACA
0x00007e7e	0x000a992c	?gAllBlack@@3HA
0x00007e89	0x00008046	?UpdBottomViewEnemyTurn@advManager@@QAECXZ
0x00007e94	0x000b4ba8	?gCurPlayerData@@3PAVplayerData@@A
0x00007eab	0x00008c76	?UpdBottomViewKingdom@advManager@@QAECXZ
0x00007eb8	0x00008fe4	?UpdBottomViewHero@advManager@@QAECXZ
0x00007ee5	0x0006daab	?DrawWindow@heroWindow@@QAEXFHH@Z
0x00007f04	0x000a74a8	?gpWindowManager@@3PAVheroWindowManager@@A
0x00007f09	0x0006a917	?UpdateScreenRegion@heroWindowManager@@QAEXFFFF@Z
0x00007f0f	0x000a6758	?gForceUpdate@@3HA
0x00007f2b	0x000a6750	?gCurBottomView@@3HA
0x00007f75	0x0006d92a	?RemoveWidget@heroWindow@@QAEXPAVwidget@@@Z
0x00007fcd	0x0006d92a	?RemoveWidget@heroWindow@@QAEXPAVwidget@@@Z
0x00008026	0x0008e144	?gCurBottomViewEnemy@@3HA
0x00008030	0x000a6750	?gCurBottomView@@3HA
0x0000803a	0x000a65a8	?iLastAnimFrame@@3HA
0x0000804c	0x00088821	__ehreg$?UpdBottomViewEnemyTurn@advManager@@QAECXZ
0x00008052	-0x400000	__except_list
0x0000805a	-0x400000	__except_list
0x00008070	0x000a6750	?gCurBottomView@@3HA
0x00008081	0x000a6758	?gForceUpdate@@3HA
0x0000808d	0x00007f20	?ClearBottomView@advManager@@QAEXXZ
0x00008093	0x000a6750	?gCurBottomView@@3HA
0x0000809e	0x00077d50	??2@YAPAXI@Z
0x000080c3	0x0008e7d8	$SG43415
0x000080c3	0x0008e7d8	$SG43450
0x000080dc	0x0006dfa0	??0iconWidget@@QAE@FFFFPADCCFFF@Z
0x0000810c	0x00042146	?MemError@@YAXXZ
0x00008126	0x0006d817	?AddWidget@heroWindow@@QAEXPAVwidget@@F@Z
0x0000812d	0x00077d50	??2@YAPAXI@Z
0x00008152	0x0008e7e8	$SG43421
0x00008152	0x0008e7e8	$SG43456
0x00008168	0x0006dfa0	??0iconWidget@@QAE@FFFFPADCCFFF@Z
0x00008198	0x00042146	?MemError@@YAXXZ
0x000081b2	0x0006d817	?AddWidget@heroWindow@@QAEXPAVwidget@@F@Z
0x000081b8	0x000a6758	?gForceUpdate@@3HA
0x000081c0	0x00044b4e	?KBTickCount@@YAHXZ
0x000081c6	0x000a6764	_?gLastSandAnimTime@?1??UpdBottomViewEnemyTurn@advManager@@QAECXZ@4HA
0x000081d6	0x00044b4e	?KBTickCount@@YAHXZ
0x000081db	0x000a6764	_?gLastSandAnimTime@?1??UpdBottomViewEnemyTurn@advManager@@QAECXZ@4HA
0x000081ea	0x000a65a8	?iLastAnimFrame@@3HA
0x000081ef	0x00044b4e	?KBTickCount@@YAHXZ
0x000081f5	0x000a6768	_?gLastNewSandAnimTime@?1??UpdBottomViewEnemyTurn@advManager@@QAECXZ@4HA
0x00008205	0x00044b4e	?KBTickCount@@YAHXZ
0x0000820a	0x000a6768	_?gLastNewSandAnimTime@?1??UpdBottomViewEnemyTurn@advManager@@QAECXZ@4HA
0x00008210	0x000a6740	?gSandAnim@@3HA
0x00008219	0x000a6740	?gSandAnim@@3HA
0x0000821f	0x000a6740	?gSandAnim@@3HA
0x00008228	0x000a6740	?gSandAnim@@3HA
0x0000824a	0x000a6740	?gSandAnim@@3HA
0x00008262	0x0006da11	?BroadcastMessage@heroWindow@@QAEFAAUtag_message@@@Z
0x0000826e	0x00077d50	??2@YAPAXI@Z
0x00008291	0x000a6740	?gSandAnim@@3HA
0x0000829a	0x0008e7f8	$SG43433
0x0000829a	0x0008e7f8	$SG43468
0x000082b0	0x0006dfa0	??0iconWidget@@QAE@FFFFPADCCFFF@Z
0x000082e0	0x00042146	?MemError@@YAXXZ
0x000082fa	0x0006d817	?AddWidget@heroWindow@@QAEXPAVwidget@@F@Z
0x00008300	0x000a6758	?gForceUpdate@@3HA
0x0000830a	0x000b4aa4	?giCurPlayer@@3CA
0x00008310	0x0008e144	?gCurBottomViewEnemy@@3HA
0x00008321	0x000b4aa4	?giCurPlayer@@3CA
0x00008326	0x0008e144	?gCurBottomViewEnemy@@3HA
0x0000832d	0x000b4aa4	?giCurPlayer@@3CA
0x00008333	0x0008e144	?gCurBottomViewEnemy@@3HA
0x0000833b	0x000a6754	?gCurHourGlassPhase@@3HA
0x0000835b	0x000b4aa4	?giCurPlayer@@3CA
0x00008367	0x000a7ba0	?gpGame@@3PAVgame@@A
0x00008388	0x0006da11	?BroadcastMessage@heroWindow@@QAEFAAUtag_message@@@Z
0x00008394	0x00077d50	??2@YAPAXI@Z
0x000083b9	0x000b4aa4	?giCurPlayer@@3CA
0x000083c5	0x000a7ba0	?gpGame@@3PAVgame@@A
0x000083d4	0x0008e808	$SG43444
0x000083d4	0x0008e808	$SG43479
0x000083ea	0x0006dfa0	??0iconWidget@@QAE@FFFFPADCCFFF@Z
0x0000841a	0x00042146	?MemError@@YAXXZ
0x00008434	0x0006d817	?AddWidget@heroWindow@@QAEXPAVwidget@@F@Z
0x0000843a	0x000a6758	?gForceUpdate@@3HA
0x00008443	0x000a6754	?gCurHourGlassPhase@@3HA
0x00008449	0x0008e148	?gLastHourGlassPhase@@3HA
0x00008451	0x0008e148	?gLastHourGlassPhase@@3HA
0x0000845a	0x000a6754	?gCurHourGlassPhase@@3HA
0x00008460	0x0008e148	?gLastHourGlassPhase@@3HA
0x0000846b	0x00044b4e	?KBTickCount@@YAHXZ
0x00008471	0x000a6744	?gLastHourGlassUpdateTime@@3HA
0x00008485	0x000a6754	?gCurHourGlassPhase@@3HA
0x0000848a	0x0008e148	?gLastHourGlassPhase@@3HA
0x0000848f	0x00044b4e	?KBTickCount@@YAHXZ
0x00008494	0x000a6744	?gLastHourGlassUpdateTime@@3HA
0x000084af	0x000a6754	?gCurHourGlassPhase@@3HA
0x000084c7	0x0006da11	?BroadcastMessage@heroWindow@@QAEFAAUtag_message@@@Z
0x000084d3	0x00077d50	??2@YAPAXI@Z
0x000084f7	0x000a6754	?gCurHourGlassPhase@@3HA
0x00008500	0x0008e814	$SG43454
0x00008500	0x0008e814	$SG43489
0x00008516	0x0006dfa0	??0iconWidget@@QAE@FFFFPADCCFFF@Z
0x00008546	0x00042146	?MemError@@YAXXZ
0x00008560	0x0006d817	?AddWidget@heroWindow@@QAEXPAVwidget@@F@Z
0x0000856d	-0x400000	__except_list
0x0000857b	0x00088857	__ehreg$?UpdBottomViewNewTurn@advManager@@QAECXZ
0x00008581	-0x400000	__except_list
0x00008589	-0x400000	__except_list
0x0000859c	0x000a6758	?gForceUpdate@@3HA
0x000085a5	0x000a6750	?gCurBottomView@@3HA
0x000085b7	0x00007f20	?ClearBottomView@advManager@@QAEXXZ
0x000085bd	0x000a6750	?gCurBottomView@@3HA
0x000085c6	0x000a7ba0	?gpGame@@3PAVgame@@A
0x000085da	0x000a7ba0	?gpGame@@3PAVgame@@A
0x000085ee	0x000a7ba0	?gpGame@@3PAVgame@@A
0x00008601	0x000a7ba0	?gpGame@@3PAVgame@@A
0x00008615	0x000a7ba0	?gpGame@@3PAVgame@@A
0x00008628	0x00077d50	??2@YAPAXI@Z
0x0000864d	0x0008e824	$SG43471
0x0000864d	0x0008e824	$SG43506
0x00008666	0x0006dfa0	??0iconWidget@@QAE@FFFFPADCCFFF@Z
0x00008696	0x00042146	?MemError@@YAXXZ
0x000086ad	0x0006d817	?AddWidget@heroWindow@@QAEXPAVwidget@@F@Z
0x000086b4	0x00077d50	??2@YAPAXI@Z
0x000086db	0x0008e834	$SG43477
0x000086db	0x0008e834	$SG43512
0x000086f4	0x0006dfa0	??0iconWidget@@QAE@FFFFPADCCFFF@Z
0x00008724	0x00042146	?MemError@@YAXXZ
0x0000873b	0x0006d817	?AddWidget@heroWindow@@QAEXPAVwidget@@F@Z
0x00008742	0x0007831b	_malloc
0x0000874e	0x000a7ba0	?gpGame@@3PAVgame@@A
0x0000875d	0x0008e840	$SG43480
0x0000875d	0x0008e840	$SG43515
0x00008762	0x000a7ba0	?gpGame@@3PAVgame@@A
0x00008771	0x0008e848	$SG43481
0x00008771	0x0008e848	$SG43516
0x00008776	0x0008e850	$SG43482
0x00008776	0x0008e850	$SG43517
0x0000877f	0x0007823f	_sprintf
0x00008789	0x00077d50	??2@YAPAXI@Z
0x000087ad	0x0008e860	$SG43487
0x000087ad	0x0008e860	$SG43522
0x000087ca	0x000717c8	??0textWidget@@QAE@FFFFPAD0FFF@Z
0x000087fa	0x00042146	?MemError@@YAXXZ
0x00008811	0x0006d817	?AddWidget@heroWindow@@QAEXPAVwidget@@F@Z
0x00008818	0x0007831b	_malloc
0x00008824	0x000a7ba0	?gpGame@@3PAVgame@@A
0x00008833	0x0008e870	$SG43490
0x00008833	0x0008e870	$SG43525
0x00008838	0x0008e878	$SG43491
0x00008838	0x0008e878	$SG43526
0x00008841	0x0007823f	_sprintf
0x0000884b	0x00077d50	??2@YAPAXI@Z
0x0000886f	0x0008e880	$SG43496
0x0000886f	0x0008e880	$SG43531
0x0000888c	0x000717c8	??0textWidget@@QAE@FFFFPAD0FFF@Z
0x000088bc	0x00042146	?MemError@@YAXXZ
0x000088d3	0x0006d817	?AddWidget@heroWindow@@QAEXPAVwidget@@F@Z
0x000088df	-0x400000	__except_list
0x000088ed	0x0008888d	__ehreg$?UpdBottomViewResMsg@advManager@@QAECXZ
0x000088f3	-0x400000	__except_list
0x000088fb	-0x400000	__except_list
0x00008907	0x000a6758	?gForceUpdate@@3HA
0x00008910	0x000a6750	?gCurBottomView@@3HA
0x00008922	0x00007f20	?ClearBottomView@advManager@@QAEXXZ
0x00008928	0x000a6750	?gCurBottomView@@3HA
0x00008933	0x00077d50	??2@YAPAXI@Z
0x00008958	0x0008e88c	$SG43514
0x00008958	0x0008e88c	$SG43549
0x00008971	0x0006dfa0	??0iconWidget@@QAE@FFFFPADCCFFF@Z
0x000089a1	0x00042146	?MemError@@YAXXZ
0x000089b8	0x0006d817	?AddWidget@heroWindow@@QAEXPAVwidget@@F@Z
0x000089c5	0x000a74c4	?giBottomViewResource@@3HA
0x000089d4	0x0008e89c	$SG43517
0x000089d4	0x0008e89c	$SG43552
0x000089da	0x000a74d8	?gpResourceManager@@3PAVresourceManager@@A
0x000089df	0x0006c586	?GetFont@resourceManager@@QAEPAVfont@@PAD@Z
0x000089ec	0x000a956c	?gcBottomViewText@@3PADA
0x000089f4	0x0007238c	?LineLength@font@@QAEHPADF@Z
0x00008a01	0x000a74d8	?gpResourceManager@@3PAVresourceManager@@A
0x00008a06	0x0006c705	?Dispose@resourceManager@@QAEXPAVresource@@@Z
0x00008a19	0x000a956c	?gcBottomViewText@@3PADA
0x00008a1e	0x00078460	_strlen
0x00008a2a	0x0007831b	_malloc
0x00008a35	0x000a956c	?gcBottomViewText@@3PADA
0x00008a3e	0x0007823f	_sprintf
0x00008a48	0x00077d50	??2@YAPAXI@Z
0x00008a6c	0x0008e8ac	$SG43523
0x00008a6c	0x0008e8ac	$SG43558
0x00008a8d	0x000717c8	??0textWidget@@QAE@FFFFPAD0FFF@Z
0x00008abd	0x00042146	?MemError@@YAXXZ
0x00008ad4	0x0006d817	?AddWidget@heroWindow@@QAEXPAVwidget@@F@Z
0x00008ada	0x000a74c4	?giBottomViewResource@@3HA
0x00008ae7	0x000a74c4	?giBottomViewResource@@3HA
0x00008b0f	0x00077d50	??2@YAPAXI@Z
0x00008b33	0x000a74c4	?giBottomViewResource@@3HA
0x00008b39	0x0008e8bc	$SG43532
0x00008b39	0x0008e8bc	$SG43567
0x00008b6a	0x0006dfa0	??0iconWidget@@QAE@FFFFPADCCFFF@Z
0x00008b9a	0x00042146	?MemError@@YAXXZ
0x00008bb1	0x0006d817	?AddWidget@heroWindow@@QAEXPAVwidget@@F@Z
0x00008bb8	0x0007831b	_malloc
0x00008bc4	0x000a9558	?giBottomViewResourceQty@@3HA
0x00008bca	0x0008e8cc	$SG43535
0x00008bca	0x0008e8cc	$SG43570
0x00008bd3	0x0007823f	_sprintf
0x00008bdd	0x00077d50	??2@YAPAXI@Z
0x00008c01	0x0008e8d0	$SG43540
0x00008c01	0x0008e8d0	$SG43575
0x00008c1b	0x000717c8	??0textWidget@@QAE@FFFFPAD0FFF@Z
0x00008c4b	0x00042146	?MemError@@YAXXZ
0x00008c62	0x0006d817	?AddWidget@heroWindow@@QAEXPAVwidget@@F@Z
0x00008c6e	-0x400000	__except_list
0x00008c7c	0x000888b8	__ehreg$?UpdBottomViewKingdom@advManager@@QAECXZ
0x00008c82	-0x400000	__except_list
0x00008c8a	-0x400000	__except_list
0x00008c96	0x000a6758	?gForceUpdate@@3HA
0x00008c9f	0x000a6750	?gCurBottomView@@3HA
0x00008cb1	0x00007f20	?ClearBottomView@advManager@@QAEXXZ
0x00008cb7	0x000a6750	?gCurBottomView@@3HA
0x00008d18	0x00077d50	??2@YAPAXI@Z
0x00008d3d	0x0008e8e0	$SG43557
0x00008d3d	0x0008e8e0	$SG43592
0x00008d56	0x0006dfa0	??0iconWidget@@QAE@FFFFPADCCFFF@Z
0x00008d86	0x00042146	?MemError@@YAXXZ
0x00008d9d	0x0006d817	?AddWidget@heroWindow@@QAEXPAVwidget@@F@Z
0x00008da4	0x00077d50	??2@YAPAXI@Z
0x00008dc9	0x0008e8f0	$SG43563
0x00008dc9	0x0008e8f0	$SG43598
0x00008de2	0x0006dfa0	??0iconWidget@@QAE@FFFFPADCCFFF@Z
0x00008e12	0x00042146	?MemError@@YAXXZ
0x00008e29	0x0006d817	?AddWidget@heroWindow@@QAEXPAVwidget@@F@Z
0x00008e40	0x000b4ba8	?gCurPlayerData@@3PAVplayerData@@A
0x00008e4f	0x000b4ba8	?gCurPlayerData@@3PAVplayerData@@A
0x00008e5f	0x000a7ba0	?gpGame@@3PAVgame@@A
0x00008ea7	0x0007831b	_malloc
0x00008ebf	0x000b4ba8	?gCurPlayerData@@3PAVplayerData@@A
0x00008ec9	0x0008e900	$SG43575
0x00008ec9	0x0008e900	$SG43610
0x00008ed6	0x0007823f	_sprintf
0x00008eea	0x0008e904	$SG43578
0x00008eea	0x0008e904	$SG43613
0x00008ef7	0x0007823f	_sprintf
0x00008f05	0x0008e908	$SG43580
0x00008f05	0x0008e908	$SG43615
0x00008f12	0x0007823f	_sprintf
0x00008f1c	0x00077d50	??2@YAPAXI@Z
0x00008f45	0x0008e90c	$SG43585
0x00008f45	0x0008e90c	$SG43620
0x00008f78	0x000717c8	??0textWidget@@QAE@FFFFPAD0FFF@Z
0x00008fb0	0x00042146	?MemError@@YAXXZ
0x00008fcb	0x0006d817	?AddWidget@heroWindow@@QAEXPAVwidget@@F@Z
0x00008fdc	-0x400000	__except_list
0x00008fea	0x000888f9	__ehreg$?UpdBottomViewHero@advManager@@QAECXZ
0x00008ff0	-0x400000	__except_list
0x00008ff8	-0x400000	__except_list
0x00009007	0x000a6758	?gForceUpdate@@3HA
0x00009010	0x000a6750	?gCurBottomView@@3HA
0x00009022	0x00007f20	?ClearBottomView@advManager@@QAEXXZ
0x00009028	0x000a6750	?gCurBottomView@@3HA
0x00009031	0x000b4ba8	?gCurPlayerData@@3PAVplayerData@@A
0x00009046	0x000a7ba0	?gpGame@@3PAVgame@@A
0x0000905d	0x00077d50	??2@YAPAXI@Z
0x00009082	0x0008e91c	$SG43607
0x00009082	0x0008e91c	$SG43642
0x0000909b	0x0006dfa0	??0iconWidget@@QAE@FFFFPADCCFFF@Z
0x000090cb	0x00042146	?MemError@@YAXXZ
0x000090e2	0x0006d817	?AddWidget@heroWindow@@QAEXPAVwidget@@F@Z
0x000090e7	0x000b4ba8	?gCurPlayerData@@3PAVplayerData@@A
0x00009104	0x00077d50	??2@YAPAXI@Z
0x0000912b	0x0008e92c	$SG43613
0x0000912b	0x0008e92c	$SG43648
0x00009141	0x0006dfa0	??0iconWidget@@QAE@FFFFPADCCFFF@Z
0x00009171	0x00042146	?MemError@@YAXXZ
0x00009188	0x0006d817	?AddWidget@heroWindow@@QAEXPAVwidget@@F@Z
0x0000918f	0x0007831b	_malloc
0x000091a5	0x00077c60	_strcpy
0x000091b6	0x00077d50	??2@YAPAXI@Z
0x000091da	0x0008e938	$SG43620
0x000091da	0x0008e938	$SG43655
0x000091f4	0x000717c8	??0textWidget@@QAE@FFFFPAD0FFF@Z
0x0000922d	0x00042146	?MemError@@YAXXZ
0x00009244	0x0006d817	?AddWidget@heroWindow@@QAEXPAVwidget@@F@Z
0x000092c7	0x0007831b	_malloc
0x000092e3	0x0008e948	$SG43632
0x000092e3	0x0008e948	$SG43667
0x000092f1	0x0007823f	_sprintf
0x00009388	0x00077d50	??2@YAPAXI@Z
0x000093b5	0x0008e94c	$SG43645
0x000093b5	0x0008e94c	$SG43680
0x000093d5	0x0006dfa0	??0iconWidget@@QAE@FFFFPADCCFFF@Z
0x00009418	0x00042146	?MemError@@YAXXZ
0x00009423	0x00091acc	?gMons32Width@@3PACA
0x00009436	0x00078460	_strlen
0x00009454	0x00091acc	?gMons32Width@@3PACA
0x00009465	0x00077d50	??2@YAPAXI@Z
0x0000948e	0x0008e958	$SG43653
0x0000948e	0x0008e958	$SG43688
0x000094a7	0x00078460	_strlen
0x000094c9	0x000717c8	??0textWidget@@QAE@FFFFPAD0FFF@Z
0x0000950c	0x00042146	?MemError@@YAXXZ
0x00009528	0x0006d817	?AddWidget@heroWindow@@QAEXPAVwidget@@F@Z
0x00009544	0x0006d817	?AddWidget@heroWindow@@QAEXPAVwidget@@F@Z
0x00009561	-0x400000	__except_list
0x0000956f	0x00088973	__ehreg$?HeroQuickView@advManager@@QAEXCCFF@Z
0x00009575	-0x400000	__except_list
0x0000957d	-0x400000	__except_list
0x000095ec	0x000a7ba0	?gpGame@@3PAVgame@@A
0x00009604	0x000b4aa4	?giCurPlayer@@3CA
0x00009642	0x00077d50	??2@YAPAXI@Z
0x00009660	0x0008e968	$SG43689
0x00009675	0x0006d150	??0heroWindow@@QAE@FFPAD@Z
0x000096ae	0x00042146	?MemError@@YAXXZ
0x000096b9	0x00044ae3	?SetWinText@@YAXPAVheroWindow@@F@Z
0x000096c5	0x00077d50	??2@YAPAXI@Z
0x000096e3	0x0008e974	$SG43696
0x000096f8	0x0006d150	??0heroWindow@@QAE@FFPAD@Z
0x00009731	0x00042146	?MemError@@YAXXZ
0x0000975b	0x0006da11	?BroadcastMessage@heroWindow@@QAEFAAUtag_message@@@Z
0x00009780	0x000a7ba0	?gpGame@@3PAVgame@@A
0x000097a0	0x0006da11	?BroadcastMessage@heroWindow@@QAEFAAUtag_message@@@Z
0x000097ca	0x0006da11	?BroadcastMessage@heroWindow@@QAEFAAUtag_message@@@Z
0x000097d6	0x0008e980	$SG43698
0x000097db	0x000a7168	?gText@@3PADA
0x000097e0	0x0007823f	_sprintf
0x000097fc	0x000a7168	?gText@@3PADA
0x0000980b	0x0006da11	?BroadcastMessage@heroWindow@@QAEFAAUtag_message@@@Z
0x0000985b	0x000b4aa4	?giCurPlayer@@3CA
0x000098a4	0x0008e984	$SG43708
0x000098a9	0x000a7168	?gText@@3PADA
0x000098ae	0x0007823f	_sprintf
0x000098c6	0x000a7168	?gText@@3PADA
0x000098d5	0x0006da11	?BroadcastMessage@heroWindow@@QAEFAAUtag_message@@@Z
0x00009980	0x00077d50	??2@YAPAXI@Z
0x000099ad	0x0008e988	$SG43724
0x000099cf	0x0006dfa0	??0iconWidget@@QAE@FFFFPADCCFFF@Z
0x00009a12	0x00042146	?MemError@@YAXXZ
0x00009a19	0x0007831b	_malloc
0x00009a39	0x0008e994	$SG43727
0x00009a47	0x0007823f	_sprintf
0x00009a51	0x00077d50	??2@YAPAXI@Z
0x00009a78	0x0008e998	$SG43732
0x00009aa6	0x000717c8	??0textWidget@@QAE@FFFFPAD0FFF@Z
0x00009ae9	0x00042146	?MemError@@YAXXZ
0x00009afc	0x0006d817	?AddWidget@heroWindow@@QAEXPAVwidget@@F@Z
0x00009b0f	0x0006d817	?AddWidget@heroWindow@@QAEXPAVwidget@@F@Z
0x00009c57	0x00077d50	??2@YAPAXI@Z
0x00009c84	0x0008e9a8	$SG43760
0x00009cb3	0x0006dfa0	??0iconWidget@@QAE@FFFFPADCCFFF@Z
0x00009cf6	0x00042146	?MemError@@YAXXZ
0x00009cfd	0x0007831b	_malloc
0x00009d25	0x0000a208	?GetArmySizeName@advManager@@QAEPADFC@Z
0x00009d34	0x00077c60	_strcpy
0x00009d3e	0x00077d50	??2@YAPAXI@Z
0x00009d65	0x0008e9b4	$SG43767
0x00009da0	0x000717c8	??0textWidget@@QAE@FFFFPAD0FFF@Z
0x00009de3	0x00042146	?MemError@@YAXXZ
0x00009df6	0x0006d817	?AddWidget@heroWindow@@QAEXPAVwidget@@F@Z
0x00009e09	0x0006d817	?AddWidget@heroWindow@@QAEXPAVwidget@@F@Z
0x00009ee8	0x00077d50	??2@YAPAXI@Z
0x00009f15	0x0008e9c4	$SG43780
0x00009f47	0x0006dfa0	??0iconWidget@@QAE@FFFFPADCCFFF@Z
0x00009f8a	0x00042146	?MemError@@YAXXZ
0x00009f91	0x0007831b	_malloc
0x00009fb9	0x0000a208	?GetArmySizeName@advManager@@QAEPADFC@Z
0x00009fc8	0x00077c60	_strcpy
0x00009fd2	0x00077d50	??2@YAPAXI@Z
0x00009ff9	0x0008e9d0	$SG43787
0x0000a037	0x000717c8	??0textWidget@@QAE@FFFFPAD0FFF@Z
0x0000a07a	0x00042146	?MemError@@YAXXZ
0x0000a08d	0x0006d817	?AddWidget@heroWindow@@QAEXPAVwidget@@F@Z
0x0000a0a0	0x0006d817	?AddWidget@heroWindow@@QAEXPAVwidget@@F@Z
0x0000a116	0x00006d7e	?UpdateRadar@advManager@@QAEXCH@Z
0x0000a121	0x0000d2a5	?GrabScreen@advManager@@QAEXXZ
0x0000a12f	0x000a74a8	?gpWindowManager@@3PAVheroWindowManager@@A
0x0000a134	0x0006a4f1	?AddWindow@heroWindowManager@@QAEXPAVheroWindow@@FC@Z
0x0000a13a	0x000a7164	?gpMouseManager@@3PAVmouseManager@@A
0x0000a13f	0x0006c07c	?HideSystemCursor@mouseManager@@QAEXXZ
0x0000a144	0x000404c4	?QuickViewWait@@YAXXZ
0x0000a14e	0x000a74a8	?gpWindowManager@@3PAVheroWindowManager@@A
0x0000a153	0x0006a657	?RemoveWindow@heroWindowManager@@QAEXPAVheroWindow@@@Z
0x0000a168	0x00077c4d	??3@YAXPAX@Z
0x0000a171	0x000a7164	?gpMouseManager@@3PAVmouseManager@@A
0x0000a176	0x0006c08f	?ShowSystemCursor@mouseManager@@QAEXXZ
0x0000a1a7	0x00006d7e	?UpdateRadar@advManager@@QAEXCH@Z
0x0000a1b4	0x00005ace	?CompleteDraw@advManager@@QAEXH@Z
0x0000a1c3	0x00005530	?UpdateScreen@advManager@@QAEXCC@Z
0x0000a1dd	0x000b4aa4	?giCurPlayer@@3CA
0x0000a1f4	0x0000b301	?SetHeroContext@advManager@@QAEXCC@Z
0x0000a1fe	-0x400000	__except_list
0x0000a211	0x000a6c48	?giDebugLevel@@3HA
0x0000a21e	0x0008e9e0	$SG43797
0x0000a21e	0x0008e9e0	$SG43832
0x0000a223	0x000a6730	?cArmySizeName@@3PADA
0x0000a228	0x0007823f	_sprintf
0x0000a230	0x000a6730	?cArmySizeName@@3PADA
0x0000a246	0x00092cf4	?gArmySizeNames@@3PAY01PADA
0x0000a25c	0x00092cf4	?gArmySizeNames@@3PAY01PADA
0x0000a25c	0x00092cfc	?gArmySizeNames@@3PAY01PADA
0x0000a272	0x00092cf4	?gArmySizeNames@@3PAY01PADA
0x0000a272	0x00092d04	?gArmySizeNames@@3PAY01PADA
0x0000a288	0x00092cf4	?gArmySizeNames@@3PAY01PADA
0x0000a288	0x00092d0c	?gArmySizeNames@@3PAY01PADA
0x0000a29e	0x00092cf4	?gArmySizeNames@@3PAY01PADA
0x0000a29e	0x00092d14	?gArmySizeNames@@3PAY01PADA
0x0000a2ab	0x00092cf4	?gArmySizeNames@@3PAY01PADA
0x0000a2ab	0x00092d1c	?gArmySizeNames@@3PAY01PADA
0x0000a2bb	0x000889d1	__ehreg$?TownQuickView@advManager@@QAEXCCFF@Z
0x0000a2c1	-0x400000	__except_list
0x0000a2c9	-0x400000	__except_list
0x0000a31b	0x000a7ba0	?gpGame@@3PAVgame@@A
0x0000a341	0x00077d50	??2@YAPAXI@Z
0x0000a35f	0x0008e9e4	$SG584164
0x0000a374	0x0006d150	??0heroWindow@@QAE@FFPAD@Z
0x0000a3ad	0x00042146	?MemError@@YAXXZ
0x0000a3bb	0x000b4aa4	?giCurPlayer@@3CA
0x0000a3cf	0x000b4aa4	?giCurPlayer@@3CA
0x0000a3d6	0x000a7ba0	?gpGame@@3PAVgame@@A
0x0000a3db	0x000384f3	?GetNumThievesGuilds@game@@QAEHH@Z
0x0000a3f6	0x00044ae3	?SetWinText@@YAXPAVheroWindow@@F@Z
0x0000a42b	0x000a7ba0	?gpGame@@3PAVgame@@A
0x0000a44f	0x0006da11	?BroadcastMessage@heroWindow@@QAEFAAUtag_message@@@Z
0x0000a47a	0x0006da11	?BroadcastMessage@heroWindow@@QAEFAAUtag_message@@@Z
0x0000a492	0x0006da11	?BroadcastMessage@heroWindow@@QAEFAAUtag_message@@@Z
0x0000a4b3	0x000a7ba0	?gpGame@@3PAVgame@@A
0x0000a4d0	0x0006da11	?BroadcastMessage@heroWindow@@QAEFAAUtag_message@@@Z
0x0000a4f1	0x0006da11	?BroadcastMessage@heroWindow@@QAEFAAUtag_message@@@Z
0x0000a4fd	0x000421b7	?GetTownName@@YAPADH@Z
0x0000a506	0x000a7168	?gText@@3PADA
0x0000a50b	0x0007823f	_sprintf
0x0000a521	0x000a7168	?gText@@3PADA
0x0000a52d	0x0006da11	?BroadcastMessage@heroWindow@@QAEFAAUtag_message@@@Z
0x0000a588	0x0007831b	_malloc
0x0000a599	0x0008e9f0	$SG584176
0x0000a5a2	0x0007823f	_sprintf
0x0000a5ac	0x0008e9fc	$SG584188
0x0000a5b5	0x0007823f	_sprintf
0x0000a5bf	0x00077d50	??2@YAPAXI@Z
0x0000a5e6	0x0008ea00	$SG584192
0x0000a600	0x000717c8	??0textWidget@@QAE@FFFFPAD0FFF@Z
0x0000a639	0x00042146	?MemError@@YAXXZ
0x0000a647	0x0006d817	?AddWidget@heroWindow@@QAEXPAVwidget@@F@Z
0x0000a79a	0x00077d50	??2@YAPAXI@Z
0x0000a7c7	0x0008ea10	$SG584208
0x0000a7fe	0x0006dfa0	??0iconWidget@@QAE@FFFFPADCCFFF@Z
0x0000a847	0x00042146	?MemError@@YAXXZ
0x0000a84e	0x0007831b	_malloc
0x0000a877	0x0008ea1c	$SG584220
0x0000a888	0x0007823f	_sprintf
0x0000a8b0	0x0000a208	?GetArmySizeName@advManager@@QAEPADFC@Z
0x0000a8c2	0x00077c60	_strcpy
0x0000a8cc	0x0008ea20	$SG584224
0x0000a8dd	0x00077c60	_strcpy
0x0000a8e7	0x00077d50	??2@YAPAXI@Z
0x0000a90e	0x0008ea24	$SG584228
0x0000a956	0x000717c8	??0textWidget@@QAE@FFFFPAD0FFF@Z
0x0000a999	0x00042146	?MemError@@YAXXZ
0x0000a9af	0x0006d817	?AddWidget@heroWindow@@QAEXPAVwidget@@F@Z
0x0000a9c2	0x0006d817	?AddWidget@heroWindow@@QAEXPAVwidget@@F@Z
0x0000aaa7	0x00077d50	??2@YAPAXI@Z
0x0000aad4	0x0008ea34	$SG584244
0x0000ab0c	0x0006dfa0	??0iconWidget@@QAE@FFFFPADCCFFF@Z
0x0000ab55	0x00042146	?MemError@@YAXXZ
0x0000ab5c	0x0007831b	_malloc
0x0000ab85	0x0008ea40	$SG584256
0x0000ab96	0x0007823f	_sprintf
0x0000abbe	0x0000a208	?GetArmySizeName@advManager@@QAEPADFC@Z
0x0000abd0	0x00077c60	_strcpy
0x0000abda	0x0008ea44	$SG584260
0x0000abeb	0x00077c60	_strcpy
0x0000abf5	0x00077d50	??2@YAPAXI@Z
0x0000ac1c	0x0008ea48	$SG584264
0x0000ac65	0x000717c8	??0textWidget@@QAE@FFFFPAD0FFF@Z
0x0000aca8	0x00042146	?MemError@@YAXXZ
0x0000acbe	0x0006d817	?AddWidget@heroWindow@@QAEXPAVwidget@@F@Z
0x0000acd1	0x0006d817	?AddWidget@heroWindow@@QAEXPAVwidget@@F@Z
0x0000acfb	0x0000d2a5	?GrabScreen@advManager@@QAEXXZ
0x0000ad09	0x000a74a8	?gpWindowManager@@3PAVheroWindowManager@@A
0x0000ad0e	0x0006a4f1	?AddWindow@heroWindowManager@@QAEXPAVheroWindow@@FC@Z
0x0000ad6d	0x00006d7e	?UpdateRadar@advManager@@QAEXCH@Z
0x0000ad73	0x000a7164	?gpMouseManager@@3PAVmouseManager@@A
0x0000ad78	0x0006c07c	?HideSystemCursor@mouseManager@@QAEXXZ
0x0000ad7d	0x000404c4	?QuickViewWait@@YAXXZ
0x0000ad87	0x000a74a8	?gpWindowManager@@3PAVheroWindowManager@@A
0x0000ad8c	0x0006a657	?RemoveWindow@heroWindowManager@@QAEXPAVheroWindow@@@Z
0x0000ada1	0x00077c4d	??3@YAXPAX@Z
0x0000adaa	0x000a7164	?gpMouseManager@@3PAVmouseManager@@A
0x0000adaf	0x0006c08f	?ShowSystemCursor@mouseManager@@QAEXXZ
0x0000ade0	0x00006d7e	?UpdateRadar@advManager@@QAEXCH@Z
0x0000aded	0x00005ace	?CompleteDraw@advManager@@QAEXH@Z
0x0000adfc	0x00005530	?UpdateScreen@advManager@@QAEXCC@Z
0x0000ae13	0x000b4aa4	?giCurPlayer@@3CA
0x0000ae28	0x0000b0dd	?SetTownContext@advManager@@QAEXC@Z
0x0000ae32	-0x400000	__except_list
0x0000ae46	0x000a98bc	?bShowIt@@3HA
0x0000ae53	0x000a74a8	?gpWindowManager@@3PAVheroWindowManager@@A
0x0000ae5c	0x0008ea58	$SG43955
0x0000ae5c	0x0008ea58	$SG43990
0x0000ae62	0x000a74d8	?gpResourceManager@@3PAVresourceManager@@A
0x0000ae67	0x0006c15a	?GetBackdrop@resourceManager@@QAEXPADPAVbitmap@@@Z
0x0000ae6f	0x000113a4	?SaveAdventureBorder@advManager@@QAEXXZ
0x0000ae7b	0x00007ae5	?UpdateHeroLocators@advManager@@QAEXCC@Z
0x0000ae87	0x00007bb8	?UpdateTownLocators@advManager@@QAEXCC@Z
0x0000ae95	0x00007ddd	?UpdBottomView@advManager@@QAEXCCC@Z
0x0000aea5	0x0006da87	?DrawWindow@heroWindow@@QAEXF@Z
0x0000aebf	0x000a74a8	?gpWindowManager@@3PAVheroWindowManager@@A
0x0000aec4	0x0006a917	?UpdateScreenRegion@heroWindowManager@@QAEXFFFF@Z
0x0000aed2	0x00006d7e	?UpdateRadar@advManager@@QAEXCH@Z
0x0000aef2	0x000057a9	?CompleteDraw@advManager@@QAEXFFH@Z
0x0000af04	0x00005530	?UpdateScreen@advManager@@QAEXCC@Z
0x0000af16	0x000b4ba8	?gCurPlayerData@@3PAVplayerData@@A
0x0000af2d	0x0000af7f	?DemobilizeCurrHero@advManager@@QAEXXZ
0x0000af32	0x000b4ba8	?gCurPlayerData@@3PAVplayerData@@A
0x0000af46	0x000b4ba8	?gCurPlayerData@@3PAVplayerData@@A
0x0000af69	0x000b4ba8	?gCurPlayerData@@3PAVplayerData@@A
0x0000af75	0x0000b301	?SetHeroContext@advManager@@QAEXCC@Z
0x0000af89	0x000b4ba8	?gCurPlayerData@@3PAVplayerData@@A
0x0000afbb	0x000b4ba8	?gCurPlayerData@@3PAVplayerData@@A
0x0000afca	0x000a7ba0	?gpGame@@3PAVgame@@A
0x0000afde	0x00021703	?StopCursor@advManager@@QAEXC@Z
0x0000b030	0x00006d26	?GetCell@advManager@@QAEPAVmapCell@@FF@Z
0x0000b0c9	0x000057a9	?CompleteDraw@advManager@@QAEXFFH@Z
0x0000b0d5	0x00005530	?UpdateScreen@advManager@@QAEXCC@Z
0x0000b0ea	0x0000af22	?DeactivateCurrHero@advManager@@QAEXXZ
0x0000b0ef	0x000a7164	?gpMouseManager@@3PAVmouseManager@@A
0x0000b0ff	0x000a7164	?gpMouseManager@@3PAVmouseManager@@A
0x0000b104	0x0006bf87	?ReallyHidePointer@mouseManager@@QAEXXZ
0x0000b10a	0x000b4ba8	?gCurPlayerData@@3PAVplayerData@@A
0x0000b116	0x000b4ba8	?gCurPlayerData@@3PAVplayerData@@A
0x0000b122	0x000a7ba0	?gpGame@@3PAVgame@@A
0x0000b176	0x000b4ba8	?gCurPlayerData@@3PAVplayerData@@A
0x0000b188	0x000b4ba8	?gCurPlayerData@@3PAVplayerData@@A
0x0000b1a6	0x000b4ba8	?gCurPlayerData@@3PAVplayerData@@A
0x0000b1b4	0x000b4ba8	?gCurPlayerData@@3PAVplayerData@@A
0x0000b1c6	0x000b4ba8	?gCurPlayerData@@3PAVplayerData@@A
0x0000b1de	0x000b4ba8	?gCurPlayerData@@3PAVplayerData@@A
0x0000b1ed	0x00007ae5	?UpdateHeroLocators@advManager@@QAEXCC@Z
0x0000b1f9	0x00007bb8	?UpdateTownLocators@advManager@@QAEXCC@Z
0x0000b207	0x00010429	?HideRoute@advManager@@QAEXHHH@Z
0x0000b215	0x00007ddd	?UpdBottomView@advManager@@QAEXCCC@Z
0x0000b221	0x00006d7e	?UpdateRadar@advManager@@QAEXCH@Z
0x0000b241	0x000057a9	?CompleteDraw@advManager@@QAEXFFH@Z
0x0000b24d	0x00005530	?UpdateScreen@advManager@@QAEXCC@Z
0x0000b273	0x0000f038	?SetEnvironmentOrigin@advManager@@QAEXFFF@Z
0x0000b28d	0x00006d26	?GetCell@advManager@@QAEPAVmapCell@@FF@Z
0x0000b297	0x000a7638	?giGroundToTerrain@@3PACA
0x0000b2c8	0x000692fd	?PlayMusic@@YAXH@Z
0x0000b2d9	0x000a7164	?gpMouseManager@@3PAVmouseManager@@A
0x0000b2de	0x0006bf6f	?ReallyShowPointer@mouseManager@@QAEXXZ
0x0000b2e4	0x000a7b90	?gInputManager@@3PAVinputManager@@A
0x0000b31a	0x000a7164	?gpMouseManager@@3PAVmouseManager@@A
0x0000b32a	0x000a7164	?gpMouseManager@@3PAVmouseManager@@A
0x0000b32f	0x0006bf87	?ReallyHidePointer@mouseManager@@QAEXXZ
0x0000b337	0x0000af0e	?DeactivateCurrTown@advManager@@QAEXXZ
0x0000b345	0x00010429	?HideRoute@advManager@@QAEXHHH@Z
0x0000b34d	0x0000af22	?DeactivateCurrHero@advManager@@QAEXXZ
0x0000b360	0x000b4ba8	?gCurPlayerData@@3PAVplayerData@@A
0x0000b36b	0x000b4ba8	?gCurPlayerData@@3PAVplayerData@@A
0x0000b37b	0x000a7ba0	?gpGame@@3PAVgame@@A
0x0000b42d	0x00021dc4	?GetCursorBaseFrame@advManager@@QAEFF@Z
0x0000b451	0x00006d26	?GetCell@advManager@@QAEPAVmapCell@@FF@Z
0x0000b48f	0x000a7ba0	?gpGame@@3PAVgame@@A
0x0000b494	0x00038e58	?RestoreCell@game@@QAEXHHHHPAVmapCell@@H@Z
0x0000b4b6	0x000b4ba8	?gCurPlayerData@@3PAVplayerData@@A
0x0000b4c8	0x000b4ba8	?gCurPlayerData@@3PAVplayerData@@A
0x0000b4e6	0x000b4ba8	?gCurPlayerData@@3PAVplayerData@@A
0x0000b4f4	0x000b4ba8	?gCurPlayerData@@3PAVplayerData@@A
0x0000b506	0x000b4ba8	?gCurPlayerData@@3PAVplayerData@@A
0x0000b51e	0x000b4ba8	?gCurPlayerData@@3PAVplayerData@@A
0x0000b52d	0x00007ae5	?UpdateHeroLocators@advManager@@QAEXCC@Z
0x0000b539	0x00007bb8	?UpdateTownLocators@advManager@@QAEXCC@Z
0x0000b554	0x000b4aa4	?giCurPlayer@@3CA
0x0000b55b	0x000a7b94	?gbThisNetHumanPlayer@@3PACA
0x0000b56b	0x00003609	?Reseed@advManager@@QAEXHH@Z
0x0000b583	0x000105da	?SeedTo@advManager@@QAEXHH@Z
0x0000b599	0x0001014b	?ShowRoute@advManager@@QAEXHHH@Z
0x0000b5a7	0x00007ddd	?UpdBottomView@advManager@@QAEXCCC@Z
0x0000b5bd	0x00006d7e	?UpdateRadar@advManager@@QAEXCH@Z
0x0000b5dd	0x000057a9	?CompleteDraw@advManager@@QAEXFFH@Z
0x0000b5e9	0x00005530	?UpdateScreen@advManager@@QAEXCC@Z
0x0000b60f	0x0000f038	?SetEnvironmentOrigin@advManager@@QAEXFFF@Z
0x0000b61c	0x000a7638	?giGroundToTerrain@@3PACA
0x0000b64d	0x000692fd	?PlayMusic@@YAXH@Z
0x0000b656	0x000a9904	?gHeroMoving@@3HA
0x0000b667	0x000a7164	?gpMouseManager@@3PAVmouseManager@@A
0x0000b66c	0x0006bf6f	?ReallyShowPointer@mouseManager@@QAEXXZ
0x0000b671	0x000a7b90	?gInputManager@@3PAVinputManager@@A
0x0000b69b	0x000a7164	?gpMouseManager@@3PAVmouseManager@@A
0x0000b6a0	0x0006c062	?SetCursorShape@mouseManager@@QAEXH@Z
0x0000b6a5	0x000b4ba8	?gCurPlayerData@@3PAVplayerData@@A
0x0000b6b1	0x000b4ba8	?gCurPlayerData@@3PAVplayerData@@A
0x0000b6cd	0x0008a3a0	__real@8@40059200000000000000
0x0000b6de	0x000a7164	?gpMouseManager@@3PAVmouseManager@@A
0x0000b6e3	0x0006c00c	?MouseCoords@mouseManager@@QAEXAAF0@Z
0x0000b700	0x000a7b90	?gInputManager@@3PAVinputManager@@A
0x0000b705	0x0006eeb6	?Flush@inputManager@@QAEXXZ
0x0000b70f	0x000a7b90	?gInputManager@@3PAVinputManager@@A
0x0000b714	0x0006eed9	?GetEvent@inputManager@@QAE?AUtag_message@@XZ
0x0000b79c	0x000a7164	?gpMouseManager@@3PAVmouseManager@@A
0x0000b7a4	0x000a7164	?gpMouseManager@@3PAVmouseManager@@A
0x0000b7cc	0x0006da72	?DrawWindow@heroWindow@@QAEXXZ
0x0000b7f9	0x000782f4	__ftol
0x0000b80e	0x000b4ba8	?gCurPlayerData@@3PAVplayerData@@A
0x0000b83a	0x00007ae5	?UpdateHeroLocators@advManager@@QAEXCC@Z
0x0000b85f	0x0006da72	?DrawWindow@heroWindow@@QAEXXZ
0x0000b86a	0x00043775	?Process1WindowsMessage@@YAXXZ
0x0000b874	0x000a7b90	?gInputManager@@3PAVinputManager@@A
0x0000b879	0x0006eed9	?GetEvent@inputManager@@QAE?AUtag_message@@XZ
0x0000b89d	0x000a7164	?gpMouseManager@@3PAVmouseManager@@A
0x0000b8a2	0x0006c062	?SetCursorShape@mouseManager@@QAEXH@Z
0x0000b8cb	0x00007ae5	?UpdateHeroLocators@advManager@@QAEXCC@Z
0x0000b8e0	0x000a7164	?gpMouseManager@@3PAVmouseManager@@A
0x0000b8e5	0x0006c062	?SetCursorShape@mouseManager@@QAEXH@Z
0x0000b8ea	0x000b4ba8	?gCurPlayerData@@3PAVplayerData@@A
0x0000b8f6	0x000b4ba8	?gCurPlayerData@@3PAVplayerData@@A
0x0000b912	0x0008a3a0	__real@8@40059200000000000000
0x0000b923	0x000a7164	?gpMouseManager@@3PAVmouseManager@@A
0x0000b928	0x0006c00c	?MouseCoords@mouseManager@@QAEXAAF0@Z
0x0000b945	0x000a7b90	?gInputManager@@3PAVinputManager@@A
0x0000b94a	0x0006eeb6	?Flush@inputManager@@QAEXXZ
0x0000b954	0x000a7b90	?gInputManager@@3PAVinputManager@@A
0x0000b959	0x0006eed9	?GetEvent@inputManager@@QAE?AUtag_message@@XZ
0x0000b9e1	0x000a7164	?gpMouseManager@@3PAVmouseManager@@A
0x0000b9e9	0x000a7164	?gpMouseManager@@3PAVmouseManager@@A
0x0000ba11	0x0006da72	?DrawWindow@heroWindow@@QAEXXZ
0x0000ba3e	0x000782f4	__ftol
0x0000ba53	0x000b4ba8	?gCurPlayerData@@3PAVplayerData@@A
0x0000ba7f	0x00007bb8	?UpdateTownLocators@advManager@@QAEXCC@Z
0x0000baa4	0x0006da72	?DrawWindow@heroWindow@@QAEXXZ
0x0000baaf	0x00043775	?Process1WindowsMessage@@YAXXZ
0x0000bab9	0x000a7b90	?gInputManager@@3PAVinputManager@@A
0x0000babe	0x0006eed9	?GetEvent@inputManager@@QAE?AUtag_message@@XZ
0x0000bae2	0x000a7164	?gpMouseManager@@3PAVmouseManager@@A
0x0000bae7	0x0006c062	?SetCursorShape@mouseManager@@QAEXH@Z
0x0000bb10	0x00007bb8	?UpdateTownLocators@advManager@@QAEXCC@Z
0x0000bb1e	0x000889e6	__ehreg$?ViewPuzzle@advManager@@QAEXXZ
0x0000bb24	-0x400000	__except_list
0x0000bb2c	-0x400000	__except_list
0x0000bb3d	0x000692fd	?PlayMusic@@YAXH@Z
0x0000bb47	0x0008ea64	$SG44080
0x0000bb47	0x0008ea64	$SG44115
0x0000bb4d	0x000a7164	?gpMouseManager@@3PAVmouseManager@@A
0x0000bb52	0x0006b84a	?SetPointer@mouseManager@@QAEXPADF@Z
0x0000bb57	0x0008ea70	$SG44081
0x0000bb57	0x0008ea70	$SG44116
0x0000bb5d	0x000a74d8	?gpResourceManager@@3PAVresourceManager@@A
0x0000bb62	0x0006c3db	?GetIcon@resourceManager@@QAEPAVicon@@PAD@Z
0x0000bb97	0x00070f8a	?DrawToBuffer@icon@@QAEXFFFCC@Z
0x0000bbad	0x000a74a8	?gpWindowManager@@3PAVheroWindowManager@@A
0x0000bbb2	0x0006a917	?UpdateScreenRegion@heroWindowManager@@QAEXFFFF@Z
0x0000bbc6	0x000a74a8	?gpWindowManager@@3PAVheroWindowManager@@A
0x0000bbcb	0x0006abe6	?SaveFizzleSource@heroWindowManager@@QAEXFFFF@Z
0x0000bbd2	0x00077d50	??2@YAPAXI@Z
0x0000bbea	0x0008ea7c	$SG44089
0x0000bbea	0x0008ea7c	$SG44124
0x0000bbf9	0x0006d150	??0heroWindow@@QAE@FFPAD@Z
0x0000bc23	0x00042146	?MemError@@YAXXZ
0x0000bc31	0x000a74a8	?gpWindowManager@@3PAVheroWindowManager@@A
0x0000bc36	0x0006a4f1	?AddWindow@heroWindowManager@@QAEXPAVheroWindow@@FC@Z
0x0000bc3b	0x000a7ba0	?gpGame@@3PAVgame@@A
0x0000bc4e	0x000a7ba0	?gpGame@@3PAVgame@@A
0x0000bc6f	0x000a7ba0	?gpGame@@3PAVgame@@A
0x0000bc7c	0x000a7ba0	?gpGame@@3PAVgame@@A
0x0000bc99	0x000a7ba0	?gpGame@@3PAVgame@@A
0x0000bca6	0x000a7ba0	?gpGame@@3PAVgame@@A
0x0000bcc7	0x000a7ba0	?gpGame@@3PAVgame@@A
0x0000bcd4	0x000a7ba0	?gpGame@@3PAVgame@@A
0x0000bd12	0x000a7ba0	?gpGame@@3PAVgame@@A
0x0000bd1e	0x000a7ba0	?gpGame@@3PAVgame@@A
0x0000bd70	0x000a7ba0	?gpGame@@3PAVgame@@A
0x0000bd7e	0x000a7ba0	?gpGame@@3PAVgame@@A
0x0000bd96	0x0000bebe	?PuzzleDraw@advManager@@QAEXHHHH@Z
0x0000bdbd	0x000b4ba8	?gCurPlayerData@@3PAVplayerData@@A
0x0000bdc8	0x00072790	_BitTest
0x0000bde4	0x00070f8a	?DrawToBuffer@icon@@QAEXFFFCC@Z
0x0000bdfe	0x000a7164	?gpMouseManager@@3PAVmouseManager@@A
0x0000be03	0x0006bf87	?ReallyHidePointer@mouseManager@@QAEXXZ
0x0000be1c	0x000a74a8	?gpWindowManager@@3PAVheroWindowManager@@A
0x0000be21	0x0006b11d	?FizzleForward@heroWindowManager@@QAEXFFFFH@Z
0x0000be27	0x000a7164	?gpMouseManager@@3PAVmouseManager@@A
0x0000be2c	0x0006bf6f	?ReallyShowPointer@mouseManager@@QAEXXZ
0x0000be34	0x000a74a8	?gpWindowManager@@3PAVheroWindowManager@@A
0x0000be39	0x0006b487	?ReleaseFizzleSource@heroWindowManager@@QAEXXZ
0x0000be40	0x0003f5ef	?EventWindowHandler@@YAFAAUtag_message@@@Z
0x0000be4a	0x000a74a8	?gpWindowManager@@3PAVheroWindowManager@@A
0x0000be4f	0x0006a740	?DoDialog@heroWindowManager@@QAEFPAVheroWindow@@P6AFAAUtag_message@@@ZH@Z
0x0000be5e	0x00077c4d	??3@YAXPAX@Z
0x0000be81	0x000057a9	?CompleteDraw@advManager@@QAEXFFH@Z
0x0000be8d	0x00005530	?UpdateScreen@advManager@@QAEXCC@Z
0x0000be99	0x00006d7e	?UpdateRadar@advManager@@QAEXCH@Z
0x0000bea9	0x000692fd	?PlayMusic@@YAXH@Z
0x0000beb6	-0x400000	__except_list
0x0000bf21	0x00005efb	?DrawCell@advManager@@QAEXFFFFCCC@Z
0x0000bf4b	0x00006d26	?GetCell@advManager@@QAEPAVmapCell@@FF@Z
0x0000bfb2	0x000a74a8	?gpWindowManager@@3PAVheroWindowManager@@A
0x0000bfcf	0x000703b8	?IconToBitmap@@YAXPAVicon@@PAVbitmap@@HHHH@Z
0x0000c024	0x000a74a8	?gpWindowManager@@3PAVheroWindowManager@@A
0x0000c041	0x000703b8	?IconToBitmap@@YAXPAVicon@@PAVbitmap@@HHHH@Z
0x0000c071	0x000a74a8	?gpWindowManager@@3PAVheroWindowManager@@A
0x0000c084	0x000703b8	?IconToBitmap@@YAXPAVicon@@PAVbitmap@@HHHH@Z
0x0000c099	0x000114e2	?DrawAdventureBorder@advManager@@QAEXXZ
0x0000c0ad	0x000b4ba8	?gCurPlayerData@@3PAVplayerData@@A
0x0000c0c1	0x000b4ba8	?gCurPlayerData@@3PAVplayerData@@A
0x0000c0d1	0x000a7ba0	?gpGame@@3PAVgame@@A
0x0000c109	0x0000c239	$L45740
0x0000c109	0x0000c239	$L45778
0x0000c110	0x0000c229	$L45741
0x0000c110	0x0000c229	$L45779
0x0000c12b	0x0000c243	?ViewWorld@advManager@@QAEXCCC@Z
0x0000c152	0x0008ea8c	$SG44157
0x0000c152	0x0008ea8c	$SG44192
0x0000c157	0x0003e693	?NormalDialog@@YAXPADHHHHHHHH@Z
0x0000c167	0x0000fc90	?SummonBoat@advManager@@QAEXXZ
0x0000c189	0x0008eab0	$SG44161
0x0000c189	0x0008eab0	$SG44196
0x0000c18e	0x0003e693	?NormalDialog@@YAXPADHHHHHHHH@Z
0x0000c1cd	0x00007785	?UpdateHeroLocator@advManager@@QAEXHCC@Z
0x0000c1de	0x0000f853	?DimensionDoor@advManager@@QAEXXZ
0x0000c1e8	0x0000fa50	?TownGate@advManager@@QAEXXZ
0x0000c203	0x000b4ba8	?gCurPlayerData@@3PAVplayerData@@A
0x0000c213	0x000a7ba0	?gpGame@@3PAVgame@@A
0x0000c21f	0x0003929b	?UseSpell@hero@@QAEXC@Z
0x0000c229	0x0000c114	$L44155
0x0000c229	0x0000c114	$L44190
0x0000c22d	0x0000c134	$L44156
0x0000c22d	0x0000c134	$L44191
0x0000c231	0x0000c163	$L44158
0x0000c231	0x0000c163	$L44193
0x0000c235	0x0000c16d	$L44159
0x0000c235	0x0000c16d	$L44194
0x0000c249	0x000889fe	__ehreg$?ViewWorld@advManager@@QAEXCCC@Z
0x0000c24f	-0x400000	__except_list
0x0000c257	-0x400000	__except_list
0x0000c26a	0x0008eb04	$SG584452
0x0000c270	0x000a7164	?gpMouseManager@@3PAVmouseManager@@A
0x0000c275	0x0006b84a	?SetPointer@mouseManager@@QAEXPADF@Z
0x0000c29d	0x0008eb10	$SG584464
0x0000c2a3	0x000a74d8	?gpResourceManager@@3PAVresourceManager@@A
0x0000c2a8	0x0006c3db	?GetIcon@resourceManager@@QAEPAVicon@@PAD@Z
0x0000c2b0	0x0008eb1c	$SG584476
0x0000c2b6	0x000a74d8	?gpResourceManager@@3PAVresourceManager@@A
0x0000c2bb	0x0006c3db	?GetIcon@resourceManager@@QAEPAVicon@@PAD@Z
0x0000c2c3	0x0008eb28	$SG584488
0x0000c2c9	0x000a74d8	?gpResourceManager@@3PAVresourceManager@@A
0x0000c2ce	0x0006c3db	?GetIcon@resourceManager@@QAEPAVicon@@PAD@Z
0x0000c2d6	0x0008eb34	$SG584500
0x0000c2dc	0x000a74d8	?gpResourceManager@@3PAVresourceManager@@A
0x0000c2e1	0x0006c3db	?GetIcon@resourceManager@@QAEPAVicon@@PAD@Z
0x0000c31e	0x0008eb40	$SG584512
0x0000c324	0x000a74d8	?gpResourceManager@@3PAVresourceManager@@A
0x0000c329	0x0006c3db	?GetIcon@resourceManager@@QAEPAVicon@@PAD@Z
0x0000c331	0x0008eb4c	$SG584524
0x0000c337	0x000a74d8	?gpResourceManager@@3PAVresourceManager@@A
0x0000c33c	0x0006c3db	?GetIcon@resourceManager@@QAEPAVicon@@PAD@Z
0x0000c344	0x0008eb58	$SG584536
0x0000c34a	0x000a74d8	?gpResourceManager@@3PAVresourceManager@@A
0x0000c34f	0x0006c3db	?GetIcon@resourceManager@@QAEPAVicon@@PAD@Z
0x0000c357	0x000b4ba8	?gCurPlayerData@@3PAVplayerData@@A
0x0000c371	0x000b4ba8	?gCurPlayerData@@3PAVplayerData@@A
0x0000c381	0x000a7ba0	?gpGame@@3PAVgame@@A
0x0000c3a1	0x000a74a8	?gpWindowManager@@3PAVheroWindowManager@@A
0x0000c3aa	0x000729a6	?FillBitmapArea@@YAXPAVbitmap@@HHHHH@Z
0x0000c403	0x00006d26	?GetCell@advManager@@QAEPAVmapCell@@FF@Z
0x0000c416	0x000a7ba0	?gpGame@@3PAVgame@@A
0x0000c42e	0x000c8cd0	?giCurPlayerBit@@3EA
0x0000c509	0x00070f8a	?DrawToBuffer@icon@@QAEXFFFCC@Z
0x0000c570	0x00070f8a	?DrawToBuffer@icon@@QAEXFFFCC@Z
0x0000c5aa	0x00006d26	?GetCell@advManager@@QAEPAVmapCell@@FF@Z
0x0000c5e1	0x000a7ba0	?gpGame@@3PAVgame@@A
0x0000c5f8	0x000c8cd0	?giCurPlayerBit@@3EA
0x0000c64e	0x0000d1fb	$L45767
0x0000c679	0x00070f8a	?DrawToBuffer@icon@@QAEXFFFCC@Z
0x0000c6a1	0x000a7ba0	?gpGame@@3PAVgame@@A
0x0000c6ce	0x000a7ba0	?gpGame@@3PAVgame@@A
0x0000c6f9	0x00070f8a	?DrawToBuffer@icon@@QAEXFFFCC@Z
0x0000c717	0x00070f8a	?DrawToBuffer@icon@@QAEXFFFCC@Z
0x0000c748	0x000a7ba0	?gpGame@@3PAVgame@@A
0x0000c774	0x000a7ba0	?gpGame@@3PAVgame@@A
0x0000c782	0x000a7ba0	?gpGame@@3PAVgame@@A
0x0000c7b0	0x000a7ba0	?gpGame@@3PAVgame@@A
0x0000c7db	0x00070f8a	?DrawToBuffer@icon@@QAEXFFFCC@Z
0x0000c7f9	0x00070f8a	?DrawToBuffer@icon@@QAEXFFFCC@Z
0x0000c837	0x0000d21f	$L45768
0x0000c83e	0x0000d213	$L45769
0x0000c84f	0x000a7ba0	?gpGame@@3PAVgame@@A
0x0000c889	0x000a7ba0	?gpGame@@3PAVgame@@A
0x0000c8bd	0x00070f8a	?DrawToBuffer@icon@@QAEXFFFCC@Z
0x0000c8d5	0x000a7ba0	?gpGame@@3PAVgame@@A
0x0000c8f1	0x00070f8a	?DrawToBuffer@icon@@QAEXFFFCC@Z
0x0000c90d	0x000a7ba0	?gpGame@@3PAVgame@@A
0x0000c956	0x000a7ba0	?gpGame@@3PAVgame@@A
0x0000c965	0x000a7ba0	?gpGame@@3PAVgame@@A
0x0000c99f	0x000a7ba0	?gpGame@@3PAVgame@@A
0x0000c9d3	0x00070f8a	?DrawToBuffer@icon@@QAEXFFFCC@Z
0x0000c9eb	0x000a7ba0	?gpGame@@3PAVgame@@A
0x0000ca07	0x00070f8a	?DrawToBuffer@icon@@QAEXFFFCC@Z
0x0000ca29	0x000a7ba0	?gpGame@@3PAVgame@@A
0x0000ca57	0x000a7ba0	?gpGame@@3PAVgame@@A
0x0000ca7f	0x00070f8a	?DrawToBuffer@icon@@QAEXFFFCC@Z
0x0000cac2	0x0000d268	$L45770
0x0000cac9	0x0000d25c	$L45771
0x0000cada	0x000a7ba0	?gpGame@@3PAVgame@@A
0x0000cb14	0x000a7ba0	?gpGame@@3PAVgame@@A
0x0000cb48	0x00070f8a	?DrawToBuffer@icon@@QAEXFFFCC@Z
0x0000cb60	0x000a7ba0	?gpGame@@3PAVgame@@A
0x0000cb7c	0x00070f8a	?DrawToBuffer@icon@@QAEXFFFCC@Z
0x0000cb98	0x000a7ba0	?gpGame@@3PAVgame@@A
0x0000cbe1	0x000a7ba0	?gpGame@@3PAVgame@@A
0x0000cbf0	0x000a7ba0	?gpGame@@3PAVgame@@A
0x0000cc2a	0x000a7ba0	?gpGame@@3PAVgame@@A
0x0000cc5e	0x00070f8a	?DrawToBuffer@icon@@QAEXFFFCC@Z
0x0000cc76	0x000a7ba0	?gpGame@@3PAVgame@@A
0x0000cc92	0x00070f8a	?DrawToBuffer@icon@@QAEXFFFCC@Z
0x0000ccc4	0x00070f8a	?DrawToBuffer@icon@@QAEXFFFCC@Z
0x0000ccec	0x00070f8a	?DrawToBuffer@icon@@QAEXFFFCC@Z
0x0000cd1c	0x00070f8a	?DrawToBuffer@icon@@QAEXFFFCC@Z
0x0000cd47	0x000a7ba0	?gpGame@@3PAVgame@@A
0x0000cd75	0x000a7ba0	?gpGame@@3PAVgame@@A
0x0000cda0	0x00070f8a	?DrawToBuffer@icon@@QAEXFFFCC@Z
0x0000cdbe	0x00070f8a	?DrawToBuffer@icon@@QAEXFFFCC@Z
0x0000cdf1	0x000a7ba0	?gpGame@@3PAVgame@@A
0x0000ce1d	0x000a7ba0	?gpGame@@3PAVgame@@A
0x0000ce2c	0x000a7ba0	?gpGame@@3PAVgame@@A
0x0000ce5a	0x000a7ba0	?gpGame@@3PAVgame@@A
0x0000ce85	0x00070f8a	?DrawToBuffer@icon@@QAEXFFFCC@Z
0x0000cea3	0x00070f8a	?DrawToBuffer@icon@@QAEXFFFCC@Z
0x0000cec9	0x000a7ba0	?gpGame@@3PAVgame@@A
0x0000cef6	0x000a7ba0	?gpGame@@3PAVgame@@A
0x0000cf1e	0x00070f8a	?DrawToBuffer@icon@@QAEXFFFCC@Z
0x0000cf5a	0x00070f8a	?DrawToBuffer@icon@@QAEXFFFCC@Z
0x0000cf94	0x00006d26	?GetCell@advManager@@QAEPAVmapCell@@FF@Z
0x0000cfa6	0x000a7ba0	?gpGame@@3PAVgame@@A
0x0000cfbe	0x000c8cd0	?giCurPlayerBit@@3EA
0x0000d070	0x00070f8a	?DrawToBuffer@icon@@QAEXFFFCC@Z
0x0000d08e	0x000a74a8	?gpWindowManager@@3PAVheroWindowManager@@A
0x0000d093	0x0006a917	?UpdateScreenRegion@heroWindowManager@@QAEXFFFF@Z
0x0000d0a0	0x0008eb64	$SG584548
0x0000d0a5	0x000a7168	?gText@@3PADA
0x0000d0aa	0x0007823f	_sprintf
0x0000d0b4	0x00077d50	??2@YAPAXI@Z
0x0000d0d2	0x000a7168	?gText@@3PADA
0x0000d0e4	0x0006d150	??0heroWindow@@QAE@FFPAD@Z
0x0000d11d	0x00042146	?MemError@@YAXXZ
0x0000d124	0x0003f6a2	?TrueFalseDialogHandler@@YAFAAUtag_message@@@Z
0x0000d12e	0x000a74a8	?gpWindowManager@@3PAVheroWindowManager@@A
0x0000d133	0x0006a740	?DoDialog@heroWindowManager@@QAEFPAVheroWindow@@P6AFAAUtag_message@@@ZH@Z
0x0000d148	0x00077c4d	??3@YAXPAX@Z
0x0000d15a	0x00006d7e	?UpdateRadar@advManager@@QAEXCH@Z
0x0000d197	0x000a74d8	?gpResourceManager@@3PAVresourceManager@@A
0x0000d19c	0x0006c705	?Dispose@resourceManager@@QAEXPAVresource@@@Z
0x0000d1a8	0x000a74d8	?gpResourceManager@@3PAVresourceManager@@A
0x0000d1ad	0x0006c705	?Dispose@resourceManager@@QAEXPAVresource@@@Z
0x0000d1b7	0x000a74d8	?gpResourceManager@@3PAVresourceManager@@A
0x0000d1bc	0x0006c705	?Dispose@resourceManager@@QAEXPAVresource@@@Z
0x0000d1c6	0x000a74d8	?gpResourceManager@@3PAVresourceManager@@A
0x0000d1cb	0x0006c705	?Dispose@resourceManager@@QAEXPAVresource@@@Z
0x0000d1d5	0x000a74d8	?gpResourceManager@@3PAVresourceManager@@A
0x0000d1da	0x0006c705	?Dispose@resourceManager@@QAEXPAVresource@@@Z
0x0000d1e7	0x0000ae3d	?RedrawAdvScreen@advManager@@QAEXH@Z
0x0000d1f1	-0x400000	__except_list
0x0000d1fb	0x0000ca88	$L44248
0x0000d1ff	0x0000cc9b	$L44262
0x0000d203	0x0000ccf5	$L44264
0x0000d207	0x0000cd25	$L44266
0x0000d20b	0x0000cea9	$L44272
0x0000d20f	0x0000c652	$L44227
0x0000d213	0x0000c842	$L44238
0x0000d217	0x0000c8fa	$L44239
0x0000d21b	0x0000ca0b	$L44235
0x0000d25c	0x0000cacd	$L44253
0x0000d260	0x0000cb85	$L44254
0x0000d264	0x0000cc96	$L44261
0x0000d2ae	0x000a7164	?gpMouseManager@@3PAVmouseManager@@A
0x0000d2b3	0x0006bf87	?ReallyHidePointer@mouseManager@@QAEXXZ
0x0000d2bc	0x000a74a8	?gpWindowManager@@3PAVheroWindowManager@@A
0x0000d2c5	0x0006f9f5	?GrabScreenBitmap@@YAXPAVbitmap@@HH@Z
0x0000d2ce	0x000a7164	?gpMouseManager@@3PAVmouseManager@@A
0x0000d2d3	0x0006bf6f	?ReallyShowPointer@mouseManager@@QAEXXZ
0x0000d2e1	0x00088a13	__ehreg$?ControlPanel@advManager@@QAEFXZ
0x0000d2e7	-0x400000	__except_list
0x0000d2ef	-0x400000	__except_list
0x0000d2ff	0x0001107c	?TrimLoopingSounds@advManager@@QAEXH@Z
0x0000d306	0x0008eb74	$SG44349
0x0000d30c	0x000a7164	?gpMouseManager@@3PAVmouseManager@@A
0x0000d311	0x0006b84a	?SetPointer@mouseManager@@QAEXPADF@Z
0x0000d31d	0x000a9428	?gConfig@@3UconfigStruct@@A
0x0000d326	0x000a65cc	?gSaveClean@@3CA
0x0000d339	0x000a65e4	?bPrefsChanged@@3CA
0x0000d342	0x0000af7f	?DemobilizeCurrHero@advManager@@QAEXXZ
0x0000d349	0x00077d50	??2@YAPAXI@Z
0x0000d361	0x0008eb80	$SG44354
0x0000d370	0x0006d150	??0heroWindow@@QAE@FFPAD@Z
0x0000d392	0x000a6728	?gAdventurePanel@@3PAVheroWindow@@A
0x0000d398	0x000a6728	?gAdventurePanel@@3PAVheroWindow@@A
0x0000d3a0	0x00042146	?MemError@@YAXXZ
0x0000d3a8	0x000a6728	?gAdventurePanel@@3PAVheroWindow@@A
0x0000d3ae	0x00044ae3	?SetWinText@@YAXPAVheroWindow@@F@Z
0x0000d3b7	0x000a9944	?gRemoteOn@@3HA
0x0000d3e1	0x000a6728	?gAdventurePanel@@3PAVheroWindow@@A
0x0000d3e6	0x0006da11	?BroadcastMessage@heroWindow@@QAEFAAUtag_message@@@Z
0x0000d3fd	0x000a6728	?gAdventurePanel@@3PAVheroWindow@@A
0x0000d402	0x0006da11	?BroadcastMessage@heroWindow@@QAEFAAUtag_message@@@Z
0x0000d41f	0x000a6728	?gAdventurePanel@@3PAVheroWindow@@A
0x0000d424	0x0006da11	?BroadcastMessage@heroWindow@@QAEFAAUtag_message@@@Z
0x0000d43b	0x000a6728	?gAdventurePanel@@3PAVheroWindow@@A
0x0000d440	0x0006da11	?BroadcastMessage@heroWindow@@QAEFAAUtag_message@@@Z
0x0000d447	0x0000d5c6	?UpdateCPanel@@YAXC@Z
0x0000d451	0x0000d9d2	?CPanelHandler@@YAFAAUtag_message@@@Z
0x0000d457	0x000a6728	?gAdventurePanel@@3PAVheroWindow@@A
0x0000d45e	0x000a74a8	?gpWindowManager@@3PAVheroWindowManager@@A
0x0000d463	0x0006a740	?DoDialog@heroWindowManager@@QAEFPAVheroWindow@@P6AFAAUtag_message@@@ZH@Z
0x0000d469	0x000a6728	?gAdventurePanel@@3PAVheroWindow@@A
0x0000d475	0x00077c4d	??3@YAXPAX@Z
0x0000d47e	0x000a74a8	?gpWindowManager@@3PAVheroWindowManager@@A
0x0000d49e	0x0000d5b5	$L45787
0x0000d4a5	0x0000d5a5	$L45788
0x0000d4aa	0x000a74a8	?gpWindowManager@@3PAVheroWindowManager@@A
0x0000d4b8	0x000a7ba0	?gpGame@@3PAVgame@@A
0x0000d4c7	0x000a7ba0	?gpGame@@3PAVgame@@A
0x0000d4d1	0x000a7ba0	?gpGame@@3PAVgame@@A
0x0000d4d6	0x0002e2ad	?ShowCampaignInfo@game@@QAEXHHH@Z
0x0000d4de	0x000a7ba0	?gpGame@@3PAVgame@@A
0x0000d4e3	0x00038934	?ShowScenInfo@game@@QAEXXZ
0x0000d4ea	0x0000d7cd	?SaveGame@@YACXZ
0x0000d4f4	0x000a9428	?gConfig@@3UconfigStruct@@A
0x0000d532	0x000a74d8	?gpResourceManager@@3PAVresourceManager@@A
0x0000d537	0x0006c705	?Dispose@resourceManager@@QAEXPAVresource@@@Z
0x0000d550	0x000a9428	?gConfig@@3UconfigStruct@@A
0x0000d559	0x000023a8	?GetCursorSampleSet@advManager@@QAEXH@Z
0x0000d560	0x000a65e4	?bPrefsChanged@@3CA
0x0000d569	0x000443f7	?WritePrefs@@YAXXZ
0x0000d579	0x0000af3e	?MobilizeCurrHero@advManager@@QAEXH@Z
0x0000d58a	0x000a746c	?gGameCommand@@3FA
0x0000d59d	-0x400000	__except_list
0x0000d5a5	0x0000d4a9	$L44362
0x0000d5a9	0x0000d4e9	$L44366
0x0000d5ad	0x0000d4b6	$L44363
0x0000d5b1	0x0000d4ee	$L44359
0x0000d5e2	0x000a9428	?gConfig@@3UconfigStruct@@A
0x0000d5e2	0x000a942c	?gConfig@@3UconfigStruct@@A
0x0000d5f6	0x000a6728	?gAdventurePanel@@3PAVheroWindow@@A
0x0000d5fb	0x0006da11	?BroadcastMessage@heroWindow@@QAEFAAUtag_message@@@Z
0x0000d609	0x000a9428	?gConfig@@3UconfigStruct@@A
0x0000d609	0x000a9430	?gConfig@@3UconfigStruct@@A
0x0000d61d	0x000a6728	?gAdventurePanel@@3PAVheroWindow@@A
0x0000d622	0x0006da11	?BroadcastMessage@heroWindow@@QAEFAAUtag_message@@@Z
0x0000d62e	0x000a9428	?gConfig@@3UconfigStruct@@A
0x0000d63e	0x000a6728	?gAdventurePanel@@3PAVheroWindow@@A
0x0000d643	0x0006da11	?BroadcastMessage@heroWindow@@QAEFAAUtag_message@@@Z
0x0000d64e	0x000a9428	?gConfig@@3UconfigStruct@@A
0x0000d64e	0x000a94dc	?gConfig@@3UconfigStruct@@A
0x0000d665	0x000a6728	?gAdventurePanel@@3PAVheroWindow@@A
0x0000d66a	0x0006da11	?BroadcastMessage@heroWindow@@QAEFAAUtag_message@@@Z
0x0000d676	0x000a9428	?gConfig@@3UconfigStruct@@A
0x0000d676	0x000a9438	?gConfig@@3UconfigStruct@@A
0x0000d686	0x000a6728	?gAdventurePanel@@3PAVheroWindow@@A
0x0000d68b	0x0006da11	?BroadcastMessage@heroWindow@@QAEFAAUtag_message@@@Z
0x0000d697	0x000a9944	?gRemoteOn@@3HA
0x0000d6ae	0x000a9428	?gConfig@@3UconfigStruct@@A
0x0000d6ae	0x000a943c	?gConfig@@3UconfigStruct@@A
0x0000d6be	0x000a6728	?gAdventurePanel@@3PAVheroWindow@@A
0x0000d6c3	0x0006da11	?BroadcastMessage@heroWindow@@QAEFAAUtag_message@@@Z
0x0000d6d4	0x000a9428	?gConfig@@3UconfigStruct@@A
0x0000d6d4	0x000a942c	?gConfig@@3UconfigStruct@@A
0x0000d6db	0x00092b58	?gOnOffText@@3PAPADA
0x0000d6e8	0x000a6728	?gAdventurePanel@@3PAVheroWindow@@A
0x0000d6ed	0x0006da11	?BroadcastMessage@heroWindow@@QAEFAAUtag_message@@@Z
0x0000d6f8	0x000a9428	?gConfig@@3UconfigStruct@@A
0x0000d6f8	0x000a9430	?gConfig@@3UconfigStruct@@A
0x0000d6ff	0x00092b58	?gOnOffText@@3PAPADA
0x0000d70c	0x000a6728	?gAdventurePanel@@3PAVheroWindow@@A
0x0000d711	0x0006da11	?BroadcastMessage@heroWindow@@QAEFAAUtag_message@@@Z
0x0000d71c	0x000a9428	?gConfig@@3UconfigStruct@@A
0x0000d723	0x00092b84	?gWalkSpeedText@@3PAPADA
0x0000d730	0x000a6728	?gAdventurePanel@@3PAVheroWindow@@A
0x0000d735	0x0006da11	?BroadcastMessage@heroWindow@@QAEFAAUtag_message@@@Z
0x0000d740	0x000a9428	?gConfig@@3UconfigStruct@@A
0x0000d740	0x000a94dc	?gConfig@@3UconfigStruct@@A
0x0000d74e	0x0009330c	?gMusicQualityText@@3PAPADA
0x0000d75b	0x000a6728	?gAdventurePanel@@3PAVheroWindow@@A
0x0000d760	0x0006da11	?BroadcastMessage@heroWindow@@QAEFAAUtag_message@@@Z
0x0000d76b	0x000a9428	?gConfig@@3UconfigStruct@@A
0x0000d76b	0x000a9438	?gConfig@@3UconfigStruct@@A
0x0000d772	0x00092b58	?gOnOffText@@3PAPADA
0x0000d77f	0x000a6728	?gAdventurePanel@@3PAVheroWindow@@A
0x0000d784	0x0006da11	?BroadcastMessage@heroWindow@@QAEFAAUtag_message@@@Z
0x0000d795	0x000a9428	?gConfig@@3UconfigStruct@@A
0x0000d795	0x000a943c	?gConfig@@3UconfigStruct@@A
0x0000d79c	0x00092b58	?gOnOffText@@3PAPADA
0x0000d7a9	0x000a6728	?gAdventurePanel@@3PAVheroWindow@@A
0x0000d7ae	0x0006da11	?BroadcastMessage@heroWindow@@QAEFAAUtag_message@@@Z
0x0000d7c0	0x000a6728	?gAdventurePanel@@3PAVheroWindow@@A
0x0000d7c5	0x0006dcb2	?MoveWindow@heroWindow@@QAEXFF@Z
0x0000d7d3	0x00088a28	__ehreg$?SaveGame@@YACXZ
0x0000d7d9	-0x400000	__except_list
0x0000d7e1	-0x400000	__except_list
0x0000d7f5	0x000a7480	?gpAdvManager@@3PAVadvManager@@A
0x0000d7fa	0x0001121e	?DisableButtons@advManager@@QAEXXZ
0x0000d801	0x0008eb8c	$SG44392
0x0000d801	0x0008eb8c	$SG44430
0x0000d807	0x000a7164	?gpMouseManager@@3PAVmouseManager@@A
0x0000d80c	0x0006b84a	?SetPointer@mouseManager@@QAEXPADF@Z
0x0000d82a	0x000a7ba0	?gpGame@@3PAVgame@@A
0x0000d842	0x000a9414	?gbHumanPlayer@@3PAHA
0x0000d857	0x000a9410	?gChosenCampaignIndex@@3CA
0x0000d860	0x0008eb98	$SG44398
0x0000d860	0x0008eb98	$SG44436
0x0000d869	0x0007823f	_sprintf
0x0000d871	0x0008eba0	$SG44399
0x0000d871	0x0008eba0	$SG44437
0x0000d87a	0x0007823f	_sprintf
0x0000d888	0x0008eba8	$SG44401
0x0000d888	0x0008eba8	$SG44439
0x0000d891	0x0007823f	_sprintf
0x0000d899	0x0008ebb0	$SG44402
0x0000d899	0x0008ebb0	$SG44440
0x0000d8a2	0x0007823f	_sprintf
0x0000d8af	0x00077d50	??2@YAPAXI@Z
0x0000d8cb	0x000913b0	?gGamePath@@3PADA
0x0000d8e0	0x00053b7a	??0fileRequester@@QAE@FFFPBD00@Z
0x0000d90a	0x00042146	?MemError@@YAXXZ
0x0000d914	0x000a95c8	?gpExec@@3PAVexecutive@@A
0x0000d919	0x00072b98	?DoDialog@executive@@QAEFPAVbaseManager@@@Z
0x0000d933	0x000a65cc	?gSaveClean@@3CA
0x0000d93b	0x000a76c4	?gLastFilename@@3PADA
0x0000d941	0x000a7ba0	?gpGame@@3PAVgame@@A
0x0000d946	0x0002c4dd	?SaveGame@game@@QAEFPADC@Z
0x0000d969	0x0008ebb8	$SG44411
0x0000d969	0x0008ebb8	$SG44449
0x0000d96e	0x0003e693	?NormalDialog@@YAXPADHHHHHHHH@Z
0x0000d98b	0x00054354	??1fileRequester@@QAE@XZ
0x0000d9a0	0x00077c4d	??3@YAXPAX@Z
0x0000d9b8	0x000a7480	?gpAdvManager@@3PAVadvManager@@A
0x0000d9bd	0x000112e1	?EnableButtons@advManager@@QAEXXZ
0x0000d9ca	-0x400000	__except_list
0x0000da77	0x0000de18	$L45812
0x0000db42	0x00093070	?gCPanelHelp@@3PAPADA
0x0000db48	0x0003e693	?NormalDialog@@YAXPADHHHHHHHH@Z
0x0000dbe2	0x0008ebd0	$SG44457
0x0000dbeb	0x00077c60	_strcpy
0x0000dbf8	0x0008ec18	$SG44461
0x0000dc01	0x00077c60	_strcpy
0x0000dc0e	0x0008ec4c	$SG44464
0x0000dc17	0x00077c60	_strcpy
0x0000dc25	0x000a65cc	?gSaveClean@@3CA
0x0000dc45	0x0003e693	?NormalDialog@@YAXPADHHHHHHHH@Z
0x0000dc4e	0x000a74a8	?gpWindowManager@@3PAVheroWindowManager@@A
0x0000dca2	0x0000de4c	$L45813
0x0000dca7	0x000a9428	?gConfig@@3UconfigStruct@@A
0x0000dca7	0x000a942c	?gConfig@@3UconfigStruct@@A
0x0000dcb8	0x000a9428	?gConfig@@3UconfigStruct@@A
0x0000dcb8	0x000a942c	?gConfig@@3UconfigStruct@@A
0x0000dcbe	0x000a9428	?gConfig@@3UconfigStruct@@A
0x0000dcbe	0x000a942c	?gConfig@@3UconfigStruct@@A
0x0000dcc4	0x00069db9	?SetMusicVolume@@YAXH@Z
0x0000dcd1	0x000a65e4	?bPrefsChanged@@3CA
0x0000dcdc	0x000a9428	?gConfig@@3UconfigStruct@@A
0x0000dcdc	0x000a9430	?gConfig@@3UconfigStruct@@A
0x0000dced	0x000a9428	?gConfig@@3UconfigStruct@@A
0x0000dced	0x000a9430	?gConfig@@3UconfigStruct@@A
0x0000dcf3	0x000a9428	?gConfig@@3UconfigStruct@@A
0x0000dcf3	0x000a9430	?gConfig@@3UconfigStruct@@A
0x0000dcf9	0x00069d9d	?SetEffectsVolume@@YAXH@Z
0x0000dd06	0x000a65e4	?bPrefsChanged@@3CA
0x0000dd11	0x000a9428	?gConfig@@3UconfigStruct@@A
0x0000dd19	0x000a9428	?gConfig@@3UconfigStruct@@A
0x0000dd1e	0x000a9428	?gConfig@@3UconfigStruct@@A
0x0000dd2c	0x000a9428	?gConfig@@3UconfigStruct@@A
0x0000dd36	0x000a65e4	?bPrefsChanged@@3CA
0x0000dd42	0x000a9428	?gConfig@@3UconfigStruct@@A
0x0000dd42	0x000a94dc	?gConfig@@3UconfigStruct@@A
0x0000dd4b	0x000a9428	?gConfig@@3UconfigStruct@@A
0x0000dd4b	0x000a94dc	?gConfig@@3UconfigStruct@@A
0x0000dd57	0x000a9428	?gConfig@@3UconfigStruct@@A
0x0000dd57	0x000a94dc	?gConfig@@3UconfigStruct@@A
0x0000dd63	0x000a9428	?gConfig@@3UconfigStruct@@A
0x0000dd63	0x000a94dc	?gConfig@@3UconfigStruct@@A
0x0000dd6d	0x000698fb	?SetMusicSource@@YAXH@Z
0x0000dd7a	0x000a65e4	?bPrefsChanged@@3CA
0x0000dd88	0x000a9428	?gConfig@@3UconfigStruct@@A
0x0000dd88	0x000a9438	?gConfig@@3UconfigStruct@@A
0x0000dd8d	0x000a9428	?gConfig@@3UconfigStruct@@A
0x0000dd8d	0x000a9438	?gConfig@@3UconfigStruct@@A
0x0000dd97	0x000a65e4	?bPrefsChanged@@3CA
0x0000dda0	0x000a9944	?gRemoteOn@@3HA
0x0000ddae	0x000a9428	?gConfig@@3UconfigStruct@@A
0x0000ddae	0x000a943c	?gConfig@@3UconfigStruct@@A
0x0000ddb4	0x000a9428	?gConfig@@3UconfigStruct@@A
0x0000ddb4	0x000a943c	?gConfig@@3UconfigStruct@@A
0x0000ddbe	0x000a65e4	?bPrefsChanged@@3CA
0x0000ddce	0x0000d5c6	?UpdateCPanel@@YAXC@Z
0x0000dde5	0x000a74a8	?gpWindowManager@@3PAVheroWindowManager@@A
0x0000de18	0x0000da8c	$L44433
0x0000de1c	0x0000da9b	$L44434
0x0000de20	0x0000dabf	$L44437
0x0000de24	0x0000daa7	$L44435
0x0000de28	0x0000dacb	$L44438
0x0000de2c	0x0000dad7	$L44439
0x0000de30	0x0000dae3	$L44440
0x0000de34	0x0000db1d	$L44430
0x0000de38	0x0000db1d	$L44430
0x0000de3c	0x0000db1d	$L44430
0x0000de40	0x0000daef	$L44441
0x0000de44	0x0000dafb	$L44442
0x0000de48	0x0000db07	$L44443
0x0000de4c	0x0000dca6	$L44474
0x0000de50	0x0000dcdb	$L44475
0x0000de54	0x0000dd10	$L44476
0x0000de58	0x0000ddc3	$L44471
0x0000de5c	0x0000ddc3	$L44471
0x0000de60	0x0000ddc3	$L44471
0x0000de64	0x0000dd40	$L44477
0x0000de68	0x0000dd81	$L44480
0x0000de6c	0x0000dd9e	$L44481
0x0000de7a	0x000b4ba8	?gCurPlayerData@@3PAVplayerData@@A
0x0000de93	0x0000af3e	?MobilizeCurrHero@advManager@@QAEXH@Z
0x0000de9d	0x00005ace	?CompleteDraw@advManager@@QAEXH@Z
0x0000dea9	0x00005530	?UpdateScreen@advManager@@QAEXCC@Z
0x0000deb1	0x0000d2a5	?GrabScreen@advManager@@QAEXXZ
0x0000deb8	0x0008ec68	$SG44490
0x0000deb8	0x0008ec68	$SG44528
0x0000debe	0x000a7164	?gpMouseManager@@3PAVmouseManager@@A
0x0000dec3	0x0006b84a	?SetPointer@mouseManager@@QAEXPADF@Z
0x0000deca	0x0003e1b2	?NullHandler@@YAFAAUtag_message@@@Z
0x0000ded1	0x000b4ba8	?gCurPlayerData@@3PAVplayerData@@A
0x0000dee1	0x000a7ba0	?gpGame@@3PAVgame@@A
0x0000deef	0x000a7ba0	?gpGame@@3PAVgame@@A
0x0000def4	0x00030bef	?ViewSpells@game@@QAECPAVhero@@CP6AFAAUtag_message@@@ZC@Z
0x0000defd	0x0000c0a3	?CastSpell@advManager@@QAEXC@Z
0x0000df0b	0x00088a3d	__ehreg$?AdvPanel@advManager@@QAEXXZ
0x0000df11	-0x400000	__except_list
0x0000df19	-0x400000	__except_list
0x0000df29	0x0001107c	?TrimLoopingSounds@advManager@@QAEXH@Z
0x0000df30	0x0008ec74	$SG44499
0x0000df36	0x000a7164	?gpMouseManager@@3PAVmouseManager@@A
0x0000df3b	0x0006b84a	?SetPointer@mouseManager@@QAEXPADF@Z
0x0000df4f	0x0000af7f	?DemobilizeCurrHero@advManager@@QAEXXZ
0x0000df56	0x00077d50	??2@YAPAXI@Z
0x0000df6e	0x0008ec80	$SG44504
0x0000df7d	0x0006d150	??0heroWindow@@QAE@FFPAD@Z
0x0000dfa7	0x00042146	?MemError@@YAXXZ
0x0000dfad	0x000b4ba8	?gCurPlayerData@@3PAVplayerData@@A
0x0000dfe1	0x0006da11	?BroadcastMessage@heroWindow@@QAEFAAUtag_message@@@Z
0x0000dff3	0x0006da11	?BroadcastMessage@heroWindow@@QAEFAAUtag_message@@@Z
0x0000e012	0x0006da11	?BroadcastMessage@heroWindow@@QAEFAAUtag_message@@@Z
0x0000e024	0x0006da11	?BroadcastMessage@heroWindow@@QAEFAAUtag_message@@@Z
0x0000e02b	0x0000e0d3	?APanelHandler@@YAFAAUtag_message@@@Z
0x0000e035	0x000a74a8	?gpWindowManager@@3PAVheroWindowManager@@A
0x0000e03a	0x0006a740	?DoDialog@heroWindowManager@@QAEFPAVheroWindow@@P6AFAAUtag_message@@@ZH@Z
0x0000e049	0x00077c4d	??3@YAXPAX@Z
0x0000e052	0x000a74a8	?gpWindowManager@@3PAVheroWindowManager@@A
0x0000e071	0x0000e0c3	$L45836
0x0000e079	0x0000de70	?CheckCastSpell@advManager@@QAEXXZ
0x0000e087	0x00004621	?ProcessSearch@advManager@@QAEHHH@Z
0x0000e097	0x0000c243	?ViewWorld@advManager@@QAEXCCC@Z
0x0000e0a1	0x0000bb18	?ViewPuzzle@advManager@@QAEXXZ
0x0000e0b1	0x0000af3e	?MobilizeCurrHero@advManager@@QAEXH@Z
0x0000e0bb	-0x400000	__except_list
0x0000e0c3	0x0000e08d	$L44514
0x0000e0c7	0x0000e09d	$L44515
0x0000e0cb	0x0000e075	$L44512
0x0000e0cf	0x0000e07f	$L44513
0x0000e1a5	0x00092ae0	?gAPanelHelp@@3PAPADA
0x0000e1ab	0x0003e693	?NormalDialog@@YAXPADHHHHHHHH@Z
0x0000e1fc	0x000a74a8	?gpWindowManager@@3PAVheroWindowManager@@A
0x0000e22a	0x00044b4e	?KBTickCount@@YAHXZ
0x0000e230	0x000a98a0	?glTimers@@3PAHA
0x0000e239	0x000a7480	?gpAdvManager@@3PAVadvManager@@A
0x0000e247	0x000a7480	?gpAdvManager@@3PAVadvManager@@A
0x0000e255	0x000a7480	?gpAdvManager@@3PAVadvManager@@A
0x0000e25a	0x000057a9	?CompleteDraw@advManager@@QAEXFFH@Z
0x0000e264	0x000a7480	?gpAdvManager@@3PAVadvManager@@A
0x0000e269	0x00005530	?UpdateScreen@advManager@@QAEXCC@Z
0x0000e2d9	0x000a74a8	?gpWindowManager@@3PAVheroWindowManager@@A
0x0000e308	0x000a74a8	?gpWindowManager@@3PAVheroWindowManager@@A
0x0000e317	0x000a7164	?gpMouseManager@@3PAVmouseManager@@A
0x0000e31c	0x0006b8b2	?SetPointer@mouseManager@@QAEXF@Z
0x0000e32f	0x000a7164	?gpMouseManager@@3PAVmouseManager@@A
0x0000e334	0x0006c00c	?MouseCoords@mouseManager@@QAEXAAF0@Z
0x0000e396	0x000a7480	?gpAdvManager@@3PAVadvManager@@A
0x0000e3ab	0x000a7480	?gpAdvManager@@3PAVadvManager@@A
0x0000e3c4	0x000a7480	?gpAdvManager@@3PAVadvManager@@A
0x0000e3d4	0x000a7480	?gpAdvManager@@3PAVadvManager@@A
0x0000e3e5	0x000a7480	?gpAdvManager@@3PAVadvManager@@A
0x0000e3f9	0x000a7480	?gpAdvManager@@3PAVadvManager@@A
0x0000e40d	0x000a7480	?gpAdvManager@@3PAVadvManager@@A
0x0000e412	0x00006d26	?GetCell@advManager@@QAEPAVmapCell@@FF@Z
0x0000e43d	0x000a74a8	?gpWindowManager@@3PAVheroWindowManager@@A
0x0000e44c	0x000a7164	?gpMouseManager@@3PAVmouseManager@@A
0x0000e451	0x0006b8b2	?SetPointer@mouseManager@@QAEXF@Z
0x0000e459	0x000a74a8	?gpWindowManager@@3PAVheroWindowManager@@A
0x0000e468	0x000a7164	?gpMouseManager@@3PAVmouseManager@@A
0x0000e46d	0x0006b8b2	?SetPointer@mouseManager@@QAEXF@Z
0x0000e48a	0x000a74a8	?gpWindowManager@@3PAVheroWindowManager@@A
0x0000e4cb	0x0003c7b0	_PollSound
0x0000e4d1	0x000a98bc	?bShowIt@@3HA
0x0000e4fd	0x000057a9	?CompleteDraw@advManager@@QAEXFFH@Z
0x0000e512	0x000a676c	_?gFrameCount@?1??ComboDraw@advManager@@QAECFFC@Z@4HA
0x0000e518	0x000a65ac	?giFrameStep@@3HA
0x0000e51e	0x000a676c	_?gFrameCount@?1??ComboDraw@advManager@@QAECFFC@Z@4HA
0x0000e524	0x000a676c	_?gFrameCount@?1??ComboDraw@advManager@@QAECFFC@Z@4HA
0x0000e52c	0x00043775	?Process1WindowsMessage@@YAXXZ
0x0000e531	0x00044b4e	?KBTickCount@@YAHXZ
0x0000e537	0x000a98a0	?glTimers@@3PAHA
0x0000e53e	0x00044b4e	?KBTickCount@@YAHXZ
0x0000e546	0x000a98a0	?glTimers@@3PAHA
0x0000e54b	0x0003c7b0	_PollSound
0x0000e558	0x000a676c	_?gFrameCount@?1??ComboDraw@advManager@@QAECFFC@Z@4HA
0x0000e590	0x000a65ec	?bComboDraw@@3PAY0BB@CA
0x0000e595	0x000784e0	_memset
0x0000e630	0x00006d26	?GetCell@advManager@@QAEPAVmapCell@@FF@Z
0x0000e652	0x000a65ec	?bComboDraw@@3PAY0BB@CA
0x0000e665	0x000a65ec	?bComboDraw@@3PAY0BB@CA
0x0000e689	0x000a65ec	?bComboDraw@@3PAY0BB@CA
0x0000e69c	0x000a65ec	?bComboDraw@@3PAY0BB@CA
0x0000e6b8	0x00005afd	?GetCloudLookup@advManager@@QAEHHH@Z
0x0000e6cf	0x000a65ec	?bComboDraw@@3PAY0BB@CA
0x0000e6e5	0x000a65ec	?bComboDraw@@3PAY0BB@CA
0x0000e6fb	0x000a65eb	?bComboDraw@@3PAY0BB@CA
0x0000e6fb	0x000a65ec	?bComboDraw@@3PAY0BB@CA
0x0000e70e	0x000a65eb	?bComboDraw@@3PAY0BB@CA
0x0000e70e	0x000a65ec	?bComboDraw@@3PAY0BB@CA
0x0000e721	0x000a65eb	?bComboDraw@@3PAY0BB@CA
0x0000e721	0x000a65ec	?bComboDraw@@3PAY0BB@CA
0x0000e736	0x000a65eb	?bComboDraw@@3PAY0BB@CA
0x0000e736	0x000a65ec	?bComboDraw@@3PAY0BB@CA
0x0000e74b	0x000a65ec	?bComboDraw@@3PAY0BB@CA
0x0000e761	0x000a65ec	?bComboDraw@@3PAY0BB@CA
0x0000e777	0x000a65eb	?bComboDraw@@3PAY0BB@CA
0x0000e777	0x000a65ec	?bComboDraw@@3PAY0BB@CA
0x0000e78a	0x000a65eb	?bComboDraw@@3PAY0BB@CA
0x0000e78a	0x000a65ec	?bComboDraw@@3PAY0BB@CA
0x0000e79d	0x000a65eb	?bComboDraw@@3PAY0BB@CA
0x0000e79d	0x000a65ec	?bComboDraw@@3PAY0BB@CA
0x0000e7b2	0x000a65eb	?bComboDraw@@3PAY0BB@CA
0x0000e7b2	0x000a65ec	?bComboDraw@@3PAY0BB@CA
0x0000e7e5	0x000a65ec	?bComboDraw@@3PAY0BB@CA
0x0000e7f7	0x000a65ec	?bComboDraw@@3PAY0BB@CA
0x0000e813	0x00005afd	?GetCloudLookup@advManager@@QAEHHH@Z
0x0000e82e	0x000a65ec	?bComboDraw@@3PAY0BB@CA
0x0000e843	0x000a65ec	?bComboDraw@@3PAY0BB@CA
0x0000e853	0x000a65ec	?bComboDraw@@3PAY0BB@CA
0x0000e853	0x000a65ed	?bComboDraw@@3PAY0BB@CA
0x0000e866	0x000a65ec	?bComboDraw@@3PAY0BB@CA
0x0000e866	0x000a65ed	?bComboDraw@@3PAY0BB@CA
0x0000e87c	0x000a65eb	?bComboDraw@@3PAY0BB@CA
0x0000e87c	0x000a65ec	?bComboDraw@@3PAY0BB@CA
0x0000e88f	0x000a65eb	?bComboDraw@@3PAY0BB@CA
0x0000e88f	0x000a65ec	?bComboDraw@@3PAY0BB@CA
0x0000e8a8	0x000a65ec	?bComboDraw@@3PAY0BB@CA
0x0000e8bd	0x000a65ec	?bComboDraw@@3PAY0BB@CA
0x0000e8d5	0x000a65ec	?bComboDraw@@3PAY0BB@CA
0x0000e8eb	0x000a65ec	?bComboDraw@@3PAY0BB@CA
0x0000e8fb	0x000a65ec	?bComboDraw@@3PAY0BB@CA
0x0000e8fb	0x000a65ed	?bComboDraw@@3PAY0BB@CA
0x0000e90e	0x000a65ec	?bComboDraw@@3PAY0BB@CA
0x0000e90e	0x000a65ed	?bComboDraw@@3PAY0BB@CA
0x0000e924	0x000a65eb	?bComboDraw@@3PAY0BB@CA
0x0000e924	0x000a65ec	?bComboDraw@@3PAY0BB@CA
0x0000e936	0x000a65eb	?bComboDraw@@3PAY0BB@CA
0x0000e936	0x000a65ec	?bComboDraw@@3PAY0BB@CA
0x0000e94f	0x000a65ec	?bComboDraw@@3PAY0BB@CA
0x0000e965	0x000a65ec	?bComboDraw@@3PAY0BB@CA
0x0000e9b8	0x000a65ec	?bComboDraw@@3PAY0BB@CA
0x0000e9fe	0x000a65ec	?bComboDraw@@3PAY0BB@CA
0x0000ea12	0x000a65ec	?bComboDraw@@3PAY0BB@CA
0x0000ea33	0x00005afd	?GetCloudLookup@advManager@@QAEHHH@Z
0x0000ea47	0x000a65ec	?bComboDraw@@3PAY0BB@CA
0x0000ea58	0x000a7164	?gpMouseManager@@3PAVmouseManager@@A
0x0000ea6c	0x000a7164	?gpMouseManager@@3PAVmouseManager@@A
0x0000ea7b	0x000a7164	?gpMouseManager@@3PAVmouseManager@@A
0x0000ea94	0x000a65ec	?bComboDraw@@3PAY0BB@CA
0x0000eaa6	0x000a65ec	?bComboDraw@@3PAY0BB@CA
0x0000eab9	0x000a65ec	?bComboDraw@@3PAY0BB@CA
0x0000eacf	0x000a65ec	?bComboDraw@@3PAY0BB@CA
0x0000eadf	0x000a65ec	?bComboDraw@@3PAY0BB@CA
0x0000eadf	0x000a65ed	?bComboDraw@@3PAY0BB@CA
0x0000eaf2	0x000a65ec	?bComboDraw@@3PAY0BB@CA
0x0000eaf2	0x000a65ed	?bComboDraw@@3PAY0BB@CA
0x0000eb05	0x000a65ec	?bComboDraw@@3PAY0BB@CA
0x0000eb05	0x000a65ed	?bComboDraw@@3PAY0BB@CA
0x0000eb1a	0x000a65ec	?bComboDraw@@3PAY0BB@CA
0x0000eb1a	0x000a65ed	?bComboDraw@@3PAY0BB@CA
0x0000eb2d	0x000a65ec	?bComboDraw@@3PAY0BB@CA
0x0000eb2d	0x000a65ed	?bComboDraw@@3PAY0BB@CA
0x0000eb43	0x000a65ec	?bComboDraw@@3PAY0BB@CA
0x0000eb43	0x000a65ed	?bComboDraw@@3PAY0BB@CA
0x0000eb8f	0x000a65ec	?bComboDraw@@3PAY0BB@CA
0x0000eba2	0x000a65ec	?bComboDraw@@3PAY0BB@CA
0x0000ebbb	0x000a65ec	?bComboDraw@@3PAY0BB@CA
0x0000ebbb	0x000a6657	?bComboDraw@@3PAY0BB@CA
0x0000ebc2	0x000a65ec	?bComboDraw@@3PAY0BB@CA
0x0000ebc2	0x000a6657	?bComboDraw@@3PAY0BB@CA
0x0000ebc8	0x000a65ec	?bComboDraw@@3PAY0BB@CA
0x0000ebc8	0x000a6668	?bComboDraw@@3PAY0BB@CA
0x0000ebd1	0x000a65ec	?bComboDraw@@3PAY0BB@CA
0x0000ebd1	0x000a6668	?bComboDraw@@3PAY0BB@CA
0x0000ebd7	0x000a65ec	?bComboDraw@@3PAY0BB@CA
0x0000ebd7	0x000a6679	?bComboDraw@@3PAY0BB@CA
0x0000ebe0	0x000a65ec	?bComboDraw@@3PAY0BB@CA
0x0000ebe0	0x000a6679	?bComboDraw@@3PAY0BB@CA
0x0000ec05	0x000a65ec	?bComboDraw@@3PAY0BB@CA
0x0000ec2b	0x00005efb	?DrawCell@advManager@@QAEXFFFFCCC@Z
0x0000ec6e	0x000a65ec	?bComboDraw@@3PAY0BB@CA
0x0000ec9a	0x00005efb	?DrawCell@advManager@@QAEXFFFFCCC@Z
0x0000ecbf	0x0003c7b0	_PollSound
0x0000ece8	0x000a65eb	?bComboDraw@@3PAY0BB@CA
0x0000ece8	0x000a65ec	?bComboDraw@@3PAY0BB@CA
0x0000ed1a	0x00005efb	?DrawCell@advManager@@QAEXFFFFCCC@Z
0x0000ed45	0x000a65ec	?bComboDraw@@3PAY0BB@CA
0x0000ed71	0x00005efb	?DrawCell@advManager@@QAEXFFFFCCC@Z
0x0000ed9d	0x000a65ec	?bComboDraw@@3PAY0BB@CA
0x0000ed9d	0x000a65fa	?bComboDraw@@3PAY0BB@CA
0x0000edc6	0x00005efb	?DrawCell@advManager@@QAEXFFFFCCC@Z
0x0000ee09	0x000a65ec	?bComboDraw@@3PAY0BB@CA
0x0000ee35	0x00005efb	?DrawCell@advManager@@QAEXFFFFCCC@Z
0x0000ee3e	0x0003c7b0	_PollSound
0x0000ee4c	0x00007ddd	?UpdBottomView@advManager@@QAEXCCC@Z
0x0000ee54	0x000114e2	?DrawAdventureBorder@advManager@@QAEXXZ
0x0000ee5a	0x0008e140	?gLimitUpdMinX@@3HA
0x0000ee64	0x000a6710	?giLimitUpdMinY@@3HA
0x0000ee6e	0x000a65dc	?gLimitUpdMaxX@@3HA
0x0000ee78	0x000a65e0	?giLimitUpdMaxY@@3HA
0x0000eec8	0x000a65ec	?bComboDraw@@3PAY0BB@CA
0x0000eede	0x0008e140	?gLimitUpdMinX@@3HA
0x0000eee9	0x0008e140	?gLimitUpdMinX@@3HA
0x0000eef2	0x000a65dc	?gLimitUpdMaxX@@3HA
0x0000eefd	0x000a65dc	?gLimitUpdMaxX@@3HA
0x0000ef06	0x000a6710	?giLimitUpdMinY@@3HA
0x0000ef10	0x000a6710	?giLimitUpdMinY@@3HA
0x0000ef19	0x000a65e0	?giLimitUpdMaxY@@3HA
0x0000ef24	0x000a65e0	?giLimitUpdMaxY@@3HA
0x0000ef30	0x0008e140	?gLimitUpdMinX@@3HA
0x0000ef38	0x0008e140	?gLimitUpdMinX@@3HA
0x0000ef3e	0x000a6710	?giLimitUpdMinY@@3HA
0x0000ef47	0x000a6710	?giLimitUpdMinY@@3HA
0x0000ef4d	0x000a65dc	?gLimitUpdMaxX@@3HA
0x0000ef5c	0x000a65dc	?gLimitUpdMaxX@@3HA
0x0000ef61	0x000a65e0	?giLimitUpdMaxY@@3HA
0x0000ef6f	0x000a65e0	?giLimitUpdMaxY@@3HA
0x0000ef75	0x0008e140	?gLimitUpdMinX@@3HA
0x0000ef7e	0x0008e140	?gLimitUpdMinX@@3HA
0x0000ef88	0x000a65dc	?gLimitUpdMaxX@@3HA
0x0000ef94	0x000a65dc	?gLimitUpdMaxX@@3HA
0x0000ef9e	0x000a6710	?giLimitUpdMinY@@3HA
0x0000efa7	0x000a6710	?giLimitUpdMinY@@3HA
0x0000efb1	0x000a65e0	?giLimitUpdMaxY@@3HA
0x0000efbd	0x000a65e0	?giLimitUpdMaxY@@3HA
0x0000efc7	0x0008e140	?gLimitUpdMinX@@3HA
0x0000efcd	0x000a65dc	?gLimitUpdMaxX@@3HA
0x0000efd5	0x000a6710	?giLimitUpdMinY@@3HA
0x0000efdb	0x000a65e0	?giLimitUpdMaxY@@3HA
0x0000efe2	0x000a65dc	?gLimitUpdMaxX@@3HA
0x0000efea	0x0008e140	?gLimitUpdMinX@@3HA
0x0000eff0	0x000a65e0	?giLimitUpdMaxY@@3HA
0x0000eff9	0x000a6710	?giLimitUpdMinY@@3HA
0x0000f02e	0x0000e4c1	?ComboDraw@advManager@@QAECFFC@Z
0x0000f092	0x00068eed	?StopSample@@YAXPAVsample@@@Z
0x0000f0d2	0x000a9428	?gConfig@@3UconfigStruct@@A
0x0000f0d2	0x000a9430	?gConfig@@3UconfigStruct@@A
0x0000f11a	0x0000f34d	?InsertSound@advManager@@QAEXFFFC@Z
0x0000f17a	0x0000f34d	?InsertSound@advManager@@QAEXFFFC@Z
0x0000f19e	0x0000f34d	?InsertSound@advManager@@QAEXFFFC@Z
0x0000f1c2	0x0000f34d	?InsertSound@advManager@@QAEXFFFC@Z
0x0000f1e6	0x0000f34d	?InsertSound@advManager@@QAEXFFFC@Z
0x0000f24e	0x00068eed	?StopSample@@YAXPAVsample@@@Z
0x0000f2c0	0x0008a36c	?gEnvironmentVolume@@3QBHB
0x0000f2e0	0x00068f5e	?UpdateSampleVolume@@YAXPAVsample@@@Z
0x0000f310	0x0001107c	?TrimLoopingSounds@advManager@@QAEXH@Z
0x0000f319	0x0008ec8c	$SG44755
0x0000f319	0x0008ec8c	$SG44792
0x0000f31e	0x000a7168	?gText@@3PADA
0x0000f323	0x0007823f	_sprintf
0x0000f32b	0x000a7168	?gText@@3PADA
0x0000f331	0x000a74d8	?gpResourceManager@@3PAVresourceManager@@A
0x0000f336	0x0006c646	?GetSample@resourceManager@@QAEPAVsample@@PAD@Z
0x0000f386	0x000a7ba0	?gpGame@@3PAVgame@@A
0x0000f4b5	0x00068eed	?StopSample@@YAXPAVsample@@@Z
0x0000f4e5	0x0000f2f3	?CheckLoadSample@advManager@@QAEXH@Z
0x0000f4fd	0x0008a36c	?gEnvironmentVolume@@3QBHB
0x0000f527	0x00068b37	?PlaySample@@YAXPAVsample@@@Z
0x0000f566	0x000a98bc	?bShowIt@@3HA
0x0000f56f	0x000b4ba8	?gCurPlayerData@@3PAVplayerData@@A
0x0000f57e	0x000a7ba0	?gpGame@@3PAVgame@@A
0x0000f59a	0x00006d26	?GetCell@advManager@@QAEPAVmapCell@@FF@Z
0x0000f5c1	0x00006d26	?GetCell@advManager@@QAEPAVmapCell@@FF@Z
0x0000f5e2	0x000a7ba0	?gpGame@@3PAVgame@@A
0x0000f61a	0x00005ace	?CompleteDraw@advManager@@QAEXH@Z
0x0000f621	0x000b4aa4	?giCurPlayer@@3CA
0x0000f628	0x000a9414	?gbHumanPlayer@@3PAHA
0x0000f631	0x000a9428	?gConfig@@3UconfigStruct@@A
0x0000f631	0x000a943c	?gConfig@@3UconfigStruct@@A
0x0000f63a	0x000a9944	?gRemoteOn@@3HA
0x0000f64d	0x000a7ba0	?gpGame@@3PAVgame@@A
0x0000f668	0x000b7430	?gCurWatchPlayerHighFlag@@3EA
0x0000f674	0x000a98bc	?bShowIt@@3HA
0x0000f680	0x000a98bc	?bShowIt@@3HA
0x0000f698	0x00010429	?HideRoute@advManager@@QAEXHHH@Z
0x0000f69e	0x000a98bc	?bShowIt@@3HA
0x0000f6c8	0x000463d9	?DelayMilli@@YAXH@Z
0x0000f6ec	0x000913d8	?gHeroScoutRadius@@3PACA
0x0000f6f5	0x000b4aa4	?giCurPlayer@@3CA
0x0000f718	0x000a7ba0	?gpGame@@3PAVgame@@A
0x0000f71d	0x00035a74	?SetVisibility@game@@QAEXFFFF@Z
0x0000f723	0x000a98bc	?bShowIt@@3HA
0x0000f73f	0x000a7164	?gpMouseManager@@3PAVmouseManager@@A
0x0000f744	0x0006bf87	?ReallyHidePointer@mouseManager@@QAEXXZ
0x0000f758	0x000a74a8	?gpWindowManager@@3PAVheroWindowManager@@A
0x0000f75d	0x0006abe6	?SaveFizzleSource@heroWindowManager@@QAEXFFFF@Z
0x0000f767	0x00005ace	?CompleteDraw@advManager@@QAEXH@Z
0x0000f76c	0x0003c7b0	_PollSound
0x0000f77a	0x000b4aa4	?giCurPlayer@@3CA
0x0000f781	0x000a9414	?gbHumanPlayer@@3PAHA
0x0000f7a3	0x000a74a8	?gpWindowManager@@3PAVheroWindowManager@@A
0x0000f7a8	0x0006b11d	?FizzleForward@heroWindowManager@@QAEXFFFFH@Z
0x0000f7ad	0x0003c7b0	_PollSound
0x0000f7b3	0x000a7164	?gpMouseManager@@3PAVmouseManager@@A
0x0000f7b8	0x0006bf6f	?ReallyShowPointer@mouseManager@@QAEXXZ
0x0000f7de	0x0000f038	?SetEnvironmentOrigin@advManager@@QAEXFFF@Z
0x0000f7eb	0x000a7638	?giGroundToTerrain@@3PACA
0x0000f81c	0x000692fd	?PlayMusic@@YAXH@Z
0x0000f82b	0x00003609	?Reseed@advManager@@QAEXHH@Z
0x0000f837	0x00006d7e	?UpdateRadar@advManager@@QAEXCH@Z
0x0000f841	0x00005ace	?CompleteDraw@advManager@@QAEXH@Z
0x0000f849	0x00010707	?ForceNewHover@advManager@@QAEXXZ
0x0000f859	0x00088a52	__ehreg$?DimensionDoor@advManager@@QAEXXZ
0x0000f85f	-0x400000	__except_list
0x0000f867	-0x400000	__except_list
0x0000f874	0x00077d50	??2@YAPAXI@Z
0x0000f88c	0x0008ec9c	$SG44821
0x0000f88c	0x0008ec9c	$SG44858
0x0000f898	0x0006d150	??0heroWindow@@QAE@FFPAD@Z
0x0000f8c2	0x00042146	?MemError@@YAXXZ
0x0000f8cd	0x00044ae3	?SetWinText@@YAXPAVheroWindow@@F@Z
0x0000f8d7	0x0000e223	?DimensionDoorHandler@@YAFAAUtag_message@@@Z
0x0000f8e1	0x000a74a8	?gpWindowManager@@3PAVheroWindowManager@@A
0x0000f8e6	0x0006a740	?DoDialog@heroWindowManager@@QAEFPAVheroWindow@@P6AFAAUtag_message@@@ZH@Z
0x0000f8f5	0x00077c4d	??3@YAXPAX@Z
0x0000f8fd	0x000b4ba8	?gCurPlayerData@@3PAVplayerData@@A
0x0000f90d	0x000a7ba0	?gpGame@@3PAVgame@@A
0x0000f91d	0x000a74a8	?gpWindowManager@@3PAVheroWindowManager@@A
0x0000f96d	0x00006d26	?GetCell@advManager@@QAEPAVmapCell@@FF@Z
0x0000f9c6	0x0008eca8	$SG44828
0x0000f9c6	0x0008eca8	$SG44865
0x0000f9cb	0x0003e693	?NormalDialog@@YAXPADHHHHHHHH@Z
0x0000f9da	0x00006d7e	?UpdateRadar@advManager@@QAEXCH@Z
0x0000f9e3	0x000692fd	?PlayMusic@@YAXH@Z
0x0000f9fa	0x0000f55c	?TeleportTo@advManager@@QAEXHHH@Z
0x0000fa0a	0x000692fd	?PlayMusic@@YAXH@Z
0x0000fa14	0x000b4ba8	?gCurPlayerData@@3PAVplayerData@@A
0x0000fa24	0x000a7ba0	?gpGame@@3PAVgame@@A
0x0000fa30	0x0003929b	?UseSpell@hero@@QAEXC@Z
0x0000fa3e	0x00006d7e	?UpdateRadar@advManager@@QAEXCH@Z
0x0000fa48	-0x400000	__except_list
0x0000fa69	0x000b4ba8	?gCurPlayerData@@3PAVplayerData@@A
0x0000fa79	0x000a7ba0	?gpGame@@3PAVgame@@A
0x0000faab	0x0008ecc0	$SG44843
0x0000faab	0x0008ecc0	$SG44880
0x0000fab0	0x0003e693	?NormalDialog@@YAXPADHHHHHHHH@Z
0x0000fad0	0x000b4ba8	?gCurPlayerData@@3PAVplayerData@@A
0x0000fade	0x000b4ba8	?gCurPlayerData@@3PAVplayerData@@A
0x0000faee	0x000a7ba0	?gpGame@@3PAVgame@@A
0x0000fb05	0x00078538	_abs
0x0000fb0f	0x000b4ba8	?gCurPlayerData@@3PAVplayerData@@A
0x0000fb1f	0x000a7ba0	?gpGame@@3PAVgame@@A
0x0000fb36	0x00078538	_abs
0x0000fb72	0x0008ed1c	$SG44849
0x0000fb72	0x0008ed1c	$SG44886
0x0000fb77	0x0003e693	?NormalDialog@@YAXPADHHHHHHHH@Z
0x0000fb7f	0x000b4ba8	?gCurPlayerData@@3PAVplayerData@@A
0x0000fb8f	0x000a7ba0	?gpGame@@3PAVgame@@A
0x0000fbb1	0x0008ed58	$SG44851
0x0000fbb1	0x0008ed58	$SG44888
0x0000fbb6	0x0003e693	?NormalDialog@@YAXPADHHHHHHHH@Z
0x0000fbc5	0x000692fd	?PlayMusic@@YAXH@Z
0x0000fbd0	0x000b4ba8	?gCurPlayerData@@3PAVplayerData@@A
0x0000fbdf	0x000a7ba0	?gpGame@@3PAVgame@@A
0x0000fbee	0x000b4ba8	?gCurPlayerData@@3PAVplayerData@@A
0x0000fbfe	0x000a7ba0	?gpGame@@3PAVgame@@A
0x0000fc0f	0x0000f55c	?TeleportTo@advManager@@QAEXHHH@Z
0x0000fc19	0x0003929b	?UseSpell@hero@@QAEXC@Z
0x0000fc1e	0x000b4ba8	?gCurPlayerData@@3PAVplayerData@@A
0x0000fc2e	0x000a7ba0	?gpGame@@3PAVgame@@A
0x0000fc40	0x000b4ba8	?gCurPlayerData@@3PAVplayerData@@A
0x0000fc4f	0x000a7ba0	?gpGame@@3PAVgame@@A
0x0000fc5b	0x0005ea63	?GiveSpells@town@@QAEXXZ
0x0000fc68	0x000b4ba8	?gCurPlayerData@@3PAVplayerData@@A
0x0000fc84	0x000692fd	?PlayMusic@@YAXH@Z
0x0000fc9a	0x000b4ba8	?gCurPlayerData@@3PAVplayerData@@A
0x0000fcaa	0x000a7ba0	?gpGame@@3PAVgame@@A
0x0000fce0	0x00006d26	?GetCell@advManager@@QAEPAVmapCell@@FF@Z
0x0000fd27	0x00090a9c	?gNormalDirTable@@3PAUtag_tilePoint@@A
0x0000fd27	0x00090a9d	?gNormalDirTable@@3PAUtag_tilePoint@@A
0x0000fd42	0x00090a9c	?gNormalDirTable@@3PAUtag_tilePoint@@A
0x0000fd4f	0x00006d26	?GetCell@advManager@@QAEPAVmapCell@@FF@Z
0x0000fd87	0x000b4ba8	?gCurPlayerData@@3PAVplayerData@@A
0x0000fdb4	0x000a7ba0	?gpGame@@3PAVgame@@A
0x0000fdcb	0x000a7ba0	?gpGame@@3PAVgame@@A
0x0000fe14	0x000a7ba0	?gpGame@@3PAVgame@@A
0x0000fe2a	0x000a7ba0	?gpGame@@3PAVgame@@A
0x0000fe45	0x000a7ba0	?gpGame@@3PAVgame@@A
0x0000fe54	0x000b4aa4	?giCurPlayer@@3CA
0x0000fe76	0x000a7ba0	?gpGame@@3PAVgame@@A
0x0000fe9a	0x00006d26	?GetCell@advManager@@QAEPAVmapCell@@FF@Z
0x0000fec9	0x000a7ba0	?gpGame@@3PAVgame@@A
0x0000fece	0x00038e58	?RestoreCell@game@@QAEXHHHHPAVmapCell@@H@Z
0x0000fff7	0x000a74a8	?gpWindowManager@@3PAVheroWindowManager@@A
0x0000fffc	0x0006abe6	?SaveFizzleSource@heroWindowManager@@QAEXFFFF@Z
0x0001001c	0x000057a9	?CompleteDraw@advManager@@QAEXFFH@Z
0x00010038	0x000a74a8	?gpWindowManager@@3PAVheroWindowManager@@A
0x0001003d	0x0006b11d	?FizzleForward@heroWindowManager@@QAEXFFFFH@Z
0x00010053	0x00090a9c	?gNormalDirTable@@3PAUtag_tilePoint@@A
0x00010073	0x00090a9c	?gNormalDirTable@@3PAUtag_tilePoint@@A
0x00010073	0x00090a9d	?gNormalDirTable@@3PAUtag_tilePoint@@A
0x000100bc	0x000a74a8	?gpWindowManager@@3PAVheroWindowManager@@A
0x000100c1	0x0006abe6	?SaveFizzleSource@heroWindowManager@@QAEXFFFF@Z
0x000100e1	0x000057a9	?CompleteDraw@advManager@@QAEXFFH@Z
0x000100fa	0x000a74a8	?gpWindowManager@@3PAVheroWindowManager@@A
0x000100ff	0x0006b11d	?FizzleForward@heroWindowManager@@QAEXFFFFH@Z
0x0001010b	0x00005530	?UpdateScreen@advManager@@QAEXCC@Z
0x00010117	0x00003609	?Reseed@advManager@@QAEXHH@Z
0x00010137	0x0008ed98	$SG44893
0x00010137	0x0008ed98	$SG44930
0x0001013c	0x0003e693	?NormalDialog@@YAXPADHHHHHHHH@Z
0x0001015f	0x000b4aa4	?giCurPlayer@@3CA
0x00010166	0x000a7b94	?gbThisNetHumanPlayer@@3PACA
0x00010170	0x000a6c48	?giDebugLevel@@3HA
0x0001017a	0x000ca188	?gShowComputerRoute@@3CA
0x00010188	0x000b4ba8	?gCurPlayerData@@3PAVplayerData@@A
0x000101a1	0x00010429	?HideRoute@advManager@@QAEXHHH@Z
0x000101ab	0x000b4ba8	?gCurPlayerData@@3PAVplayerData@@A
0x000101bb	0x000a7ba0	?gpGame@@3PAVgame@@A
0x000101e1	0x00010429	?HideRoute@advManager@@QAEXHHH@Z
0x00010215	0x000a74ac	?gpSearchArray@@3PAVsearchArray@@A
0x0001021a	0x00056080	?BuildPath@searchArray@@QAEHFFFFF@Z
0x0001021f	0x000a74ac	?gpSearchArray@@3PAVsearchArray@@A
0x0001023f	0x000784e0	_memset
0x00010270	0x000a74ac	?gpSearchArray@@3PAVsearchArray@@A
0x00010294	0x000a74ac	?gpSearchArray@@3PAVsearchArray@@A
0x000102b4	0x00006d26	?GetCell@advManager@@QAEPAVmapCell@@FF@Z
0x000102bf	0x000a7638	?giGroundToTerrain@@3PACA
0x000102de	0x00029d50	?CalcTerrainCost@@YAHHHHH@Z
0x000102f4	0x00090a9c	?gNormalDirTable@@3PAUtag_tilePoint@@A
0x00010307	0x00090a9c	?gNormalDirTable@@3PAUtag_tilePoint@@A
0x00010307	0x00090a9d	?gNormalDirTable@@3PAUtag_tilePoint@@A
0x00010334	0x000a74ac	?gpSearchArray@@3PAVsearchArray@@A
0x00010363	0x0009198c	?gRouteFrame@@3PAY07CA
0x000103d5	0x000a74a8	?gpWindowManager@@3PAVheroWindowManager@@A
0x000103da	0x0006a4b4	?BroadcastMessage@heroWindowManager@@QAEFFFFF@Z
0x000103ec	0x00010429	?HideRoute@advManager@@QAEXHHH@Z
0x000103fc	0x00005ace	?CompleteDraw@advManager@@QAEXH@Z
0x00010402	0x000a7164	?gpMouseManager@@3PAVmouseManager@@A
0x00010407	0x0006bf87	?ReallyHidePointer@mouseManager@@QAEXXZ
0x00010413	0x00005530	?UpdateScreen@advManager@@QAEXCC@Z
0x00010419	0x000a7164	?gpMouseManager@@3PAVmouseManager@@A
0x0001041e	0x0006bf6f	?ReallyShowPointer@mouseManager@@QAEXXZ
0x00010435	0x000b4aa4	?giCurPlayer@@3CA
0x0001043c	0x000a7b94	?gbThisNetHumanPlayer@@3PACA
0x00010446	0x000a6c48	?giDebugLevel@@3HA
0x00010450	0x000ca188	?gShowComputerRoute@@3CA
0x00010473	0x000a74a8	?gpWindowManager@@3PAVheroWindowManager@@A
0x00010478	0x0006a4b4	?BroadcastMessage@heroWindowManager@@QAEFFFFF@Z
0x00010483	0x000b4ba8	?gCurPlayerData@@3PAVplayerData@@A
0x00010492	0x000b4ba8	?gCurPlayerData@@3PAVplayerData@@A
0x000104a2	0x000a7ba0	?gpGame@@3PAVgame@@A
0x000104e4	0x00005ace	?CompleteDraw@advManager@@QAEXH@Z
0x000104f0	0x00005530	?UpdateScreen@advManager@@QAEXCC@Z
0x00010506	0x000b4aa4	?giCurPlayer@@3CA
0x0001050d	0x000a7b94	?gbThisNetHumanPlayer@@3PACA
0x00010517	0x000b4ba8	?gCurPlayerData@@3PAVplayerData@@A
0x0001052e	0x000b4ba8	?gCurPlayerData@@3PAVplayerData@@A
0x0001053e	0x000a7ba0	?gpGame@@3PAVgame@@A
0x00010543	0x0002bf56	?IsMobile@game@@QAECC@Z
0x00010558	0x0001014b	?ShowRoute@advManager@@QAEXHHH@Z
0x00010564	0x00007ae5	?UpdateHeroLocators@advManager@@QAEXCC@Z
0x0001056a	0x000a7480	?gpAdvManager@@3PAVadvManager@@A
0x0001056f	0x00010577	?CheckDimNextHeroBut@advManager@@QAEXXZ
0x00010583	0x000b4aa4	?giCurPlayer@@3CA
0x0001058a	0x000a7b94	?gbThisNetHumanPlayer@@3PACA
0x00010594	0x000b4ba8	?gCurPlayerData@@3PAVplayerData@@A
0x00010599	0x0002b8d3	?HasMobileHero@playerData@@QAECXZ
0x000105cd	0x000a74a8	?gpWindowManager@@3PAVheroWindowManager@@A
0x000105d2	0x0006a4b4	?BroadcastMessage@heroWindowManager@@QAEFFFFF@Z
0x000105e6	0x000b4aa4	?giCurPlayer@@3CA
0x000105ed	0x000a7b94	?gbThisNetHumanPlayer@@3PACA
0x000105fc	0x000b4ba8	?gCurPlayerData@@3PAVplayerData@@A
0x00010610	0x000b4ba8	?gCurPlayerData@@3PAVplayerData@@A
0x0001061f	0x000a7ba0	?gpGame@@3PAVgame@@A
0x0001062f	0x000a9408	?giSeedingValid@@3HA
0x0001068d	0x000a74ac	?gpSearchArray@@3PAVsearchArray@@A
0x00010692	0x00056150	?SeedPosition@searchArray@@QAEXFFFFHHHHHHHH@Z
0x0001069a	0x000cc8b0	?gSearchSeedingComplete@@3HA
0x000106f8	0x000a74ac	?gpSearchArray@@3PAVsearchArray@@A
0x000106fd	0x00056150	?SeedPosition@searchArray@@QAEXFFFFHHHHHHHH@Z
0x00010713	0x000b4aa4	?giCurPlayer@@3CA
0x0001071a	0x000a7b94	?gbThisNetHumanPlayer@@3PACA
0x0001073e	0x00004a49	?ProcessHover@advManager@@QAEHPAUtag_message@@@Z
0x0001076c	0x00044b4e	?KBTickCount@@YAHXZ
0x00010771	0x000a673c	?gLastScrollTime@@3HA
0x0001078c	0x000108f6	$L45908
0x0001078c	0x000108f6	$L45945
0x00010841	0x000a7164	?gpMouseManager@@3PAVmouseManager@@A
0x00010846	0x0006b8b2	?SetPointer@mouseManager@@QAEXF@Z
0x000108ae	0x0000af7f	?DemobilizeCurrHero@advManager@@QAEXXZ
0x000108d6	0x00006d7e	?UpdateRadar@advManager@@QAEXCH@Z
0x000108e0	0x00005ace	?CompleteDraw@advManager@@QAEXH@Z
0x000108ec	0x00005530	?UpdateScreen@advManager@@QAEXCC@Z
0x000108f6	0x00010790	$L44979
0x000108f6	0x00010790	$L45016
0x000108fa	0x000107a1	$L44980
0x000108fa	0x000107a1	$L45017
0x000108fe	0x000107bb	$L44981
0x000108fe	0x000107bb	$L45018
0x00010902	0x000107c9	$L44982
0x00010902	0x000107c9	$L45019
0x00010906	0x000107e3	$L44983
0x00010906	0x000107e3	$L45020
0x0001090a	0x000107f1	$L44984
0x0001090a	0x000107f1	$L45021
0x0001090e	0x0001080b	$L44985
0x0001090e	0x0001080b	$L45022
0x00010912	0x00010819	$L44986
0x00010912	0x00010819	$L45023
0x00010920	0x00044b4e	?KBTickCount@@YAHXZ
0x00010926	0x000a673c	?gLastScrollTime@@3HA
0x00010934	0x00044b4e	?KBTickCount@@YAHXZ
0x00010939	0x000a673c	?gLastScrollTime@@3HA
0x00010961	0x000a7164	?gpMouseManager@@3PAVmouseManager@@A
0x00010966	0x0006c00c	?MouseCoords@mouseManager@@QAEXAAF0@Z
0x000109bb	0x00010746	?ScreenScroll@advManager@@QAEXCH@Z
0x000109d4	0x00010746	?ScreenScroll@advManager@@QAEXCH@Z
0x000109e2	0x00010746	?ScreenScroll@advManager@@QAEXCH@Z
0x00010a05	0x00010746	?ScreenScroll@advManager@@QAEXCH@Z
0x00010a1e	0x00010746	?ScreenScroll@advManager@@QAEXCH@Z
0x00010a2c	0x00010746	?ScreenScroll@advManager@@QAEXCH@Z
0x00010a43	0x00010746	?ScreenScroll@advManager@@QAEXCH@Z
0x00010a5d	0x00010746	?ScreenScroll@advManager@@QAEXCH@Z
0x00010a62	0x000a7164	?gpMouseManager@@3PAVmouseManager@@A
0x00010a71	0x000a7164	?gpMouseManager@@3PAVmouseManager@@A
0x00010aa0	0x000a7164	?gpMouseManager@@3PAVmouseManager@@A
0x00010aa5	0x0006b8b2	?SetPointer@mouseManager@@QAEXF@Z
0x00010ac0	0x000a7164	?gpMouseManager@@3PAVmouseManager@@A
0x00010ac5	0x0006c00c	?MouseCoords@mouseManager@@QAEXAAF0@Z
0x00010b3f	0x000a74a8	?gpWindowManager@@3PAVheroWindowManager@@A
0x00010b44	0x0006a4b4	?BroadcastMessage@heroWindowManager@@QAEFFFFF@Z
0x00010b6c	0x000a9904	?gHeroMoving@@3HA
0x00010b75	0x000b4ba8	?gCurPlayerData@@3PAVplayerData@@A
0x00010b89	0x000b4ba8	?gCurPlayerData@@3PAVplayerData@@A
0x00010b96	0x000a7ba0	?gpGame@@3PAVgame@@A
0x00010bd3	0x000b4ba8	?gCurPlayerData@@3PAVplayerData@@A
0x00010bec	0x0000af3e	?MobilizeCurrHero@advManager@@QAEXH@Z
0x00010bf7	0x000b4ba8	?gCurPlayerData@@3PAVplayerData@@A
0x00010c04	0x000b4ba8	?gCurPlayerData@@3PAVplayerData@@A
0x00010c14	0x000a7ba0	?gpGame@@3PAVgame@@A
0x00010c4e	0x000b4ba8	?gCurPlayerData@@3PAVplayerData@@A
0x00010c5b	0x000b4ba8	?gCurPlayerData@@3PAVplayerData@@A
0x00010c68	0x000a7ba0	?gpGame@@3PAVgame@@A
0x00010cd8	0x00006d26	?GetCell@advManager@@QAEPAVmapCell@@FF@Z
0x00010ce5	0x000a7638	?giGroundToTerrain@@3PACA
0x00010cfb	0x000692fd	?PlayMusic@@YAXH@Z
0x00010d24	0x0000f038	?SetEnvironmentOrigin@advManager@@QAEXFFF@Z
0x00010d32	0x000a7164	?gpMouseManager@@3PAVmouseManager@@A
0x00010d37	0x0006c00c	?MouseCoords@mouseManager@@QAEXAAF0@Z
0x00010d4d	0x000a7164	?gpMouseManager@@3PAVmouseManager@@A
0x00010d52	0x0006bff2	?WarpPointer@mouseManager@@QAEXFF@Z
0x00010d5e	0x00003609	?Reseed@advManager@@QAEXHH@Z
0x00010d66	0x00010577	?CheckDimNextHeroBut@advManager@@QAEXXZ
0x00010d77	0x000a7164	?gpMouseManager@@3PAVmouseManager@@A
0x00010d7c	0x0006bf87	?ReallyHidePointer@mouseManager@@QAEXXZ
0x00010d83	0x000b4aa4	?giCurPlayer@@3CA
0x00010d8a	0x000a7b94	?gbThisNetHumanPlayer@@3PACA
0x00010d95	0x0008edb4	$SG45052
0x00010d95	0x0008edb4	$SG45089
0x00010d9b	0x000a7164	?gpMouseManager@@3PAVmouseManager@@A
0x00010da0	0x0006b84a	?SetPointer@mouseManager@@QAEXPADF@Z
0x00010da9	0x0008edc0	$SG45053
0x00010da9	0x0008edc0	$SG45090
0x00010daf	0x000a7ba0	?gpGame@@3PAVgame@@A
0x00010db4	0x0002cc73	?LoadGame@game@@QAEFPADHH@Z
0x00010dbb	0x000b4aa4	?giCurPlayer@@3CA
0x00010dc2	0x000a7b94	?gbThisNetHumanPlayer@@3PACA
0x00010dcc	0x000a7ba0	?gpGame@@3PAVgame@@A
0x00010dd1	0x000363dc	?CancelComputerScreen@game@@QAEXXZ
0x00010dd7	0x000a7ba0	?gpGame@@3PAVgame@@A
0x00010ddc	0x00037b7f	?DoNewTurn@game@@QAEXXZ
0x00010de8	0x00007ae5	?UpdateHeroLocators@advManager@@QAEXCC@Z
0x00010df4	0x00007bb8	?UpdateTownLocators@advManager@@QAEXCC@Z
0x00010e00	0x00006d7e	?UpdateRadar@advManager@@QAEXCH@Z
0x00010e06	0x000a7164	?gpMouseManager@@3PAVmouseManager@@A
0x00010e0b	0x0006bf6f	?ReallyShowPointer@mouseManager@@QAEXXZ
0x00010e19	0x00007ddd	?UpdBottomView@advManager@@QAEXCCC@Z
0x00010e1f	0x000a7ba0	?gpGame@@3PAVgame@@A
0x00010e32	0x000a7ba0	?gpGame@@3PAVgame@@A
0x00010e46	0x000a7ba0	?gpGame@@3PAVgame@@A
0x00010e5a	0x000a9944	?gRemoteOn@@3HA
0x00010e64	0x000b4aa4	?giCurPlayer@@3CA
0x00010e6b	0x000a7b94	?gbThisNetHumanPlayer@@3PACA
0x00010e75	0x00093434	?gForceSwitchMusic@@3HA
0x00010e7f	0x000692fd	?PlayMusic@@YAXH@Z
0x00010e87	0x00044b4e	?KBTickCount@@YAHXZ
0x00010e8c	0x00093434	?gForceSwitchMusic@@3HA
0x00010e92	0x000a7480	?gpAdvManager@@3PAVadvManager@@A
0x00010e97	0x00010707	?ForceNewHover@advManager@@QAEXXZ
0x00010eab	0x000534cb	?GetRemoteData@@YAPADC@Z
0x00010ef3	0x00010fbc	$L45925
0x00010efa	0x00010fa8	$L45926
0x00010f17	0x000a7ba0	?gpGame@@3PAVgame@@A
0x00010f1c	0x000376cf	?ReceiveSaveGame@game@@QAEHHH@Z
0x00010f27	0x00041824	?ShutDown@@YAXPAD@Z
0x00010f41	0x0003f956	?ReceiveRemotePlayerExit@@YAXCCCC@Z
0x00010f4c	0x00010d6e	?LoadRemote@advManager@@QAEXXZ
0x00010f5a	0x000411a2	?PopNetBox@@YAXPAD@Z
0x00010f66	0x000a9930	?gInCombat@@3CA
0x00010f7b	0x00028f98	?DoNetCombat@advManager@@QAEHPAD@Z
0x00010f94	0x0003f956	?ReceiveRemotePlayerExit@@YAXCCCC@Z
0x00010fa8	0x00010efe	$L45069
0x00010fac	0x00010f52	$L45072
0x00010fb0	0x00010f63	$L45073
0x00010fb4	0x00010f81	$L45078
0x00010fb8	0x00010f9d	$L45079
0x00010ff3	0x000a7164	?gpMouseManager@@3PAVmouseManager@@A
0x00010ffb	0x000a7164	?gpMouseManager@@3PAVmouseManager@@A
0x0001100a	0x00047aa1	?CheckDoMain@@YAXHH@Z
0x00011037	0x000411a2	?PopNetBox@@YAXPAD@Z
0x0001106f	0x00007ddd	?UpdBottomView@advManager@@QAEXCCC@Z
0x00011087	0x00093440	?gHighMemBuffer@@3HA
0x0001108f	0x00093440	?gHighMemBuffer@@3HA
0x000110be	0x000784e0	_memset
0x000111f8	0x000a74d8	?gpResourceManager@@3PAVresourceManager@@A
0x000111fd	0x0006c705	?Dispose@resourceManager@@QAEXPAVresource@@@Z
0x00011228	0x000a7480	?gpAdvManager@@3PAVadvManager@@A
0x00011261	0x0006da11	?BroadcastMessage@heroWindow@@QAEFAAUtag_message@@@Z
0x00011279	0x0006da11	?BroadcastMessage@heroWindow@@QAEFAAUtag_message@@@Z
0x00011291	0x0006da11	?BroadcastMessage@heroWindow@@QAEFAAUtag_message@@@Z
0x000112a9	0x0006da11	?BroadcastMessage@heroWindow@@QAEFAAUtag_message@@@Z
0x000112c1	0x0006da11	?BroadcastMessage@heroWindow@@QAEFAAUtag_message@@@Z
0x000112d9	0x0006da11	?BroadcastMessage@heroWindow@@QAEFAAUtag_message@@@Z
0x000112eb	0x000a7480	?gpAdvManager@@3PAVadvManager@@A
0x00011324	0x0006da11	?BroadcastMessage@heroWindow@@QAEFAAUtag_message@@@Z
0x0001133c	0x0006da11	?BroadcastMessage@heroWindow@@QAEFAAUtag_message@@@Z
0x00011354	0x0006da11	?BroadcastMessage@heroWindow@@QAEFAAUtag_message@@@Z
0x0001136c	0x0006da11	?BroadcastMessage@heroWindow@@QAEFAAUtag_message@@@Z
0x00011384	0x0006da11	?BroadcastMessage@heroWindow@@QAEFAAUtag_message@@@Z
0x0001139c	0x0006da11	?BroadcastMessage@heroWindow@@QAEFAAUtag_message@@@Z
0x000113c4	0x0007831b	_malloc
0x000113e2	0x000a74a8	?gpWindowManager@@3PAVheroWindowManager@@A
0x00011415	0x00078550	_memcpy
0x0001145c	0x00078550	_memcpy
0x00011476	0x00078550	_memcpy
0x000114bd	0x00078550	_memcpy
0x000114fe	0x000a98d8	?gNoBorder@@3HA
0x0001150c	0x000a74a8	?gpWindowManager@@3PAVheroWindowManager@@A
0x0001154b	0x00078550	_memcpy
0x00011591	0x00078550	_memcpy
0x000115ab	0x00078550	_memcpy
0x000115f2	0x00078550	_memcpy
0x000116df	0x000a7ba0	?gpGame@@3PAVgame@@A
0x000116fd	0x00038f20	??0hero@@QAE@XZ
0x00011708	0x000184b0	??0armyGroup@@QAE@XZ
0x00011903	0x0008a3e8	__real@8@3fff9999999999999800
0x00011908	0x000782f4	__ftol
0x0001195c	0x000a74e4	?gpPhilAI@@3PAVphilAI@@A
0x00011961	0x0004cd57	?FightValueOfStack@philAI@@QAEHPAVarmyGroup@@PAVhero@@HCC@Z
0x00011997	0x0008a3e0	__real@8@3fff8cccccccccccd000
0x0001199c	0x000782f4	__ftol
0x00011a41	0x00090d98	?gArtifactBaseRV@@3PAHA
0x00011a76	0x0008a3e0	__real@8@3fff8cccccccccccd000
0x00011a8f	0x000782f4	__ftol
0x00011af3	0x0008a3d8	__real@8@3ffaf5c28f5c28f5c000
0x00011b13	0x0008a3d0	__real@8@3ffaccccccccccccd000
0x00011b30	0x0008a3c8	__real@8@3ffaa3d70a3d70a3d800
0x00011baf	0x0008a3c0	__real@8@3ffba3d70a3d70a3d800
0x00011be0	0x0008a3d8	__real@8@3ffaf5c28f5c28f5c000
0x00011c0e	0x0008a3c8	__real@8@3ffaa3d70a3d70a3d800
0x00011c3c	0x0008a3b8	__real@8@3ff9a3d70a3d70a3d800
0x00011c85	0x0008a3b0	__real@8@3ff9f5c28f5c28f5c000
0x00011cc6	0x0008a3d8	__real@8@3ffaf5c28f5c28f5c000
0x00011cfb	0x000a7ba0	?gpGame@@3PAVgame@@A
0x00011d1c	0x0008a3b0	__real@8@3ff9f5c28f5c28f5c000
0x00011d71	0x000a6aac	?gNextAction@@3HA
0x00011d9d	0x000a7164	?gpMouseManager@@3PAVmouseManager@@A
0x00011da2	0x0006bf87	?ReallyHidePointer@mouseManager@@QAEXXZ
0x00011dfb	0x000125fa	?GetShooterMask@combatManager@@QAEFC@Z
0x00011e16	0x000125fa	?GetShooterMask@combatManager@@QAEFC@Z
0x00011e31	0x000126b1	?GetFlyerMask@combatManager@@QAEFC@Z
0x00011e4c	0x000126b1	?GetFlyerMask@combatManager@@QAEFC@Z
0x00011e67	0x0001275a	?GetWalkerMask@combatManager@@QAEFC@Z
0x00011e82	0x0001275a	?GetWalkerMask@combatManager@@QAEFC@Z
0x00011ead	0x00012a5e	?GetStrength@combatManager@@QAEICF@Z
0x00011ed1	0x00012a5e	?GetStrength@combatManager@@QAEICF@Z
0x00011f1d	0x00012a5e	?GetStrength@combatManager@@QAEICF@Z
0x00011f5b	0x00012a5e	?GetStrength@combatManager@@QAEICF@Z
0x00011f74	0x00012a5e	?GetStrength@combatManager@@QAEICF@Z
0x000120d3	0x00012c92	?AttemptAdjacentAttack@combatManager@@QAECPAVarmy@@@Z
0x000120f5	0x0001281e	?GetBestArmy@combatManager@@QAEFCF@Z
0x00012107	0x000a6aac	?gNextAction@@3HA
0x00012131	0x000a6aa8	?giNextActionGridIndex@@3HA
0x0001214c	0x0001281e	?GetBestArmy@combatManager@@QAEFCF@Z
0x0001215e	0x000a6aac	?gNextAction@@3HA
0x00012188	0x000a6aa8	?giNextActionGridIndex@@3HA
0x000121b4	0x0001295c	?GetClosestArmy@combatManager@@QAEFPAVarmy@@CF@Z
0x000121c6	0x000a6aac	?gNextAction@@3HA
0x000121f0	0x000a6aa8	?giNextActionGridIndex@@3HA
0x00012224	0x00012b0f	?AttemptAttack@combatManager@@QAECPAVarmy@@CF@Z
0x0001224a	0x00012b0f	?AttemptAttack@combatManager@@QAECPAVarmy@@CF@Z
0x00012270	0x00012b0f	?AttemptAttack@combatManager@@QAECPAVarmy@@CF@Z
0x00012298	0x00012b0f	?AttemptAttack@combatManager@@QAECPAVarmy@@CF@Z
0x000122be	0x00012b0f	?AttemptAttack@combatManager@@QAECPAVarmy@@CF@Z
0x000122e4	0x00012b0f	?AttemptAttack@combatManager@@QAECPAVarmy@@CF@Z
0x00012301	0x00012c92	?AttemptAdjacentAttack@combatManager@@QAECPAVarmy@@@Z
0x00012343	0x00012f0e	?WalkTowardArmyFront@combatManager@@QAECPAVarmy@@CF@Z
0x0001236b	0x00012b0f	?AttemptAttack@combatManager@@QAECPAVarmy@@CF@Z
0x00012391	0x00012b0f	?AttemptAttack@combatManager@@QAECPAVarmy@@CF@Z
0x000123b7	0x00012b0f	?AttemptAttack@combatManager@@QAECPAVarmy@@CF@Z
0x000123dd	0x000130f8	?WalkTowardArmy@combatManager@@QAECPAVarmy@@CF@Z
0x00012403	0x000130f8	?WalkTowardArmy@combatManager@@QAECPAVarmy@@CF@Z
0x00012429	0x000130f8	?WalkTowardArmy@combatManager@@QAECPAVarmy@@CF@Z
0x0001248d	0x000a7828	?gpCombatManager@@3PAVcombatManager@@A
0x0001249d	0x0001c7ff	?ValidHex@@YAHH@Z
0x000124c2	0x000a6aac	?gNextAction@@3HA
0x000124cf	0x000a6aa8	?giNextActionGridIndex@@3HA
0x000124da	0x000a6aac	?gNextAction@@3HA
0x000124e4	0x000a6aac	?gNextAction@@3HA
0x000124f1	0x000a6aa8	?giNextActionGridIndex@@3HA
0x000124fe	0x000a6aa8	?giNextActionGridIndex@@3HA
0x0001250b	0x000a6aa8	?giNextActionGridIndex@@3HA
0x00012513	0x000a7828	?gpCombatManager@@3PAVcombatManager@@A
0x00012541	0x000a6aa8	?giNextActionGridIndex@@3HA
0x0001254a	0x00046ad2	?GetAdjacentCellIndex@army@@QAEFFF@Z
0x00012568	0x000a7828	?gpCombatManager@@3PAVcombatManager@@A
0x0001258b	0x000a6aa8	?giNextActionGridIndex@@3HA
0x00012889	0x00017d6f	?Strength@army@@QAEIXZ
0x00012928	0x00017d6f	?Strength@army@@QAEIXZ
0x00012a1f	0x000a74ac	?gpSearchArray@@3PAVsearchArray@@A
0x00012a24	0x00029ca0	?QuickDistance@searchArray@@QAEFFFFF@Z
0x00012aea	0x00017d6f	?Strength@army@@QAEIXZ
0x00012b3d	0x000128bd	?GetWorstArmy@combatManager@@QAEFCF@Z
0x00012b54	0x0001281e	?GetBestArmy@combatManager@@QAEFCF@Z
0x00012bb4	0x0004656e	?ValidPath@army@@QAEFFC@Z
0x00012bc1	0x000a6aac	?gNextAction@@3HA
0x00012bcd	0x000a6aa8	?giNextActionGridIndex@@3HA
0x00012c4b	0x0004656e	?ValidPath@army@@QAEFFC@Z
0x00012c58	0x000a6aac	?gNextAction@@3HA
0x00012c65	0x000a6aa8	?giNextActionGridIndex@@3HA
0x00012cac	0x00046666	?GetAttackMask@army@@QAEFFCC@Z
0x00012d19	0x00046ad2	?GetAdjacentCellIndex@army@@QAEFFF@Z
0x00012d27	0x0001c7ff	?ValidHex@@YAHH@Z
0x00012dfd	0x00046ad2	?GetAdjacentCellIndex@army@@QAEFFF@Z
0x00012e8f	0x000128bd	?GetWorstArmy@combatManager@@QAEFCF@Z
0x00012eb4	0x0001281e	?GetBestArmy@combatManager@@QAEFCF@Z
0x00012ec7	0x000a6aac	?gNextAction@@3HA
0x00012efe	0x000a6aa8	?giNextActionGridIndex@@3HA
0x00012f35	0x0001295c	?GetClosestArmy@combatManager@@QAEFPAVarmy@@CF@Z
0x00012ffc	0x000130f8	?WalkTowardArmy@combatManager@@QAECPAVarmy@@CF@Z
0x0001302b	0x000a74ac	?gpSearchArray@@3PAVsearchArray@@A
0x00013030	0x00029da0	?FindCombatPath@searchArray@@QAEFFFPAVarmy@@C@Z
0x00013044	0x000a74ac	?gpSearchArray@@3PAVsearchArray@@A
0x00013054	0x000a6aac	?gNextAction@@3HA
0x00013069	0x000a74ac	?gpSearchArray@@3PAVsearchArray@@A
0x0001307f	0x000a6aa8	?giNextActionGridIndex@@3HA
0x00013099	0x000a74ac	?gpSearchArray@@3PAVsearchArray@@A
0x000130a9	0x000a6aa8	?giNextActionGridIndex@@3HA
0x000130b2	0x00046ad2	?GetAdjacentCellIndex@army@@QAEFFF@Z
0x000130bb	0x000a6aa8	?giNextActionGridIndex@@3HA
0x000130ee	0x000130f8	?WalkTowardArmy@combatManager@@QAECPAVarmy@@CF@Z
0x00013112	0x0001295c	?GetClosestArmy@combatManager@@QAEFPAVarmy@@CF@Z
0x00013176	0x00046666	?GetAttackMask@army@@QAEFFCC@Z
0x0001318c	0x000a6aac	?gNextAction@@3HA
0x000131c1	0x000a74ac	?gpSearchArray@@3PAVsearchArray@@A
0x000131c6	0x00029da0	?FindCombatPath@searchArray@@QAEFFFPAVarmy@@C@Z
0x00013233	0x000a74ac	?gpSearchArray@@3PAVsearchArray@@A
0x00013238	0x00029da0	?FindCombatPath@searchArray@@QAEFFFPAVarmy@@C@Z
0x0001324c	0x000a74ac	?gpSearchArray@@3PAVsearchArray@@A
0x0001325c	0x000a6aac	?gNextAction@@3HA
0x00013271	0x000a74ac	?gpSearchArray@@3PAVsearchArray@@A
0x00013287	0x000a6aa8	?giNextActionGridIndex@@3HA
0x000132a2	0x000a74ac	?gpSearchArray@@3PAVsearchArray@@A
0x000132b2	0x000a6aa8	?giNextActionGridIndex@@3HA
0x000132bb	0x00046ad2	?GetAdjacentCellIndex@army@@QAEFFF@Z
0x000132c4	0x000a6aa8	?giNextActionGridIndex@@3HA
0x000133a7	0x000a9400	?gLoadedEffectIcn@@3PAVicon@@A
0x000133b2	0x000a74e8	?gEffectFileId@@3FA
0x000133bb	0x000a7478	?gImpactOverlayFrame@@3FA
0x0001345d	0x000133ec	?InitClean@army@@QAEXXZ
0x00013475	0x00091408	?gMonsterDatabase@@3PAUtag_monsterInfo@@A
0x00013475	0x00091414	?gMonsterDatabase@@3PAUtag_monsterInfo@@A
0x00013482	0x00078550	_memcpy
0x000134a6	0x000a7828	?gpCombatManager@@3PAVcombatManager@@A
0x00013574	0x000925fc	?gArmySpriteNames@@3PAPADA
0x0001357e	0x00077c60	_strcpy
0x00013588	0x0008edcc	$SG22668
0x00013588	0x0008edcc	$SG22707
0x00013591	0x00077c60	_strcpy
0x0001359d	0x0008edd8	$SG22669
0x0001359d	0x0008edd8	$SG22708
0x000135a2	0x000a7168	?gText@@3PADA
0x000135a7	0x0007823f	_sprintf
0x000135b0	0x00092190	?gMonoIconSkip@@3HA
0x000135b9	0x000a7168	?gText@@3PADA
0x000135bf	0x000a74d8	?gpResourceManager@@3PAVresourceManager@@A
0x000135c4	0x0006c3db	?GetIcon@resourceManager@@QAEPAVicon@@PAD@Z
0x000135d0	0x00092190	?gMonoIconSkip@@3HA
0x000135dd	0x0008ede0	$SG22670
0x000135dd	0x0008ede0	$SG22709
0x000135e2	0x000a7168	?gText@@3PADA
0x000135e7	0x0007823f	_sprintf
0x000135ef	0x000a7168	?gText@@3PADA
0x000135f5	0x000a74d8	?gpResourceManager@@3PAVresourceManager@@A
0x000135fa	0x0006c3db	?GetIcon@resourceManager@@QAEPAVicon@@PAD@Z
0x0001360d	0x0008ede8	$SG22671
0x0001360d	0x0008ede8	$SG22710
0x00013612	0x000a7168	?gText@@3PADA
0x00013617	0x0007823f	_sprintf
0x0001361f	0x000a7168	?gText@@3PADA
0x00013625	0x000a74d8	?gpResourceManager@@3PAVresourceManager@@A
0x0001362a	0x0006c646	?GetSample@resourceManager@@QAEPAVsample@@PAD@Z
0x0001363d	0x0008edf8	$SG22672
0x0001363d	0x0008edf8	$SG22711
0x00013642	0x000a7168	?gText@@3PADA
0x00013647	0x0007823f	_sprintf
0x0001364f	0x000a7168	?gText@@3PADA
0x00013655	0x000a74d8	?gpResourceManager@@3PAVresourceManager@@A
0x0001365a	0x0006c646	?GetSample@resourceManager@@QAEPAVsample@@PAD@Z
0x0001366d	0x0008ee08	$SG22673
0x0001366d	0x0008ee08	$SG22712
0x00013672	0x000a7168	?gText@@3PADA
0x00013677	0x0007823f	_sprintf
0x0001367f	0x000a7168	?gText@@3PADA
0x00013685	0x000a74d8	?gpResourceManager@@3PAVresourceManager@@A
0x0001368a	0x0006c646	?GetSample@resourceManager@@QAEPAVsample@@PAD@Z
0x000136a6	0x0008ee18	$SG22675
0x000136a6	0x0008ee18	$SG22714
0x000136ab	0x000a7168	?gText@@3PADA
0x000136b0	0x0007823f	_sprintf
0x000136b8	0x000a7168	?gText@@3PADA
0x000136be	0x000a74d8	?gpResourceManager@@3PAVresourceManager@@A
0x000136c3	0x0006c3db	?GetIcon@resourceManager@@QAEPAVicon@@PAD@Z
0x000136d6	0x0008ee20	$SG22676
0x000136d6	0x0008ee20	$SG22715
0x000136db	0x000a7168	?gText@@3PADA
0x000136e0	0x0007823f	_sprintf
0x000136e8	0x000a7168	?gText@@3PADA
0x000136ee	0x000a74d8	?gpResourceManager@@3PAVresourceManager@@A
0x000136f3	0x0006c646	?GetSample@resourceManager@@QAEPAVsample@@PAD@Z
0x0001377b	0x000a74d8	?gpResourceManager@@3PAVresourceManager@@A
0x00013780	0x0006c705	?Dispose@resourceManager@@QAEXPAVresource@@@Z
0x000137a0	0x000a74d8	?gpResourceManager@@3PAVresourceManager@@A
0x000137a5	0x0006c705	?Dispose@resourceManager@@QAEXPAVresource@@@Z
0x000137d2	0x000a74d8	?gpResourceManager@@3PAVresourceManager@@A
0x000137d7	0x0006c705	?Dispose@resourceManager@@QAEXPAVresource@@@Z
0x00013817	0x000a74d8	?gpResourceManager@@3PAVresourceManager@@A
0x0001381c	0x0006c705	?Dispose@resourceManager@@QAEXPAVresource@@@Z
0x000138c9	0x000a955c	?gbIconClipOn@@3CA
0x0001392a	0x00013f77	$L23447
0x00013952	0x00013f93	$L23448
0x00013959	0x00013f87	$L23449
0x0001398f	0x00071453	?DimToBuffer@icon@@QAEXFFFCC@Z
0x000139c7	0x00071453	?DimToBuffer@icon@@QAEXFFFCC@Z
0x000139ff	0x00071453	?DimToBuffer@icon@@QAEXFFFCC@Z
0x00013a39	0x00070f8a	?DrawToBuffer@icon@@QAEXFFFCC@Z
0x00013a62	0x00070f8a	?DrawToBuffer@icon@@QAEXFFFCC@Z
0x00013a6e	0x000a7828	?gpCombatManager@@3PAVcombatManager@@A
0x00013a7f	0x000a7828	?gpCombatManager@@3PAVcombatManager@@A
0x00013ab2	0x000712f5	?FillToBuffer@icon@@QAEXFFFFCC@Z
0x00013ae9	0x00013fa0	$L23450
0x00013b32	0x000712f5	?FillToBuffer@icon@@QAEXFFFFCC@Z
0x00013ba6	0x000a7828	?gpCombatManager@@3PAVcombatManager@@A
0x00013bb1	0x00070f8a	?DrawToBuffer@icon@@QAEXFFFCC@Z
0x00013bc7	0x000a7828	?gpCombatManager@@3PAVcombatManager@@A
0x00013c43	0x000a7828	?gpCombatManager@@3PAVcombatManager@@A
0x00013c4e	0x00070f8a	?DrawToBuffer@icon@@QAEXFFFCC@Z
0x00013c5b	0x0008ee30	$SG22750
0x00013c64	0x0007823f	_sprintf
0x00013c86	0x000a7828	?gpCombatManager@@3PAVcombatManager@@A
0x00013c91	0x0007203d	?DrawBoundedString@font@@QAEXPADFFFFFF@Z
0x00013ccc	0x00071453	?DimToBuffer@icon@@QAEXFFFCC@Z
0x00013cf5	0x00070f8a	?DrawToBuffer@icon@@QAEXFFFCC@Z
0x00013d3c	0x00071453	?DimToBuffer@icon@@QAEXFFFCC@Z
0x00013d5e	0x00070f8a	?DrawToBuffer@icon@@QAEXFFFCC@Z
0x00013d87	0x00070f8a	?DrawToBuffer@icon@@QAEXFFFCC@Z
0x00013dc5	0x00013fcc	$L23451
0x00013dcc	0x00013fc0	$L23452
0x00013e02	0x00071453	?DimToBuffer@icon@@QAEXFFFCC@Z
0x00013e3a	0x00071453	?DimToBuffer@icon@@QAEXFFFCC@Z
0x00013e72	0x00071453	?DimToBuffer@icon@@QAEXFFFCC@Z
0x00013e9b	0x00070f8a	?DrawToBuffer@icon@@QAEXFFFCC@Z
0x00013f33	0x000a7828	?gpCombatManager@@3PAVcombatManager@@A
0x00013f3e	0x00070f8a	?DrawToBuffer@icon@@QAEXFFFCC@Z
0x00013f50	0x000a7478	?gImpactOverlayFrame@@3FA
0x00013f61	0x000a9400	?gLoadedEffectIcn@@3PAVicon@@A
0x00013f66	0x00070f8a	?DrawToBuffer@icon@@QAEXFFFCC@Z
0x00013f6c	0x000a955c	?gbIconClipOn@@3CA
0x00013f77	0x0001392e	$L22717
0x00013f7b	0x00013c9a	$L22751
0x00013f7f	0x00013cfe	$L22753
0x00013f83	0x00013d90	$L22756
0x00013f87	0x00013995	$L22724
0x00013f8b	0x0001395d	$L22722
0x00013f8f	0x000139cd	$L22726
0x00013fa0	0x00013aed	$L22735
0x00013fa4	0x00013af5	$L22736
0x00013fa8	0x00013af5	$L22736
0x00013fac	0x00013aed	$L22735
0x00013fb0	0x00013aed	$L22735
0x00013fb4	0x00013af5	$L22736
0x00013fb8	0x00013af5	$L22736
0x00013fbc	0x00013aed	$L22735
0x00013fc0	0x00013e08	$L22764
0x00013fc4	0x00013dd0	$L22762
0x00013fc8	0x00013e40	$L22766
0x0001400a	0x000a7828	?gpCombatManager@@3PAVcombatManager@@A
0x0001400f	0x00023670	?UpdateGrid@combatManager@@QAEXFF@Z
0x0001401f	0x000a7828	?gpCombatManager@@3PAVcombatManager@@A
0x00014024	0x00023d6c	?DrawFrame@combatManager@@QAEXC@Z
0x0001405f	0x000a7828	?gpCombatManager@@3PAVcombatManager@@A
0x00014064	0x00023670	?UpdateGrid@combatManager@@QAEXFF@Z
0x00014077	0x000a7828	?gpCombatManager@@3PAVcombatManager@@A
0x0001407c	0x00023acc	?SetGridMode@combatManager@@QAEXC@Z
0x0001409b	0x000a9564	?giMinExtentY@@3HA
0x000140a5	0x000a9564	?giMinExtentY@@3HA
0x000140ab	0x000a9560	?giMinExtentX@@3HA
0x000140b1	0x000a7b78	?giMaxExtentY@@3HA
0x000140bb	0x000a7b78	?giMaxExtentY@@3HA
0x000140c1	0x000a7b74	?giMaxExtentX@@3HA
0x000140c7	0x000a9934	?gComputeExtent@@3HA
0x000140d1	0x000a9938	?gSaveBiggestExtent@@3HA
0x000140e5	0x000a7828	?gpCombatManager@@3PAVcombatManager@@A
0x000140fa	0x000a7828	?gpCombatManager@@3PAVcombatManager@@A
0x00014108	0x00013834	?DrawToBuffer@army@@QAEXFF@Z
0x0001410e	0x000a9938	?gSaveBiggestExtent@@3HA
0x00014118	0x000a9934	?gComputeExtent@@3HA
0x00014122	0x000a9560	?giMinExtentX@@3HA
0x0001412b	0x000a9560	?giMinExtentX@@3HA
0x00014135	0x000a9564	?giMinExtentY@@3HA
0x0001413e	0x000a9564	?giMinExtentY@@3HA
0x00014148	0x000a7b74	?giMaxExtentX@@3HA
0x00014154	0x000a7b74	?giMaxExtentX@@3HA
0x0001415e	0x000a7b78	?giMaxExtentY@@3HA
0x0001416a	0x000a7b78	?giMaxExtentY@@3HA
0x00014174	0x000a9560	?giMinExtentX@@3HA
0x0001417f	0x000a9564	?giMinExtentY@@3HA
0x0001418b	0x000a7b74	?giMaxExtentX@@3HA
0x00014197	0x000a7b78	?giMaxExtentY@@3HA
0x0001425d	0x0003b700	??0hexcell@@QAE@XZ
0x00014265	0x0003b700	??0hexcell@@QAE@XZ
0x00014287	0x00046ad2	?GetAdjacentCellIndex@army@@QAEFFF@Z
0x00014295	0x0001c7ff	?ValidHex@@YAHH@Z
0x000142af	0x000a7828	?gpCombatManager@@3PAVcombatManager@@A
0x000142bc	0x0003b73f	?TakeOccupant@hexcell@@QAEPAV1@PAV1@@Z
0x000142eb	0x000a7828	?gpCombatManager@@3PAVcombatManager@@A
0x000142f8	0x0003b73f	?TakeOccupant@hexcell@@QAEPAV1@PAV1@@Z
0x00014309	0x000a7828	?gpCombatManager@@3PAVcombatManager@@A
0x00014312	0x0003b73f	?TakeOccupant@hexcell@@QAEPAV1@PAV1@@Z
0x00014335	0x0001c7ff	?ValidHex@@YAHH@Z
0x00014359	0x000a7828	?gpCombatManager@@3PAVcombatManager@@A
0x00014362	0x0003b73f	?TakeOccupant@hexcell@@QAEPAV1@PAV1@@Z
0x000143cf	0x000a7828	?gpCombatManager@@3PAVcombatManager@@A
0x000143d4	0x00023acc	?SetGridMode@combatManager@@QAEXC@Z
0x000143f0	0x00068b37	?PlaySample@@YAXPAVsample@@@Z
0x0001440c	0x0001c7ff	?ValidHex@@YAHH@Z
0x00014423	0x000a7828	?gpCombatManager@@3PAVcombatManager@@A
0x00014430	0x000a7828	?gpCombatManager@@3PAVcombatManager@@A
0x00014435	0x00023d6c	?DrawFrame@combatManager@@QAEXC@Z
0x00014442	0x0001c7ff	?ValidHex@@YAHH@Z
0x00014459	0x000a7828	?gpCombatManager@@3PAVcombatManager@@A
0x0001445f	0x000a7828	?gpCombatManager@@3PAVcombatManager@@A
0x00014480	0x000a7828	?gpCombatManager@@3PAVcombatManager@@A
0x0001448d	0x000a74a8	?gpWindowManager@@3PAVheroWindowManager@@A
0x00014495	0x00073501	?CopyTo@bitmap@@QAEXPAV1@HHHHHH@Z
0x0001449a	0x000a7828	?gpCombatManager@@3PAVcombatManager@@A
0x000144d8	0x000a7b78	?giMaxExtentY@@3HA
0x000144de	0x000a9564	?giMinExtentY@@3HA
0x000144e7	0x000a7b74	?giMaxExtentX@@3HA
0x000144ed	0x000a9560	?giMinExtentX@@3HA
0x000144f7	0x000a9564	?giMinExtentY@@3HA
0x000144fe	0x000a9560	?giMinExtentX@@3HA
0x00014504	0x000a9564	?giMinExtentY@@3HA
0x0001450b	0x000a9560	?giMinExtentX@@3HA
0x00014512	0x000a74a8	?gpWindowManager@@3PAVheroWindowManager@@A
0x0001451c	0x000a7828	?gpCombatManager@@3PAVcombatManager@@A
0x00014527	0x00073501	?CopyTo@bitmap@@QAEXPAV1@HHHHHH@Z
0x0001452d	0x000a9560	?giMinExtentX@@3HA
0x00014535	0x000a9564	?giMinExtentY@@3HA
0x0001453e	0x000a7b74	?giMaxExtentX@@3HA
0x00014547	0x000a7b78	?giMaxExtentY@@3HA
0x00014550	0x000a9564	?giMinExtentY@@3HA
0x00014559	0x000a9564	?giMinExtentY@@3HA
0x0001455e	0x000a9560	?giMinExtentX@@3HA
0x00014564	0x000a7b78	?giMaxExtentY@@3HA
0x0001456e	0x000a7b78	?giMaxExtentY@@3HA
0x00014574	0x000a7b74	?giMaxExtentX@@3HA
0x0001457a	0x000a9934	?gComputeExtent@@3HA
0x00014584	0x000a9938	?gSaveBiggestExtent@@3HA
0x00014598	0x000a7828	?gpCombatManager@@3PAVcombatManager@@A
0x000145ae	0x000a7828	?gpCombatManager@@3PAVcombatManager@@A
0x000145bc	0x00013834	?DrawToBuffer@army@@QAEXFF@Z
0x000145c2	0x000a9934	?gComputeExtent@@3HA
0x000145cc	0x000a9938	?gSaveBiggestExtent@@3HA
0x000145d6	0x000a9560	?giMinExtentX@@3HA
0x000145df	0x000a9560	?giMinExtentX@@3HA
0x000145e9	0x000a9564	?giMinExtentY@@3HA
0x000145f2	0x000a9564	?giMinExtentY@@3HA
0x000145fc	0x000a7b74	?giMaxExtentX@@3HA
0x00014608	0x000a7b74	?giMaxExtentX@@3HA
0x00014612	0x000a7b78	?giMaxExtentY@@3HA
0x0001461e	0x000a7b78	?giMaxExtentY@@3HA
0x00014628	0x00093438	?gCurrArmyDrawn@@3HA
0x00014632	0x000a9934	?gComputeExtent@@3HA
0x0001463c	0x000a993c	?gLimitToExtent@@3HA
0x0001464f	0x000a7828	?gpCombatManager@@3PAVcombatManager@@A
0x00014654	0x00023d6c	?DrawFrame@combatManager@@QAEXC@Z
0x00014661	0x000a993c	?gLimitToExtent@@3HA
0x0001466b	0x000a9934	?gComputeExtent@@3HA
0x00014675	0x00093438	?gCurrArmyDrawn@@3HA
0x0001467e	0x000a9560	?giMinExtentX@@3HA
0x00014689	0x000a9560	?giMinExtentX@@3HA
0x00014692	0x000a9564	?giMinExtentY@@3HA
0x0001469c	0x000a9564	?giMinExtentY@@3HA
0x000146a5	0x000a7b74	?giMaxExtentX@@3HA
0x000146b0	0x000a7b74	?giMaxExtentX@@3HA
0x000146b8	0x000a7b78	?giMaxExtentY@@3HA
0x000146c3	0x000a7b78	?giMaxExtentY@@3HA
0x000146cb	0x000a98a0	?glTimers@@3PAHA
0x000146d0	0x0004639e	?DelayTil@@YAXPAH@Z
0x000146d8	0x00044b4e	?KBTickCount@@YAHXZ
0x000146e0	0x000a98a0	?glTimers@@3PAHA
0x00014704	0x000a74a8	?gpWindowManager@@3PAVheroWindowManager@@A
0x00014709	0x0006a917	?UpdateScreenRegion@heroWindowManager@@QAEXFFFF@Z
0x0001473f	0x00046ad2	?GetAdjacentCellIndex@army@@QAEFFF@Z
0x0001474d	0x0001c7ff	?ValidHex@@YAHH@Z
0x00014768	0x000a7828	?gpCombatManager@@3PAVcombatManager@@A
0x00014775	0x0003b73f	?TakeOccupant@hexcell@@QAEPAV1@PAV1@@Z
0x000147a7	0x0001c7ff	?ValidHex@@YAHH@Z
0x000147ba	0x000a7828	?gpCombatManager@@3PAVcombatManager@@A
0x000147c7	0x0003b73f	?TakeOccupant@hexcell@@QAEPAV1@PAV1@@Z
0x000147d7	0x000a7828	?gpCombatManager@@3PAVcombatManager@@A
0x000147e0	0x0003b73f	?TakeOccupant@hexcell@@QAEPAV1@PAV1@@Z
0x0001480f	0x0001c7ff	?ValidHex@@YAHH@Z
0x00014825	0x000a7828	?gpCombatManager@@3PAVcombatManager@@A
0x0001482e	0x0003b73f	?TakeOccupant@hexcell@@QAEPAV1@PAV1@@Z
0x0001484a	0x00013fd9	?Stand@army@@QAEXC@Z
0x0001485a	0x00088a6e	__ehreg$?SpecialAttack@army@@QAEXXZ
0x0001547a	0x000a67d8	_?gSecondShot@?1??SpecialAttack@army@@QAEXXZ@4HA
0x0001549d	0x000a67d8	_?gSecondShot@?1??SpecialAttack@army@@QAEXXZ@4HA
0x000154b2	0x000a67d8	_?gSecondShot@?1??SpecialAttack@army@@QAEXXZ@4HA
0x000154df	0x00016fdc	?CheckLuck@army@@QAEXXZ
0x000154eb	0x00068b37	?PlaySample@@YAXPAVsample@@@Z
0x000154fb	0x000a7828	?gpCombatManager@@3PAVcombatManager@@A
0x00015500	0x00023a3a	?ResetLimitCreature@combatManager@@QAEXXZ
0x00015516	0x000a7828	?gpCombatManager@@3PAVcombatManager@@A
0x0001553a	0x000a7828	?gpCombatManager@@3PAVcombatManager@@A
0x00015566	0x000a7828	?gpCombatManager@@3PAVcombatManager@@A
0x00015585	0x000a7828	?gpCombatManager@@3PAVcombatManager@@A
0x0001558a	0x00023d6c	?DrawFrame@combatManager@@QAEXC@Z
0x000155ad	0x00046666	?GetAttackMask@army@@QAEFFCC@Z
0x000155c8	0x00046666	?GetAttackMask@army@@QAEFFCC@Z
0x000155d2	0x000a7828	?gpCombatManager@@3PAVcombatManager@@A
0x000155d7	0x0001c7a0	?ResetHitByCreature@combatManager@@QAEXXZ
0x000156a5	0x00046ad2	?GetAdjacentCellIndex@army@@QAEFFF@Z
0x000156b3	0x0001c7ff	?ValidHex@@YAHH@Z
0x000156ca	0x000a7828	?gpCombatManager@@3PAVcombatManager@@A
0x000156e0	0x000a7828	?gpCombatManager@@3PAVcombatManager@@A
0x00015712	0x000a7828	?gpCombatManager@@3PAVcombatManager@@A
0x00015730	0x000a7828	?gpCombatManager@@3PAVcombatManager@@A
0x0001574a	0x000a7828	?gpCombatManager@@3PAVcombatManager@@A
0x00015787	0x0001717c	?DamageEnemy@army@@QAEXPAV1@PAH1HH@Z
0x000157b1	0x0008eeb0	$SG23048
0x000157ba	0x0008eebc	$SG23049
0x000157c7	0x0008eec8	$SG23050
0x000157d0	0x0008eed0	$SG23051
0x000157e1	0x0008eed8	$SG23052
0x000157ea	0x0008eee4	$SG23053
0x000157f8	0x0009266c	?gArmyNamesPlural@@3PAPADA
0x000157fe	0x0008eeec	$SG23054
0x00015803	0x0008eef4	$SG23055
0x00015808	0x000a7168	?gText@@3PADA
0x0001580d	0x0007823f	_sprintf
0x00015817	0x0008ef10	$SG23057
0x00015820	0x0008ef1c	$SG23058
0x0001582e	0x0009266c	?gArmyNamesPlural@@3PAPADA
0x00015834	0x0008ef24	$SG23059
0x00015839	0x0008ef2c	$SG23060
0x0001583e	0x000a7168	?gText@@3PADA
0x00015843	0x0007823f	_sprintf
0x0001584e	0x000a7168	?gText@@3PADA
0x0001585a	0x000a7168	?gText@@3PADA
0x00015867	0x000a7168	?gText@@3PADA
0x00015877	0x000a7168	?gText@@3PADA
0x00015886	0x000a7168	?gText@@3PADA
0x00015895	0x000a7168	?gText@@3PADA
0x000158a5	0x000a7168	?gText@@3PADA
0x000158b8	0x000a7168	?gText@@3PADA
0x000158c4	0x000a7168	?gText@@3PADA
0x000158cb	0x000a7168	?gText@@3PADA
0x000158d1	0x000a7828	?gpCombatManager@@3PAVcombatManager@@A
0x000158d6	0x00023707	?CombatMessage@combatManager@@QAEXPADH@Z
0x000158e5	0x000174f1	?PowEffect@army@@QAEXC@Z
0x000158f1	0x00068fb6	?WaitSample@@YAXPAVsample@@@Z
0x00015901	0x000a7828	?gpCombatManager@@3PAVcombatManager@@A
0x00015906	0x00023a3a	?ResetLimitCreature@combatManager@@QAEXXZ
0x0001591c	0x000a7828	?gpCombatManager@@3PAVcombatManager@@A
0x00015940	0x000a7828	?gpCombatManager@@3PAVcombatManager@@A
0x0001596b	0x000a7828	?gpCombatManager@@3PAVcombatManager@@A
0x0001598a	0x000a7828	?gpCombatManager@@3PAVcombatManager@@A
0x0001598f	0x00023d6c	?DrawFrame@combatManager@@QAEXC@Z
0x000159b2	0x00046666	?GetAttackMask@army@@QAEFFCC@Z
0x000159cd	0x00046666	?GetAttackMask@army@@QAEFFCC@Z
0x00015a92	0x00046ad2	?GetAdjacentCellIndex@army@@QAEFFF@Z
0x00015aa0	0x0001c7ff	?ValidHex@@YAHH@Z
0x00015ab8	0x000a7828	?gpCombatManager@@3PAVcombatManager@@A
0x00015acf	0x000a7828	?gpCombatManager@@3PAVcombatManager@@A
0x00015afa	0x000a7828	?gpCombatManager@@3PAVcombatManager@@A
0x00015b18	0x000a7828	?gpCombatManager@@3PAVcombatManager@@A
0x00015b32	0x000a7828	?gpCombatManager@@3PAVcombatManager@@A
0x00015b5c	0x00013fd9	?Stand@army@@QAEXC@Z
0x00015b74	0x000a7828	?gpCombatManager@@3PAVcombatManager@@A
0x00015bbc	0x000a7828	?gpCombatManager@@3PAVcombatManager@@A
0x00015bd8	0x000a7828	?gpCombatManager@@3PAVcombatManager@@A
0x00015c0e	0x00013fd9	?Stand@army@@QAEXC@Z
0x00015c1d	0x000a7828	?gpCombatManager@@3PAVcombatManager@@A
0x00015c22	0x00023d6c	?DrawFrame@combatManager@@QAEXC@Z
0x00015c43	0x00015c4d	?DoAttack@army@@QAEXH@Z
0x00015c7a	0x000a7828	?gpCombatManager@@3PAVcombatManager@@A
0x00015c8d	0x000a7828	?gpCombatManager@@3PAVcombatManager@@A
0x00015ca7	0x000154c8	?DoHydraAttack@army@@QAEXXZ
0x00015cc1	0x00017eaf	?CancelSpell@army@@QAEXXZ
0x00015d7d	0x000a7828	?gpCombatManager@@3PAVcombatManager@@A
0x00015d82	0x00023acc	?SetGridMode@combatManager@@QAEXC@Z
0x00015d8a	0x00016fdc	?CheckLuck@army@@QAEXXZ
0x00015e14	0x00046ad2	?GetAdjacentCellIndex@army@@QAEFFF@Z
0x00015e1e	0x000a7828	?gpCombatManager@@3PAVcombatManager@@A
0x00015e23	0x00023a3a	?ResetLimitCreature@combatManager@@QAEXXZ
0x00015e3a	0x000a7828	?gpCombatManager@@3PAVcombatManager@@A
0x00015e5e	0x000a7828	?gpCombatManager@@3PAVcombatManager@@A
0x00015e83	0x0001c7ff	?ValidHex@@YAHH@Z
0x00015e9b	0x000a7828	?gpCombatManager@@3PAVcombatManager@@A
0x00015eb5	0x000a7828	?gpCombatManager@@3PAVcombatManager@@A
0x00015ecb	0x000a7828	?gpCombatManager@@3PAVcombatManager@@A
0x00015edd	0x000a7828	?gpCombatManager@@3PAVcombatManager@@A
0x00015eeb	0x000a7828	?gpCombatManager@@3PAVcombatManager@@A
0x00015f04	0x000a7828	?gpCombatManager@@3PAVcombatManager@@A
0x00015f16	0x000a7828	?gpCombatManager@@3PAVcombatManager@@A
0x00015f24	0x000a7828	?gpCombatManager@@3PAVcombatManager@@A
0x00015f43	0x00046ad2	?GetAdjacentCellIndex@army@@QAEFFF@Z
0x00015f51	0x0001c7ff	?ValidHex@@YAHH@Z
0x00015f68	0x000a7828	?gpCombatManager@@3PAVcombatManager@@A
0x00015f81	0x000a7828	?gpCombatManager@@3PAVcombatManager@@A
0x00015f9a	0x000a7828	?gpCombatManager@@3PAVcombatManager@@A
0x00015fab	0x000a7828	?gpCombatManager@@3PAVcombatManager@@A
0x00015fb8	0x000a7828	?gpCombatManager@@3PAVcombatManager@@A
0x00015fd2	0x000a7828	?gpCombatManager@@3PAVcombatManager@@A
0x00015fe4	0x000a7828	?gpCombatManager@@3PAVcombatManager@@A
0x00015ff2	0x000a7828	?gpCombatManager@@3PAVcombatManager@@A
0x0001601a	0x000a7828	?gpCombatManager@@3PAVcombatManager@@A
0x00016027	0x000a7828	?gpCombatManager@@3PAVcombatManager@@A
0x00016047	0x000a7828	?gpCombatManager@@3PAVcombatManager@@A
0x0001604c	0x00023d6c	?DrawFrame@combatManager@@QAEXC@Z
0x00016051	0x00044b4e	?KBTickCount@@YAHXZ
0x00016059	0x000a98a0	?glTimers@@3PAHA
0x00016065	0x00068b37	?PlaySample@@YAXPAVsample@@@Z
0x00016074	0x000a7828	?gpCombatManager@@3PAVcombatManager@@A
0x00016086	0x000a7828	?gpCombatManager@@3PAVcombatManager@@A
0x0001608b	0x00023d6c	?DrawFrame@combatManager@@QAEXC@Z
0x00016090	0x00044b4e	?KBTickCount@@YAHXZ
0x00016098	0x000a98a0	?glTimers@@3PAHA
0x000160a6	0x000a7828	?gpCombatManager@@3PAVcombatManager@@A
0x000160b8	0x000a7828	?gpCombatManager@@3PAVcombatManager@@A
0x000160bd	0x00023d6c	?DrawFrame@combatManager@@QAEXC@Z
0x000160c2	0x00044b4e	?KBTickCount@@YAHXZ
0x000160ca	0x000a98a0	?glTimers@@3PAHA
0x000160ea	0x000a7828	?gpCombatManager@@3PAVcombatManager@@A
0x000160fc	0x000a7828	?gpCombatManager@@3PAVcombatManager@@A
0x00016101	0x00023d6c	?DrawFrame@combatManager@@QAEXC@Z
0x00016106	0x00044b4e	?KBTickCount@@YAHXZ
0x0001610e	0x000a98a0	?glTimers@@3PAHA
0x00016126	0x0001c7ff	?ValidHex@@YAHH@Z
0x0001613e	0x000a7828	?gpCombatManager@@3PAVcombatManager@@A
0x00016158	0x000a7828	?gpCombatManager@@3PAVcombatManager@@A
0x00016172	0x000a7828	?gpCombatManager@@3PAVcombatManager@@A
0x00016183	0x000a7828	?gpCombatManager@@3PAVcombatManager@@A
0x00016197	0x000a7828	?gpCombatManager@@3PAVcombatManager@@A
0x000161ba	0x000a7828	?gpCombatManager@@3PAVcombatManager@@A
0x000161de	0x000a7828	?gpCombatManager@@3PAVcombatManager@@A
0x000161ee	0x000a7828	?gpCombatManager@@3PAVcombatManager@@A
0x00016210	0x0001717c	?DamageEnemy@army@@QAEXPAV1@PAH1HH@Z
0x0001622b	0x00046ad2	?GetAdjacentCellIndex@army@@QAEFFF@Z
0x0001625a	0x0001c7ff	?ValidHex@@YAHH@Z
0x00016271	0x000a7828	?gpCombatManager@@3PAVcombatManager@@A
0x0001628a	0x000a7828	?gpCombatManager@@3PAVcombatManager@@A
0x000162a3	0x000a7828	?gpCombatManager@@3PAVcombatManager@@A
0x000162b4	0x000a7828	?gpCombatManager@@3PAVcombatManager@@A
0x000162ce	0x000a7828	?gpCombatManager@@3PAVcombatManager@@A
0x000162e0	0x000a7828	?gpCombatManager@@3PAVcombatManager@@A
0x000162ee	0x000a7828	?gpCombatManager@@3PAVcombatManager@@A
0x00016307	0x000a7828	?gpCombatManager@@3PAVcombatManager@@A
0x00016319	0x000a7828	?gpCombatManager@@3PAVcombatManager@@A
0x00016327	0x000a7828	?gpCombatManager@@3PAVcombatManager@@A
0x00016343	0x0001c7ff	?ValidHex@@YAHH@Z
0x0001635b	0x000a7828	?gpCombatManager@@3PAVcombatManager@@A
0x00016376	0x000a7828	?gpCombatManager@@3PAVcombatManager@@A
0x00016397	0x000a7828	?gpCombatManager@@3PAVcombatManager@@A
0x000163a9	0x000a7828	?gpCombatManager@@3PAVcombatManager@@A
0x000163ae	0x00023d6c	?DrawFrame@combatManager@@QAEXC@Z
0x000163bb	0x000a7828	?gpCombatManager@@3PAVcombatManager@@A
0x000163cb	0x000a7828	?gpCombatManager@@3PAVcombatManager@@A
0x000163de	0x000a7828	?gpCombatManager@@3PAVcombatManager@@A
0x00016403	0x0001717c	?DamageEnemy@army@@QAEXPAV1@PAH1HH@Z
0x00016418	0x00013fd9	?Stand@army@@QAEXC@Z
0x00016425	0x000a67d4	?gGenieHalf@@3CA
0x0001643c	0x0008ef3c	$SG23142
0x00016445	0x0008ef48	$SG23143
0x0001645f	0x0009258c	?gArmyNames@@3PAPADA
0x00016472	0x0009266c	?gArmyNamesPlural@@3PAPADA
0x00016482	0x0008ef54	$SG23144
0x00016487	0x000a7168	?gText@@3PADA
0x0001648c	0x0007823f	_sprintf
0x000164ac	0x0009258c	?gArmyNames@@3PAPADA
0x000164b2	0x000a6770	_gTargetName
0x000164b7	0x00077c60	_strcpy
0x000164c2	0x000a6770	_gTargetName
0x000164cf	0x000a6770	_gTargetName
0x000164db	0x000a6770	_gTargetName
0x000164eb	0x000a6770	_gTargetName
0x000164fb	0x000a6770	_gTargetName
0x0001650a	0x000a6770	_gTargetName
0x0001651a	0x000a6770	_gTargetName
0x0001652e	0x000a6770	_gTargetName
0x00016539	0x000a6770	_gTargetName
0x00016546	0x0008ef78	$SG23147
0x0001654f	0x0008ef84	$SG23148
0x0001655c	0x000a6770	_gTargetName
0x0001656c	0x0009266c	?gArmyNamesPlural@@3PAPADA
0x00016580	0x0008ef90	$SG23149
0x00016589	0x0008ef9c	$SG23150
0x00016597	0x0009266c	?gArmyNamesPlural@@3PAPADA
0x0001659d	0x0008efa4	$SG23151
0x000165a2	0x0008efac	$SG23152
0x000165a7	0x000a7168	?gText@@3PADA
0x000165ac	0x0007823f	_sprintf
0x000165b6	0x0008efc8	$SG23154
0x000165bf	0x0008efd4	$SG23155
0x000165cd	0x0009266c	?gArmyNamesPlural@@3PAPADA
0x000165d3	0x0008efdc	$SG23156
0x000165d8	0x0008efe4	$SG23157
0x000165dd	0x000a7168	?gText@@3PADA
0x000165e2	0x0007823f	_sprintf
0x000165ec	0x000a7168	?gText@@3PADA
0x000165f9	0x000a7168	?gText@@3PADA
0x00016606	0x000a7168	?gText@@3PADA
0x00016615	0x000a7168	?gText@@3PADA
0x00016624	0x000a7168	?gText@@3PADA
0x00016634	0x000a7168	?gText@@3PADA
0x00016643	0x000a7168	?gText@@3PADA
0x00016656	0x000a7168	?gText@@3PADA
0x00016662	0x000a7168	?gText@@3PADA
0x00016669	0x000a7168	?gText@@3PADA
0x0001666f	0x000a7828	?gpCombatManager@@3PAVcombatManager@@A
0x00016674	0x00023707	?CombatMessage@combatManager@@QAEXPADH@Z
0x00016683	0x000174f1	?PowEffect@army@@QAEXC@Z
0x00016689	0x000a7828	?gpCombatManager@@3PAVcombatManager@@A
0x000166c3	0x00035e77	?SRandom@@YAHHH@Z
0x000166fe	0x00035e77	?SRandom@@YAHHH@Z
0x00016726	0x000a7828	?gpCombatManager@@3PAVcombatManager@@A
0x0001672b	0x0005a668	?CastSpell@combatManager@@QAEXCCCC@Z
0x0001673d	0x00035e77	?SRandom@@YAHHH@Z
0x00016778	0x00035e77	?SRandom@@YAHHH@Z
0x000167a0	0x000a7828	?gpCombatManager@@3PAVcombatManager@@A
0x000167a5	0x0005a668	?CastSpell@combatManager@@QAEXCCCC@Z
0x000167ba	0x00035e77	?SRandom@@YAHHH@Z
0x000167f5	0x00035e77	?SRandom@@YAHHH@Z
0x00016829	0x000a7828	?gpCombatManager@@3PAVcombatManager@@A
0x0001682e	0x0005a668	?CastSpell@combatManager@@QAEXCCCC@Z
0x00016847	0x000a7828	?gpCombatManager@@3PAVcombatManager@@A
0x00016852	0x000a7828	?gpCombatManager@@3PAVcombatManager@@A
0x00016864	0x000a7828	?gpCombatManager@@3PAVcombatManager@@A
0x00016869	0x00023a3a	?ResetLimitCreature@combatManager@@QAEXXZ
0x0001686e	0x000a7828	?gpCombatManager@@3PAVcombatManager@@A
0x00016887	0x000a7828	?gpCombatManager@@3PAVcombatManager@@A
0x000168b2	0x000a7828	?gpCombatManager@@3PAVcombatManager@@A
0x000168de	0x00013fd9	?Stand@army@@QAEXC@Z
0x000168f3	0x000a7828	?gpCombatManager@@3PAVcombatManager@@A
0x0001691f	0x00013fd9	?Stand@army@@QAEXC@Z
0x0001692b	0x00068fb6	?WaitSample@@YAXPAVsample@@@Z
0x00016953	0x000a7828	?gpCombatManager@@3PAVcombatManager@@A
0x00016965	0x000a7828	?gpCombatManager@@3PAVcombatManager@@A
0x0001696a	0x00023d6c	?DrawFrame@combatManager@@QAEXC@Z
0x0001697c	0x000a7828	?gpCombatManager@@3PAVcombatManager@@A
0x0001698e	0x000a7828	?gpCombatManager@@3PAVcombatManager@@A
0x00016993	0x00023d6c	?DrawFrame@combatManager@@QAEXC@Z
0x000169a1	0x000a7828	?gpCombatManager@@3PAVcombatManager@@A
0x000169b3	0x000a7828	?gpCombatManager@@3PAVcombatManager@@A
0x000169b8	0x00023d6c	?DrawFrame@combatManager@@QAEXC@Z
0x000169c5	0x000a7828	?gpCombatManager@@3PAVcombatManager@@A
0x000169d7	0x000a7828	?gpCombatManager@@3PAVcombatManager@@A
0x000169dc	0x00023d6c	?DrawFrame@combatManager@@QAEXC@Z
0x000169e9	0x000a7828	?gpCombatManager@@3PAVcombatManager@@A
0x000169fb	0x000a7828	?gpCombatManager@@3PAVcombatManager@@A
0x00016a00	0x00023d6c	?DrawFrame@combatManager@@QAEXC@Z
0x00016a06	0x000a7828	?gpCombatManager@@3PAVcombatManager@@A
0x00016a1a	0x00013fd9	?Stand@army@@QAEXC@Z
0x00016a29	0x000a7828	?gpCombatManager@@3PAVcombatManager@@A
0x00016a4d	0x00017eaf	?CancelSpell@army@@QAEXXZ
0x00016a53	0x000a7828	?gpCombatManager@@3PAVcombatManager@@A
0x00016a67	0x00013fd9	?Stand@army@@QAEXC@Z
0x00016a83	0x000a7828	?gpCombatManager@@3PAVcombatManager@@A
0x00016a91	0x000a7828	?gpCombatManager@@3PAVcombatManager@@A
0x00016ac3	0x000a7828	?gpCombatManager@@3PAVcombatManager@@A
0x00016ad7	0x00013fd9	?Stand@army@@QAEXC@Z
0x00016b32	0x000470ce	?OppositeDirection@@YAFF@Z
0x00016b71	0x00046ad2	?GetAdjacentCellIndex@army@@QAEFFF@Z
0x00016bb2	0x00046ad2	?GetAdjacentCellIndex@army@@QAEFFF@Z
0x00016bd8	0x00015c4d	?DoAttack@army@@QAEXH@Z
0x00016c03	0x000a7828	?gpCombatManager@@3PAVcombatManager@@A
0x00016c11	0x000a7828	?gpCombatManager@@3PAVcombatManager@@A
0x00016c89	0x00015c4d	?DoAttack@army@@QAEXH@Z
0x00016cae	0x000a7828	?gpCombatManager@@3PAVcombatManager@@A
0x00016cc2	0x000a7828	?gpCombatManager@@3PAVcombatManager@@A
0x00016d0d	0x000a7828	?gpCombatManager@@3PAVcombatManager@@A
0x00016d30	0x00016d38	?WalkTo@army@@QAEFF@Z
0x00016d6b	0x00046450	?FindPath@army@@QAEFFFCCC@Z
0x00016d88	0x000a74ac	?gpSearchArray@@3PAVsearchArray@@A
0x00016dae	0x000a74ac	?gpSearchArray@@3PAVsearchArray@@A
0x00016dc7	0x000a74ac	?gpSearchArray@@3PAVsearchArray@@A
0x00016dd9	0x00014084	?Walk@army@@QAEXFCC@Z
0x00016e07	0x00017eaf	?CancelSpell@army@@QAEXXZ
0x00016e11	0x00013fd9	?Stand@army@@QAEXC@Z
0x00016e32	0x00016e3a	?AttackTo@army@@QAEFF@Z
0x00016e68	0x0002acac	?FlyTo@army@@QAEFF@Z
0x00016e72	0x00015c4d	?DoAttack@army@@QAEXH@Z
0x00016ea3	0x00015c4d	?DoAttack@army@@QAEXH@Z
0x00016ecc	0x00046450	?FindPath@army@@QAEFFFCCC@Z
0x00016edc	0x000a74ac	?gpSearchArray@@3PAVsearchArray@@A
0x00016ee8	0x000a74ac	?gpSearchArray@@3PAVsearchArray@@A
0x00016f01	0x00015c4d	?DoAttack@army@@QAEXH@Z
0x00016f17	0x000a74ac	?gpSearchArray@@3PAVsearchArray@@A
0x00016f3b	0x000a74ac	?gpSearchArray@@3PAVsearchArray@@A
0x00016f55	0x000a74ac	?gpSearchArray@@3PAVsearchArray@@A
0x00016f67	0x00014084	?Walk@army@@QAEXFCC@Z
0x00016f8f	0x00013fd9	?Stand@army@@QAEXC@Z
0x00016faa	0x00017eaf	?CancelSpell@army@@QAEXXZ
0x00016fb0	0x000a74ac	?gpSearchArray@@3PAVsearchArray@@A
0x00016fc9	0x00015c4d	?DoAttack@army@@QAEXH@Z
0x00016fee	0x000a7828	?gpCombatManager@@3PAVcombatManager@@A
0x00017015	0x000a7828	?gpCombatManager@@3PAVcombatManager@@A
0x00017023	0x000a7ba0	?gpGame@@3PAVgame@@A
0x00017028	0x00035f6f	?GetLuck@game@@QAEHPAVhero@@PAVarmy@@@Z
0x0001703a	0x00035e77	?SRandom@@YAHHH@Z
0x00017058	0x00035e77	?SRandom@@YAHHH@Z
0x0001708a	0x0008eff4	$SG23254
0x0001708f	0x000a7168	?gText@@3PADA
0x00017094	0x0007823f	_sprintf
0x0001709e	0x0008f000	$SG23256
0x000170a3	0x000a7168	?gText@@3PADA
0x000170a8	0x0007823f	_sprintf
0x000170b0	0x000a7168	?gText@@3PADA
0x000170b5	0x00068ec4	?LoadPlaySample@@YAPAVsample@@PAD@Z
0x000170d4	0x0009266c	?gArmyNamesPlural@@3PAPADA
0x000170da	0x0008f010	$SG23258
0x000170df	0x000a7168	?gText@@3PADA
0x000170e4	0x0007823f	_sprintf
0x000170ee	0x000a7168	?gText@@3PADA
0x000170f4	0x000a7828	?gpCombatManager@@3PAVcombatManager@@A
0x000170f9	0x00023707	?CombatMessage@combatManager@@QAEXPADH@Z
0x00017101	0x0001402e	?Wince@army@@QAEXXZ
0x00017110	0x00017d94	?SpellEffect@army@@QAEXFH@Z
0x00017120	0x0009266c	?gArmyNamesPlural@@3PAPADA
0x00017126	0x0008f038	$SG23260
0x0001712b	0x000a7168	?gText@@3PADA
0x00017130	0x0007823f	_sprintf
0x0001713a	0x000a7168	?gText@@3PADA
0x00017140	0x000a7828	?gpCombatManager@@3PAVcombatManager@@A
0x00017145	0x00023707	?CombatMessage@combatManager@@QAEXPADH@Z
0x0001714f	0x00013fd9	?Stand@army@@QAEXC@Z
0x0001715e	0x00017d94	?SpellEffect@army@@QAEXFH@Z
0x00017168	0x00013fd9	?Stand@army@@QAEXC@Z
0x00017171	0x00068fb6	?WaitSample@@YAXPAVsample@@@Z
0x0001719a	0x000a67d4	?gGenieHalf@@3CA
0x00017214	0x00035e77	?SRandom@@YAHHH@Z
0x00017285	0x00091810	?gBattleStat@@3PAMA
0x00017285	0x00091860	?gBattleStat@@3PAMA
0x000172af	0x0008a3f8	__real@4@40008000000000000000
0x000172d5	0x0008a3f8	__real@4@40008000000000000000
0x000172ed	0x0008a3f8	__real@4@40008000000000000000
0x000172f9	0x0008a3f0	__real@8@3ffe8000000000000000
0x000172fe	0x000782f4	__ftol
0x00017316	0x00035e77	?SRandom@@YAHHH@Z
0x00017349	0x000a67d4	?gGenieHalf@@3CA
0x00017381	0x00017391	?Damage@army@@QAEHH@Z
0x00017451	0x000a7828	?gpCombatManager@@3PAVcombatManager@@A
0x00017463	0x000a7828	?gpCombatManager@@3PAVcombatManager@@A
0x00017470	0x000a7828	?gpCombatManager@@3PAVcombatManager@@A
0x00017490	0x0001402e	?Wince@army@@QAEXXZ
0x000174a1	0x000a7828	?gpCombatManager@@3PAVcombatManager@@A
0x000174a6	0x00023d6c	?DrawFrame@combatManager@@QAEXC@Z
0x000174e4	0x00017eaf	?CancelSpell@army@@QAEXXZ
0x0001751b	0x000a7828	?gpCombatManager@@3PAVcombatManager@@A
0x00017533	0x000a7828	?gpCombatManager@@3PAVcombatManager@@A
0x0001754f	0x000a7828	?gpCombatManager@@3PAVcombatManager@@A
0x0001757b	0x000a7828	?gpCombatManager@@3PAVcombatManager@@A
0x00017593	0x000a7828	?gpCombatManager@@3PAVcombatManager@@A
0x000175b0	0x000a7828	?gpCombatManager@@3PAVcombatManager@@A
0x000175de	0x000a74e8	?gEffectFileId@@3FA
0x000175ec	0x000a9400	?gLoadedEffectIcn@@3PAVicon@@A
0x000175f3	0x000a74d8	?gpResourceManager@@3PAVresourceManager@@A
0x000175f8	0x0006c705	?Dispose@resourceManager@@QAEXPAVresource@@@Z
0x00017603	0x00090308	?gPowEffectNames@@3PAPADA
0x0001760a	0x000a74d8	?gpResourceManager@@3PAVresourceManager@@A
0x0001760f	0x0006c3db	?GetIcon@resourceManager@@QAEPAVicon@@PAD@Z
0x00017614	0x000a9400	?gLoadedEffectIcn@@3PAVicon@@A
0x00017620	0x000a74e8	?gEffectFileId@@3FA
0x00017663	0x000a7828	?gpCombatManager@@3PAVcombatManager@@A
0x0001767e	0x000a7828	?gpCombatManager@@3PAVcombatManager@@A
0x000176a5	0x000a7828	?gpCombatManager@@3PAVcombatManager@@A
0x000176bd	0x00068b37	?PlaySample@@YAXPAVsample@@@Z
0x000176d3	0x000a7828	?gpCombatManager@@3PAVcombatManager@@A
0x000176d8	0x00023a3a	?ResetLimitCreature@combatManager@@QAEXXZ
0x000176fa	0x000a7828	?gpCombatManager@@3PAVcombatManager@@A
0x00017709	0x00044b4e	?KBTickCount@@YAHXZ
0x00017711	0x000a98a0	?glTimers@@3PAHA
0x00017711	0x000a98a4	?glTimers@@3PAHA
0x00017753	0x000a7828	?gpCombatManager@@3PAVcombatManager@@A
0x00017773	0x000a7828	?gpCombatManager@@3PAVcombatManager@@A
0x0001779e	0x000a7828	?gpCombatManager@@3PAVcombatManager@@A
0x000177be	0x000a7828	?gpCombatManager@@3PAVcombatManager@@A
0x000177e0	0x000a7828	?gpCombatManager@@3PAVcombatManager@@A
0x000177fe	0x000a7828	?gpCombatManager@@3PAVcombatManager@@A
0x0001781d	0x000a7828	?gpCombatManager@@3PAVcombatManager@@A
0x00017846	0x000a7828	?gpCombatManager@@3PAVcombatManager@@A
0x00017867	0x000a7828	?gpCombatManager@@3PAVcombatManager@@A
0x0001788f	0x000a7828	?gpCombatManager@@3PAVcombatManager@@A
0x000178ad	0x000a7828	?gpCombatManager@@3PAVcombatManager@@A
0x000178c6	0x000a7828	?gpCombatManager@@3PAVcombatManager@@A
0x000178ed	0x000a7478	?gImpactOverlayFrame@@3FA
0x000178f5	0x000a7828	?gpCombatManager@@3PAVcombatManager@@A
0x000178fa	0x00023d6c	?DrawFrame@combatManager@@QAEXC@Z
0x0001792e	0x000a7828	?gpCombatManager@@3PAVcombatManager@@A
0x0001793d	0x00044b4e	?KBTickCount@@YAHXZ
0x00017945	0x000a98a0	?glTimers@@3PAHA
0x00017945	0x000a98a4	?glTimers@@3PAHA
0x00017988	0x000a7828	?gpCombatManager@@3PAVcombatManager@@A
0x000179a7	0x000a7828	?gpCombatManager@@3PAVcombatManager@@A
0x000179d3	0x000a7828	?gpCombatManager@@3PAVcombatManager@@A
0x000179f5	0x000a7828	?gpCombatManager@@3PAVcombatManager@@A
0x00017a20	0x000a7828	?gpCombatManager@@3PAVcombatManager@@A
0x00017a38	0x000a7828	?gpCombatManager@@3PAVcombatManager@@A
0x00017a59	0x000a7828	?gpCombatManager@@3PAVcombatManager@@A
0x00017a77	0x000a7828	?gpCombatManager@@3PAVcombatManager@@A
0x00017a96	0x000a7828	?gpCombatManager@@3PAVcombatManager@@A
0x00017abe	0x000a7828	?gpCombatManager@@3PAVcombatManager@@A
0x00017adf	0x000a7828	?gpCombatManager@@3PAVcombatManager@@A
0x00017b07	0x000a7828	?gpCombatManager@@3PAVcombatManager@@A
0x00017b25	0x000a7828	?gpCombatManager@@3PAVcombatManager@@A
0x00017b3f	0x000a7828	?gpCombatManager@@3PAVcombatManager@@A
0x00017b67	0x000a7478	?gImpactOverlayFrame@@3FA
0x00017b6f	0x000a7828	?gpCombatManager@@3PAVcombatManager@@A
0x00017b74	0x00023d6c	?DrawFrame@combatManager@@QAEXC@Z
0x00017ba1	0x000463d9	?DelayMilli@@YAXH@Z
0x00017be9	0x000a7828	?gpCombatManager@@3PAVcombatManager@@A
0x00017c08	0x000a7828	?gpCombatManager@@3PAVcombatManager@@A
0x00017c47	0x0001c7ff	?ValidHex@@YAHH@Z
0x00017c5a	0x000a7828	?gpCombatManager@@3PAVcombatManager@@A
0x00017c95	0x000a7828	?gpCombatManager@@3PAVcombatManager@@A
0x00017ccf	0x000a7828	?gpCombatManager@@3PAVcombatManager@@A
0x00017cd4	0x00023670	?UpdateGrid@combatManager@@QAEXFF@Z
0x00017ce6	0x000a7828	?gpCombatManager@@3PAVcombatManager@@A
0x00017ceb	0x00023d6c	?DrawFrame@combatManager@@QAEXC@Z
0x00017d29	0x000a7828	?gpCombatManager@@3PAVcombatManager@@A
0x00017d45	0x000a7828	?gpCombatManager@@3PAVcombatManager@@A
0x00017d5d	0x00068fb6	?WaitSample@@YAXPAVsample@@@Z
0x00017d89	0x00091408	?gMonsterDatabase@@3PAUtag_monsterInfo@@A
0x00017d89	0x0009140a	?gMonsterDatabase@@3PAUtag_monsterInfo@@A
0x00017dae	0x00090348	?gCombatFxNames@@3PAPADA
0x00017db4	0x00073610	?MAKEFILEID@@YAIPAD@Z
0x00017dc2	0x000a74e8	?gEffectFileId@@3FA
0x00017dcf	0x000a9400	?gLoadedEffectIcn@@3PAVicon@@A
0x00017dd6	0x000a74d8	?gpResourceManager@@3PAVresourceManager@@A
0x00017ddb	0x0006c705	?Dispose@resourceManager@@QAEXPAVresource@@@Z
0x00017de6	0x000a74d8	?gpResourceManager@@3PAVresourceManager@@A
0x00017deb	0x0006c407	?GetIcon@resourceManager@@QAEPAVicon@@F@Z
0x00017df0	0x000a9400	?gLoadedEffectIcn@@3PAVicon@@A
0x00017dfb	0x000a74e8	?gEffectFileId@@3FA
0x00017e0e	0x000a7828	?gpCombatManager@@3PAVcombatManager@@A
0x00017e13	0x00023a3a	?ResetLimitCreature@combatManager@@QAEXXZ
0x00017e22	0x000a7828	?gpCombatManager@@3PAVcombatManager@@A
0x00017e5d	0x000a7828	?gpCombatManager@@3PAVcombatManager@@A
0x00017e6c	0x00044b4e	?KBTickCount@@YAHXZ
0x00017e74	0x000a98a0	?glTimers@@3PAHA
0x00017e74	0x000a98a4	?glTimers@@3PAHA
0x00017e7f	0x000a7478	?gImpactOverlayFrame@@3FA
0x00017e87	0x000a7828	?gpCombatManager@@3PAVcombatManager@@A
0x00017e8c	0x00023d6c	?DrawFrame@combatManager@@QAEXC@Z
0x00017e91	0x000a98a0	?glTimers@@3PAHA
0x00017e91	0x000a98a4	?glTimers@@3PAHA
0x00017e96	0x0004639e	?DelayTil@@YAXPAH@Z
0x00017ed7	0x00017f31	$L23590
0x00017efa	0x00091408	?gMonsterDatabase@@3PAUtag_monsterInfo@@A
0x00017efa	0x00091423	?gMonsterDatabase@@3PAUtag_monsterInfo@@A
0x00017f31	0x00017edb	$L23414
0x00017f35	0x00017edb	$L23414
0x00017f39	0x00017edb	$L23414
0x00017f3d	0x00017edb	$L23414
0x00017f41	0x00017f11	$L23415
0x00017f45	0x00017edb	$L23414
0x00017f7f	0x00046666	?GetAttackMask@army@@QAEFFCC@Z
0x00017f9f	0x0006fd8a	?Random@@YAHHH@Z
0x00017fc1	0x000a6aac	?gNextAction@@3HA
0x00017fe3	0x000468bc	?ValidAttack@army@@QAEFFFFFPAF@Z
0x00017fed	0x000a6aa8	?giNextActionGridIndex@@3HA
0x00018012	0x0006fd8a	?Random@@YAHHH@Z
0x00018025	0x000a7828	?gpCombatManager@@3PAVcombatManager@@A
0x0001803f	0x000a7828	?gpCombatManager@@3PAVcombatManager@@A
0x00018055	0x000a7828	?gpCombatManager@@3PAVcombatManager@@A
0x0001806b	0x0002a8a0	?ValidFlight@army@@QAEFFC@Z
0x00018078	0x000a6aac	?gNextAction@@3HA
0x00018085	0x000a6aa8	?giNextActionGridIndex@@3HA
0x00018096	0x000a6aac	?gNextAction@@3HA
0x000180a4	0x000a6aa8	?giNextActionGridIndex@@3HA
0x000180af	0x0006fd8a	?Random@@YAHHH@Z
0x000180c3	0x00046712	?ValidMove@army@@QAEFF@Z
0x000180d0	0x000a6aac	?gNextAction@@3HA
0x000180e0	0x000a6aa8	?giNextActionGridIndex@@3HA
0x000180ec	0x000a6aa8	?giNextActionGridIndex@@3HA
0x000180f5	0x00046ad2	?GetAdjacentCellIndex@army@@QAEFFF@Z
0x000180fd	0x000a6aa8	?giNextActionGridIndex@@3HA
0x00018129	0x000a7828	?gpCombatManager@@3PAVcombatManager@@A
0x00018146	0x0001c7ff	?ValidHex@@YAHH@Z
0x0001815e	0x000a7828	?gpCombatManager@@3PAVcombatManager@@A
0x00018178	0x000a7828	?gpCombatManager@@3PAVcombatManager@@A
0x00018183	0x000a7828	?gpCombatManager@@3PAVcombatManager@@A
0x0001819a	0x000a7828	?gpCombatManager@@3PAVcombatManager@@A
0x000181a4	0x000a7828	?gpCombatManager@@3PAVcombatManager@@A
0x000181cd	0x000a7828	?gpCombatManager@@3PAVcombatManager@@A
0x000181e2	0x000a7828	?gpCombatManager@@3PAVcombatManager@@A
0x00018207	0x00046666	?GetAttackMask@army@@QAEFFCC@Z
0x00018249	0x0002a8a0	?ValidFlight@army@@QAEFFC@Z
0x00018276	0x00046666	?GetAttackMask@army@@QAEFFCC@Z
0x00018291	0x00046666	?GetAttackMask@army@@QAEFFCC@Z
0x000182b3	0x00014854	?SpecialAttack@army@@QAEXXZ
0x000182cb	0x00016e1e	?AttackTo@army@@QAEFXZ
0x00018399	0x00046ad2	?GetAdjacentCellIndex@army@@QAEFFF@Z
0x000183a8	0x0001c7ff	?ValidHex@@YAHH@Z
0x000183ba	0x000a7828	?gpCombatManager@@3PAVcombatManager@@A
0x000183fe	0x00015c4d	?DoAttack@army@@QAEXH@Z
0x00018429	0x0002a8a0	?ValidFlight@army@@QAEFFC@Z
0x00018443	0x0002acac	?FlyTo@army@@QAEFF@Z
0x00018452	0x00016d38	?WalkTo@army@@QAEFF@Z
0x00018458	0x000a7828	?gpCombatManager@@3PAVcombatManager@@A
0x000184c0	0x000784e0	_memset
0x000184d3	0x000784e0	_memset
0x00018504	0x00018676	?IsHomogeneous@armyGroup@@QAECC@Z
0x0001854a	0x00038f8a	?HasArtifact@hero@@QAECC@Z
0x00018564	0x00038f8a	?HasArtifact@hero@@QAECC@Z
0x0001857e	0x00038f8a	?HasArtifact@hero@@QAECC@Z
0x00018598	0x00038f8a	?HasArtifact@hero@@QAECC@Z
0x000185b2	0x00038f8a	?HasArtifact@hero@@QAECC@Z
0x000187c3	0x0001862f	?IsMember@armyGroup@@QAECC@Z
0x000187d8	0x0001862f	?IsMember@armyGroup@@QAECC@Z
0x000189c4	0x0008a410	__real@4@4005c800000000000000
0x000189c9	0x000782f4	__ftol
0x00018a33	0x00035e77	?SRandom@@YAHHH@Z
0x00018a65	0x0008a408	__real@8@3ffeffbe76c8b4395800
0x00018aa7	0x0008a400	__real@8@3fff8000000000000000
0x00018b3d	0x000688c0	??0baseManager@@QAE@XZ
0x00018b6b	0x0003b700	??0hexcell@@QAE@XZ
0x00018ba6	0x00013330	??0army@@QAE@XZ
0x00018bba	0x0008a414	??_7combatManager@@6B@
0x00018d01	0x0001862f	?IsMember@armyGroup@@QAECC@Z
0x00018d2a	0x00018841	?Add@armyGroup@@QAEFCFC@Z
0x00018d36	0x00018609	?Dismiss@armyGroup@@QAEXC@Z
0x00018db6	0x00018841	?Add@armyGroup@@QAEFCFC@Z
0x00018dc2	0x00018609	?Dismiss@armyGroup@@QAEXC@Z
0x00018de0	0x0008f060	?gSeed@@3HA
0x00018def	0x00035f56	?SRand@@YAXH@Z
0x00018e26	0x000a7480	?gpAdvManager@@3PAVadvManager@@A
0x00018e2b	0x00006d26	?GetCell@advManager@@QAEPAVmapCell@@FF@Z
0x00018e59	0x000a7638	?giGroundToTerrain@@3PACA
0x00018f1a	0x000a9414	?gbHumanPlayer@@3PAHA
0x00018ffa	0x00038f8a	?HasArtifact@hero@@QAECC@Z
0x000190a1	0x00018cbb	?CombineGroups@combatManager@@QAEXPAVarmyGroup@@0@Z
0x0001911e	0x00088a96	__ehreg$?Open@combatManager@@UAEFF@Z
0x0001915d	0x00069a7d	?MusicSuspended@@YA_NXZ
0x00019168	0x00069115	?SamplesSuspended@@YA_NXZ
0x0001917f	0x00069103	?ResumeSamples@@YAXXZ
0x00019190	0x00069a6b	?ResumeMusic@@YAXXZ
0x00019195	0x00069738	?GetCurrentTrack@@YAHXZ
0x000191ac	0x00069742	?StopMusic@@YAXXZ
0x000191b3	0x00077d50	??2@YAPAXI@Z
0x000191da	0x000731cc	??0bitmap@@QAE@FFF@Z
0x0001920e	0x0008f090	$SG40791
0x00019213	0x00068ec4	?LoadPlaySample@@YAPAVsample@@PAD@Z
0x0001921f	0x000a6aac	?gNextAction@@3HA
0x0001922f	0x000a74a8	?gpWindowManager@@3PAVheroWindowManager@@A
0x00019234	0x0006aaa3	?FadeScreen@heroWindowManager@@QAEXFFPAVpalette@@@Z
0x00019258	0x000a955c	?gbIconClipOn@@3CA
0x00019279	0x000a9400	?gLoadedEffectIcn@@3PAVicon@@A
0x00019284	0x000a74e8	?gEffectFileId@@3FA
0x0001928d	0x0008f0a0	$SG40792
0x00019293	0x000a7164	?gpMouseManager@@3PAVmouseManager@@A
0x00019298	0x0006b84a	?SetPointer@mouseManager@@QAEXPADF@Z
0x0001929f	0x00077d50	??2@YAPAXI@Z
0x000192b7	0x0008f0b0	$SG40797
0x000192c3	0x0006d150	??0heroWindow@@QAE@FFPAD@Z
0x000192f9	0x00042146	?MemError@@YAXXZ
0x0001930d	0x000a74a8	?gpWindowManager@@3PAVheroWindowManager@@A
0x00019312	0x0006a4f1	?AddWindow@heroWindowManager@@QAEXPAVheroWindow@@FC@Z
0x00019317	0x0008f0bc	$SG40799
0x0001931d	0x000a74d8	?gpResourceManager@@3PAVresourceManager@@A
0x00019322	0x0006c586	?GetFont@resourceManager@@QAEPAVfont@@PAD@Z
0x00019333	0x0001a2f8	?LoadIcons@combatManager@@QAEXXZ
0x0001933b	0x0001a528	?LoadArmies@combatManager@@QAEXXZ
0x00019361	0x00019865	?GenerateMap@combatManager@@QAEXXZ
0x00019367	0x000a7823	?gbRetreatWin@@3CA
0x0001936e	0x000a7495	?gbCombatSurrender@@3CA
0x00019397	0x00023acc	?SetGridMode@combatManager@@QAEXC@Z
0x000193ba	0x00023d6c	?DrawFrame@combatManager@@QAEXC@Z
0x000193bf	0x00044b4e	?KBTickCount@@YAHXZ
0x000193c7	0x000a98a0	?glTimers@@3PAHA
0x000193cc	0x0008f0cc	$SG40800
0x000193d2	0x000a74d8	?gpResourceManager@@3PAVresourceManager@@A
0x000193d7	0x0006c25b	?GetPalette@resourceManager@@QAEPAVpalette@@PAD@Z
0x000193e3	0x000a98e0	?gCombatMenu@@3PAUHMENU__@@A
0x000193e9	0x00043b24	?KBChangeMenu@@YAXPAUHMENU__@@@Z
0x000193f3	0x000a67e0	$SG40801
0x000193fb	0x00023707	?CombatMessage@combatManager@@QAEXPADH@Z
0x0001940c	0x000a74a8	?gpWindowManager@@3PAVheroWindowManager@@A
0x00019411	0x0006aaa3	?FadeScreen@heroWindowManager@@QAEXFFPAVpalette@@@Z
0x00019417	0x000a9924	?gLimitedCombatUpdatePalette@@3HA
0x00019423	0x000a7164	?gpMouseManager@@3PAVmouseManager@@A
0x00019428	0x0006bfe5	?NewUpdate@mouseManager@@QAEXH@Z
0x0001945d	0x000a7164	?gpMouseManager@@3PAVmouseManager@@A
0x00019462	0x0006bff2	?WarpPointer@mouseManager@@QAEXFF@Z
0x00019468	0x000a7164	?gpMouseManager@@3PAVmouseManager@@A
0x0001946d	0x0006bf6f	?ReallyShowPointer@mouseManager@@QAEXXZ
0x00019480	0x00068fb6	?WaitSample@@YAXPAVsample@@@Z
0x000194a8	0x00035e77	?SRandom@@YAHHH@Z
0x000194bb	0x000692fd	?PlayMusic@@YAXH@Z
0x000194c4	0x000a7b90	?gInputManager@@3PAVinputManager@@A
0x000194c9	0x0006eeb6	?Flush@inputManager@@QAEXXZ
0x000194d1	0x00021003	?ResetMouse@combatManager@@QAEXXZ
0x000194f3	0x0008f0d4	$SG40802
0x000194ff	0x00077c60	_strcpy
0x00019fe9	0x0008f060	?gSeed@@3HA
0x0001a045	0x000a7ba0	?gpGame@@3PAVgame@@A
0x0001a065	0x0008f08c	_?gCombatBkgNames@?1??GetBackgroundName@combatManager@@QAEPADXZ@4PAPADA
0x0001a087	0x0001a107	$L41467
0x0001a08c	0x0008f088	_?gCombatBkgNames@?1??GetBackgroundName@combatManager@@QAEPADXZ@4PAPADA
0x0001a093	0x0008f074	_?gCombatBkgNames@?1??GetBackgroundName@combatManager@@QAEPADXZ@4PAPADA
0x0001a09a	0x0008f078	_?gCombatBkgNames@?1??GetBackgroundName@combatManager@@QAEPADXZ@4PAPADA
0x0001a0a1	0x0008f07c	_?gCombatBkgNames@?1??GetBackgroundName@combatManager@@QAEPADXZ@4PAPADA
0x0001a0ab	0x0001a123	?MoreTreesNear@combatManager@@QAECXZ
0x0001a0b7	0x0008f064	_?gCombatBkgNames@?1??GetBackgroundName@combatManager@@QAEPADXZ@4PAPADA
0x0001a0be	0x0008f068	_?gCombatBkgNames@?1??GetBackgroundName@combatManager@@QAEPADXZ@4PAPADA
0x0001a0c8	0x0001a123	?MoreTreesNear@combatManager@@QAECXZ
0x0001a0d4	0x0008f06c	_?gCombatBkgNames@?1??GetBackgroundName@combatManager@@QAEPADXZ@4PAPADA
0x0001a0db	0x0008f070	_?gCombatBkgNames@?1??GetBackgroundName@combatManager@@QAEPADXZ@4PAPADA
0x0001a0e5	0x0001a123	?MoreTreesNear@combatManager@@QAECXZ
0x0001a0f1	0x0008f080	_?gCombatBkgNames@?1??GetBackgroundName@combatManager@@QAEPADXZ@4PAPADA
0x0001a0f8	0x0008f084	_?gCombatBkgNames@?1??GetBackgroundName@combatManager@@QAEPADXZ@4PAPADA
0x0001a0ff	0x0008f064	_?gCombatBkgNames@?1??GetBackgroundName@combatManager@@QAEPADXZ@4PAPADA
0x0001a107	0x0001a08b	$L40949
0x0001a10b	0x0001a0a7	$L40953
0x0001a10f	0x0001a0c4	$L40955
0x0001a113	0x0001a092	$L40950
0x0001a117	0x0001a099	$L40951
0x0001a11b	0x0001a0a0	$L40952
0x0001a11f	0x0001a0e1	$L40958
0x0001a36f	0x000902d0	?gCombatGroundNames@@3PAPADA
0x0001a395	0x000902ec	?gCombatObstacleNames@@3PAPADA
0x0001a504	0x000a74d8	?gpResourceManager@@3PAVresourceManager@@A
0x0001a509	0x0006c705	?Dispose@resourceManager@@QAEXPAVresource@@@Z
0x0001a51b	0x000a74d8	?gpResourceManager@@3PAVresourceManager@@A
0x0001a520	0x0006c705	?Dispose@resourceManager@@QAEXPAVresource@@@Z
0x0001a621	0x000133ec	?InitClean@army@@QAEXXZ
0x0001a6ac	0x00013450	?Init@army@@QAEXCFCC@Z
0x0001a6c8	0x00013555	?LoadResources@army@@QAEXXZ
0x0001a746	0x00013450	?Init@army@@QAEXCFCC@Z
0x0001a762	0x00013555	?LoadResources@army@@QAEXXZ
0x0001a791	0x00069d8e	?StopAllSamples@@YAXXZ
0x0001a7cd	0x00013760	?FreeResources@army@@QAEXXZ
0x0001a80b	0x00013760	?FreeResources@army@@QAEXXZ
0x0001a813	0x000a9400	?gLoadedEffectIcn@@3PAVicon@@A
0x0001a81b	0x000a9400	?gLoadedEffectIcn@@3PAVicon@@A
0x0001a822	0x000a74d8	?gpResourceManager@@3PAVresourceManager@@A
0x0001a827	0x0006c705	?Dispose@resourceManager@@QAEXPAVresource@@@Z
0x0001a82d	0x000a9400	?gLoadedEffectIcn@@3PAVicon@@A
0x0001a838	0x000a74e8	?gEffectFileId@@3FA
0x0001a912	0x000a67dc	?gInHighMoraleBonus@@3HA
0x0001a91b	0x000a67dc	?gInHighMoraleBonus@@3HA
0x0001a92a	0x000a67dc	?gInHighMoraleBonus@@3HA
0x0001a990	0x000184ee	?GetMorale@armyGroup@@QAEFPAVhero@@PAVtown@@@Z
0x0001a9a5	0x00035e77	?SRandom@@YAHHH@Z
0x0001a9b8	0x000a67dc	?gInHighMoraleBonus@@3HA
0x0001a9c1	0x0008f1e4	$SG41080
0x0001a9c6	0x000a7168	?gText@@3PADA
0x0001a9cb	0x0007823f	_sprintf
0x0001a9d3	0x000a7168	?gText@@3PADA
0x0001a9d8	0x00068ec4	?LoadPlaySample@@YAPAVsample@@PAD@Z
0x0001a9f8	0x0009258c	?gArmyNames@@3PAPADA
0x0001a9fe	0x0008f1f4	$SG41082
0x0001aa03	0x000a7168	?gText@@3PADA
0x0001aa08	0x0007823f	_sprintf
0x0001aa1b	0x0009266c	?gArmyNamesPlural@@3PAPADA
0x0001aa21	0x0008f224	$SG41084
0x0001aa26	0x000a7168	?gText@@3PADA
0x0001aa2b	0x0007823f	_sprintf
0x0001aa35	0x000a7168	?gText@@3PADA
0x0001aa3d	0x00023707	?CombatMessage@combatManager@@QAEXPADH@Z
0x0001aa4c	0x00017d94	?SpellEffect@army@@QAEXFH@Z
0x0001aa56	0x00013fd9	?Stand@army@@QAEXC@Z
0x0001aa8e	0x00068fb6	?WaitSample@@YAXPAVsample@@@Z
0x0001ab05	0x000184ee	?GetMorale@armyGroup@@QAEFPAVhero@@PAVtown@@@Z
0x0001ab1a	0x00035e77	?SRandom@@YAHHH@Z
0x0001ab47	0x00035e77	?SRandom@@YAHHH@Z
0x0001ab5b	0x0008f254	$SG41100
0x0001ab60	0x00068ec4	?LoadPlaySample@@YAPAVsample@@PAD@Z
0x0001ab80	0x0009258c	?gArmyNames@@3PAPADA
0x0001ab86	0x0008f260	$SG41102
0x0001ab8b	0x000a7168	?gText@@3PADA
0x0001ab90	0x0007823f	_sprintf
0x0001aba3	0x0009266c	?gArmyNamesPlural@@3PAPADA
0x0001aba9	0x0008f290	$SG41104
0x0001abae	0x000a7168	?gText@@3PADA
0x0001abb3	0x0007823f	_sprintf
0x0001abbd	0x000a7168	?gText@@3PADA
0x0001abc5	0x00023707	?CombatMessage@combatManager@@QAEXPADH@Z
0x0001abdb	0x00017d94	?SpellEffect@army@@QAEXFH@Z
0x0001abe5	0x00013fd9	?Stand@army@@QAEXC@Z
0x0001abfc	0x00068fb6	?WaitSample@@YAXPAVsample@@@Z
0x0001ad41	0x0001aa9b	?CheckApplyBadMorale@combatManager@@QAEHHH@Z
0x0001ad90	0x00020ed8	?GetControl@combatManager@@QAEXXZ
0x0001addb	0x00020ed8	?GetControl@combatManager@@QAEXXZ
0x0001af26	0x000a7164	?gpMouseManager@@3PAVmouseManager@@A
0x0001af2b	0x0006bf87	?ReallyHidePointer@mouseManager@@QAEXXZ
0x0001af30	0x0008f2c0	$SG41172
0x0001af36	0x000a74d8	?gpResourceManager@@3PAVresourceManager@@A
0x0001af3b	0x0006c3db	?GetIcon@resourceManager@@QAEPAVicon@@PAD@Z
0x0001af45	0x0008f2cc	$SG41173
0x0001af4a	0x000a7168	?gText@@3PADA
0x0001af4f	0x0007823f	_sprintf
0x0001af57	0x000a7168	?gText@@3PADA
0x0001af5c	0x00068ec4	?LoadPlaySample@@YAPAVsample@@PAD@Z
0x0001af68	0x000a9560	?giMinExtentX@@3HA
0x0001af72	0x000a7b74	?giMaxExtentX@@3HA
0x0001af7c	0x000a9564	?giMinExtentY@@3HA
0x0001af86	0x000a7b78	?giMaxExtentY@@3HA
0x0001afc6	0x00023d6c	?DrawFrame@combatManager@@QAEXC@Z
0x0001b053	0x00035e77	?SRandom@@YAHHH@Z
0x0001b08c	0x00035e77	?SRandom@@YAHHH@Z
0x0001b140	0x00035e77	?SRandom@@YAHHH@Z
0x0001b24b	0x000a9560	?giMinExtentX@@3HA
0x0001b258	0x000a7b74	?giMaxExtentX@@3HA
0x0001b265	0x000a9564	?giMinExtentY@@3HA
0x0001b271	0x000a7b78	?giMaxExtentY@@3HA
0x0001b277	0x000a9560	?giMinExtentX@@3HA
0x0001b280	0x000a9560	?giMinExtentX@@3HA
0x0001b28a	0x000a9564	?giMinExtentY@@3HA
0x0001b293	0x000a9564	?giMinExtentY@@3HA
0x0001b29d	0x000a7b74	?giMaxExtentX@@3HA
0x0001b2a9	0x000a7b74	?giMaxExtentX@@3HA
0x0001b2b3	0x000a7b78	?giMaxExtentY@@3HA
0x0001b2bf	0x000a7b78	?giMaxExtentY@@3HA
0x0001b2cd	0x00023d6c	?DrawFrame@combatManager@@QAEXC@Z
0x0001b2e8	0x00070f8a	?DrawToBuffer@icon@@QAEXFFFCC@Z
0x0001b2ee	0x000a7b78	?giMaxExtentY@@3HA
0x0001b2f4	0x000a9564	?giMinExtentY@@3HA
0x0001b2fe	0x000a7b74	?giMaxExtentX@@3HA
0x0001b304	0x000a9560	?giMinExtentX@@3HA
0x0001b30e	0x000a9564	?giMinExtentY@@3HA
0x0001b316	0x000a9560	?giMinExtentX@@3HA
0x0001b31d	0x000a74a8	?gpWindowManager@@3PAVheroWindowManager@@A
0x0001b322	0x0006a917	?UpdateScreenRegion@heroWindowManager@@QAEXFFFF@Z
0x0001b453	0x000a9560	?giMinExtentX@@3HA
0x0001b460	0x000a7b74	?giMaxExtentX@@3HA
0x0001b46c	0x000a9564	?giMinExtentY@@3HA
0x0001b479	0x000a7b78	?giMaxExtentY@@3HA
0x0001b47f	0x000a9560	?giMinExtentX@@3HA
0x0001b488	0x000a9560	?giMinExtentX@@3HA
0x0001b492	0x000a9564	?giMinExtentY@@3HA
0x0001b49b	0x000a9564	?giMinExtentY@@3HA
0x0001b4a5	0x000a7b74	?giMaxExtentX@@3HA
0x0001b4b1	0x000a7b74	?giMaxExtentX@@3HA
0x0001b4bb	0x000a7b78	?giMaxExtentY@@3HA
0x0001b4c7	0x000a7b78	?giMaxExtentY@@3HA
0x0001b4d5	0x00023d6c	?DrawFrame@combatManager@@QAEXC@Z
0x0001b4f0	0x00070f8a	?DrawToBuffer@icon@@QAEXFFFCC@Z
0x0001b4f6	0x000a7b78	?giMaxExtentY@@3HA
0x0001b4fc	0x000a9564	?giMinExtentY@@3HA
0x0001b505	0x000a7b74	?giMaxExtentX@@3HA
0x0001b50b	0x000a9560	?giMinExtentX@@3HA
0x0001b516	0x000a9564	?giMinExtentY@@3HA
0x0001b51e	0x000a9560	?giMinExtentX@@3HA
0x0001b525	0x000a74a8	?gpWindowManager@@3PAVheroWindowManager@@A
0x0001b52a	0x0006a917	?UpdateScreenRegion@heroWindowManager@@QAEXFFFF@Z
0x0001b60d	0x000a9560	?giMinExtentX@@3HA
0x0001b61a	0x000a7b74	?giMaxExtentX@@3HA
0x0001b627	0x000a9564	?giMinExtentY@@3HA
0x0001b633	0x000a7b78	?giMaxExtentY@@3HA
0x0001b639	0x000a9560	?giMinExtentX@@3HA
0x0001b642	0x000a9560	?giMinExtentX@@3HA
0x0001b64c	0x000a9564	?giMinExtentY@@3HA
0x0001b655	0x000a9564	?giMinExtentY@@3HA
0x0001b65f	0x000a7b74	?giMaxExtentX@@3HA
0x0001b66b	0x000a7b74	?giMaxExtentX@@3HA
0x0001b675	0x000a7b78	?giMaxExtentY@@3HA
0x0001b681	0x000a7b78	?giMaxExtentY@@3HA
0x0001b68f	0x00023d6c	?DrawFrame@combatManager@@QAEXC@Z
0x0001b6aa	0x00070f8a	?DrawToBuffer@icon@@QAEXFFFCC@Z
0x0001b6b0	0x000a7b78	?giMaxExtentY@@3HA
0x0001b6b6	0x000a9564	?giMinExtentY@@3HA
0x0001b6c0	0x000a7b74	?giMaxExtentX@@3HA
0x0001b6c6	0x000a9560	?giMinExtentX@@3HA
0x0001b6d0	0x000a9564	?giMinExtentY@@3HA
0x0001b6d8	0x000a9560	?giMinExtentX@@3HA
0x0001b6df	0x000a74a8	?gpWindowManager@@3PAVheroWindowManager@@A
0x0001b6e4	0x0006a917	?UpdateScreenRegion@heroWindowManager@@QAEXFFFF@Z
0x0001b730	0x00068fb6	?WaitSample@@YAXPAVsample@@@Z
0x0001b73a	0x0008f2dc	$SG41225
0x0001b73f	0x000a7168	?gText@@3PADA
0x0001b744	0x0007823f	_sprintf
0x0001b74c	0x000a7168	?gText@@3PADA
0x0001b751	0x00068ec4	?LoadPlaySample@@YAPAVsample@@PAD@Z
0x0001b7c4	0x00035e77	?SRandom@@YAHHH@Z
0x0001b7dc	0x000a9414	?gbHumanPlayer@@3PAHA
0x0001b837	0x000a9560	?giMinExtentX@@3HA
0x0001b841	0x000a7b74	?giMaxExtentX@@3HA
0x0001b85b	0x000a9564	?giMinExtentY@@3HA
0x0001b873	0x000a7b78	?giMaxExtentY@@3HA
0x0001b879	0x000a9564	?giMinExtentY@@3HA
0x0001b882	0x000a9564	?giMinExtentY@@3HA
0x0001b88c	0x000a7b78	?giMaxExtentY@@3HA
0x0001b898	0x000a7b78	?giMaxExtentY@@3HA
0x0001b938	0x00023d6c	?DrawFrame@combatManager@@QAEXC@Z
0x0001b9ac	0x000a9560	?giMinExtentX@@3HA
0x0001b9b6	0x000a7b74	?giMaxExtentX@@3HA
0x0001b9d0	0x000a9564	?giMinExtentY@@3HA
0x0001b9e8	0x000a7b78	?giMaxExtentY@@3HA
0x0001b9ee	0x000a9564	?giMinExtentY@@3HA
0x0001b9f7	0x000a9564	?giMinExtentY@@3HA
0x0001ba01	0x000a7b78	?giMaxExtentY@@3HA
0x0001ba0d	0x000a7b78	?giMaxExtentY@@3HA
0x0001ba64	0x00023d6c	?DrawFrame@combatManager@@QAEXC@Z
0x0001babf	0x00023d6c	?DrawFrame@combatManager@@QAEXC@Z
0x0001bac5	0x000a9560	?giMinExtentX@@3HA
0x0001bacf	0x000a7b74	?giMaxExtentX@@3HA
0x0001bad9	0x000a9564	?giMinExtentY@@3HA
0x0001bae3	0x000a7b78	?giMaxExtentY@@3HA
0x0001bb12	0x00023d6c	?DrawFrame@combatManager@@QAEXC@Z
0x0001bb5e	0x00023d6c	?DrawFrame@combatManager@@QAEXC@Z
0x0001bb68	0x000a74d8	?gpResourceManager@@3PAVresourceManager@@A
0x0001bb6d	0x0006c705	?Dispose@resourceManager@@QAEXPAVresource@@@Z
0x0001bb73	0x000a7164	?gpMouseManager@@3PAVmouseManager@@A
0x0001bb78	0x0006bf6f	?ReallyShowPointer@mouseManager@@QAEXXZ
0x0001bb81	0x00068fb6	?WaitSample@@YAXPAVsample@@@Z
0x0001bb99	0x0001a787	?FreeArmies@combatManager@@QAEXXZ
0x0001bba1	0x0001a528	?LoadArmies@combatManager@@QAEXXZ
0x0001bba9	0x00019865	?GenerateMap@combatManager@@QAEXXZ
0x0001bbb3	0x00023acc	?SetGridMode@combatManager@@QAEXC@Z
0x0001bbc9	0x00023d6c	?DrawFrame@combatManager@@QAEXC@Z
0x0001bbd7	0x00088aae	__ehreg$?KeepAttack@combatManager@@QAEXXZ
0x0001bdc2	0x0009140a	?gMonsterDatabase@@3PAUtag_monsterInfo@@A
0x0001be2f	0x000a7164	?gpMouseManager@@3PAVmouseManager@@A
0x0001be34	0x0006bf87	?ReallyHidePointer@mouseManager@@QAEXXZ
0x0001be43	0x000a7828	?gpCombatManager@@3PAVcombatManager@@A
0x0001be8a	0x000a7828	?gpCombatManager@@3PAVcombatManager@@A
0x0001be8f	0x00023acc	?SetGridMode@combatManager@@QAEXC@Z
0x0001bebe	0x0008f2ec	$SG41308
0x0001bec3	0x000a7168	?gText@@3PADA
0x0001bec8	0x0007823f	_sprintf
0x0001bed2	0x0008f2f8	$SG41310
0x0001bed7	0x000a7168	?gText@@3PADA
0x0001bedc	0x0007823f	_sprintf
0x0001bee4	0x000a7168	?gText@@3PADA
0x0001bee9	0x00068ec4	?LoadPlaySample@@YAPAVsample@@PAD@Z
0x0001bf46	0x00078538	_abs
0x0001bf60	0x00078538	_abs
0x0001bfe4	0x000a7828	?gpCombatManager@@3PAVcombatManager@@A
0x0001c006	0x000a7828	?gpCombatManager@@3PAVcombatManager@@A
0x0001c10f	0x00077d50	??2@YAPAXI@Z
0x0001c142	0x000731cc	??0bitmap@@QAE@FFF@Z
0x0001c17b	0x000782f4	__ftol
0x0001c184	0x000782f4	__ftol
0x0001c18a	0x000a74a8	?gpWindowManager@@3PAVheroWindowManager@@A
0x0001c199	0x00073423	?GrabBitmap@bitmap@@QAEXPAV1@FF@Z
0x0001c1a1	0x000782f4	__ftol
0x0001c1ad	0x000782f4	__ftol
0x0001c1ea	0x000782f4	__ftol
0x0001c228	0x000782f4	__ftol
0x0001c244	0x00073374	?DrawToBuffer@bitmap@@QAEXFF@Z
0x0001c24c	0x000782f4	__ftol
0x0001c255	0x000782f4	__ftol
0x0001c25c	0x000a74a8	?gpWindowManager@@3PAVheroWindowManager@@A
0x0001c26b	0x00073423	?GrabBitmap@bitmap@@QAEXPAV1@FF@Z
0x0001c27f	0x000782f4	__ftol
0x0001c288	0x000782f4	__ftol
0x0001c29a	0x00070f8a	?DrawToBuffer@icon@@QAEXFFFCC@Z
0x0001c29f	0x000a98a0	?glTimers@@3PAHA
0x0001c2a4	0x0004639e	?DelayTil@@YAXPAH@Z
0x0001c2e5	0x000a74a8	?gpWindowManager@@3PAVheroWindowManager@@A
0x0001c2ea	0x0006a917	?UpdateScreenRegion@heroWindowManager@@QAEXFFFF@Z
0x0001c2ef	0x00044b4e	?KBTickCount@@YAHXZ
0x0001c2f7	0x000a98a0	?glTimers@@3PAHA
0x0001c2ff	0x000782f4	__ftol
0x0001c30b	0x000782f4	__ftol
0x0001c33b	0x00073374	?DrawToBuffer@bitmap@@QAEXFF@Z
0x0001c358	0x000a74a8	?gpWindowManager@@3PAVheroWindowManager@@A
0x0001c35d	0x0006a917	?UpdateScreenRegion@heroWindowManager@@QAEXFFFF@Z
0x0001c511	0x00035e77	?SRandom@@YAHHH@Z
0x0001c534	0x00091860	?gBattleStat@@3PAMA
0x0001c539	0x000782f4	__ftol
0x0001c564	0x00017391	?Damage@army@@QAEHH@Z
0x0001c58a	0x0008f304	$SG41347
0x0001c596	0x0008f310	$SG41348
0x0001c5b0	0x0009258c	?gArmyNames@@3PAPADA
0x0001c5c9	0x0009266c	?gArmyNamesPlural@@3PAPADA
0x0001c5e9	0x0008f31c	$SG41349
0x0001c5f5	0x0008f328	$SG41350
0x0001c5fa	0x0008f33c	$SG41351
0x0001c5ff	0x000a7168	?gText@@3PADA
0x0001c604	0x0007823f	_sprintf
0x0001c60e	0x0008f350	$SG41353
0x0001c61a	0x0008f35c	$SG41354
0x0001c61f	0x0008f370	$SG41355
0x0001c624	0x000a7168	?gText@@3PADA
0x0001c629	0x0007823f	_sprintf
0x0001c633	0x000a7168	?gText@@3PADA
0x0001c639	0x000a7828	?gpCombatManager@@3PAVcombatManager@@A
0x0001c63e	0x00023707	?CombatMessage@combatManager@@QAEXPADH@Z
0x0001c653	0x000174f1	?PowEffect@army@@QAEXC@Z
0x0001c670	0x00013fd9	?Stand@army@@QAEXC@Z
0x0001c679	0x00068fb6	?WaitSample@@YAXPAVsample@@@Z
0x0001c697	0x00013fd9	?Stand@army@@QAEXC@Z
0x0001c69d	0x000a7164	?gpMouseManager@@3PAVmouseManager@@A
0x0001c6a2	0x0006bf6f	?ReallyShowPointer@mouseManager@@QAEXXZ
0x0001c769	0x00091410	?gMonsterDatabase@@3PAUtag_monsterInfo@@A
0x0001c83f	0x0007831b	_malloc
0x0001c856	0x000a74a8	?gpWindowManager@@3PAVheroWindowManager@@A
0x0001c872	0x00078550	_memcpy
0x0001c8a2	0x000a74a8	?gpWindowManager@@3PAVheroWindowManager@@A
0x0001c8b4	0x00078550	_memcpy
0x0001d055	0x000a67e8	?gComPorts@@3PAUComPortState@@A
0x0001d069	0x000a67f0	?gComPorts@@3PAUComPortState@@A
0x0001d077	0x000a67e8	?gComPorts@@3PAUComPortState@@A
0x0001d07e	0x0008a18c	__imp__SetCommState@8
0x0001d08b	0x000a680c	?gComPorts@@3PAUComPortState@@A
0x0001d099	0x000a67e8	?gComPorts@@3PAUComPortState@@A
0x0001d0a0	0x0008a190	__imp__SetCommTimeouts@8
0x0001d0ad	0x000a67e8	?gComPorts@@3PAUComPortState@@A
0x0001d0b4	0x0008a178	__imp__CloseHandle@4
0x0001d0c1	0x000a67e8	?gComPorts@@3PAUComPortState@@A
0x0001d0d2	0x000a6838	?gComPorts@@3PAUComPortState@@A
0x0001d0d8	0x0001c984	?pop_node@@YAPAUtag_Node@@PAUtag_Anchor@@@Z
0x0001d0ed	0x00078156	_free
0x0001d0fe	0x000a6840	?gComPorts@@3PAUComPortState@@A
0x0001d104	0x0001c984	?pop_node@@YAPAUtag_Node@@PAUtag_Anchor@@@Z
0x0001d119	0x00078156	_free
0x0001d1f3	0x000a67e8	?gComPorts@@3PAUComPortState@@A
0x0001d214	0x000a67e8	?gComPorts@@3PAUComPortState@@A
0x0001d21b	0x0008a160	__imp__SetCommBreak@4
0x0001d229	0x0008f7dc	$SG18848
0x0001d22e	0x0001c9d2	?ShutdownComError@@YAXPAD@Z
0x0001d23c	0x0008a164	__imp__Sleep@4
0x0001d249	0x000a67e8	?gComPorts@@3PAUComPortState@@A
0x0001d250	0x0008a168	__imp__ClearCommBreak@4
0x0001d25e	0x0008f7f8	$SG18850
0x0001d263	0x0001c9d2	?ShutdownComError@@YAXPAD@Z
0x0001d27f	0x0007831b	_malloc
0x0001d2af	0x00078550	_memcpy
0x0001d2c9	0x000a6840	?gComPorts@@3PAUComPortState@@A
0x0001d2cf	0x0001c930	?add_node@@YAXPAUtag_Anchor@@PAUtag_Node@@@Z
0x0001d2e4	0x000a6838	?gComPorts@@3PAUComPortState@@A
0x0001d2ea	0x0001c930	?add_node@@YAXPAUtag_Anchor@@PAUtag_Node@@@Z
0x0001d313	0x000a67e8	?gComPorts@@3PAUComPortState@@A
0x0001d327	0x000a67e8	?gComPorts@@3PAUComPortState@@A
0x0001d32e	0x0008a15c	__imp__GetCommModemStatus@8
0x0001d471	0x00044b4e	?KBTickCount@@YAHXZ
0x0001d477	0x000a98a0	?glTimers@@3PAHA
0x0001d47e	0x0003c7b0	_PollSound
0x0001d483	0x00044b4e	?KBTickCount@@YAHXZ
0x0001d48b	0x000a98a0	?glTimers@@3PAHA
0x0001d493	0x00020d8c	?CheckCastleAttack@combatManager@@QAEXXZ
0x0001d49f	0x0001ea22	?CheckWin@combatManager@@QAEHPAUtag_message@@@Z
0x0001d4b3	0x000534cb	?GetRemoteData@@YAPADC@Z
0x0001d4ed	0x000a6aac	?gNextAction@@3HA
0x0001d4f9	0x000a6a88	?giNextActionExtra@@3HA
0x0001d505	0x000a6aa8	?giNextActionGridIndex@@3HA
0x0001d510	0x000a6a90	?giNextActionGridIndex2@@3HA
0x0001d521	0x000411a2	?PopNetBox@@YAXPAD@Z
0x0001d52b	0x000a6a8c	?gbThisNetHasControl@@3CA
0x0001d553	0x000411a2	?PopNetBox@@YAXPAD@Z
0x0001d59f	0x00017f49	?GoBerserk@army@@QAEXXZ
0x0001d5ab	0x0001ea22	?CheckWin@combatManager@@QAEHPAUtag_message@@@Z
0x0001d5fb	0x000a7b90	?gInputManager@@3PAVinputManager@@A
0x0001d600	0x0006eed9	?GetEvent@inputManager@@QAE?AUtag_message@@XZ
0x0001d635	0x000a7164	?gpMouseManager@@3PAVmouseManager@@A
0x0001d63a	0x0006bf6f	?ReallyShowPointer@mouseManager@@QAEXXZ
0x0001d642	0x00020cd1	?CheckChangeSelector@combatManager@@QAEXXZ
0x0001d648	0x000a6aac	?gNextAction@@3HA
0x0001d681	0x000a7b94	?gbThisNetHumanPlayer@@3PACA
0x0001d69b	0x00020e7c	?CheckGetAIMove@combatManager@@QAEXXZ
0x0001d6a9	0x0001e408	?ProcessCombatMsg@combatManager@@QAEHAAUtag_message@@@Z
0x0001d6b2	0x000a6aac	?gNextAction@@3HA
0x0001d6c1	0x000210c0	?ProcessNextAction@combatManager@@QAEFAAUtag_message@@@Z
0x0001d849	0x00090431	?gCombatAdjacency@@3PAY05CA
0x0001d863	0x0009042f	?gCombatAdjacency@@3PAY05CA
0x0001d899	0x0009042e	?gCombatAdjacency@@3PAY05CA
0x0001df75	0x00078538	_abs
0x0001df84	0x00078538	_abs
0x0001dfae	0x0008a440	__real@8@4000eeb851eb851eb800
0x0001dfc9	0x0008a438	__real@8@3fffdd70a3d70a3d7000
0x0001dfe4	0x0008a430	__real@4@3fff8000000000000000
0x0001dfff	0x0008a428	__real@8@3ffe947ae147ae147800
0x0001e01a	0x0008a420	__real@8@3ffd8a3d70a3d70a4000
0x0001e038	0x0008a420	__real@8@3ffd8a3d70a3d70a4000
0x0001e053	0x0008a428	__real@8@3ffe947ae147ae147800
0x0001e06e	0x0008a430	__real@4@3fff8000000000000000
0x0001e089	0x0008a438	__real@8@3fffdd70a3d70a3d7000
0x0001e0a4	0x0008a440	__real@8@4000eeb851eb851eb800
0x0001e0fd	0x000470ce	?OppositeDirection@@YAFF@Z
0x0001e2c9	0x0009042c	?gCombatAdjacency@@3PAY05CA
0x0001e33a	0x0001d6dc	?ValidHexToStandOn@combatManager@@QAECH@Z
0x0001e34d	0x0001d6dc	?ValidHexToStandOn@combatManager@@QAECH@Z
0x0001e3c1	0x0009042c	?gCombatAdjacency@@3PAY05CA
0x0001e3db	0x000a7164	?gpMouseManager@@3PAVmouseManager@@A
0x0001e3e0	0x0006b8b2	?SetPointer@mouseManager@@QAEXF@Z
0x0001e4c4	0x000a7164	?gpMouseManager@@3PAVmouseManager@@A
0x0001e4c9	0x0006c00c	?MouseCoords@mouseManager@@QAEXAAF0@Z
0x0001e4db	0x0001a84f	?GetGridIndex@combatManager@@QAEFFF@Z
0x0001e528	0x0001eb45	?GetCommand@combatManager@@QAECF@Z
0x0001e557	0x0001d783	?SetCombatDirections@combatManager@@QAEXH@Z
0x0001e56e	0x0001de87	?CheckSetMouseDirection@combatManager@@QAEXHHH@Z
0x0001e583	0x0001e3eb	?GetPointer@combatManager@@QAEHH@Z
0x0001e58a	0x000a7164	?gpMouseManager@@3PAVmouseManager@@A
0x0001e58f	0x0006b8b2	?SetPointer@mouseManager@@QAEXF@Z
0x0001e5b7	0x0001de87	?CheckSetMouseDirection@combatManager@@QAEXHHH@Z
0x0001e5f5	0x000237b4	?CombatMessage@combatManager@@QAEXF@Z
0x0001e605	0x000a7164	?gpMouseManager@@3PAVmouseManager@@A
0x0001e60a	0x0006c00c	?MouseCoords@mouseManager@@QAEXAAF0@Z
0x0001e61b	0x00092ed8	?gCombatHelp@@3PAPADA
0x0001e624	0x00023707	?CombatMessage@combatManager@@QAEXPADH@Z
0x0001e639	0x00092edc	?gCombatHelp@@3PAPADA
0x0001e642	0x00023707	?CombatMessage@combatManager@@QAEXPADH@Z
0x0001e64c	0x00092ee0	?gCombatHelp@@3PAPADA
0x0001e655	0x00023707	?CombatMessage@combatManager@@QAEXPADH@Z
0x0001e65d	0x000a7164	?gpMouseManager@@3PAVmouseManager@@A
0x0001e662	0x0006b8b2	?SetPointer@mouseManager@@QAEXF@Z
0x0001e69d	0x0001edae	?RightClick@combatManager@@QAECC@Z
0x0001e6c3	0x0001ef1f	?DoCommand@combatManager@@QAEXC@Z
0x0001e6fe	0x000a7164	?gpMouseManager@@3PAVmouseManager@@A
0x0001e703	0x0006bf87	?ReallyHidePointer@mouseManager@@QAEXXZ
0x0001e71c	0x000a6aac	?gNextAction@@3HA
0x0001e74d	0x0001e8d7	self+0x4cf
0x0001e754	0x0001e8bf	self+0x4b7
0x0001e75b	0x000411a2	?PopNetBox@@YAXPAD@Z
0x0001e769	0x000a6aac	?gNextAction@@3HA
0x0001e791	0x000a7164	?gpMouseManager@@3PAVmouseManager@@A
0x0001e796	0x0006b8b2	?SetPointer@mouseManager@@QAEXF@Z
0x0001e7ad	0x00065ef0	?ViewGeneral@combatManager@@QAECHHH@Z
0x0001e7b5	0x00021003	?ResetMouse@combatManager@@QAEXXZ
0x0001e7c2	0x000a7164	?gpMouseManager@@3PAVmouseManager@@A
0x0001e7c7	0x0006b8b2	?SetPointer@mouseManager@@QAEXF@Z
0x0001e806	0x00066595	?ViewArmy@combatManager@@QAEXPAVarmy@@HH@Z
0x0001e80e	0x00021003	?ResetMouse@combatManager@@QAEXXZ
0x0001e83f	0x0008f830	$SG23689
0x0001e844	0x0003e693	?NormalDialog@@YAXPADHHHHHHHH@Z
0x0001e877	0x0008f860	$SG23691
0x0001e87c	0x0003e693	?NormalDialog@@YAXPADHHHHHHHH@Z
0x0001e889	0x000a7164	?gpMouseManager@@3PAVmouseManager@@A
0x0001e88e	0x0006b8b2	?SetPointer@mouseManager@@QAEXF@Z
0x0001e89e	0x000a989c	?giCurGeneral@@3HA
0x0001e8a8	0x00059e90	?ViewSpells@combatManager@@QAECH@Z
0x0001e8b0	0x00021003	?ResetMouse@combatManager@@QAEXXZ
0x0001e8bf	0x0001e7be	self+0x3b6
0x0001e8c3	0x0001e776	self+0x36e
0x0001e8c7	0x0001e817	self+0x40f
0x0001e8cb	0x0001e767	self+0x35f
0x0001e8cf	0x0001e758	self+0x350
0x0001e8d3	0x0001e8b4	self+0x4ac
0x0001ea06	0x00017eaf	?CancelSpell@army@@QAEXXZ
0x0001ea3d	0x0001ade7	?IsWinner@combatManager@@QAECC@Z
0x0001ea62	0x0001ade7	?IsWinner@combatManager@@QAECC@Z
0x0001eaa6	0x0001ade7	?IsWinner@combatManager@@QAECC@Z
0x0001eaf3	0x000a7823	?gbRetreatWin@@3CA
0x0001eb26	0x0001fe71	?DoVictory@combatManager@@QAEXC@Z
0x0001ecec	0x00046666	?GetAttackMask@army@@QAEFFCC@Z
0x0001ed0d	0x0004656e	?ValidPath@army@@QAEFFC@Z
0x0001ed64	0x0004656e	?ValidPath@army@@QAEFFC@Z
0x0001ee0f	0x00065ef0	?ViewGeneral@combatManager@@QAECHHH@Z
0x0001ee17	0x00021003	?ResetMouse@combatManager@@QAEXXZ
0x0001ee38	0x00065ef0	?ViewGeneral@combatManager@@QAECHHH@Z
0x0001ee40	0x00021003	?ResetMouse@combatManager@@QAEXXZ
0x0001eebe	0x000a7164	?gpMouseManager@@3PAVmouseManager@@A
0x0001eec3	0x0006b8b2	?SetPointer@mouseManager@@QAEXF@Z
0x0001ef01	0x00066595	?ViewArmy@combatManager@@QAEXPAVarmy@@HH@Z
0x0001ef09	0x00021003	?ResetMouse@combatManager@@QAEXXZ
0x0001ef74	0x0001f1d5	self+0x2b6
0x0001ef7a	0x000a6aac	?gNextAction@@3HA
0x0001ef8e	0x000a6aa8	?giNextActionGridIndex@@3HA
0x0001ef94	0x000a6a88	?giNextActionExtra@@3HA
0x0001efac	0x000a6aa8	?giNextActionGridIndex@@3HA
0x0001efe2	0x000a9414	?gbHumanPlayer@@3PAHA
0x0001eff9	0x000a6aac	?gNextAction@@3HA
0x0001f003	0x000a6a88	?giNextActionExtra@@3HA
0x0001f00f	0x000a6aac	?gNextAction@@3HA
0x0001f022	0x000a6a88	?giNextActionExtra@@3HA
0x0001f02f	0x000a7164	?gpMouseManager@@3PAVmouseManager@@A
0x0001f034	0x0006b8b2	?SetPointer@mouseManager@@QAEXF@Z
0x0001f04b	0x00065ef0	?ViewGeneral@combatManager@@QAECHHH@Z
0x0001f053	0x00021003	?ResetMouse@combatManager@@QAEXXZ
0x0001f060	0x000a7164	?gpMouseManager@@3PAVmouseManager@@A
0x0001f065	0x0006b8b2	?SetPointer@mouseManager@@QAEXF@Z
0x0001f083	0x00065ef0	?ViewGeneral@combatManager@@QAECHHH@Z
0x0001f08b	0x00021003	?ResetMouse@combatManager@@QAEXXZ
0x0001f098	0x000a7164	?gpMouseManager@@3PAVmouseManager@@A
0x0001f09d	0x0006b8b2	?SetPointer@mouseManager@@QAEXF@Z
0x0001f0e7	0x00066595	?ViewArmy@combatManager@@QAEXPAVarmy@@HH@Z
0x0001f0ef	0x00021003	?ResetMouse@combatManager@@QAEXXZ
0x0001f0fe	0x00059e90	?ViewSpells@combatManager@@QAECH@Z
0x0001f106	0x00021003	?ResetMouse@combatManager@@QAEXXZ
0x0001f123	0x0008f88c	$SG23821
0x0001f128	0x0003e693	?NormalDialog@@YAXPADHHHHHHHH@Z
0x0001f131	0x000a74a8	?gpWindowManager@@3PAVheroWindowManager@@A
0x0001f140	0x000a6aac	?gNextAction@@3HA
0x0001f14c	0x00021003	?ResetMouse@combatManager@@QAEXXZ
0x0001f156	0x00020a7e	?DoSurrender@combatManager@@QAEFXZ
0x0001f17f	0x000a7ba0	?gpGame@@3PAVgame@@A
0x0001f18c	0x000a6ab4	?giSurrenderCost@@3HA
0x0001f1a3	0x0008f8b0	$SG23826
0x0001f1a8	0x0003e693	?NormalDialog@@YAXPADHHHHHHHH@Z
0x0001f1b3	0x000a6aac	?gNextAction@@3HA
0x0001f1bd	0x000a6ab4	?giSurrenderCost@@3HA
0x0001f1c3	0x000a6a88	?giNextActionExtra@@3HA
0x0001f1cb	0x00021003	?ResetMouse@combatManager@@QAEXXZ
0x0001f1d5	0x0001ef78	self+0x59
0x0001f1d9	0x0001ef78	self+0x59
0x0001f1dd	0x0001ef78	self+0x59
0x0001f1e1	0x0001f02b	self+0x10c
0x0001f1e5	0x0001f094	self+0x175
0x0001f1e9	0x0001f1cf	self+0x2b0
0x0001f1ed	0x0001efa1	self+0x82
0x0001f1f1	0x0001f1cf	self+0x2b0
0x0001f1f5	0x0001f1cf	self+0x2b0
0x0001f1f9	0x0001f0f8	self+0x1d9
0x0001f1fd	0x0001f10f	self+0x1f0
0x0001f201	0x0001f152	self+0x233
0x0001f205	0x0001f05c	self+0x13d
0x0001f25c	0x000a6aa4	?iCurTransferArtifact@@3HA
0x0001f266	0x000a6ab0	?iMaxTransferArtifacts@@3CA
0x0001f270	0x000a7828	?gpCombatManager@@3PAVcombatManager@@A
0x0001f27d	0x000a7828	?gpCombatManager@@3PAVcombatManager@@A
0x0001f282	0x0001f389	?ClearWinLoseBottom@combatManager@@QAEXPAVheroWindow@@@Z
0x0001f288	0x000a6aa4	?iCurTransferArtifact@@3HA
0x0001f291	0x000a6aa4	?iCurTransferArtifact@@3HA
0x0001f297	0x000a6aa4	?iCurTransferArtifact@@3HA
0x0001f29e	0x000a6a94	?iTransferArtifacts@@3PACA
0x0001f2a5	0x000a7828	?gpCombatManager@@3PAVcombatManager@@A
0x0001f2b2	0x000a7828	?gpCombatManager@@3PAVcombatManager@@A
0x0001f2b7	0x0001f491	?ShowWinLoseArtifact@combatManager@@QAEXPAVheroWindow@@H@Z
0x0001f2c6	0x000a74a8	?gpWindowManager@@3PAVheroWindowManager@@A
0x0001f2e9	0x00044b4e	?KBTickCount@@YAHXZ
0x0001f2ef	0x000a98a0	?glTimers@@3PAHA
0x0001f315	0x000a7ba0	?gpGame@@3PAVgame@@A
0x0001f326	0x000a7ba0	?gpGame@@3PAVgame@@A
0x0001f333	0x000a7ba0	?gpGame@@3PAVgame@@A
0x0001f355	0x000a7828	?gpCombatManager@@3PAVcombatManager@@A
0x0001f360	0x0006da11	?BroadcastMessage@heroWindow@@QAEFAAUtag_message@@@Z
0x0001f365	0x000a7828	?gpCombatManager@@3PAVcombatManager@@A
0x0001f370	0x0006da72	?DrawWindow@heroWindow@@QAEXXZ
0x0001f375	0x00044b4e	?KBTickCount@@YAHXZ
0x0001f37d	0x000a98a0	?glTimers@@3PAHA
0x0001f3d0	0x0006d92a	?RemoveWidget@heroWindow@@QAEXPAVwidget@@@Z
0x0001f42b	0x0006d92a	?RemoveWidget@heroWindow@@QAEXPAVwidget@@@Z
0x0001f497	0x00088ae1	__ehreg$?ShowWinLoseArtifact@combatManager@@QAEXPAVheroWindow@@H@Z
0x0001f4bc	0x0008f8cc	$SG23872
0x0001f4c1	0x000a7168	?gText@@3PADA
0x0001f4c6	0x0007823f	_sprintf
0x0001f4e2	0x000a7168	?gText@@3PADA
0x0001f4f4	0x0006da11	?BroadcastMessage@heroWindow@@QAEFAAUtag_message@@@Z
0x0001f4fb	0x00077d50	??2@YAPAXI@Z
0x0001f520	0x0008f8f0	$SG23877
0x0001f533	0x0006dfa0	??0iconWidget@@QAE@FFFFPADCCFFF@Z
0x0001f569	0x00042146	?MemError@@YAXXZ
0x0001f57d	0x0006d817	?AddWidget@heroWindow@@QAEXPAVwidget@@F@Z
0x0001f584	0x00077d50	??2@YAPAXI@Z
0x0001f5ab	0x0008f900	$SG23883
0x0001f5c1	0x0006dfa0	??0iconWidget@@QAE@FFFFPADCCFFF@Z
0x0001f5f7	0x00042146	?MemError@@YAXXZ
0x0001f60b	0x0006d817	?AddWidget@heroWindow@@QAEXPAVwidget@@F@Z
0x0001f612	0x0007831b	_malloc
0x0001f622	0x0009238c	?gArtifactNames@@3PAPADA
0x0001f62c	0x0007823f	_sprintf
0x0001f636	0x00077d50	??2@YAPAXI@Z
0x0001f65a	0x0008f910	$SG23890
0x0001f674	0x000717c8	??0textWidget@@QAE@FFFFPAD0FFF@Z
0x0001f6aa	0x00042146	?MemError@@YAXXZ
0x0001f6be	0x0006d817	?AddWidget@heroWindow@@QAEXPAVwidget@@F@Z
0x0001f6c4	0x000a7828	?gpCombatManager@@3PAVcombatManager@@A
0x0001f6cf	0x0006da72	?DrawWindow@heroWindow@@QAEXXZ
0x0001f6d8	0x00035e77	?SRandom@@YAHHH@Z
0x0001f6e1	0x0008f920	$SG23893
0x0001f6e6	0x000a7168	?gText@@3PADA
0x0001f6eb	0x0007823f	_sprintf
0x0001f6f3	0x000a7168	?gText@@3PADA
0x0001f6f8	0x00068ec4	?LoadPlaySample@@YAPAVsample@@PAD@Z
0x0001f707	0x00068fb6	?WaitSample@@YAXPAVsample@@@Z
0x0001f724	0x00088b31	__ehreg$?ShowDeadArmies@combatManager@@QAEXPAVheroWindow@@@Z
0x0001f8f2	0x0007831b	_malloc
0x0001f900	0x0008f930	$SG588080
0x0001f90c	0x0007823f	_sprintf
0x0001f916	0x00077d50	??2@YAPAXI@Z
0x0001f940	0x0008f938	$SG588088
0x0001f960	0x000717c8	??0textWidget@@QAE@FFFFPAD0FFF@Z
0x0001f9ab	0x00042146	?MemError@@YAXXZ
0x0001f9c2	0x0006d817	?AddWidget@heroWindow@@QAEXPAVwidget@@F@Z
0x0001f9fb	0x0007831b	_malloc
0x0001fa14	0x0008f948	$SG588104
0x0001fa20	0x0008f954	$SG588116
0x0001fa33	0x0007823f	_sprintf
0x0001fa3d	0x00077d50	??2@YAPAXI@Z
0x0001fa67	0x0008f964	$SG588132
0x0001fa87	0x000717c8	??0textWidget@@QAE@FFFFPAD0FFF@Z
0x0001fada	0x00042146	?MemError@@YAXXZ
0x0001faf5	0x0006d817	?AddWidget@heroWindow@@QAEXPAVwidget@@F@Z
0x0001fb0a	0x0007831b	_malloc
0x0001fb18	0x0008f974	$SG588148
0x0001fb24	0x0007823f	_sprintf
0x0001fb2e	0x00077d50	??2@YAPAXI@Z
0x0001fb5f	0x0008f978	$SG588152
0x0001fb81	0x000717c8	??0textWidget@@QAE@FFFFPAD0FFF@Z
0x0001fbda	0x00042146	?MemError@@YAXXZ
0x0001fbf8	0x0006d817	?AddWidget@heroWindow@@QAEXPAVwidget@@F@Z
0x0001fc48	0x00077d50	??2@YAPAXI@Z
0x0001fc8e	0x0008f988	$SG588168
0x0001fcb4	0x0006dfa0	??0iconWidget@@QAE@FFFFPADCCFFF@Z
0x0001fd13	0x00042146	?MemError@@YAXXZ
0x0001fd1a	0x0007831b	_malloc
0x0001fd39	0x0008f994	$SG588180
0x0001fd45	0x0007823f	_sprintf
0x0001fd4f	0x00077d50	??2@YAPAXI@Z
0x0001fd85	0x0008f998	$SG588184
0x0001fdb2	0x000717c8	??0textWidget@@QAE@FFFFPAD0FFF@Z
0x0001fe11	0x00042146	?MemError@@YAXXZ
0x0001fe32	0x0006d817	?AddWidget@heroWindow@@QAEXPAVwidget@@F@Z
0x0001fe53	0x0006d817	?AddWidget@heroWindow@@QAEXPAVwidget@@F@Z
0x0001fe77	0x00088b49	__ehreg$?DoVictory@combatManager@@QAEXC@Z
0x0001fe9e	0x000a6ab0	?iMaxTransferArtifacts@@3CA
0x0001fea5	0x000a6aa4	?iCurTransferArtifact@@3HA
0x0001feb4	0x0001a787	?FreeArmies@combatManager@@QAEXXZ
0x0001febb	0x0008f9a8	$SG588200
0x0001fec6	0x00023707	?CombatMessage@combatManager@@QAEXPADH@Z
0x0001fecf	0x000a74a8	?gpWindowManager@@3PAVheroWindowManager@@A
0x0001fed8	0x0006f9f5	?GrabScreenBitmap@@YAXPAVbitmap@@HH@Z
0x0001fee3	0x000a7164	?gpMouseManager@@3PAVmouseManager@@A
0x0001fee8	0x0006b8b2	?SetPointer@mouseManager@@QAEXF@Z
0x0001ff1c	0x000692fd	?PlayMusic@@YAXH@Z
0x0001ff2a	0x000205a2	?DoLoseWindow@combatManager@@QAEXXZ
0x0001ff5e	0x0001c6b4	?ExperienceValueOfStack@combatManager@@QAEHC@Z
0x0001ff7d	0x000a7823	?gbRetreatWin@@3CA
0x00020020	0x000a7b94	?gbThisNetHumanPlayer@@3PACA
0x00020057	0x000a7480	?gpAdvManager@@3PAVadvManager@@A
0x0002005c	0x00026f65	?GiveExperience@advManager@@QAEHPAVhero@@HC@Z
0x00020066	0x000a7823	?gbRetreatWin@@3CA
0x0002011f	0x000a6ab0	?iMaxTransferArtifacts@@3CA
0x0002012f	0x000a6a94	?iTransferArtifacts@@3PACA
0x00020135	0x000a6ab0	?iMaxTransferArtifacts@@3CA
0x0002013e	0x000a6ab0	?iMaxTransferArtifacts@@3CA
0x0002014a	0x000b4aa4	?giCurPlayer@@3CA
0x00020156	0x000b4aa4	?giCurPlayer@@3CA
0x0002015d	0x000a7b94	?gbThisNetHumanPlayer@@3PACA
0x0002017a	0x000b4aa4	?giCurPlayer@@3CA
0x00020189	0x000b4aa4	?giCurPlayer@@3CA
0x000201ac	0x000b4aa4	?giCurPlayer@@3CA
0x000201b3	0x000a7b94	?gbThisNetHumanPlayer@@3PACA
0x000201d0	0x000a7b94	?gbThisNetHumanPlayer@@3PACA
0x00020208	0x000a7b94	?gbThisNetHumanPlayer@@3PACA
0x00020217	0x000692fd	?PlayMusic@@YAXH@Z
0x00020221	0x00077d50	??2@YAPAXI@Z
0x0002023f	0x0008f9ac	$SG588204
0x00020251	0x0006d150	??0heroWindow@@QAE@FFPAD@Z
0x0002029c	0x00042146	?MemError@@YAXXZ
0x000202bb	0x000a7495	?gbCombatSurrender@@3CA
0x000202c5	0x00093188	?gBattleResults@@3PAPADA
0x000202cb	0x000a7168	?gText@@3PADA
0x000202d0	0x0007823f	_sprintf
0x000202dc	0x000a7823	?gbRetreatWin@@3CA
0x000202e5	0x0009318c	?gBattleResults@@3PAPADA
0x000202eb	0x000a7168	?gText@@3PADA
0x000202f0	0x0007823f	_sprintf
0x000202fb	0x00093190	?gBattleResults@@3PAPADA
0x00020301	0x000a7168	?gText@@3PADA
0x00020306	0x0007823f	_sprintf
0x0002031d	0x000a749c	?gNumHumanPlayers@@3HA
0x00020358	0x000931b0	?gBattleResults@@3PAPADA
0x00020365	0x0007823f	_sprintf
0x0002039e	0x00093194	?gBattleResults@@3PAPADA
0x000203ab	0x0007823f	_sprintf
0x000203ba	0x000a7168	?gText@@3PADA
0x000203bf	0x00077c70	_strcat
0x000203d8	0x0003a725	?ApplyBattleWinTemps@hero@@QAEXXZ
0x000203e1	0x000a7495	?gbCombatSurrender@@3CA
0x000203eb	0x00093188	?gBattleResults@@3PAPADA
0x000203f1	0x000a7168	?gText@@3PADA
0x000203f6	0x0007823f	_sprintf
0x00020402	0x000a7823	?gbRetreatWin@@3CA
0x0002040c	0x0009318c	?gBattleResults@@3PAPADA
0x00020412	0x000a7168	?gText@@3PADA
0x00020417	0x0007823f	_sprintf
0x00020422	0x00093190	?gBattleResults@@3PAPADA
0x00020428	0x000a7168	?gText@@3PADA
0x0002042d	0x0007823f	_sprintf
0x00020449	0x000a7168	?gText@@3PADA
0x0002045e	0x0006da11	?BroadcastMessage@heroWindow@@QAEFAAUtag_message@@@Z
0x00020476	0x0001f71e	?ShowDeadArmies@combatManager@@QAEXPAVheroWindow@@@Z
0x0002047d	0x0001f209	?WinCombatHandler@@YAFAAUtag_message@@@Z
0x00020490	0x000a74a8	?gpWindowManager@@3PAVheroWindowManager@@A
0x00020495	0x0006a740	?DoDialog@heroWindowManager@@QAEFPAVheroWindow@@P6AFAAUtag_message@@@ZH@Z
0x000204b3	0x00077c4d	??3@YAXPAX@Z
0x000204ee	0x0003a89e	?ApplyBattleLossTemps@hero@@QAEXXZ
0x0002051a	0x0003a725	?ApplyBattleWinTemps@hero@@QAEXXZ
0x00020552	0x0003a89e	?ApplyBattleLossTemps@hero@@QAEXXZ
0x00020559	0x000692fd	?PlayMusic@@YAXH@Z
0x00020567	0x000205a2	?DoLoseWindow@combatManager@@QAEXXZ
0x0002056d	0x000a7480	?gpAdvManager@@3PAVadvManager@@A
0x0002057b	0x000a7824	?gMapX@@3FA
0x00020580	0x000a7480	?gpAdvManager@@3PAVadvManager@@A
0x0002058e	0x000a7826	?gMapY@@3FA
0x000205a8	0x00088b5e	__ehreg$?DoLoseWindow@combatManager@@QAEXXZ
0x000205f3	0x000a6ab0	?iMaxTransferArtifacts@@3CA
0x0002060d	0x000b4aa4	?giCurPlayer@@3CA
0x0002062c	0x000a7b94	?gbThisNetHumanPlayer@@3PACA
0x00020640	0x000b4aa4	?giCurPlayer@@3CA
0x0002065f	0x000a7b94	?gbThisNetHumanPlayer@@3PACA
0x0002068c	0x000a7b94	?gbThisNetHumanPlayer@@3PACA
0x000206a7	0x00077d50	??2@YAPAXI@Z
0x000206bf	0x0008f9b8	$SG24047
0x000206ce	0x0006d150	??0heroWindow@@QAE@FFPAD@Z
0x000206f8	0x00042146	?MemError@@YAXXZ
0x000206fd	0x0008f9c8	$SG24049
0x00020703	0x000a74d8	?gpResourceManager@@3PAVresourceManager@@A
0x00020708	0x0006c31b	?GetBitmap@resourceManager@@QAEPAVbitmap@@PAD@Z
0x00020711	0x000a98cc	?gLoadingMonoIcon@@3HA
0x0002071a	0x0008f9d8	$SG24050
0x00020720	0x000a74d8	?gpResourceManager@@3PAVresourceManager@@A
0x00020725	0x0006c3db	?GetIcon@resourceManager@@QAEPAVicon@@PAD@Z
0x0002072e	0x000a98cc	?gLoadingMonoIcon@@3HA
0x0002074d	0x000a7495	?gbCombatSurrender@@3CA
0x00020768	0x00093198	?gBattleResults@@3PAPADA
0x0002076e	0x000a7168	?gText@@3PADA
0x00020773	0x0007823f	_sprintf
0x0002077f	0x000a7823	?gbRetreatWin@@3CA
0x00020799	0x0009319c	?gBattleResults@@3PAPADA
0x0002079f	0x000a7168	?gText@@3PADA
0x000207a4	0x0007823f	_sprintf
0x000207c0	0x000931a0	?gBattleResults@@3PAPADA
0x000207c6	0x000a7168	?gText@@3PADA
0x000207cb	0x0007823f	_sprintf
0x000207d7	0x000a7495	?gbCombatSurrender@@3CA
0x000207e0	0x000931a4	?gBattleResults@@3PAPADA
0x000207e6	0x000a7168	?gText@@3PADA
0x000207eb	0x0007823f	_sprintf
0x000207f7	0x000a7823	?gbRetreatWin@@3CA
0x00020801	0x000931a8	?gBattleResults@@3PAPADA
0x00020807	0x000a7168	?gText@@3PADA
0x0002080c	0x0007823f	_sprintf
0x00020816	0x000931ac	?gBattleResults@@3PAPADA
0x0002081c	0x000a7168	?gText@@3PADA
0x00020821	0x0007823f	_sprintf
0x0002083d	0x000a7168	?gText@@3PADA
0x00020849	0x0006da11	?BroadcastMessage@heroWindow@@QAEFAAUtag_message@@@Z
0x00020855	0x0001f71e	?ShowDeadArmies@combatManager@@QAEXPAVheroWindow@@@Z
0x00020863	0x000a74a8	?gpWindowManager@@3PAVheroWindowManager@@A
0x00020868	0x0006a4f1	?AddWindow@heroWindowManager@@QAEXPAVheroWindow@@FC@Z
0x00020875	0x000a74a8	?gpWindowManager@@3PAVheroWindowManager@@A
0x00020890	0x00072800	?BlitBitmap@@YAXPAVbitmap@@HHHH0HH@Z
0x000208b0	0x000712f5	?FillToBuffer@icon@@QAEXFFFFCC@Z
0x000208c7	0x000a74a8	?gpWindowManager@@3PAVheroWindowManager@@A
0x000208cc	0x0006a917	?UpdateScreenRegion@heroWindowManager@@QAEXFFFF@Z
0x000208d1	0x00044b4e	?KBTickCount@@YAHXZ
0x000208db	0x000a98a0	?glTimers@@3PAHA
0x000208e0	0x00044b4e	?KBTickCount@@YAHXZ
0x000208e6	0x000a98a0	?glTimers@@3PAHA
0x000208f8	0x000a74a8	?gpWindowManager@@3PAVheroWindowManager@@A
0x00020913	0x00072800	?BlitBitmap@@YAXPAVbitmap@@HHHH0HH@Z
0x00020933	0x000712f5	?FillToBuffer@icon@@QAEXFFFFCC@Z
0x00020947	0x000a74a8	?gpWindowManager@@3PAVheroWindowManager@@A
0x0002094c	0x0006a917	?UpdateScreenRegion@heroWindowManager@@QAEXFFFF@Z
0x0002098f	0x00044b4e	?KBTickCount@@YAHXZ
0x00020999	0x000a98a0	?glTimers@@3PAHA
0x0002099e	0x00043775	?Process1WindowsMessage@@YAXXZ
0x000209a8	0x000a7b90	?gInputManager@@3PAVinputManager@@A
0x000209ad	0x0006eed9	?GetEvent@inputManager@@QAE?AUtag_message@@XZ
0x000209ce	0x000a7164	?gpMouseManager@@3PAVmouseManager@@A
0x000209d6	0x000a7164	?gpMouseManager@@3PAVmouseManager@@A
0x000209e3	0x000a74a8	?gpWindowManager@@3PAVheroWindowManager@@A
0x000209eb	0x000a74a8	?gpWindowManager@@3PAVheroWindowManager@@A
0x00020a37	0x000a74a8	?gpWindowManager@@3PAVheroWindowManager@@A
0x00020a3c	0x0006a657	?RemoveWindow@heroWindowManager@@QAEXPAVheroWindow@@@Z
0x00020a4b	0x00077c4d	??3@YAXPAX@Z
0x00020a58	0x000a74d8	?gpResourceManager@@3PAVresourceManager@@A
0x00020a5d	0x0006c705	?Dispose@resourceManager@@QAEXPAVresource@@@Z
0x00020a67	0x000a74d8	?gpResourceManager@@3PAVresourceManager@@A
0x00020a6c	0x0006c705	?Dispose@resourceManager@@QAEXPAVresource@@@Z
0x00020a84	0x00088b73	__ehreg$?DoSurrender@combatManager@@QAEFXZ
0x00020a9e	0x000a6ab4	?giSurrenderCost@@3HA
0x00020b63	0x00091408	?gMonsterDatabase@@3PAUtag_monsterInfo@@A
0x00020b71	0x000a6ab4	?giSurrenderCost@@3HA
0x00020b79	0x000a6ab4	?giSurrenderCost@@3HA
0x00020b91	0x00077d50	??2@YAPAXI@Z
0x00020ba9	0x0008f9e8	$SG24086
0x00020bb5	0x0006d150	??0heroWindow@@QAE@FFPAD@Z
0x00020bdf	0x00042146	?MemError@@YAXXZ
0x00020c16	0x0008f9f8	$SG24088
0x00020c1b	0x000a7168	?gText@@3PADA
0x00020c20	0x0007823f	_sprintf
0x00020c2a	0x000a7168	?gText@@3PADA
0x00020c36	0x0006da11	?BroadcastMessage@heroWindow@@QAEFAAUtag_message@@@Z
0x00020c47	0x000a6ab4	?giSurrenderCost@@3HA
0x00020c6c	0x0008fa08	$SG24089
0x00020c71	0x000a7168	?gText@@3PADA
0x00020c76	0x0007823f	_sprintf
0x00020c85	0x0006da11	?BroadcastMessage@heroWindow@@QAEFAAUtag_message@@@Z
0x00020c8c	0x0003f6a2	?TrueFalseDialogHandler@@YAFAAUtag_message@@@Z
0x00020c96	0x000a74a8	?gpWindowManager@@3PAVheroWindowManager@@A
0x00020c9b	0x0006a740	?DoDialog@heroWindowManager@@QAEFPAVheroWindow@@P6AFAAUtag_message@@@ZH@Z
0x00020caa	0x00077c4d	??3@YAXPAX@Z
0x00020cb3	0x000a74a8	?gpWindowManager@@3PAVheroWindowManager@@A
0x00020dda	0x0001ae9c	?CatAttack@combatManager@@QAEXC@Z
0x00020e44	0x0001bbd1	?KeepAttack@combatManager@@QAEXXZ
0x00020e87	0x00011660	?AICheckRetreat@combatManager@@QAEHXZ
0x00020eb8	0x00058de0	?DoSpellAI@combatManager@@QAEHC@Z
0x00020ed0	0x00011d88	?DoCompAI@combatManager@@QAEXC@Z
0x00020f01	0x000a7164	?gpMouseManager@@3PAVmouseManager@@A
0x00020f06	0x0006b8b2	?SetPointer@mouseManager@@QAEXF@Z
0x00020f0e	0x00020cd1	?CheckChangeSelector@combatManager@@QAEXXZ
0x00020f14	0x000a9944	?gRemoteOn@@3HA
0x00020f44	0x000a9414	?gbHumanPlayer@@3PAHA
0x00020f58	0x000a9414	?gbHumanPlayer@@3PAHA
0x00020f6c	0x000a9414	?gbHumanPlayer@@3PAHA
0x00020f83	0x000a6a8c	?gbThisNetHasControl@@3CA
0x00020fbc	0x000a9414	?gbHumanPlayer@@3PAHA
0x00020fdb	0x000a7b94	?gbThisNetHumanPlayer@@3PACA
0x00020fe5	0x000a6a8c	?gbThisNetHasControl@@3CA
0x00020fee	0x000a6a8c	?gbThisNetHasControl@@3CA
0x00020ff7	0x00021003	?ResetMouse@combatManager@@QAEXXZ
0x000215e0	0x00021dc4	?GetCursorBaseFrame@advManager@@QAEFF@Z
0x000215f8	0x000a9428	?gConfig@@3UconfigStruct@@A
0x00021614	0x00090a9c	?gNormalDirTable@@3PAUtag_tilePoint@@A
0x00021625	0x00090a9d	?gNormalDirTable@@3PAUtag_tilePoint@@A
0x00021715	0x0008fa5c	?gMoveSoundMade@@3CA
0x0002172a	0x00021dc4	?GetCursorBaseFrame@advManager@@QAEFF@Z
0x00021746	0x000a6ac6	?EveryOther@@3CA
0x0002182b	0x000a98bc	?bShowIt@@3HA
0x00021834	0x000a74cc	?bSpecialHideCursor@@3HA
0x00021843	0x000a98ca	?gDrawSavedCursor@@3CA
0x00021850	0x000a6ac0	?S1cursorDirection@@3CA
0x00021860	0x000a6abe	?S1cursorBaseFrame@@3FA
0x00021870	0x000a6abc	?S1cursorFrameCount@@3FA
0x00021881	0x000a6ac2	?S1cursorCycle@@3FA
0x00021892	0x000a6ac4	?S1cursorTurning@@3FA
0x00021952	0x000a74a8	?gpWindowManager@@3PAVheroWindowManager@@A
0x00021965	0x000707de	?FlipDimIconToBitmap@@YAXPAVicon@@PAVbitmap@@HHHH@Z
0x0002197e	0x000a74a8	?gpWindowManager@@3PAVheroWindowManager@@A
0x0002199d	0x0007048e	?FlipIconToBitmap@@YAXPAVicon@@PAVbitmap@@HHHH@Z
0x000219e5	0x000a74a8	?gpWindowManager@@3PAVheroWindowManager@@A
0x000219ef	0x000b4ba8	?gCurPlayerData@@3PAVplayerData@@A
0x00021a03	0x0007048e	?FlipIconToBitmap@@YAXPAVicon@@PAVbitmap@@HHHH@Z
0x00021a4f	0x000a74a8	?gpWindowManager@@3PAVheroWindowManager@@A
0x00021a58	0x000b4ba8	?gCurPlayerData@@3PAVplayerData@@A
0x00021a6c	0x0007048e	?FlipIconToBitmap@@YAXPAVicon@@PAVbitmap@@HHHH@Z
0x00021ada	0x000a74a8	?gpWindowManager@@3PAVheroWindowManager@@A
0x00021aed	0x00070704	?DimIconToBitmap@@YAXPAVicon@@PAVbitmap@@HHHH@Z
0x00021b07	0x000a74a8	?gpWindowManager@@3PAVheroWindowManager@@A
0x00021b26	0x000703b8	?IconToBitmap@@YAXPAVicon@@PAVbitmap@@HHHH@Z
0x00021b6c	0x000a74a8	?gpWindowManager@@3PAVheroWindowManager@@A
0x00021b75	0x000b4ba8	?gCurPlayerData@@3PAVplayerData@@A
0x00021b89	0x000703b8	?IconToBitmap@@YAXPAVicon@@PAVbitmap@@HHHH@Z
0x00021bd2	0x000a74a8	?gpWindowManager@@3PAVheroWindowManager@@A
0x00021bdc	0x000b4ba8	?gCurPlayerData@@3PAVplayerData@@A
0x00021bf0	0x000703b8	?IconToBitmap@@YAXPAVicon@@PAVbitmap@@HHHH@Z
0x00021c23	0x000a9428	?gConfig@@3UconfigStruct@@A
0x00021c48	0x000a9428	?gConfig@@3UconfigStruct@@A
0x00021c87	0x000a9428	?gConfig@@3UconfigStruct@@A
0x00021c91	0x000a6ac6	?EveryOther@@3CA
0x00021c9d	0x000a6ac6	?EveryOther@@3CA
0x00021ca4	0x000a6ac6	?EveryOther@@3CA
0x00021cfe	0x000a9428	?gConfig@@3UconfigStruct@@A
0x00021d08	0x0008fa5c	?gMoveSoundMade@@3CA
0x00021d12	0x0008fa5c	?gMoveSoundMade@@3CA
0x00021d1a	0x000a6ac6	?EveryOther@@3CA
0x00021d42	0x00006d26	?GetCell@advManager@@QAEPAVmapCell@@FF@Z
0x00021d4d	0x000a7638	?giGroundToTerrain@@3PACA
0x00021d5d	0x00068b37	?PlaySample@@YAXPAVsample@@@Z
0x00021d67	0x000a98ca	?gDrawSavedCursor@@3CA
0x00021d7a	0x000a6ac0	?S1cursorDirection@@3CA
0x00021d8a	0x000a6abe	?S1cursorBaseFrame@@3FA
0x00021d9b	0x000a6abc	?S1cursorFrameCount@@3FA
0x00021dac	0x000a6ac2	?S1cursorCycle@@3FA
0x00021dbc	0x000a6ac4	?S1cursorTurning@@3FA
0x00021e8b	0x000a9428	?gConfig@@3UconfigStruct@@A
0x00021e93	0x0008fa6c	?gStepDelay@@3PAFA
0x00021e9c	0x000a9428	?gConfig@@3UconfigStruct@@A
0x00021eae	0x000a9428	?gConfig@@3UconfigStruct@@A
0x00021eba	0x0008a448	__real@8@3fffc000000000000000
0x00021ebf	0x000782f4	__ftol
0x00021eea	0x0009053c	?gHorseFrameFlip@@3PAFA
0x00021efc	0x0009055c	?gBoatFrameFlip@@3PAFA
0x00021f1f	0x00044b4e	?KBTickCount@@YAHXZ
0x00021f27	0x000a98a4	?glTimers@@3PAHA
0x00021f2d	0x000a9428	?gConfig@@3UconfigStruct@@A
0x00021f50	0x0000e4c1	?ComboDraw@advManager@@QAECFFC@Z
0x00021f63	0x00005530	?UpdateScreen@advManager@@QAEXCC@Z
0x00021f69	0x000a98bc	?bShowIt@@3HA
0x00021f71	0x000a98a4	?glTimers@@3PAHA
0x00021f76	0x0004639e	?DelayTil@@YAXPAH@Z
0x00021fd0	0x00021703	?StopCursor@advManager@@QAEXC@Z
0x00021fd6	0x000a98bc	?bShowIt@@3HA
0x00021fde	0x000a98a4	?glTimers@@3PAHA
0x00021fe3	0x0004639e	?DelayTil@@YAXPAH@Z
0x00022006	0x0000e4c1	?ComboDraw@advManager@@QAECFFC@Z
0x00022019	0x00005530	?UpdateScreen@advManager@@QAEXCC@Z
0x0002202d	0x000b4ba8	?gCurPlayerData@@3PAVplayerData@@A
0x00022048	0x000b4ba8	?gCurPlayerData@@3PAVplayerData@@A
0x00022058	0x000a7ba0	?gpGame@@3PAVgame@@A
0x0002206f	0x00090a9c	?gNormalDirTable@@3PAUtag_tilePoint@@A
0x00022080	0x00090a9d	?gNormalDirTable@@3PAUtag_tilePoint@@A
0x0002208b	0x000b4aa4	?giCurPlayer@@3CA
0x00022092	0x000a7b94	?gbThisNetHumanPlayer@@3PACA
0x0002209c	0x000a943c	?gConfig@@3UconfigStruct@@A
0x000220a5	0x000a9944	?gRemoteOn@@3HA
0x000220b7	0x000a7ba0	?gpGame@@3PAVgame@@A
0x000220d1	0x000b7430	?gCurWatchPlayerHighFlag@@3EA
0x000220ed	0x000a7ba0	?gpGame@@3PAVgame@@A
0x0002210e	0x000b7430	?gCurWatchPlayerHighFlag@@3EA
0x000227e5	0x0008fa60	?gPixelsPerStep@@3PAFA
0x000228a8	0x00092194	?gEnlargeScreenBlit@@3HA
0x0002292f	0x0008fa7a	?startVals@@3PAFA
0x00022945	0x0008fa7a	?startVals@@3PAFA
0x00022a1e	0x00092194	?gEnlargeScreenBlit@@3HA
0x00022dfe	0x000b4ba8	?gCurPlayerData@@3PAVplayerData@@A
0x00022e0e	0x000a7ba0	?gpGame@@3PAVgame@@A
0x00022e40	0x00036026	?FindAdjacentMonster@advManager@@QAECHHPAH0HH@Z
0x00022e55	0x00021703	?StopCursor@advManager@@QAEXC@Z
0x00022e75	0x000057a9	?CompleteDraw@advManager@@QAEXFFH@Z
0x00022e81	0x00005530	?UpdateScreen@advManager@@QAEXCC@Z
0x00022e93	0x00006d26	?GetCell@advManager@@QAEPAVmapCell@@FF@Z
0x00022eb0	0x00006d26	?GetCell@advManager@@QAEPAVmapCell@@FF@Z
0x00022eba	0x000b4aa4	?giCurPlayer@@3CA
0x00022ec1	0x000a7b94	?gbThisNetHumanPlayer@@3PACA
0x00022ef7	0x00028ce2	?PlayerMonsterInteract@advManager@@QAEXPAVmapCell@@0PAVhero@@PACHHCHH@Z
0x00022f0d	0x00028e5f	?ComputerMonsterInteract@advManager@@QAEXPAVmapCell@@PAVhero@@PAC@Z
0x00022f29	0x000267ed	?EraseObj@advManager@@QAEXPAVmapCell@@HH@Z
0x00022f30	0x000b4aa4	?giCurPlayer@@3CA
0x00022f37	0x000a7b94	?gbThisNetHumanPlayer@@3PACA
0x00022f45	0x00027c1b	?FizzleCenter@advManager@@QAEXH@Z
0x00023736	0x0006da11	?BroadcastMessage@heroWindow@@QAEFAAUtag_message@@@Z
0x0002373b	0x000a9934	?gComputeExtent@@3HA
0x00023744	0x000a993c	?gLimitToExtent@@3HA
0x0002374d	0x000a993c	?gLimitToExtent@@3HA
0x00023757	0x000a993c	?gLimitToExtent@@3HA
0x0002375d	0x000a9934	?gComputeExtent@@3HA
0x00023771	0x0006daab	?DrawWindow@heroWindow@@QAEXFHH@Z
0x00023779	0x0001c826	?SaveCombatBorder@combatManager@@QAEXXZ
0x00023793	0x000a74a8	?gpWindowManager@@3PAVheroWindowManager@@A
0x00023798	0x0006a917	?UpdateScreenRegion@heroWindowManager@@QAEXFFFF@Z
0x000237a1	0x000a9934	?gComputeExtent@@3HA
0x000237aa	0x000a993c	?gLimitToExtent@@3HA
0x00023883	0x00092ec8	?gCombatMessage@@3PAPADA
0x00023889	0x000a7168	?gText@@3PADA
0x0002388e	0x00077c60	_strcpy
0x00023898	0x00092ea8	?gCombatMessage@@3PAPADA
0x0002389e	0x000a7168	?gText@@3PADA
0x000238a3	0x00077c60	_strcpy
0x000238b6	0x0009258c	?gArmyNames@@3PAPADA
0x000238bc	0x00092eac	?gCombatMessage@@3PAPADA
0x000238c2	0x000a7168	?gText@@3PADA
0x000238c7	0x0007823f	_sprintf
0x000238da	0x0009258c	?gArmyNames@@3PAPADA
0x000238e0	0x00092eb0	?gCombatMessage@@3PAPADA
0x000238e6	0x000a7168	?gText@@3PADA
0x000238eb	0x0007823f	_sprintf
0x000238fe	0x0009266c	?gArmyNamesPlural@@3PAPADA
0x00023904	0x00092eb4	?gCombatMessage@@3PAPADA
0x0002390a	0x000a7168	?gText@@3PADA
0x0002390f	0x0007823f	_sprintf
0x0002392a	0x0009266c	?gArmyNamesPlural@@3PAPADA
0x00023931	0x00092eb8	?gCombatMessage@@3PAPADA
0x00023937	0x000a7168	?gText@@3PADA
0x0002393c	0x0007823f	_sprintf
0x00023949	0x00092ebc	?gCombatMessage@@3PAPADA
0x0002394f	0x000a7168	?gText@@3PADA
0x00023954	0x00077c60	_strcpy
0x00023962	0x00092ec0	?gCombatMessage@@3PAPADA
0x00023968	0x000a7168	?gText@@3PADA
0x0002396d	0x00077c60	_strcpy
0x000239c1	0x0009258c	?gArmyNames@@3PAPADA
0x000239c7	0x00092ec4	?gCombatMessage@@3PAPADA
0x000239cd	0x000a7168	?gText@@3PADA
0x000239d2	0x0007823f	_sprintf
0x000239e1	0x000a7168	?gText@@3PADA
0x000239e6	0x0007823f	_sprintf
0x000239f0	0x000a7168	?gText@@3PADA
0x000239f8	0x00023707	?CombatMessage@combatManager@@QAEXPADH@Z
0x00023b6d	0x00092194	?gEnlargeScreenBlit@@3HA
0x00023b93	0x00092194	?gEnlargeScreenBlit@@3HA
0x00024924	0x000a993c	?gLimitToExtent@@3HA
0x0002492e	0x000a9934	?gComputeExtent@@3HA
0x00024938	0x00093430	?gFullCombatScreenDrawn@@3HA
0x00024941	0x000a98a0	?glTimers@@3PAHA
0x00024946	0x0004639e	?DelayTil@@YAXPAH@Z
0x0002494e	0x00044b4e	?KBTickCount@@YAHXZ
0x000249df	0x00093430	?gFullCombatScreenDrawn@@3HA
0x000249e8	0x000a98a0	?glTimers@@3PAHA
0x000249ed	0x0004639e	?DelayTil@@YAXPAH@Z
0x000249f5	0x00044b4e	?KBTickCount@@YAHXZ
0x000249fd	0x000a98a0	?glTimers@@3PAHA
0x00024a05	0x00023ae5	?UpdateCombatArea@combatManager@@QAEXXZ
0x00024a56	0x00088b8e	__ehreg$?DoEvent@advManager@@QAEXPAVmapCell@@HH@Z
0x00024a76	0x000b4ba8	?gCurPlayerData@@3PAVplayerData@@A
0x00024a86	0x000a7ba0	?gpGame@@3PAVgame@@A
0x00024aaf	0x000a6acc	?gEventMusicPlaying@@3CA
0x00024ab6	0x000a7164	?gpMouseManager@@3PAVmouseManager@@A
0x00024abb	0x0006bf87	?ReallyHidePointer@mouseManager@@QAEXXZ
0x00024ad5	0x00026be9	?EventSound@advManager@@QAEXFF@Z
0x00024b83	0x00021dc4	?GetCursorBaseFrame@advManager@@QAEFF@Z
0x00024bb1	0x000a74a8	?gpWindowManager@@3PAVheroWindowManager@@A
0x00024bb6	0x0006abe6	?SaveFizzleSource@heroWindowManager@@QAEXFFFF@Z
0x00024bdf	0x000057a9	?CompleteDraw@advManager@@QAEXFFH@Z
0x00024bf5	0x000a74a8	?gpWindowManager@@3PAVheroWindowManager@@A
0x00024bfa	0x0006b11d	?FizzleForward@heroWindowManager@@QAEXFFFFH@Z
0x00024c09	0x00022df4	?CheckAdjacentMon@advManager@@QAEXPAC@Z
0x00024c1c	0x000a7ba0	?gpGame@@3PAVgame@@A
0x00024c48	0x000a7ba0	?gpGame@@3PAVgame@@A
0x00024c4d	0x00038e58	?RestoreCell@game@@QAEXHHHHPAVmapCell@@H@Z
0x00024cba	0x00021dc4	?GetCursorBaseFrame@advManager@@QAEFF@Z
0x00024cfd	0x000057a9	?CompleteDraw@advManager@@QAEXFFH@Z
0x00024d0c	0x00005530	?UpdateScreen@advManager@@QAEXCC@Z
0x00024d1e	0x000a7ba0	?gpGame@@3PAVgame@@A
0x00024d2d	0x000b4aa4	?giCurPlayer@@3CA
0x00024d47	0x000a7ba0	?gpGame@@3PAVgame@@A
0x00024d6d	0x000a7ba0	?gpGame@@3PAVgame@@A
0x00024da7	0x000a7ba0	?gpGame@@3PAVgame@@A
0x00024dc7	0x000a7ba0	?gpGame@@3PAVgame@@A
0x00024dde	0x00026dc6	?EventWindow@advManager@@QAEXFHPADHHHHH@Z
0x00024df1	0x000a7ba0	?gpGame@@3PAVgame@@A
0x00024e00	0x000b4aa4	?giCurPlayer@@3CA
0x00024e27	0x00026dc6	?EventWindow@advManager@@QAEXFHPADHHHHH@Z
0x00024e36	0x000a7ba0	?gpGame@@3PAVgame@@A
0x00024e45	0x000b4aa4	?giCurPlayer@@3CA
0x00024e6c	0x00026dc6	?EventWindow@advManager@@QAEXFHPADHHHHH@Z
0x00024e71	0x000b4aa4	?giCurPlayer@@3CA
0x00024e7f	0x000a7ba0	?gpGame@@3PAVgame@@A
0x00024e84	0x000309a5	?ClaimMine@game@@QAEXCC@Z
0x00024e8e	0x000a7ba0	?gpGame@@3PAVgame@@A
0x00024e9c	0x000b4aa4	?giCurPlayer@@3CA
0x00024eaa	0x000b4aa4	?giCurPlayer@@3CA
0x00024eb3	0x000a7ba0	?gpGame@@3PAVgame@@A
0x00024eb8	0x000309a5	?ClaimMine@game@@QAEXCC@Z
0x00024ed6	0x00026dc6	?EventWindow@advManager@@QAEXFHPADHHHHH@Z
0x00024ee1	0x000a7ba0	?gpGame@@3PAVgame@@A
0x00024eef	0x000b4aa4	?giCurPlayer@@3CA
0x00024f16	0x00026dc6	?EventWindow@advManager@@QAEXFHPADHHHHH@Z
0x00024f1c	0x000a74a8	?gpWindowManager@@3PAVheroWindowManager@@A
0x00024f2f	0x000a7ba0	?gpGame@@3PAVgame@@A
0x00024f3a	0x000a7ba0	?gpGame@@3PAVgame@@A
0x00024f7c	0x000274db	?CombatMonsterEvent@advManager@@QAECPAVhero@@CFPAVmapCell@@HHCHH@Z
0x00024f89	0x000b4aa4	?giCurPlayer@@3CA
0x00024f92	0x000a7ba0	?gpGame@@3PAVgame@@A
0x00024f97	0x000309a5	?ClaimMine@game@@QAEXCC@Z
0x00024fb8	0x00026dc6	?EventWindow@advManager@@QAEXFHPADHHHHH@Z
0x00024fc5	0x0003a8b1	?CheckLevel@hero@@QAEXXZ
0x00025005	0x00026dc6	?EventWindow@advManager@@QAEXFHPADHHHHH@Z
0x0002500b	0x000a74a8	?gpWindowManager@@3PAVheroWindowManager@@A
0x00025034	0x00027003	?GiveResource@advManager@@QAEXPAVhero@@CF@Z
0x00025059	0x00026f65	?GiveExperience@advManager@@QAEHPAVhero@@HC@Z
0x0002506c	0x0003a8b1	?CheckLevel@hero@@QAEXXZ
0x0002509f	0x00026dc6	?EventWindow@advManager@@QAEXFHPADHHHHH@Z
0x000250e1	0x00026dc6	?EventWindow@advManager@@QAEXFHPADHHHHH@Z
0x00025114	0x00026dc6	?EventWindow@advManager@@QAEXFHPADHHHHH@Z
0x00025158	0x00026dc6	?EventWindow@advManager@@QAEXFHPADHHHHH@Z
0x0002518b	0x00026dc6	?EventWindow@advManager@@QAEXFHPADHHHHH@Z
0x000251cf	0x00026dc6	?EventWindow@advManager@@QAEXFHPADHHHHH@Z
0x00025202	0x00026dc6	?EventWindow@advManager@@QAEXFHPADHHHHH@Z
0x00025244	0x00026dc6	?EventWindow@advManager@@QAEXFHPADHHHHH@Z
0x00025279	0x00026dc6	?EventWindow@advManager@@QAEXFHPADHHHHH@Z
0x000252bd	0x00026dc6	?EventWindow@advManager@@QAEXFHPADHHHHH@Z
0x00025303	0x00026dc6	?EventWindow@advManager@@QAEXFHPADHHHHH@Z
0x00025310	0x0003ab68	?NumArtifacts@hero@@QAEHXZ
0x00025324	0x000a7168	?gText@@3PADA
0x00025329	0x0007823f	_sprintf
0x0002533e	0x000a7168	?gText@@3PADA
0x0002534d	0x00026dc6	?EventWindow@advManager@@QAEXFHPADHHHHH@Z
0x0002535e	0x00026f16	?GiveRandomArtifact@advManager@@QAEHPAVhero@@@Z
0x0002536b	0x0009238c	?gArtifactNames@@3PAPADA
0x00025371	0x00092adc	?gEventText@@3PAPADA
0x0002537c	0x000a7168	?gText@@3PADA
0x00025381	0x0007823f	_sprintf
0x00025395	0x000a7168	?gText@@3PADA
0x000253a4	0x00026dc6	?EventWindow@advManager@@QAEXFHPADHHHHH@Z
0x000253ef	0x00026dc6	?EventWindow@advManager@@QAEXFHPADHHHHH@Z
0x0002540f	0x00027003	?GiveResource@advManager@@QAEXPAVhero@@CF@Z
0x00025436	0x00027003	?GiveResource@advManager@@QAEXPAVhero@@CF@Z
0x0002545a	0x000a7ba0	?gpGame@@3PAVgame@@A
0x000254a2	0x0000f038	?SetEnvironmentOrigin@advManager@@QAEXFFF@Z
0x000254e0	0x00026dc6	?EventWindow@advManager@@QAEXFHPADHHHHH@Z
0x00025503	0x00026dc6	?EventWindow@advManager@@QAEXFHPADHHHHH@Z
0x00025519	0x00026f65	?GiveExperience@advManager@@QAEHPAVhero@@HC@Z
0x0002553e	0x0003a8b1	?CheckLevel@hero@@QAEXXZ
0x0002556d	0x00026dc6	?EventWindow@advManager@@QAEXFHPADHHHHH@Z
0x0002559a	0x00026dc6	?EventWindow@advManager@@QAEXFHPADHHHHH@Z
0x000255ba	0x00027003	?GiveResource@advManager@@QAEXPAVhero@@CF@Z
0x00025616	0x00027003	?GiveResource@advManager@@QAEXPAVhero@@CF@Z
0x00025620	0x000927e8	?gResourceNames@@3PAPADA
0x0002562a	0x00077c60	_strcpy
0x000256c5	0x00092a84	?gEventText@@3PAPADA
0x000256cb	0x000a7168	?gText@@3PADA
0x000256d0	0x0007823f	_sprintf
0x0002570a	0x000a7168	?gText@@3PADA
0x0002570f	0x00041066	?BVResMsg@@YAXPADHH@Z
0x00025754	0x00026dc6	?EventWindow@advManager@@QAEXFHPADHHHHH@Z
0x0002576c	0x00027003	?GiveResource@advManager@@QAEXPAVhero@@CF@Z
0x00025793	0x00026dc6	?EventWindow@advManager@@QAEXFHPADHHHHH@Z
0x000257b6	0x00026dc6	?EventWindow@advManager@@QAEXFHPADHHHHH@Z
0x000257bb	0x000a74a8	?gpWindowManager@@3PAVheroWindowManager@@A
0x000257d9	0x0002706d	?RecruitEvent@advManager@@QAEXPAVhero@@HPAVmapCell@@@Z
0x0002581f	0x00026dc6	?EventWindow@advManager@@QAEXFHPADHHHHH@Z
0x0002583f	0x00026dc6	?EventWindow@advManager@@QAEXFHPADHHHHH@Z
0x00025845	0x000a74a8	?gpWindowManager@@3PAVheroWindowManager@@A
0x00025863	0x0002706d	?RecruitEvent@advManager@@QAEXPAVhero@@HPAVmapCell@@@Z
0x00025892	0x00026dc6	?EventWindow@advManager@@QAEXFHPADHHHHH@Z
0x000258b2	0x00026dc6	?EventWindow@advManager@@QAEXFHPADHHHHH@Z
0x000258b7	0x000a74a8	?gpWindowManager@@3PAVheroWindowManager@@A
0x000258d5	0x0002706d	?RecruitEvent@advManager@@QAEXPAVhero@@HPAVmapCell@@@Z
0x000258ed	0x000273d8	?HouseEvent@advManager@@QAEXPAVhero@@PAVmapCell@@@Z
0x0002591f	0x00028ce2	?PlayerMonsterInteract@advManager@@QAEXPAVmapCell@@0PAVhero@@PACHHCHH@Z
0x00025931	0x000a7ba0	?gpGame@@3PAVgame@@A
0x0002595a	0x000a7ba0	?gpGame@@3PAVgame@@A
0x0002595f	0x0002bdda	?VisitObelisk@game@@QAEXC@Z
0x0002597d	0x000a7ba0	?gpGame@@3PAVgame@@A
0x00025993	0x000a7ba0	?gpGame@@3PAVgame@@A
0x000259b8	0x00026dc6	?EventWindow@advManager@@QAEXFHPADHHHHH@Z
0x000259c3	0x0000bb18	?ViewPuzzle@advManager@@QAEXXZ
0x000259e3	0x00026dc6	?EventWindow@advManager@@QAEXFHPADHHHHH@Z
0x00025a06	0x00026dc6	?EventWindow@advManager@@QAEXFHPADHHHHH@Z
0x00025a0e	0x000a7164	?gpMouseManager@@3PAVmouseManager@@A
0x00025a13	0x0006b8b2	?SetPointer@mouseManager@@QAEXF@Z
0x00025a1a	0x00077d50	??2@YAPAXI@Z
0x00025a47	0x0006d150	??0heroWindow@@QAE@FFPAD@Z
0x00025a80	0x00042146	?MemError@@YAXXZ
0x00025a8b	0x00044ae3	?SetWinText@@YAXPAVheroWindow@@F@Z
0x00025a9a	0x000a940c	?gpTownManager@@3PAVtownManager@@A
0x00025a9f	0x00064277	?SetupThievesGuild@townManager@@QAEXPAVheroWindow@@F@Z
0x00025aa9	0x000a7168	?gText@@3PADA
0x00025aae	0x00077c60	_strcpy
0x00025aca	0x000a7168	?gText@@3PADA
0x00025ad6	0x0006da11	?BroadcastMessage@heroWindow@@QAEFAAUtag_message@@@Z
0x00025add	0x0003f6a2	?TrueFalseDialogHandler@@YAFAAUtag_message@@@Z
0x00025ae7	0x000a74a8	?gpWindowManager@@3PAVheroWindowManager@@A
0x00025aec	0x0006a740	?DoDialog@heroWindowManager@@QAEFPAVheroWindow@@P6AFAAUtag_message@@@ZH@Z
0x00025b01	0x00077c4d	??3@YAXPAX@Z
0x00025b11	0x0000ae3d	?RedrawAdvScreen@advManager@@QAEXH@Z
0x00025b25	0x000926d8	?gSpellNames@@3PAPADA
0x00025b2b	0x00092a90	?gEventText@@3PAPADA
0x00025b36	0x000a7168	?gText@@3PADA
0x00025b3b	0x0007823f	_sprintf
0x00025b48	0x00038f8a	?HasArtifact@hero@@QAECC@Z
0x00025b6c	0x0003949f	?AddSpell@hero@@QAEHCCH@Z
0x00025b85	0x000a7168	?gText@@3PADA
0x00025b94	0x00026dc6	?EventWindow@advManager@@QAEXFHPADHHHHH@Z
0x00025ba0	0x000a7168	?gText@@3PADA
0x00025ba5	0x00077c70	_strcat
0x00025bb7	0x000a7168	?gText@@3PADA
0x00025bc6	0x00026dc6	?EventWindow@advManager@@QAEXFHPADHHHHH@Z
0x00025be2	0x00026a58	?TownEvent@advManager@@QAEXPAVmapCell@@HH@Z
0x00025bf6	0x00027af9	?DoWhirlpool@advManager@@QAEXPAVhero@@@Z
0x00025c3d	0x000a7ba0	?gpGame@@3PAVgame@@A
0x00025c6d	0x00078538	_abs
0x00025c7f	0x00078538	_abs
0x00025cce	0x0006fd8a	?Random@@YAHHH@Z
0x00025d1c	0x000a7ba0	?gpGame@@3PAVgame@@A
0x00025d4e	0x00078538	_abs
0x00025d60	0x00078538	_abs
0x00025da3	0x00021703	?StopCursor@advManager@@QAEXC@Z
0x00025db5	0x000a7480	?gpAdvManager@@3PAVadvManager@@A
0x00025dba	0x0000f55c	?TeleportTo@advManager@@QAEXHHH@Z
0x00025dc7	0x0003ab68	?NumArtifacts@hero@@QAEHXZ
0x00025de6	0x0003e693	?NormalDialog@@YAXPADHHHHHHHH@Z
0x00025e3e	0x000924bc	?gArtifactEvent@@3PAPADA
0x00025e4e	0x00026dc6	?EventWindow@advManager@@QAEXFHPADHHHHH@Z
0x00025e64	0x00026e86	?GiveArtifact@advManager@@QAEFPAVhero@@C@Z
0x00025e92	0x00026dc6	?EventWindow@advManager@@QAEXFHPADHHHHH@Z
0x00025ebb	0x000274db	?CombatMonsterEvent@advManager@@QAECPAVhero@@CFPAVmapCell@@HHCHH@Z
0x00025ed2	0x0009238c	?gArtifactNames@@3PAPADA
0x00025ed8	0x00092ad4	?gEventText@@3PAPADA
0x00025ede	0x000a7168	?gText@@3PADA
0x00025ee3	0x0007823f	_sprintf
0x00025efc	0x000a7168	?gText@@3PADA
0x00025f0b	0x00026dc6	?EventWindow@advManager@@QAEXFHPADHHHHH@Z
0x00025f24	0x0009238c	?gArtifactNames@@3PAPADA
0x00025f2a	0x00092ac8	?gEventText@@3PAPADA
0x00025f30	0x000a7168	?gText@@3PADA
0x00025f35	0x0007823f	_sprintf
0x00025f4e	0x000a7168	?gText@@3PADA
0x00025f5d	0x00026dc6	?EventWindow@advManager@@QAEXFHPADHHHHH@Z
0x00025f62	0x000a74a8	?gpWindowManager@@3PAVheroWindowManager@@A
0x00025f7d	0x000a7ba0	?gpGame@@3PAVgame@@A
0x00025f9c	0x000a7ba0	?gpGame@@3PAVgame@@A
0x00025fbc	0x000a7ba0	?gpGame@@3PAVgame@@A
0x00025fe6	0x00026dc6	?EventWindow@advManager@@QAEXFHPADHHHHH@Z
0x00026006	0x00026dc6	?EventWindow@advManager@@QAEXFHPADHHHHH@Z
0x00026012	0x0003a8b1	?CheckLevel@hero@@QAEXXZ
0x00026022	0x0000af7f	?DemobilizeCurrHero@advManager@@QAEXXZ
0x00026035	0x000a7ba0	?gpGame@@3PAVgame@@A
0x0002604d	0x000b4aa4	?giCurPlayer@@3CA
0x00026064	0x000269b5	?HeroSwap@advManager@@QAEXPAVhero@@0@Z
0x00026093	0x000a7ba0	?gpGame@@3PAVgame@@A
0x000260ea	0x00029107	?DoCombat@advManager@@QAEHHHPAVhero@@PAVarmyGroup@@PAVtown@@01HHHC@Z
0x00026101	0x000b4aa4	?giCurPlayer@@3CA
0x00026111	0x000a7ba0	?gpGame@@3PAVgame@@A
0x00026116	0x0003070a	?ClaimTown@game@@QAEXCC@Z
0x00026143	0x000a74ac	?gpSearchArray@@3PAVsearchArray@@A
0x00026148	0x00055e50	?FindNearestObject@searchArray@@QAEFFFFFE@Z
0x0002614d	0x000a74ac	?gpSearchArray@@3PAVsearchArray@@A
0x00026158	0x000a74ac	?gpSearchArray@@3PAVsearchArray@@A
0x00026168	0x00006d26	?GetCell@advManager@@QAEPAVmapCell@@FF@Z
0x0002617b	0x000a74ac	?gpSearchArray@@3PAVsearchArray@@A
0x00026185	0x000a74ac	?gpSearchArray@@3PAVsearchArray@@A
0x0002618f	0x000a7ba0	?gpGame@@3PAVgame@@A
0x00026194	0x0002c263	?GetTownId@game@@QAECCC@Z
0x0002619d	0x000421b7	?GetTownName@@YAPADH@Z
0x000261a7	0x000929b0	?gEventText@@3PAPADA
0x000261ad	0x000a7168	?gText@@3PADA
0x000261b2	0x0007823f	_sprintf
0x000261c4	0x000a7168	?gText@@3PADA
0x000261d3	0x00026dc6	?EventWindow@advManager@@QAEXFHPADHHHHH@Z
0x000261f6	0x00026dc6	?EventWindow@advManager@@QAEXFHPADHHHHH@Z
0x000261fc	0x000a74a8	?gpWindowManager@@3PAVheroWindowManager@@A
0x0002625f	0x00026dc6	?EventWindow@advManager@@QAEXFHPADHHHHH@Z
0x00026281	0x00026f65	?GiveExperience@advManager@@QAEHPAVhero@@HC@Z
0x000262a2	0x00026dc6	?EventWindow@advManager@@QAEXFHPADHHHHH@Z
0x000262b1	0x0003a8b1	?CheckLevel@hero@@QAEXXZ
0x000262be	0x0003ab68	?NumArtifacts@hero@@QAEHXZ
0x000262cb	0x000a7ba0	?gpGame@@3PAVgame@@A
0x000262d0	0x00035425	?GetRandomArtifactId@game@@QAECXZ
0x000262f0	0x00026f65	?GiveExperience@advManager@@QAEHPAVhero@@HC@Z
0x000262ff	0x00026f16	?GiveRandomArtifact@advManager@@QAEHPAVhero@@@Z
0x00026325	0x00026dc6	?EventWindow@advManager@@QAEXFHPADHHHHH@Z
0x00026334	0x0003a8b1	?CheckLevel@hero@@QAEXXZ
0x0002635d	0x00026dc6	?EventWindow@advManager@@QAEXFHPADHHHHH@Z
0x00026373	0x00026f65	?GiveExperience@advManager@@QAEHPAVhero@@HC@Z
0x00026389	0x00027003	?GiveResource@advManager@@QAEXPAVhero@@CF@Z
0x00026398	0x0003a8b1	?CheckLevel@hero@@QAEXXZ
0x000263bb	0x00026dc6	?EventWindow@advManager@@QAEXFHPADHHHHH@Z
0x000263c0	0x000a74a8	?gpWindowManager@@3PAVheroWindowManager@@A
0x000263df	0x000a7ba0	?gpGame@@3PAVgame@@A
0x0002640a	0x00026dc6	?EventWindow@advManager@@QAEXFHPADHHHHH@Z
0x00026419	0x00027a8e	?HeroLoses@advManager@@QAEXPAVhero@@@Z
0x0002642e	0x000a7ba0	?gpGame@@3PAVgame@@A
0x0002644d	0x000a7ba0	?gpGame@@3PAVgame@@A
0x00026465	0x00027a8e	?HeroLoses@advManager@@QAEXPAVhero@@@Z
0x00026488	0x00026dc6	?EventWindow@advManager@@QAEXFHPADHHHHH@Z
0x0002648e	0x000a74a8	?gpWindowManager@@3PAVheroWindowManager@@A
0x000264d0	0x00026dc6	?EventWindow@advManager@@QAEXFHPADHHHHH@Z
0x00026523	0x0002712c	?GhostEvent@advManager@@QAECPAVhero@@PAVmapCell@@HHH@Z
0x00026554	0x00026dc6	?EventWindow@advManager@@QAEXFHPADHHHHH@Z
0x0002655a	0x000a74a8	?gpWindowManager@@3PAVheroWindowManager@@A
0x0002659c	0x00026dc6	?EventWindow@advManager@@QAEXFHPADHHHHH@Z
0x000265e2	0x00090a9d	?gNormalDirTable@@3PAUtag_tilePoint@@A
0x000265f8	0x00090a9c	?gNormalDirTable@@3PAUtag_tilePoint@@A
0x00026609	0x00006d26	?GetCell@advManager@@QAEPAVmapCell@@FF@Z
0x0002662f	0x0002712c	?GhostEvent@advManager@@QAECPAVhero@@PAVmapCell@@HHH@Z
0x0002664c	0x00006d7e	?UpdateRadar@advManager@@QAEXCH@Z
0x0002665b	0x00007ae5	?UpdateHeroLocators@advManager@@QAEXCC@Z
0x0002666a	0x00007bb8	?UpdateTownLocators@advManager@@QAEXCC@Z
0x0002667b	0x00007ddd	?UpdBottomView@advManager@@QAEXCCC@Z
0x0002669a	0x000267ed	?EraseObj@advManager@@QAEXPAVmapCell@@HH@Z
0x000266a9	0x00027c1b	?FizzleCenter@advManager@@QAEXH@Z
0x000266b8	0x00005ace	?CompleteDraw@advManager@@QAEXH@Z
0x000266c7	0x00005530	?UpdateScreen@advManager@@QAEXCC@Z
0x000266da	0x000692fd	?PlayMusic@@YAXH@Z
0x000266e3	0x000a7164	?gpMouseManager@@3PAVmouseManager@@A
0x000266e8	0x0006bf6f	?ReallyShowPointer@mouseManager@@QAEXXZ
0x000266ef	0x0003fb8e	?CheckEndGame@@YAXH@Z
0x000269bb	0x00088ba3	__ehreg$?HeroSwap@advManager@@QAEXPAVhero@@0@Z
0x000269c1	-0x400000	__except_list
0x000269c9	-0x400000	__except_list
0x000269d6	0x00077d50	??2@YAPAXI@Z
0x000269f9	0x0005cf4a	??0swapManager@@QAE@PAVhero@@0@Z
0x00026a23	0x00042146	?MemError@@YAXXZ
0x00026a2d	0x000a95c8	?gpExec@@3PAVexecutive@@A
0x00026a32	0x00072b98	?DoDialog@executive@@QAEFPAVbaseManager@@@Z
0x00026a41	0x00077c4d	??3@YAXPAX@Z
0x00026a4e	-0x400000	__except_list
0x00026c1a	0x00026d87	$L25058
0x00026c21	0x00026d2f	$L25059
0x00026d12	0x000692fd	?PlayMusic@@YAXH@Z
0x00026d1b	0x000a6acc	?gEventMusicPlaying@@3CA
0x00026d24	0x000a6acc	?gEventMusicPlaying@@3CA
0x00026d2f	0x00026c76	$L24202
0x00026d33	0x00026c82	$L24203
0x00026d37	0x00026c6a	$L24201
0x00026d3b	0x00026c8b	$L24204
0x00026d3f	0x00026c94	$L24205
0x00026d43	0x00026c9d	$L24206
0x00026d47	0x00026ca6	$L24207
0x00026d4b	0x00026caf	$L24208
0x00026d4f	0x00026cb8	$L24209
0x00026d53	0x00026c25	$L24195
0x00026d57	0x00026cc1	$L24210
0x00026d5b	0x00026c3d	$L24197
0x00026d5f	0x00026cca	$L24211
0x00026d63	0x00026c49	$L24198
0x00026d67	0x00026cd3	$L24212
0x00026d6b	0x00026cdc	$L24213
0x00026d6f	0x00026ce5	$L24214
0x00026d73	0x00026cee	$L24215
0x00026d77	0x00026cf7	$L24216
0x00026d7b	0x00026c55	$L24199
0x00026d7f	0x00026c31	$L24196
0x00026d83	0x00026d00	$L24217
0x0002702b	0x000a7ba0	?gpGame@@3PAVgame@@A
0x00027057	0x000a7ba0	?gpGame@@3PAVgame@@A
0x00027073	0x00088bb8	__ehreg$?RecruitEvent@advManager@@QAEXPAVhero@@HPAVmapCell@@@Z
0x0002717f	0x000274db	?CombatMonsterEvent@advManager@@QAECPAVhero@@CFPAVmapCell@@HHCHH@Z
0x00027191	0x000929ac	?gEventText@@3PAPADA
0x00027197	0x0008fbcc	$SG24316
0x0002719c	0x000a7168	?gText@@3PADA
0x000271a1	0x0007823f	_sprintf
0x000271b6	0x000a7168	?gText@@3PADA
0x000271c2	0x00026dc6	?EventWindow@advManager@@QAEXFHPADHHHHH@Z
0x000271d5	0x00027003	?GiveResource@advManager@@QAEXPAVhero@@CF@Z
0x000271dd	0x0003a8b1	?CheckLevel@hero@@QAEXXZ
0x0002720f	0x000274db	?CombatMonsterEvent@advManager@@QAECPAVhero@@CFPAVmapCell@@HHCHH@Z
0x00027221	0x000929ac	?gEventText@@3PAPADA
0x00027227	0x0008fbd0	$SG24319
0x0002722c	0x000a7168	?gText@@3PADA
0x00027231	0x0007823f	_sprintf
0x00027246	0x000a7168	?gText@@3PADA
0x00027252	0x00026dc6	?EventWindow@advManager@@QAEXFHPADHHHHH@Z
0x00027265	0x00027003	?GiveResource@advManager@@QAEXPAVhero@@CF@Z
0x0002726d	0x0003a8b1	?CheckLevel@hero@@QAEXXZ
0x0002729f	0x000274db	?CombatMonsterEvent@advManager@@QAECPAVhero@@CFPAVmapCell@@HHCHH@Z
0x000272b1	0x000929ac	?gEventText@@3PAPADA
0x000272b7	0x0008fbd4	$SG24322
0x000272bc	0x000a7168	?gText@@3PADA
0x000272c1	0x0007823f	_sprintf
0x000272d6	0x000a7168	?gText@@3PADA
0x000272e2	0x00026dc6	?EventWindow@advManager@@QAEXFHPADHHHHH@Z
0x000272f5	0x00027003	?GiveResource@advManager@@QAEXPAVhero@@CF@Z
0x000272fd	0x0003a8b1	?CheckLevel@hero@@QAEXXZ
0x0002732f	0x000274db	?CombatMonsterEvent@advManager@@QAECPAVhero@@CFPAVmapCell@@HHCHH@Z
0x00027347	0x00026f16	?GiveRandomArtifact@advManager@@QAEHPAVhero@@@Z
0x00027354	0x000929ac	?gEventText@@3PAPADA
0x0002735a	0x0008fbd8	$SG24325
0x0002735f	0x000a7168	?gText@@3PADA
0x00027364	0x0007823f	_sprintf
0x00027381	0x000a7168	?gText@@3PADA
0x0002738d	0x00026dc6	?EventWindow@advManager@@QAEXFHPADHHHHH@Z
0x000273a1	0x000a7168	?gText@@3PADA
0x000273ad	0x00026dc6	?EventWindow@advManager@@QAEXFHPADHHHHH@Z
0x000273c0	0x00027003	?GiveResource@advManager@@QAEXPAVhero@@CF@Z
0x000273c8	0x0003a8b1	?CheckLevel@hero@@QAEXXZ
0x00027d3d	0x000c8d1c	?gMapVisitFlags@@3PAY0EI@CA
0x00027d43	0x000c8cd0	?giCurPlayerBit@@3EA
0x00027d53	0x000c8d1c	?gMapVisitFlags@@3PAY0EI@CA
0x00028d4c	0x0008a450	__real@8@3fffe000000000000000
0x00028d8c	0x00092a6c	?gEventText@@3PAPADA
0x00028ec5	0x0008a450	__real@8@3fffe000000000000000
0x00029112	0x000a9930	?gInCombat@@3CA
0x0002916f	0x0006fd8a	?Random@@YAHHH@Z
0x0002917d	0x0000af7f	?DemobilizeCurrHero@advManager@@QAEXXZ
0x00029184	0x000b4aa4	?giCurPlayer@@3CA
0x0002918d	0x000a98bc	?bShowIt@@3HA
0x000291ae	0x000a9414	?gbHumanPlayer@@3PAHA
0x000291bf	0x000a7b94	?gbThisNetHumanPlayer@@3PACA
0x00029201	0x0002968b	?SendHeroTownData@advManager@@QAEXHHPAVhero@@PAVarmyGroup@@PAVtown@@01HHHCCCC@Z
0x0002920b	0x000a9414	?gbHumanPlayer@@3PAHA
0x00029224	0x0003c7b0	_PollSound
0x00029234	0x000a74a8	?gpWindowManager@@3PAVheroWindowManager@@A
0x0002923d	0x000729a6	?FillBitmapArea@@YAXPAVbitmap@@HHHHH@Z
0x00029248	0x00010e9f	?CheckHandleNet@advManager@@QAEPADXZ
0x0002926e	0x000a7495	?gbCombatSurrender@@3CA
0x00029273	0x000a7823	?gbRetreatWin@@3CA
0x000292af	0x0002990d	?ReceiveHeroTownData@advManager@@QAEXPADPAH11PAPAVhero@@PAPAVarmyGroup@@PAPAVtown@@23111PAC55@Z
0x000292c4	0x00078550	_memcpy
0x000292d0	0x00078156	_free
0x000292e8	0x00078550	_memcpy
0x000292f4	0x00078156	_free
0x0002930c	0x00078550	_memcpy
0x00029318	0x00078156	_free
0x00029333	0x00078550	_memcpy
0x0002933f	0x00078156	_free
0x0002935a	0x00078550	_memcpy
0x00029366	0x00078156	_free
0x0002936e	0x000a7828	?gpCombatManager@@3PAVcombatManager@@A
0x00029381	0x00043775	?Process1WindowsMessage@@YAXXZ
0x0002938b	0x000a7b90	?gInputManager@@3PAVinputManager@@A
0x00029390	0x0006eed9	?GetEvent@inputManager@@QAE?AUtag_message@@XZ
0x000293b5	0x00010fda	?CheckHandleNetPlayerWait@advManager@@QAEFAAUtag_message@@C@Z
0x000293c9	0x000a7b94	?gbThisNetHumanPlayer@@3PACA
0x000293d7	0x000a98bc	?bShowIt@@3HA
0x000293e1	0x000a7ba0	?gpGame@@3PAVgame@@A
0x000293e6	0x00032f81	?TurnOffAIMusic@game@@QAEXXZ
0x0002940f	0x000a7ba0	?gpGame@@3PAVgame@@A
0x0002941e	0x00092b98	?gColorNames@@3PAPADA
0x00029429	0x000a7168	?gText@@3PADA
0x0002942e	0x0007823f	_sprintf
0x00029439	0x000a7168	?gText@@3PADA
0x00029445	0x000a7168	?gText@@3PADA
0x00029452	0x000a7168	?gText@@3PADA
0x00029462	0x000a7168	?gText@@3PADA
0x00029471	0x000a7168	?gText@@3PADA
0x00029480	0x000a7168	?gText@@3PADA
0x00029490	0x000a7168	?gText@@3PADA
0x000294a3	0x000a7168	?gText@@3PADA
0x000294af	0x000a7168	?gText@@3PADA
0x000294b8	0x000a7168	?gText@@3PADA
0x000294be	0x000a7ba0	?gpGame@@3PAVgame@@A
0x000294c3	0x000365d2	?WaitForPlayer@game@@QAEXPADH@Z
0x000294c9	0x000a98bc	?bShowIt@@3HA
0x000294fb	0x000a7828	?gpCombatManager@@3PAVcombatManager@@A
0x00029500	0x00018dd3	?SetupCombat@combatManager@@QAEXHHPAVhero@@PAVarmyGroup@@PAVtown@@01HHH@Z
0x00029506	0x00093440	?gHighMemBuffer@@3HA
0x00029512	0x000a9940	?gAdvDisposeLevel@@3HA
0x0002951e	0x00093440	?gHighMemBuffer@@3HA
0x0002952a	0x000a9940	?gAdvDisposeLevel@@3HA
0x00029534	0x000a7828	?gpCombatManager@@3PAVcombatManager@@A
0x0002953b	0x000a95c8	?gpExec@@3PAVexecutive@@A
0x00029540	0x00072f2d	?CallManager@executive@@QAEXPAVbaseManager@@@Z
0x00029546	0x000a9940	?gAdvDisposeLevel@@3HA
0x00029558	0x0003a8b1	?CheckLevel@hero@@QAEXXZ
0x00029566	0x0003a8b1	?CheckLevel@hero@@QAEXXZ
0x00029577	0x000a7828	?gpCombatManager@@3PAVcombatManager@@A
0x0002959b	0x000a7823	?gbRetreatWin@@3CA
0x000295af	0x000278a1	?TransferArtifacts@advManager@@QAEXPAVhero@@0@Z
0x000295bb	0x00027a8e	?HeroLoses@advManager@@QAEXPAVhero@@@Z
0x000295c4	0x000a7823	?gbRetreatWin@@3CA
0x000295d8	0x000278a1	?TransferArtifacts@advManager@@QAEXPAVhero@@0@Z
0x000295e4	0x00027a8e	?HeroLoses@advManager@@QAEXPAVhero@@@Z
0x000295f2	0x00027a8e	?HeroLoses@advManager@@QAEXPAVhero@@@Z
0x000295fe	0x00027a8e	?HeroLoses@advManager@@QAEXPAVhero@@@Z
0x00029607	0x000a98bc	?bShowIt@@3HA
0x00029610	0x000b4aa4	?giCurPlayer@@3CA
0x00029617	0x000b4aa4	?giCurPlayer@@3CA
0x0002961e	0x000a9414	?gbHumanPlayer@@3PAHA
0x00029627	0x000a7ba0	?gpGame@@3PAVgame@@A
0x0002962c	0x00036431	?ShowComputerScreen@game@@QAEXXZ
0x00029632	0x000a7ba0	?gpGame@@3PAVgame@@A
0x00029637	0x00032f67	?TurnOnAIMusic@game@@QAEXXZ
0x0002963e	0x00043ccd	?SetNoDialogMenus@@YAXH@Z
0x0002964a	0x00043ccd	?SetNoDialogMenus@@YAXH@Z
0x00029657	0x0000af3e	?MobilizeCurrHero@advManager@@QAEXH@Z
0x00029665	0x000a7823	?gbRetreatWin@@3CA
0x0002966c	0x000a9930	?gInCombat@@3CA
0x00029673	0x000a7828	?gpCombatManager@@3PAVcombatManager@@A
0x000296a1	0x0007831b	_malloc
0x00029764	0x000a7ba0	?gpGame@@3PAVgame@@A
0x000297ba	0x000a7ba0	?gpGame@@3PAVgame@@A
0x000297e8	0x00078550	_memcpy
0x000297fd	0x00078550	_memcpy
0x00029818	0x00078550	_memcpy
0x00029833	0x00053a1b	?TransmitAndWait@@YAHPADHHCCPAPAD@Z
0x00029846	0x00041824	?ShutDown@@YAXPAD@Z
0x0002986a	0x00078550	_memcpy
0x0002988a	0x000532e8	?TransmitRemoteData@@YAHPADHHCCCCC@Z
0x0002989d	0x00041824	?ShutDown@@YAXPAD@Z
0x000298c1	0x00078550	_memcpy
0x000298e1	0x000532e8	?TransmitRemoteData@@YAHPADHHCCCCC@Z
0x000298f4	0x00041824	?ShutDown@@YAXPAD@Z
0x00029900	0x00078156	_free
0x000299f3	0x000a7ba0	?gpGame@@3PAVgame@@A
0x00029a21	0x000a7ba0	?gpGame@@3PAVgame@@A
0x00029a35	0x0007831b	_malloc
0x00029a51	0x00078550	_memcpy
0x00029a5b	0x0007831b	_malloc
0x00029a77	0x00078550	_memcpy
0x00029a89	0x0007831b	_malloc
0x00029aa5	0x00078550	_memcpy
0x00029ac1	0x000532e8	?TransmitRemoteData@@YAHPADHHCCCCC@Z
0x00029ad4	0x00041824	?ShutDown@@YAXPAD@Z
0x00029adc	0x00044b4e	?KBTickCount@@YAHXZ
0x00029b0c	0x0003c7b0	_PollSound
0x00029b1a	0x00044b4e	?KBTickCount@@YAHXZ
0x00029b38	0x0003e693	?NormalDialog@@YAXPADHHHHHHHH@Z
0x00029b41	0x000a74a8	?gpWindowManager@@3PAVheroWindowManager@@A
0x00029b4f	0x00044b4e	?KBTickCount@@YAHXZ
0x00029b5e	0x00041824	?ShutDown@@YAXPAD@Z
0x00029b68	0x000534cb	?GetRemoteData@@YAPADC@Z
0x00029b99	0x00044b4e	?KBTickCount@@YAHXZ
0x00029bb2	0x0007831b	_malloc
0x00029bd1	0x00078550	_memcpy
0x00029bea	0x0007831b	_malloc
0x00029c09	0x00078550	_memcpy
0x00029cff	0x00029d28	$L5645
0x00029d28	0x00029d03	$L5449
0x00029d2c	0x00029d03	$L5449
0x00029d30	0x00029d0a	$L5450
0x00029d34	0x00029d0a	$L5450
0x00029d38	0x00029d03	$L5449
0x00029d3c	0x00029d11	$L5451
0x00029d40	0x00029d03	$L5449
0x0002a07d	0x0001c7ff	?ValidHex@@YAHH@Z
0x0002a130	0x00078950	_memmove
0x0002a20a	0x000a6bc8	_gSearchHigh
0x0002a211	0x000a6ba8	_gSearchLow
0x0002a228	0x000a6ba4	_gSearchCell
0x0002a273	0x000a6ba0	_gSearchPivot
0x0002a27d	0x000a6b9c	_gSearchQueueSlot
0x0002a298	0x000a6ba8	_gSearchLow
0x0002a2a4	0x000a6bc8	_gSearchHigh
0x0002a2b6	0x000a6ba0	_gSearchPivot
0x0002a2c3	0x000a6b9c	_gSearchQueueSlot
0x0002a2de	0x00078950	_memmove
0x0002a2fc	0x000a6bc0	?gCurTempMobility@@3FA
0x0002a312	0x000a6b9c	_gSearchQueueSlot
0x0002a322	0x000a6b9c	_gSearchQueueSlot
0x0002a332	0x00090a9c	?gNormalDirTable@@3PAUtag_tilePoint@@A
0x0002a33f	0x00090a9d	?gNormalDirTable@@3PAUtag_tilePoint@@A
0x0002a344	0x000a6b9c	_gSearchQueueSlot
0x0002a34f	0x000a6b9c	_gSearchQueueSlot
0x0002a362	0x000a6b9c	_gSearchQueueSlot
0x0002a36f	0x000a6b9c	_gSearchQueueSlot
0x0002a37b	0x000a6b9c	_gSearchQueueSlot
0x0002a389	0x000a6b9c	_gSearchQueueSlot
0x0002a396	0x000a6b9c	_gSearchQueueSlot
0x0002a3af	0x000a6b9c	_gSearchQueueSlot
0x0002a3cf	0x000a6b9c	_gSearchQueueSlot
0x0002a3e0	0x000a6b9c	_gSearchQueueSlot
0x0002a3f1	0x000a6b9c	_gSearchQueueSlot
0x0002a3fe	0x000a6b9c	_gSearchQueueSlot
0x0002a40a	0x000a6b9c	_gSearchQueueSlot
0x0002a418	0x000a6b9c	_gSearchQueueSlot
0x0002a41e	0x000a6ba4	_gSearchCell
0x0002a45e	0x000a7480	?gpAdvManager@@3PAVadvManager@@A
0x0002a465	0x00006d26	?GetCell@advManager@@QAEPAVmapCell@@FF@Z
0x0002a46e	0x000a6bb4	_gSearchCurrentCell
0x0002a480	0x000a6bcc	_gSearchHeading
0x0002a490	0x00090a9c	?gNormalDirTable@@3PAUtag_tilePoint@@A
0x0002a498	0x00090a9d	?gNormalDirTable@@3PAUtag_tilePoint@@A
0x0002a4ac	0x000a6bb8	_gSearchNeighborX
0x0002a4b2	0x000a6bbc	_gSearchNeighborY
0x0002a4da	0x000a7480	?gpAdvManager@@3PAVadvManager@@A
0x0002a4e0	0x00006d26	?GetCell@advManager@@QAEPAVmapCell@@FF@Z
0x0002a4e5	0x000a6bac	_gScanNeighborCell
0x0002a4f8	0x000b4aa4	?giCurPlayer@@3CA
0x0002a4fe	0x000a6bbc	_gSearchNeighborY
0x0002a505	0x000a9414	?gbHumanPlayer@@3PAHA
0x0002a50b	0x000a6bb8	_gSearchNeighborX
0x0002a515	0x000a7ba0	?gpGame@@3PAVgame@@A
0x0002a521	0x000c8cd0	?giCurPlayerBit@@3EA
0x0002a558	0x000a6bcc	_gSearchHeading
0x0002a565	0x000a6bac	_gScanNeighborCell
0x0002a570	0x000a7638	?giGroundToTerrain@@3PACA
0x0002a578	0x000a6bc4	_gSearchTerrainType
0x0002a5bc	0x000a6bcc	_gSearchHeading
0x0002a5cd	0x000a6bb4	_gSearchCurrentCell
0x0002a5fe	0x000a6bb0	_gSearchObjectType
0x0002a64a	0x000a6bc4	_gSearchTerrainType
0x0002a64f	0x000a6bcc	_gSearchHeading
0x0002a658	0x000a6bcc	_gSearchHeading
0x0002a662	0x000a6bcc	_gSearchHeading
0x0002aca4	0x0002acac	?FlyTo@army@@QAEFF@Z
0x0002b414	0x00079b89	_write
0x0002b429	0x00079b89	_write
0x0002b43e	0x00079b89	_write
0x0002b453	0x00079b89	_write
0x0002b468	0x00079b89	_write
0x0002b47d	0x00079b89	_write
0x0002b492	0x00079b89	_write
0x0002b4a7	0x00079b89	_write
0x0002b4b7	0x000784e0	_memset
0x0002b4c9	0x00079b89	_write
0x0002b4de	0x00079b89	_write
0x0002b4f3	0x00079b89	_write
0x0002b508	0x00079b89	_write
0x0002b51d	0x00079b89	_write
0x0002b532	0x00079b89	_write
0x0002b547	0x00079b89	_write
0x0002b55c	0x00079b89	_write
0x0002b571	0x00079b89	_write
0x0002b586	0x00079b89	_write
0x0002b59e	0x00079b89	_write
0x0002b5b5	0x00079b89	_write
0x0002b5cd	0x00079b89	_write
0x0002b5e5	0x00079b89	_write
0x0002b606	0x00079d79	_read
0x0002b61b	0x00079d79	_read
0x0002b630	0x00079d79	_read
0x0002b645	0x00079d79	_read
0x0002b65a	0x00079d79	_read
0x0002b66f	0x00079d79	_read
0x0002b684	0x00079d79	_read
0x0002b699	0x00079d79	_read
0x0002b6ab	0x00079d79	_read
0x0002b6c0	0x00079d79	_read
0x0002b6d5	0x00079d79	_read
0x0002b6ea	0x00079d79	_read
0x0002b6ff	0x00079d79	_read
0x0002b714	0x00079d79	_read
0x0002b729	0x00079d79	_read
0x0002b73e	0x00079d79	_read
0x0002b753	0x00079d79	_read
0x0002b768	0x00079d79	_read
0x0002b77f	0x00079d79	_read
0x0002b797	0x00079d79	_read
0x0002b7af	0x00079d79	_read
0x0002b7c6	0x00079d79	_read
0x0002b962	0x00072790	_BitTest
0x0002b9bc	0x000a7ba0	?gpGame@@3PAVgame@@A
0x0002ba92	0x000a7ba0	?gpGame@@3PAVgame@@A
0x0002be40	0x0002b929	?CountPuzzlePiecesRemoved@playerData@@QAECXZ
0x0002be52	0x0006fd8a	?Random@@YAHHH@Z
0x0002be85	0x00072790	_BitTest
0x0002bebb	0x0006fd8a	?Random@@YAHHH@Z
0x0002bee0	0x00072790	_BitTest
0x0002bf13	0x000727be	_BitSet
0x0002bf37	0x000727be	_BitSet
0x0002bf49	0x0002bab9	?ComputeUALoc@@YAXH@Z
0x0002bf98	0x000a7480	?gpAdvManager@@3PAVadvManager@@A
0x0002bf9d	0x00006d26	?GetCell@advManager@@QAEPAVmapCell@@FF@Z
0x0002bfa8	0x000a7638	?giGroundToTerrain@@3PACA
0x0002bfd7	0x00029d50	?CalcTerrainCost@@YAHHHHH@Z
0x0002c01b	0x0002c0cf	?Scan@game@@QAECPACCC@Z
0x0002c077	0x000b4aa4	?giCurPlayer@@3CA
0x0002c152	0x0006fd8a	?Random@@YAHHH@Z
0x0002c5eb	0x00090e30	?gDataPath@@3PADA
0x0002c89a	0x00079b89	__write
0x0002c8a3	0x000b4aa4	?giCurPlayer@@3CA
0x0002c8a9	0x000a6c0c	?gSavedCurPlayer@@3CA
0x0002c8b0	0x000a6c0c	?gSavedCurPlayer@@3CA
0x0002c8bc	0x00079b89	__write
0x0002cc3a	0x00079b89	__write
0x0002cc47	0x000c8d1c	?gMapVisitFlags@@3PAY0EI@CA
0x0002cc53	0x00079b89	__write
0x0002ccc0	0x00090e30	?gDataPath@@3PADA
0x0002ced1	0x00079d79	__read
0x0002cedb	0x000a6c0c	?gSavedCurPlayer@@3CA
0x0002cee4	0x00079d79	__read
0x0002ceec	0x000a6c0c	?gSavedCurPlayer@@3CA
0x0002cef1	0x000b4aa4	?giCurPlayer@@3CA
0x0002d145	0x00092f50	?gHeroNames@@3PAY01PADA
0x0002d16f	0x00092f54	?gHeroNames@@3PAY01PADA
0x0002d32e	0x000784e0	_memset
0x0002d33d	0x000c8d1c	?gMapVisitFlags@@3PAY0EI@CA
0x0002d39a	0x00079d79	__read
0x0002d3a7	0x000c8d1c	?gMapVisitFlags@@3PAY0EI@CA
0x0002d3b0	0x00079d79	__read
0x0002d486	0x000b4aa4	?giCurPlayer@@3CA
0x0002d495	0x000ca178	?gCurPlayerTopBit@@3EA
0x0002d49b	0x000a74a4	?giCurWatchPlayer@@3HA
0x0002d66b	0x000930a0	?gNewGameHelp@@3PAPADA
0x0002d9ef	0x000a74b0	?gFullMapName@@3PADA
0x0002d9f4	0x000a7168	?gText@@3PADA
0x0002d9f9	0x00077c60	_strcpy
0x0002da03	0x000a7168	?gText@@3PADA
0x0002da08	0x00078d30	_strchr
0x0002da33	0x000a7168	?gText@@3PADA
0x0002da45	0x0006da11	?BroadcastMessage@heroWindow@@QAEFAAUtag_message@@@Z
0x0002da8c	0x0006da11	?BroadcastMessage@heroWindow@@QAEFAAUtag_message@@@Z
0x0002dab7	0x0006da11	?BroadcastMessage@heroWindow@@QAEFAAUtag_message@@@Z
0x0002daef	0x000a749c	?gNumHumanPlayers@@3HA
0x0002db27	0x0006da11	?BroadcastMessage@heroWindow@@QAEFAAUtag_message@@@Z
0x0002db61	0x000a749c	?gNumHumanPlayers@@3HA
0x0002db7f	0x000932e4	?gHumanPlayerTypeNames@@3PAPADA
0x0002dba0	0x00092de4	?gPlayerTypeNames@@3PAPADA
0x0002dbb5	0x0006da11	?BroadcastMessage@heroWindow@@QAEFAAUtag_message@@@Z
0x0002dbbf	0x00038573	?CalcDifficultyRating@game@@QAEHXZ
0x0002dbc5	0x000a7ba0	?gpGame@@3PAVgame@@A
0x0002dbd3	0x000a7ba0	?gpGame@@3PAVgame@@A
0x0002dbdc	0x0008fd78	$SG24463
0x0002dbe1	0x0008fd84	$SG24464
0x0002dbe6	0x000a7168	?gText@@3PADA
0x0002dbeb	0x0007823f	_sprintf
0x0002dbf5	0x000a7168	?gText@@3PADA
0x0002dc07	0x0006da11	?BroadcastMessage@heroWindow@@QAEFAAUtag_message@@@Z
0x0002dc45	0x0006da11	?BroadcastMessage@heroWindow@@QAEFAAUtag_message@@@Z
0x0002dc58	0x000a7ba8	?gbIAmGreatest@@3CA
0x0002dc70	0x0006da11	?BroadcastMessage@heroWindow@@QAEFAAUtag_message@@@Z
0x0002deca	0x00088bdb	__ehreg$?NewGame@game@@QAECXZ
0x0002dfb0	0x00044ae3	?SetWinText@@YAXPAVheroWindow@@F@Z
0x0002dfba	0x000a6c28	_?gNewGameSettingsSaved@?1??NewGame@game@@QAECXZ@4CA
0x0002dfc8	0x000a7ba0	?gpGame@@3PAVgame@@A
0x0002dfcd	0x000a6bf0	?gOldGameDifficulty@@3CA
0x0002dfdc	0x000a6bd1	?gSavedDifficulties@@3PACA
0x0002dfeb	0x000a6bd2	?gSavedDifficulties@@3PACA
0x0002dff9	0x000a6bd3	?gSavedDifficulties@@3PACA
0x0002e005	0x000a6c0e	?gSavedKingOfTheHill@@3CA
0x0002e00b	0x000a7ba8	?gbIAmGreatest@@3CA
0x0002e013	0x000a6bdc	?gKeptColor@@3CA
0x0002e08a	0x000a749c	?gNumHumanPlayers@@3HA
0x0002e094	0x000a7b84	?gMapName@@3PADA
0x0002e09f	0x000a749c	?gNumHumanPlayers@@3HA
0x0002e0a9	0x000a7b85	?gMapName@@3PADA
0x0002e0b4	0x000a749c	?gNumHumanPlayers@@3HA
0x0002e0be	0x000a7b86	?gMapName@@3PADA
0x0002e0c9	0x000a749c	?gNumHumanPlayers@@3HA
0x0002e0d7	0x000a7b87	?gMapName@@3PADA
0x0002e0e6	0x000a749c	?gNumHumanPlayers@@3HA
0x0002e100	0x0008fdc0	$SG589248
0x0002e112	0x0008fdd0	$SG589264
0x0002e14c	0x0008fe28	$SG589352
0x0002e15e	0x0008fe38	$SG589368
0x0002e22b	0x00077c60	_strcpy
0x0002e234	0x000a6c28	_?gNewGameSettingsSaved@?1??NewGame@game@@QAECXZ@4CA
0x0002e23b	0x000a7ba0	?gpGame@@3PAVgame@@A
0x0002e246	0x000a6bf0	?gOldGameDifficulty@@3CA
0x0002e255	0x000a6bd1	?gSavedDifficulties@@3PACA
0x0002e264	0x000a6bd2	?gSavedDifficulties@@3PACA
0x0002e272	0x000a6bd3	?gSavedDifficulties@@3PACA
0x0002e278	0x000a7ba8	?gbIAmGreatest@@3CA
0x0002e27e	0x000a6c0e	?gSavedKingOfTheHill@@3CA
0x0002e28c	0x000a6bdc	?gKeptColor@@3CA
0x0002e291	0x000a7b80	?gMapName@@3PADA
0x0002e299	0x0002e7f0	?NewMap@game@@QAEXPAD@Z
0x0002e2b3	0x00088bf0	__ehreg$?ShowCampaignInfo@game@@QAEXHHH@Z
0x0002e2b9	-0x400000	__except_list
0x0002e2c1	-0x400000	__except_list
0x0002e2ce	0x0008fe68	$SG24570
0x0002e2d4	0x000a7164	?gpMouseManager@@3PAVmouseManager@@A
0x0002e2d9	0x0006b84a	?SetPointer@mouseManager@@QAEXPADF@Z
0x0002e2e0	0x00077d50	??2@YAPAXI@Z
0x0002e2f8	0x0008fe74	$SG24575
0x0002e304	0x0006d150	??0heroWindow@@QAE@FFPAD@Z
0x0002e32e	0x00042146	?MemError@@YAXXZ
0x0002e34a	0x00093244	?gCampaignScenarioNames@@3PAPADA
0x0002e350	0x000a7168	?gText@@3PADA
0x0002e355	0x00077c60	_strcpy
0x0002e35f	0x000a7168	?gText@@3PADA
0x0002e36b	0x0006da11	?BroadcastMessage@heroWindow@@QAEFAAUtag_message@@@Z
0x0002e37b	0x0009328c	?gCampaignScenarioText@@3PAPADA
0x0002e381	0x000a7168	?gText@@3PADA
0x0002e386	0x00077c60	_strcpy
0x0002e390	0x000a7168	?gText@@3PADA
0x0002e39c	0x0006da11	?BroadcastMessage@heroWindow@@QAEFAAUtag_message@@@Z
0x0002e3a3	0x000a7168	?gText@@3PADA
0x0002e3af	0x0006da11	?BroadcastMessage@heroWindow@@QAEFAAUtag_message@@@Z
0x0002e3c6	0x000a7ba0	?gpGame@@3PAVgame@@A
0x0002e3db	0x0006da11	?BroadcastMessage@heroWindow@@QAEFAAUtag_message@@@Z
0x0002e406	0x0006da11	?BroadcastMessage@heroWindow@@QAEFAAUtag_message@@@Z
0x0002e41a	0x0006da11	?BroadcastMessage@heroWindow@@QAEFAAUtag_message@@@Z
0x0002e42c	0x0006da11	?BroadcastMessage@heroWindow@@QAEFAAUtag_message@@@Z
0x0002e439	0x000692fd	?PlayMusic@@YAXH@Z
0x0002e443	0x0003f5ef	?EventWindowHandler@@YAFAAUtag_message@@@Z
0x0002e44d	0x000a74a8	?gpWindowManager@@3PAVheroWindowManager@@A
0x0002e452	0x0006a740	?DoDialog@heroWindowManager@@QAEFPAVheroWindow@@P6AFAAUtag_message@@@ZH@Z
0x0002e461	0x00077c4d	??3@YAXPAX@Z
0x0002e469	0x000a74a8	?gpWindowManager@@3PAVheroWindowManager@@A
0x0002e48b	0x0008fe84	$SG24582
0x0002e490	0x0003e693	?NormalDialog@@YAXPADHHHHHHHH@Z
0x0002e499	0x000a74a8	?gpWindowManager@@3PAVheroWindowManager@@A
0x0002e4b3	0x0002e595	?InitCampaignMap@game@@QAEXHH@Z
0x0002e4b9	0x000a7480	?gpAdvManager@@3PAVadvManager@@A
0x0002e4c6	0x000a761c	?giBottomViewOverride@@3HA
0x0002e4d0	0x000a7834	?gPalette@@3PAVpalette@@A
0x0002e4db	0x000a74a8	?gpWindowManager@@3PAVheroWindowManager@@A
0x0002e4e0	0x0006aaa3	?FadeScreen@heroWindowManager@@QAEXFFPAVpalette@@@Z
0x0002e4e6	0x000a7480	?gpAdvManager@@3PAVadvManager@@A
0x0002e4eb	0x00010b26	?SetInitialMapOrigin@advManager@@QAEXXZ
0x0002e4f3	0x000a7480	?gpAdvManager@@3PAVadvManager@@A
0x0002e4f8	0x0000ae3d	?RedrawAdvScreen@advManager@@QAEXH@Z
0x0002e4fd	0x000a7834	?gPalette@@3PAVpalette@@A
0x0002e508	0x000a74a8	?gpWindowManager@@3PAVheroWindowManager@@A
0x0002e50d	0x0006aaa3	?FadeScreen@heroWindowManager@@QAEXFFPAVpalette@@@Z
0x0002e517	-0x400000	__except_list
0x0002e52d	0x0008fea8	$SG24588
0x0002e535	0x0002cc73	?LoadGame@game@@QAEFPADHH@Z
0x0002e53a	0x000a6c2c	$SG24589
0x0002e53f	0x000a74b0	?gFullMapName@@3PADA
0x0002e544	0x00077c60	_strcpy
0x0002e54c	0x000a7ba0	?gpGame@@3PAVgame@@A
0x0002e58b	0x0002e595	?InitCampaignMap@game@@QAEXHH@Z
0x0002e6a8	0x00091ce0	?gCampaignScenarios@@3PAUcampaignScenario@@A
0x0002e6d1	0x00091fde	?gCampaignSideCrests@@3PAY01CA
0x0002e715	0x00091cf3	?gCampaignScenarios@@3PAUcampaignScenario@@A
0x0002e761	0x0008fec8	$SG24599
0x0002e766	0x000a7b80	?gMapName@@3PADA
0x0002e76b	0x0007823f	_sprintf
0x0002e773	0x000a7b80	?gMapName@@3PADA
0x0002e77b	0x0002e7f0	?NewMap@game@@QAEXPAD@Z
0x0002e7be	0x00091cfd	?gCampaignScenarios@@3PAUcampaignScenario@@A
0x0002e7fc	0x000a74dc	?gbInNewGameSetup@@3HA
0x0002e806	0x000b4aa4	?giCurPlayer@@3CA
0x0002e80e	0x000b4aa4	?giCurPlayer@@3CA
0x0002e81a	0x000a7ba0	?gpGame@@3PAVgame@@A
0x0002e84d	0x000b4aa4	?giCurPlayer@@3CA
0x0002e85d	0x000ca178	?gCurPlayerTopBit@@3EA
0x0002e864	0x000b4aa4	?giCurPlayer@@3CA
0x0002e934	0x000784e0	_memset
0x0002e943	0x000c8d1c	?gMapVisitFlags@@3PAY0EI@CA
0x0002e948	0x000784e0	_memset
0x0002e953	0x00035483	?RandomizeHeroPool@game@@QAEXXZ
0x0002e95c	0x000a7b80	?gMapName@@3PADA
0x0002e961	0x00077c60	_strcpy
0x0002e969	0x000a7b80	?gMapName@@3PADA
0x0002e971	0x00030344	?LoadMap@game@@QAEFPAD@Z
0x0002e979	0x000366f6	?RandomizeTerrainTiles@game@@QAEXXZ
0x0002ec2d	0x00091ff0	?gCrestHeroClass@@3PAFA
0x0002ee43	0x00091ff0	?gCrestHeroClass@@3PAFA
0x0002f52f	0x00090d0c	?gStartingResources@@3PAY06HA
0x0002f549	0x00078550	_memcpy
0x0002f601	0x00036320	?SetupAdjacentMons@game@@QAEXXZ
0x0002f607	0x000a74e4	?gpPhilAI@@3PAVphilAI@@A
0x0002f60c	0x0004919e	?GetGameAIVars@philAI@@QAEXXZ
0x0002f612	0x000a74dc	?gbInNewGameSetup@@3HA
0x0002f641	0x0002f669	$L26693
0x0002f648	0x0002f661	$L26694
0x0002f661	0x0002f64c	$L24706
0x0002f665	0x0002f653	$L24707
0x0002f6e6	0x0002f814	$L26696
0x0002f724	0x0002f621	?GetObjectFamily@@YAHH@Z
0x0002f737	0x0002f621	?GetObjectFamily@@YAHH@Z
0x0002f7b8	0x0002f621	?GetObjectFamily@@YAHH@Z
0x0002f7cb	0x0002f621	?GetObjectFamily@@YAHH@Z
0x0002f814	0x0002f6ea	$L24721
0x0002f818	0x0002f80d	$L24729
0x0002f81c	0x0002f77e	$L24725
0x0002f820	0x0002f80d	$L24729
0x0002f824	0x0002f6ea	$L24721
0x0002f828	0x0002f80d	$L24729
0x0002f82c	0x0002f77e	$L24725
0x0002fc4a	0x0006fd8a	?Random@@YAHHH@Z
0x0002fc54	0x0009040c	?gMageGuildSpellPool@@3PAY07CA
0x0002fc68	0x0006fd8a	?Random@@YAHHH@Z
0x0002fc72	0x00090414	?gMageGuildSpellPool@@3PAY07CA
0x0002fc86	0x0006fd8a	?Random@@YAHHH@Z
0x0002fc90	0x0009041c	?gMageGuildSpellPool@@3PAY07CA
0x00030352	0x000913c4	?gMapPath@@3PADA
0x000306bf	0x000a7bb8	?gMapExtraBlocks@@3PAPAXA
0x000306ca	0x000a6cc8	?iSizeOfMapExtra@@3PAHA
0x000306d6	0x000a7bb8	?gMapExtraBlocks@@3PAPAXA
0x00030758	0x000a7ba0	?gpGame@@3PAVgame@@A
0x00030764	0x0005ed10	?Deallocate@town@@QAEXXZ
0x0003095a	0x00091400	?gVisRangeTown@@3CA
0x00030991	0x00035a74	?SetVisibility@game@@QAEXFFFF@Z
0x00030998	0x0003fb8e	?CheckEndGame@@YAXH@Z
0x00030bf5	0x00088c10	__ehreg$?ViewSpells@game@@QAECPAVhero@@CP6AFAAUtag_message@@@ZC@Z
0x00030f3e	0x0006da11	?BroadcastMessage@heroWindow@@QAEFAAUtag_message@@@Z
0x00030f5b	0x0006da11	?BroadcastMessage@heroWindow@@QAEFAAUtag_message@@@Z
0x00030f8a	0x0006da11	?BroadcastMessage@heroWindow@@QAEFAAUtag_message@@@Z
0x00030fa7	0x0006da11	?BroadcastMessage@heroWindow@@QAEFAAUtag_message@@@Z
0x00030fd4	0x0006da11	?BroadcastMessage@heroWindow@@QAEFAAUtag_message@@@Z
0x0003100d	0x0006da11	?BroadcastMessage@heroWindow@@QAEFAAUtag_message@@@Z
0x00031054	0x000926dc	?gSpellNames@@3PAPADA
0x0003105a	0x0008ff0c	$SG25016
0x0003105f	0x000a7168	?gText@@3PADA
0x00031064	0x0007823f	_sprintf
0x0003107f	0x000a7168	?gText@@3PADA
0x00031091	0x0006da11	?BroadcastMessage@heroWindow@@QAEFAAUtag_message@@@Z
0x00031166	0x00092bbc	?gSpellDesc@@3PAPADA
0x00031279	0x00092bbc	?gSpellDesc@@3PAPADA
0x00031567	0x000a74a8	?gpWindowManager@@3PAVheroWindowManager@@A
0x0003157e	0x000a74a8	?gpWindowManager@@3PAVheroWindowManager@@A
0x000315c2	0x00092df8	?gSpellHelp@@3PAPADA
0x000315c8	0x000a7168	?gText@@3PADA
0x000315cd	0x00077c60	_strcpy
0x000315d8	0x00092dfc	?gSpellHelp@@3PAPADA
0x000315de	0x000a7168	?gText@@3PADA
0x000315e3	0x00077c60	_strcpy
0x000315ed	0x00092e00	?gSpellHelp@@3PAPADA
0x000315f3	0x000a7168	?gText@@3PADA
0x000315f8	0x00077c60	_strcpy
0x00031603	0x00092e04	?gSpellHelp@@3PAPADA
0x00031609	0x000a7168	?gText@@3PADA
0x0003160e	0x00077c60	_strcpy
0x00031619	0x00092e08	?gSpellHelp@@3PAPADA
0x0003161f	0x000a7168	?gText@@3PADA
0x00031624	0x00077c60	_strcpy
0x0003162e	0x00092e0c	?gSpellHelp@@3PAPADA
0x00031634	0x000a7168	?gText@@3PADA
0x00031639	0x00077c60	_strcpy
0x00031641	0x000a7168	?gText@@3PADA
0x00031646	0x00039cd8	?HeroMessageUpdate@@YAXPAD@Z
0x00031661	0x00088c36	__ehreg$?ViewArmy@game@@QAEXFFCFPAVtown@@CCCPAVhero@@PAVarmy@@PAVarmyGroup@@@Z
0x000319e3	0x00092e2c	?gArmyStatText@@3PAPADA
0x00031a64	0x00092e30	?gArmyStatText@@3PAPADA
0x00031b34	0x00092e34	?gArmyStatText@@3PAPADA
0x00031b53	0x00092e4c	?gArmyStatText@@3PAPADA
0x00031b85	0x00092e38	?gArmyStatText@@3PAPADA
0x00031bf5	0x00092e3c	?gArmyStatText@@3PAPADA
0x00031c27	0x00092e18	?gSpeedText@@3PAPADA
0x00031c2d	0x00092e40	?gArmyStatText@@3PAPADA
0x00031c5b	0x00092b48	?gMoraleText@@3PAPADA
0x00031c62	0x00092e44	?gArmyStatText@@3PAPADA
0x00031ca6	0x00092b2c	?gLuckText@@3PAPADA
0x00031cad	0x00092e48	?gArmyStatText@@3PAPADA
0x00031f12	0x000a6c0d	?gbDismissArmy@@3CA
0x00031f78	0x000a74a8	?gpWindowManager@@3PAVheroWindowManager@@A
0x00031fbc	0x000a74a8	?gpWindowManager@@3PAVheroWindowManager@@A
0x00031fcb	0x000a6c0d	?gbDismissArmy@@3CA
0x0003208f	0x00088c4e	__ehreg$?Overview@game@@QAEXXZ
0x000320b1	0x000a7480	?gpAdvManager@@3PAVadvManager@@A
0x000320b6	0x0001107c	?TrimLoopingSounds@advManager@@QAEXH@Z
0x000320bc	0x000a9921	?gOverviewShowing@@3CA
0x00032ab3	0x00092e50	?gOverviewText@@3PAPADA
0x00032bc4	0x00092e54	?gOverviewText@@3PAPADA
0x00032c28	0x00092e58	?gOverviewText@@3PAPADA
0x00032cdd	0x000a74d8	?gpResourceManager@@3PAVresourceManager@@A
0x00032ce2	0x0006c705	?Dispose@resourceManager@@QAEXPAVresource@@@Z
0x00032cec	0x000a74d8	?gpResourceManager@@3PAVresourceManager@@A
0x00032cf1	0x0006c705	?Dispose@resourceManager@@QAEXPAVresource@@@Z
0x00032cf7	0x000a9921	?gOverviewShowing@@3CA
0x00032d2a	0x00032ef7	$L26785
0x00032d33	0x0006fd8a	?Random@@YAHHH@Z
0x00032d44	0x0006fd8a	?Random@@YAHHH@Z
0x00032d55	0x0006fd8a	?Random@@YAHHH@Z
0x00032d66	0x0006fd8a	?Random@@YAHHH@Z
0x00032d77	0x0006fd8a	?Random@@YAHHH@Z
0x00032d88	0x0006fd8a	?Random@@YAHHH@Z
0x00032d99	0x0006fd8a	?Random@@YAHHH@Z
0x00032daa	0x0006fd8a	?Random@@YAHHH@Z
0x00032dbb	0x0006fd8a	?Random@@YAHHH@Z
0x00032dcc	0x0006fd8a	?Random@@YAHHH@Z
0x00032ddd	0x0006fd8a	?Random@@YAHHH@Z
0x00032dee	0x0006fd8a	?Random@@YAHHH@Z
0x00032dff	0x0006fd8a	?Random@@YAHHH@Z
0x00032e10	0x0006fd8a	?Random@@YAHHH@Z
0x00032e21	0x0006fd8a	?Random@@YAHHH@Z
0x00032e32	0x0006fd8a	?Random@@YAHHH@Z
0x00032e43	0x0006fd8a	?Random@@YAHHH@Z
0x00032e54	0x0006fd8a	?Random@@YAHHH@Z
0x00032e65	0x0006fd8a	?Random@@YAHHH@Z
0x00032e76	0x0006fd8a	?Random@@YAHHH@Z
0x00032e84	0x0006fd8a	?Random@@YAHHH@Z
0x00032e92	0x0006fd8a	?Random@@YAHHH@Z
0x00032ea0	0x0006fd8a	?Random@@YAHHH@Z
0x00032eae	0x0006fd8a	?Random@@YAHHH@Z
0x00032ebc	0x0006fd8a	?Random@@YAHHH@Z
0x00032eca	0x0006fd8a	?Random@@YAHHH@Z
0x00032ed8	0x0006fd8a	?Random@@YAHHH@Z
0x00032ee6	0x0006fd8a	?Random@@YAHHH@Z
0x00032ef7	0x00032d2e	$L25357
0x00032efb	0x00032d3f	$L25358
0x00032eff	0x00032d50	$L25359
0x00032f03	0x00032d61	$L25360
0x00032f07	0x00032d72	$L25361
0x00032f0b	0x00032d83	$L25362
0x00032f0f	0x00032d94	$L25363
0x00032f13	0x00032da5	$L25364
0x00032f17	0x00032db6	$L25365
0x00032f1b	0x00032dc7	$L25366
0x00032f1f	0x00032dd8	$L25367
0x00032f23	0x00032de9	$L25368
0x00032f27	0x00032dfa	$L25369
0x00032f2b	0x00032e0b	$L25370
0x00032f2f	0x00032e1c	$L25371
0x00032f33	0x00032e2d	$L25372
0x00032f37	0x00032e3e	$L25373
0x00032f3b	0x00032e4f	$L25374
0x00032f3f	0x00032e60	$L25375
0x00032f43	0x00032e71	$L25376
0x00032f47	0x00032e7f	$L25377
0x00032f4b	0x00032e8d	$L25378
0x00032f4f	0x00032e9b	$L25379
0x00032f53	0x00032ea9	$L25380
0x00032f57	0x00032eb7	$L25381
0x00032f5b	0x00032ec5	$L25382
0x00032f5f	0x00032ed3	$L25383
0x00032f63	0x00032ee1	$L25384
0x00032f6f	0x00069d8e	?StopAllAudio@@YAXXZ
0x00032f76	0x000692fd	?PlayMusic@@YAXH@Z
0x00033113	0x000b4aa4	?giCurPlayer@@3CA
0x00033122	0x000ca178	?gCurPlayerTopBit@@3EA
0x0003361c	0x000a7ba0	?gpGame@@3PAVgame@@A
0x00033632	0x0008a468	__real@8@3ffec000000000000000
0x00033637	0x000782f4	__ftol
0x00033649	0x000a7ba0	?gpGame@@3PAVgame@@A
0x0003368c	0x0008a460	__real@8@3fffa51eb851eb852000
0x00033691	0x000782f4	__ftol
0x000336a3	0x000a7ba0	?gpGame@@3PAVgame@@A
0x000336b9	0x0008a458	__real@8@3fffb999999999999800
0x000336be	0x000782f4	__ftol
0x00033bb0	0x000a7494	?giWeekType@@3CA
0x00033bba	0x0006fd8a	?Random@@YAHHH@Z
0x00033bc2	0x000a74d0	?giWeekTypeExtra@@3CA
0x00033bf2	0x000a7494	?giWeekType@@3CA
0x00033bfc	0x0006fd8a	?Random@@YAHHH@Z
0x00033c04	0x000a74d0	?giWeekTypeExtra@@3CA
0x00033c8c	0x00090601	?gDwellingType@@3PAY05CA
0x00033d04	0x0008a478	__real@8@3fff9eb851eb851eb800
0x00033d09	0x000782f4	__ftol
0x00033d20	0x000a7ba0	?gpGame@@3PAVgame@@A
0x00033d3d	0x0008a470	__real@8@3fffae147ae147ae1800
0x00033d42	0x000782f4	__ftol
0x00033d4d	0x000a7494	?giWeekType@@3CA
0x00033d68	0x00090601	?gDwellingType@@3PAY05CA
0x00033d6f	0x000a74d0	?giWeekTypeExtra@@3CA
0x0003439a	0x000a9738	?giMonthType@@3CA
0x000343a4	0x0006fd8a	?Random@@YAHHH@Z
0x000343ac	0x000a7492	?giMonthTypeExtra@@3CA
0x000343bd	0x000a9738	?giMonthType@@3CA
0x000343c7	0x0006fd8a	?Random@@YAHHH@Z
0x000343d0	0x0008fcbc	_?gMonType@?1??PerMonth@game@@QAEXXZ@4PACA
0x000343d6	0x000a7492	?giMonthTypeExtra@@3CA
0x000343de	0x000a9738	?giMonthType@@3CA
0x00034467	0x00090601	?gDwellingType@@3PAY05CA
0x00034472	0x0009140f	?gMonsterDatabase@@3PAUtag_monsterInfo@@A
0x00034497	0x000a9738	?giMonthType@@3CA
0x000344b2	0x00090601	?gDwellingType@@3PAY05CA
0x000344b9	0x000a7492	?giMonthTypeExtra@@3CA
0x000344df	0x000a9738	?giMonthType@@3CA
0x00034549	0x000a9738	?giMonthType@@3CA
0x000345b8	0x000a7638	?giGroundToTerrain@@3PACA
0x000345c8	0x0006fd8a	?Random@@YAHHH@Z
0x000345e7	0x000a7492	?giMonthTypeExtra@@3CA
0x000345f0	0x000a7492	?giMonthTypeExtra@@3CA
0x000345f9	0x00032d0a	?GetRandomNumTroops@game@@QAECC@Z
0x00034848	0x00091fe8	?gCrestTownTypes@@3PAFA
0x0003486f	0x0006fd8a	?Random@@YAHHH@Z
0x0003489b	0x000a6be0	?gRandomTownTypes@@3PACA
0x000348b8	0x000a6be0	?gRandomTownTypes@@3PACA
0x000348c3	0x0006fd8a	?Random@@YAHHH@Z
0x00034d54	0x00090609	?gDwellingType@@3PAY05CA
0x00034de6	0x0006fd8a	?Random@@YAHHH@Z
0x00034df5	0x0009040c	?gMageGuildSpellPool@@3PAY07CA
0x00034e0d	0x000903b0	?gSpellAIValue@@3PAFA
0x00034e18	0x000903ec	?gSpellAIFlags@@3PACA
0x00034f59	0x0006fd8a	?Random@@YAHHH@Z
0x00034f6b	0x000a6bf4	?gMineTypeNums@@3PAFA
0x00034f87	0x000a6bf4	?gMineTypeNums@@3PAFA
0x00034f97	0x000a6bf4	?gMineTypeNums@@3PAFA
0x0003543f	0x0002c0cf	?Scan@game@@QAECPACCC@Z
0x00035467	0x0002c11a	?RandomScan@game@@QAECPACCCH@Z
0x00035671	0x0006fd8a	?Random@@YAHHH@Z
0x00035694	0x0006fd8a	?Random@@YAHHH@Z
0x000357c2	0x0006fd8a	?Random@@YAHHH@Z
0x00035b19	0x00078538	_abs
0x00035b31	0x00078538	_abs
0x00035b6a	0x000a7ba0	?gpGame@@3PAVgame@@A
0x00035b85	0x000a7ba0	?gpGame@@3PAVgame@@A
0x00035ba1	0x000a9414	?gbHumanPlayer@@3PAHA
0x00035c19	0x00078538	_abs
0x00035c31	0x00078538	_abs
0x00035c6c	0x000a7ba0	?gpGame@@3PAVgame@@A
0x00035c87	0x000a7ba0	?gpGame@@3PAVgame@@A
0x00035dbc	0x00091410	?gMonsterDatabase@@3PAUtag_monsterInfo@@A
0x00035e84	0x00035ecc	?SIncRandomize@@YAXHH@Z
0x00035e8c	0x00035de5	?SGenRand@@YAHXZ
0x00035e95	0x0008fcc8	?gLastSeed@@3HA
0x00035e9e	0x0008fcc8	?gLastSeed@@3HA
0x00035ea7	0x0008fcc8	?gLastSeed@@3HA
0x00035eb0	0x0008fcc8	?gLastSeed@@3HA
0x00035f01	0x0008fcc8	?gLastSeed@@3HA
0x00035f09	0x0008fcc8	?gLastSeed@@3HA
0x00035f18	0x0008fcc8	?gLastSeed@@3HA
0x00035f20	0x0008fcc8	?gLastSeed@@3HA
0x00035f26	0x0008fcc8	?gLastSeed@@3HA
0x00035f2f	0x0008fcc8	?gLastSeed@@3HA
0x00035f34	0x0008fcc8	?gLastSeed@@3HA
0x00035f46	0x0008fcc8	?gLastSeed@@3HA
0x00035f4e	0x0008fcc8	?gLastSeed@@3HA
0x00035f5d	0x0008fcc8	?gLastSeed@@3HA
0x00035f66	0x00078dec	_srand
0x00035f92	0x00038f8a	?HasArtifact@hero@@QAECC@Z
0x00035fac	0x00038f8a	?HasArtifact@hero@@QAECC@Z
0x00035fc6	0x00038f8a	?HasArtifact@hero@@QAECC@Z
0x00035fe0	0x00038f8a	?HasArtifact@hero@@QAECC@Z
0x0003612f	0x00006d26	?GetCell@advManager@@QAEPAVmapCell@@FF@Z
0x00036144	0x000a6bd4	_s_adjacentGuardX
0x0003614e	0x000a6bd8	_s_adjacentGuardY
0x00036160	0x000a6bd4	_s_adjacentGuardX
0x0003616b	0x000a6bd8	_s_adjacentGuardY
0x00036195	0x000a6c08	_s_adjacentMonsterEndX
0x000361a7	0x000a6c04	_s_adjacentMonsterEndY
0x000361b3	0x000a6be8	_s_adjacentGuardMinX
0x000361c5	0x000a6be8	_s_adjacentGuardMinX
0x000361d1	0x000a6bec	_s_adjacentGuardMinY
0x000361e2	0x000a6bec	_s_adjacentGuardMinY
0x000361e8	0x000a6be8	_s_adjacentGuardMinX
0x00036216	0x000a6bec	_s_adjacentGuardMinY
0x0003637a	0x000a7480	?gpAdvManager@@3PAVadvManager@@A
0x0003637f	0x00036026	?FindAdjacentMonster@advManager@@QAECHHPAH0HH@Z
0x00036396	0x000a7fc0	?mapExtra@@3PAY0EI@EA
0x000363a8	0x000a7fc0	?mapExtra@@3PAY0EI@EA
0x000363ba	0x000a7fc0	?mapExtra@@3PAY0EI@EA
0x000363cd	0x000a7fc0	?mapExtra@@3PAY0EI@EA
0x00036540	0x000a7480	?gpAdvManager@@3PAVadvManager@@A
0x00036551	0x000a7164	?gpMouseManager@@3PAVmouseManager@@A
0x00036556	0x0006bf87	?ReallyHidePointer@mouseManager@@QAEXXZ
0x0003655c	0x000a7480	?gpAdvManager@@3PAVadvManager@@A
0x00036568	0x00090060	$SG26059
0x0003656e	0x000a74d8	?gpResourceManager@@3PAVresourceManager@@A
0x00036573	0x0006c4b7	?GetTileset@resourceManager@@QAEPAVtileset@@PAD@Z
0x00036582	0x000a74a8	?gpWindowManager@@3PAVheroWindowManager@@A
0x00036591	0x00070d6c	_TileToBitmap
0x000365ab	0x000a74a8	?gpWindowManager@@3PAVheroWindowManager@@A
0x000365b0	0x0006a917	?UpdateScreenRegion@heroWindowManager@@QAEXFFFF@Z
0x000365ba	0x000a74d8	?gpResourceManager@@3PAVresourceManager@@A
0x000365bf	0x0006c705	?Dispose@resourceManager@@QAEXPAVresource@@@Z
0x000365c5	0x000a7164	?gpMouseManager@@3PAVmouseManager@@A
0x000365ca	0x0006bf6f	?ReallyShowPointer@mouseManager@@QAEXXZ
0x000365db	0x000a7b7c	?gbBlackoutPlayer@@3HA
0x000365e8	0x000a749c	?gNumHumanPlayers@@3HA
0x000365f5	0x000a9944	?gRemoteOn@@3HA
0x00036604	0x000a7164	?gpMouseManager@@3PAVmouseManager@@A
0x00036609	0x0006b8b2	?SetPointer@mouseManager@@QAEXF@Z
0x0003660f	0x000a992c	?gAllBlack@@3HA
0x00036618	0x00044b4e	?KBTickCount@@YAHXZ
0x00036622	0x000a7bb0	?giBottomViewOverrideEndTime@@3HA
0x00036629	0x000b4aa4	?giCurPlayer@@3CA
0x00036630	0x000a7b94	?gbThisNetHumanPlayer@@3PACA
0x0003663a	0x000a761c	?giBottomViewOverride@@3HA
0x00036646	0x000a761c	?giBottomViewOverride@@3HA
0x00036651	0x000692fd	?PlayMusic@@YAXH@Z
0x0003665a	0x000a7164	?gpMouseManager@@3PAVmouseManager@@A
0x0003665f	0x0006bf87	?ReallyHidePointer@mouseManager@@QAEXXZ
0x00036667	0x000a7480	?gpAdvManager@@3PAVadvManager@@A
0x0003666c	0x00005ace	?CompleteDraw@advManager@@QAEXH@Z
0x00036676	0x000a7480	?gpAdvManager@@3PAVadvManager@@A
0x0003667b	0x00007ae5	?UpdateHeroLocators@advManager@@QAEXCC@Z
0x00036685	0x000a7480	?gpAdvManager@@3PAVadvManager@@A
0x0003668a	0x00007bb8	?UpdateTownLocators@advManager@@QAEXCC@Z
0x00036694	0x000a7480	?gpAdvManager@@3PAVadvManager@@A
0x00036699	0x00005530	?UpdateScreen@advManager@@QAEXCC@Z
0x000366a1	0x00036536	?ShowHeroesLogo@game@@QAEXXZ
0x000366a7	0x000a992c	?gAllBlack@@3HA
0x000366b1	0x000a7164	?gpMouseManager@@3PAVmouseManager@@A
0x000366b6	0x0006bf6f	?ReallyShowPointer@mouseManager@@QAEXXZ
0x000366ca	0x000a7ba0	?gpGame@@3PAVgame@@A
0x000366e4	0x0003e693	?NormalDialog@@YAXPADHHHHHHHH@Z
0x000366ec	0x00069742	?StopMusic@@YAXXZ
0x0003677b	0x0006fd8a	?Random@@YAHHH@Z
0x0003712f	0x00090070	$SG589936
0x00037151	0x00090084	$SG589956
0x00037176	0x00090094	$SG589972
0x00037186	0x000900a0	$SG589984
0x0003718b	0x00090e30	?gDataPath@@3PADA
0x00037190	0x000900ac	$SG589996
0x000371e4	0x000a9910	?gRemoteReady@@3HA
0x0003729a	0x000a9910	?gRemoteReady@@3HA
0x00037648	0x000a9910	?gRemoteReady@@3HA
0x0003766e	0x000900b4	$SG590004
0x0003773b	0x00069738	?GetCurrentTrack@@YAHXZ
0x00037746	0x00069742	?StopMusic@@YAXXZ
0x0003774c	0x000a9914	?gHeartbeatSeen@@3HA
0x00037754	0x0003c7b0	_PollSound
0x00037759	0x00043775	?Process1WindowsMessage@@YAXXZ
0x000377c1	0x000a9910	?gRemoteReady@@3HA
0x00037a20	0x000a9910	?gRemoteReady@@3HA
0x00037a54	0x00090e30	?gDataPath@@3PADA
0x00037b0d	0x000a9910	?gRemoteReady@@3HA
0x00037c52	0x00092e60	?gNewTurnText@@3PAPADA
0x00037d18	0x00092e5c	?gNewTurnText@@3PAPADA
0x00037ee3	0x00092c30	?gMonthNames@@3PAPADA
0x00037eea	0x00092e64	?gNewTurnText@@3PAPADA
0x00037fbe	0x00092e68	?gNewTurnText@@3PAPADA
0x00037fd4	0x00092e6c	?gNewTurnText@@3PAPADA
0x00037fdf	0x0007823f	_sprintf
0x00037ff5	0x000a7494	?giWeekType@@3CA
0x00038000	0x000a74d0	?giWeekTypeExtra@@3CA
0x00038007	0x00092c58	?gWeekNames@@3PAPADA
0x0003800e	0x00092e70	?gNewTurnText@@3PAPADA
0x000380d2	0x00092e74	?gNewTurnText@@3PAPADA
0x00038186	0x00088c74	__ehreg$?GetMap@game@@SAXXZ
0x0003819f	0x000a7b80	?gMapName@@3PADA
0x000381ab	0x00077c60	_strcpy
0x000381b3	0x000a74b0	?gFullMapName@@3PADA
0x000381bf	0x00077c60	_strcpy
0x0003830f	0x000913c4	?gMapPath@@3PADA
0x000383b3	0x000a76c4	?gLastFilename@@3PADA
0x000383b8	0x000a7b80	?gMapName@@3PADA
0x000383bd	0x00077c60	_strcpy
0x00038430	0x000a7b80	?gMapName@@3PADA
0x00038435	0x00077c60	_strcpy
0x0003854c	0x000a7ba0	?gpGame@@3PAVgame@@A
0x00038897	0x0008a3f0	__real@8@3ffe8000000000000000
0x0003889e	0x000782f4	__ftol
0x000388af	0x0008a498	__real@8@4003f000000000000000
0x000388b4	0x000782f4	__ftol
0x000388d5	0x0008a490	__real@8@3ffd8000000000000000
0x000388dc	0x000782f4	__ftol
0x000388ea	0x0008a488	__real@8@4004f000000000000000
0x000388ef	0x000782f4	__ftol
0x0003890a	0x0008a480	__real@8@3ffc8000000000000000
0x00038911	0x000782f4	__ftol
0x0003893a	0x00088c89	__ehreg$?ShowScenInfo@game@@QAEXXZ
0x00038a36	0x000932b0	?gDifficultyNames@@3PAPADA
0x00038aba	0x000932f8	?gHandicapNames@@3PAPADA
0x00038b12	0x000932fc	?gHandicapNames@@3PAPADA
0x00038c06	0x00090198	$SG590232
0x00038c12	0x0009019c	$SG590236
0x00038dab	0x00091cf7	?gCampaignScenarios@@3PAUcampaignScenario@@A
0x00038dc4	0x00091cf7	?gCampaignScenarios@@3PAUcampaignScenario@@A
0x00038de7	0x00091cf7	?gCampaignScenarios@@3PAUcampaignScenario@@A
0x00038df9	0x0006fd8a	?Random@@YAHHH@Z
0x00038f2e	0x000184b0	??0armyGroup@@QAE@XZ
0x00038f64	0x000a7628	?heroWin@@3PAVheroWindow@@A
0x00038f6e	0x000a747c	?giHeroScreenSrcIndex@@3HA
0x00039076	0x000913e0	?gClassNavigationMod@@3PAMA
0x0003907b	0x000782f4	__ftol
0x000390c4	0x00091415	?gMonsterDatabase@@3PAUtag_monsterInfo@@A
0x000390e1	0x00091415	?gMonsterDatabase@@3PAUtag_monsterInfo@@A
0x0003964e	0x000a74a8	?gpWindowManager@@3PAVheroWindowManager@@A
0x00039657	0x000901a8	$SG22341
0x0003965d	0x000a74d8	?gpResourceManager@@3PAVresourceManager@@A
0x00039662	0x0006c15a	?GetBackdrop@resourceManager@@QAEXPADPAVbitmap@@@Z
0x00039668	0x000a7628	?heroWin@@3PAVheroWindow@@A
0x0003966d	0x0006da72	?DrawWindow@heroWindow@@QAEXXZ
0x00039681	0x000a74a8	?gpWindowManager@@3PAVheroWindowManager@@A
0x00039686	0x0006a917	?UpdateScreenRegion@heroWindowManager@@QAEXFFFF@Z
0x00039694	0x00088cab	__ehreg$?HeroView@hero@@QAECC@Z
0x000396b0	0x000a7480	?gpAdvManager@@3PAVadvManager@@A
0x000396b5	0x0001107c	?TrimLoopingSounds@advManager@@QAEXH@Z
0x000396bb	0x000a9920	?gHeroWindShowing@@3CA
0x000396c8	0x000a74a8	?gpWindowManager@@3PAVheroWindowManager@@A
0x00039ce0	0x000a6c3c	?gHeroWin@@3PAVheroWindow@@A
0x00039d07	0x000a6c3c	?gHeroWin@@3PAVheroWindow@@A
0x00039d0c	0x0006da11	?BroadcastMessage@heroWindow@@QAEFAAUtag_message@@@Z
0x00039d1e	0x000a6c3c	?gHeroWin@@3PAVheroWindow@@A
0x00039d23	0x0006daab	?DrawWindow@heroWindow@@QAEXFHH@Z
0x00039d37	0x000a74a8	?gpWindowManager@@3PAVheroWindowManager@@A
0x00039d3c	0x0006a917	?UpdateScreenRegion@heroWindowManager@@QAEXFFFF@Z
0x00039e40	0x000a7628	?heroWin@@3PAVheroWindow@@A
0x00039e45	0x0006da11	?BroadcastMessage@heroWindow@@QAEFAAUtag_message@@@Z
0x00039e67	0x000a7628	?heroWin@@3PAVheroWindow@@A
0x00039e6c	0x0006da11	?BroadcastMessage@heroWindow@@QAEFAAUtag_message@@@Z
0x00039e81	0x000a7628	?heroWin@@3PAVheroWindow@@A
0x00039e86	0x0006da11	?BroadcastMessage@heroWindow@@QAEFAAUtag_message@@@Z
0x00039e9b	0x000a7628	?heroWin@@3PAVheroWindow@@A
0x00039ea0	0x0006da11	?BroadcastMessage@heroWindow@@QAEFAAUtag_message@@@Z
0x00039eda	0x000a7628	?heroWin@@3PAVheroWindow@@A
0x00039edf	0x0006da11	?BroadcastMessage@heroWindow@@QAEFAAUtag_message@@@Z
0x00039f03	0x000a7628	?heroWin@@3PAVheroWindow@@A
0x00039f08	0x0006da11	?BroadcastMessage@heroWindow@@QAEFAAUtag_message@@@Z
0x00039f1f	0x000a7628	?heroWin@@3PAVheroWindow@@A
0x00039f24	0x0006da11	?BroadcastMessage@heroWindow@@QAEFAAUtag_message@@@Z
0x00039f36	0x000901f8	$SG22429
0x00039f3b	0x000a7168	?gText@@3PADA
0x00039f40	0x0007823f	_sprintf
0x00039f5b	0x000a7168	?gText@@3PADA
0x00039f65	0x000a7628	?heroWin@@3PAVheroWindow@@A
0x00039f6a	0x0006da11	?BroadcastMessage@heroWindow@@QAEFAAUtag_message@@@Z
0x00039f81	0x000a7628	?heroWin@@3PAVheroWindow@@A
0x00039f86	0x0006da11	?BroadcastMessage@heroWindow@@QAEFAAUtag_message@@@Z
0x00039f99	0x00088cc0	__ehreg$?ViewStat@hero@@QAEXCC@Z
0x00039f9f	-0x400000	__except_list
0x00039fa7	-0x400000	__except_list
0x00039fc0	0x00092568	?gStatDesc@@3PAPADA
0x00039fcc	0x00092554	?gStatNames@@3PAPADA
0x00039fd2	0x000901fc	$SG22438
0x00039fd7	0x000a7168	?gText@@3PADA
0x00039fdc	0x0007823f	_sprintf
0x00039ff7	0x000a7168	?gText@@3PADA
0x00039ffc	0x0003e693	?NormalDialog@@YAXPADHHHHHHHH@Z
0x0003a00b	0x00077d50	??2@YAPAXI@Z
0x0003a023	0x00090204	$SG22443
0x0003a032	0x0006d150	??0heroWindow@@QAE@FFPAD@Z
0x0003a05c	0x00042146	?MemError@@YAXXZ
0x0003a067	0x00092554	?gStatNames@@3PAPADA
0x0003a06d	0x000a7168	?gText@@3PADA
0x0003a072	0x00077c60	_strcpy
0x0003a08e	0x000a7168	?gText@@3PADA
0x0003a09a	0x0006da11	?BroadcastMessage@heroWindow@@QAEFAAUtag_message@@@Z
0x0003a0a5	0x00092568	?gStatDesc@@3PAPADA
0x0003a0ab	0x000a7168	?gText@@3PADA
0x0003a0b0	0x00077c60	_strcpy
0x0003a0cc	0x000a7168	?gText@@3PADA
0x0003a0d8	0x0006da11	?BroadcastMessage@heroWindow@@QAEFAAUtag_message@@@Z
0x0003a0df	0x0003f6a2	?TrueFalseDialogHandler@@YAFAAUtag_message@@@Z
0x0003a0e9	0x000a74a8	?gpWindowManager@@3PAVheroWindowManager@@A
0x0003a0ee	0x0006a740	?DoDialog@heroWindowManager@@QAEFPAVheroWindow@@P6AFAAUtag_message@@@ZH@Z
0x0003a0fd	0x00077c4d	??3@YAXPAX@Z
0x0003a10a	-0x400000	__except_list
0x0003a13f	0x00092424	?gArtifactDesc@@3PAPADA
0x0003a145	0x0003e693	?NormalDialog@@YAXPADHHHHHHHH@Z
0x0003a16d	0x00090210	$SG22455
0x0003a172	0x0003e693	?NormalDialog@@YAXPADHHHHHHHH@Z
0x0003a17a	0x000a74a8	?gpWindowManager@@3PAVheroWindowManager@@A
0x0003a18b	0x0003a199	?Deallocate@hero@@QAEXXZ
0x0003a5b9	0x0009192a	?gMinExpForLevel@@3PAY0M@FA
0x0003a5d6	0x00091942	?gMinExpForLevel@@3PAY0M@FA
0x0003a5e7	0x00091940	?gMinExpForLevel@@3PAY0M@FA
0x0003a5f5	0x0008a3e8	__real@8@3fff9999999999999800
0x0003a5fa	0x000782f4	__ftol
0x0003a60e	0x00091942	?gMinExpForLevel@@3PAY0M@FA
0x0003a625	0x0008a3e8	__real@8@3fff9999999999999800
0x0003a62a	0x000782f4	__ftol
0x0003a680	0x0009192a	?gMinExpForLevel@@3PAY0M@FA
0x0003a6a3	0x00091942	?gMinExpForLevel@@3PAY0M@FA
0x0003a6b4	0x00091940	?gMinExpForLevel@@3PAY0M@FA
0x0003a6db	0x00091942	?gMinExpForLevel@@3PAY0M@FA
0x0003a8a9	0x0003a725	?ApplyBattleWinTemps@hero@@QAEXXZ
0x0003a8f5	0x00092ecc	?gHeroLevel@@3PAPADA
0x0003a90e	0x00092ed0	?gHeroLevel@@3PAPADA
0x0003a926	0x00092ed4	?gHeroLevel@@3PAPADA
0x0003a9d6	0x00091ff8	?gHeroSkillBonus@@3PAY183CA
0x0003aa1b	0x00091ff9	?gHeroSkillBonus@@3PAY183CA
0x0003aa40	0x00091ff9	?gHeroSkillBonus@@3PAY183CA
0x0003aa5d	0x00091ffa	?gHeroSkillBonus@@3PAY183CA
0x0003aae3	0x000a7168	?gText@@3PADA
0x0003aae8	0x00077c70	_strcat
0x0003aafe	0x000a74dc	?gbInNewGameSetup@@3HA
0x0003ab1a	0x000a7b94	?gbThisNetHumanPlayer@@3PACA
0x0003ac44	0x00092d24	?gHeroScreen@@3PAPADA
0x0003ac62	0x00092410	?gStatNames@@3PAPADA
0x0003ac68	0x00092d28	?gHeroScreen@@3PAPADA
0x0003ac81	0x00092d2c	?gHeroScreen@@3PAPADA
0x0003ac87	0x000a7168	?gText@@3PADA
0x0003ac8c	0x0007823f	_sprintf
0x0003ac9c	0x000a7fb4	?gInfoViewedHero@@3PAVhero@@A
0x0003aca3	0x000a7fb4	?gInfoViewedHero@@3PAVhero@@A
0x0003acab	0x000184ee	?GetMorale@armyGroup@@QAEFPAVhero@@PAVtown@@@Z
0x0003acb8	0x00092d30	?gHeroScreen@@3PAPADA
0x0003acbe	0x000a7168	?gText@@3PADA
0x0003acc3	0x0007823f	_sprintf
0x0003acd0	0x000a7fb4	?gInfoViewedHero@@3PAVhero@@A
0x0003acd7	0x000a7fb4	?gInfoViewedHero@@3PAVhero@@A
0x0003acdf	0x000184ee	?GetMorale@armyGroup@@QAEFPAVhero@@PAVtown@@@Z
0x0003acec	0x00092d34	?gHeroScreen@@3PAPADA
0x0003acf2	0x000a7168	?gText@@3PADA
0x0003ad02	0x00092d38	?gHeroScreen@@3PAPADA
0x0003ad0d	0x0007823f	_sprintf
0x0003ad1c	0x000a7fb4	?gInfoViewedHero@@3PAVhero@@A
0x0003ad23	0x000a7ba0	?gpGame@@3PAVgame@@A
0x0003ad28	0x00035f6f	?GetLuck@game@@QAEHPAVhero@@PAVarmy@@@Z
0x0003ad32	0x00092d3c	?gHeroScreen@@3PAPADA
0x0003ad3d	0x0007823f	_sprintf
0x0003ad4a	0x000a7fb4	?gInfoViewedHero@@3PAVhero@@A
0x0003ad51	0x000a7ba0	?gpGame@@3PAVgame@@A
0x0003ad56	0x00035f6f	?GetLuck@game@@QAEHPAVhero@@PAVarmy@@@Z
0x0003ad5f	0x00092d40	?gHeroScreen@@3PAPADA
0x0003ad75	0x00092d44	?gHeroScreen@@3PAPADA
0x0003ad8e	0x00092d48	?gHeroScreen@@3PAPADA
0x0003adb2	0x000a747c	?giHeroScreenSrcIndex@@3HA
0x0003adbf	0x000a7fb4	?gInfoViewedHero@@3PAVhero@@A
0x0003ade6	0x00092d4c	?gHeroScreen@@3PAPADA
0x0003ae35	0x00092d4c	?gHeroScreen@@3PAPADA
0x0003ae8a	0x00092d4c	?gHeroScreen@@3PAPADA
0x0003aeab	0x00077c60	_strcpy
0x0003aebd	0x000a7fb4	?gInfoViewedHero@@3PAVhero@@A
0x0003aecc	0x000a7fb4	?gInfoViewedHero@@3PAVhero@@A
0x0003aee3	0x00092d54	?gHeroScreen@@3PAPADA
0x0003af28	0x00092d58	?gHeroScreen@@3PAPADA
0x0003af33	0x0007823f	_sprintf
0x0003af45	0x000a7fb4	?gInfoViewedHero@@3PAVhero@@A
0x0003af57	0x00092d50	?gHeroScreen@@3PAPADA
0x0003af62	0x0007823f	_sprintf
0x0003af71	0x000a7fb4	?gInfoViewedHero@@3PAVhero@@A
0x0003af84	0x00092d5c	?gHeroScreen@@3PAPADA
0x0003af8f	0x00077c60	_strcpy
0x0003af9d	0x000a7fb4	?gInfoViewedHero@@3PAVhero@@A
0x0003afac	0x0009238c	?gArtifactNames@@3PAPADA
0x0003afb2	0x00092d60	?gHeroScreen@@3PAPADA
0x0003afb8	0x000a7168	?gText@@3PADA
0x0003afbd	0x0007823f	_sprintf
0x0003afc8	0x000a7fb4	?gInfoViewedHero@@3PAVhero@@A
0x0003afd3	0x0009257c	?gClassNames@@3PAPADA
0x0003afda	0x000a7fb4	?gInfoViewedHero@@3PAVhero@@A
0x0003afe4	0x00092d64	?gHeroScreen@@3PAPADA
0x0003aff9	0x00092d68	?gHeroScreen@@3PAPADA
0x0003b00f	0x00092d6c	?gHeroScreen@@3PAPADA
0x0003b17a	0x000a7fb4	?gInfoViewedHero@@3PAVhero@@A
0x0003b17f	0x0003a152	?Dismiss@hero@@QAECXZ
0x0003b1d5	0x000a7ba0	?gpGame@@3PAVgame@@A
0x0003b1da	0x00032089	?Overview@game@@QAEXXZ
0x0003b1e0	0x000a7fb4	?gInfoViewedHero@@3PAVhero@@A
0x0003b1e5	0x00039646	?RedrawHeroScreen@hero@@QAEXXZ
0x0003b210	0x000a7fb4	?gInfoViewedHero@@3PAVhero@@A
0x0003b215	0x00039f93	?ViewStat@hero@@QAEXCC@Z
0x0003b22f	0x000a7fb4	?gInfoViewedHero@@3PAVhero@@A
0x0003b236	0x000a7ba0	?gpGame@@3PAVgame@@A
0x0003b23b	0x000406b3	?ShowMoraleInfo@game@@QAEXPAVhero@@H@Z
0x0003b255	0x000a7fb4	?gInfoViewedHero@@3PAVhero@@A
0x0003b25c	0x000a7ba0	?gpGame@@3PAVgame@@A
0x0003b261	0x00040aa5	?ShowLuckInfo@game@@QAEXPAVhero@@H@Z
0x0003b26c	0x000a7fb4	?gInfoViewedHero@@3PAVhero@@A
0x0003b276	0x000a7fb4	?gInfoViewedHero@@3PAVhero@@A
0x0003b27b	0x0003a64e	?GetLevel@hero@@QAEHH@Z
0x0003b28b	0x000a7fb4	?gInfoViewedHero@@3PAVhero@@A
0x0003b290	0x0003a599	?GetExperience@hero@@QAEHH@Z
0x0003b29c	0x000a7fb4	?gInfoViewedHero@@3PAVhero@@A
0x0003b301	0x000a747c	?giHeroScreenSrcIndex@@3HA
0x0003b30e	0x000a7fb4	?gInfoViewedHero@@3PAVhero@@A
0x0003b322	0x000a747c	?giHeroScreenSrcIndex@@3HA
0x0003b328	0x000a7fb4	?gInfoViewedHero@@3PAVhero@@A
0x0003b32d	0x00039d44	?HeroScreenUpdate@hero@@QAEXXZ
0x0003b344	0x000a7fb4	?gInfoViewedHero@@3PAVhero@@A
0x0003b37e	0x000a940c	?gpTownManager@@3PAVtownManager@@A
0x0003b390	0x000a7fb4	?gInfoViewedHero@@3PAVhero@@A
0x0003b398	0x000187ef	?GetNumArmies@armyGroup@@QAEFXZ
0x0003b3b6	0x000a7fb4	?gInfoViewedHero@@3PAVhero@@A
0x0003b3c2	0x000a7fb4	?gInfoViewedHero@@3PAVhero@@A
0x0003b409	0x000a747c	?giHeroScreenSrcIndex@@3HA
0x0003b413	0x000a7fb4	?gInfoViewedHero@@3PAVhero@@A
0x0003b418	0x00039d44	?HeroScreenUpdate@hero@@QAEXXZ
0x0003b42b	0x000a940c	?gpTownManager@@3PAVtownManager@@A
0x0003b440	0x000a7fb4	?gInfoViewedHero@@3PAVhero@@A
0x0003b453	0x000a747c	?giHeroScreenSrcIndex@@3HA
0x0003b459	0x000a7fb4	?gInfoViewedHero@@3PAVhero@@A
0x0003b45e	0x00039d44	?HeroScreenUpdate@hero@@QAEXXZ
0x0003b478	0x000a7fb4	?gInfoViewedHero@@3PAVhero@@A
0x0003b48b	0x000a7fb4	?gInfoViewedHero@@3PAVhero@@A
0x0003b491	0x000a747c	?giHeroScreenSrcIndex@@3HA
0x0003b497	0x000a7fb4	?gInfoViewedHero@@3PAVhero@@A
0x0003b4a4	0x000a7fb4	?gInfoViewedHero@@3PAVhero@@A
0x0003b4aa	0x000a747c	?giHeroScreenSrcIndex@@3HA
0x0003b4ba	0x000a7fb4	?gInfoViewedHero@@3PAVhero@@A
0x0003b4cd	0x000a7fb4	?gInfoViewedHero@@3PAVhero@@A
0x0003b4d3	0x000a747c	?giHeroScreenSrcIndex@@3HA
0x0003b4d9	0x000a7fb4	?gInfoViewedHero@@3PAVhero@@A
0x0003b4e8	0x000a747c	?giHeroScreenSrcIndex@@3HA
0x0003b4ee	0x000a7fb4	?gInfoViewedHero@@3PAVhero@@A
0x0003b4fd	0x000a747c	?giHeroScreenSrcIndex@@3HA
0x0003b507	0x000a7fb4	?gInfoViewedHero@@3PAVhero@@A
0x0003b50c	0x00039d44	?HeroScreenUpdate@hero@@QAEXXZ
0x0003b52b	0x0003abb3	?UpdateHeroScreenStatusBar@@YAXF@Z
0x0003b53c	0x000a7fb4	?gInfoViewedHero@@3PAVhero@@A
0x0003b55e	0x000a7fb4	?gInfoViewedHero@@3PAVhero@@A
0x0003b572	0x00031532	?ViewSpecialHandler@@YAFAAUtag_message@@@Z
0x0003b57a	0x000a7fb4	?gInfoViewedHero@@3PAVhero@@A
0x0003b581	0x000a7ba0	?gpGame@@3PAVgame@@A
0x0003b586	0x00030bef	?ViewSpells@game@@QAECPAVhero@@CP6AFAAUtag_message@@@ZC@Z
0x0003b5a7	0x000a7fb4	?gInfoViewedHero@@3PAVhero@@A
0x0003b5ac	0x0003a114	?ViewArtifact@hero@@QAEXCC@Z
0x0003bd76	0x0008a4a0	??_7highScoreManager@@6B@
0x0003bda0	0x0006fd8a	?Random@@YAHHH@Z
0x0003bdbe	0x000a9949	?gShowHighScore@@3CA
0x0003bdc9	0x000a7624	?giHighScoreType@@3CA
0x0003bdeb	0x0008a4a0	??_7highScoreManager@@6B@
0x0003bdf9	0x00088cdb	__ehreg$?Open@highScoreManager@@UAEFF@Z
0x0003bdff	-0x400000	__except_list
0x0003be07	-0x400000	__except_list
0x0003be19	0x000a74a8	?gpWindowManager@@3PAVheroWindowManager@@A
0x0003be1e	0x0006aaa3	?FadeScreen@heroWindowManager@@QAEXFFPAVpalette@@@Z
0x0003be23	0x00090270	$SG19542
0x0003be28	0x000a7168	?gText@@3PADA
0x0003be2d	0x0007823f	_sprintf
0x0003be35	0x000a74a8	?gpWindowManager@@3PAVheroWindowManager@@A
0x0003be3e	0x000a7168	?gText@@3PADA
0x0003be44	0x000a74d8	?gpResourceManager@@3PAVresourceManager@@A
0x0003be49	0x0006c15a	?GetBackdrop@resourceManager@@QAEXPADPAVbitmap@@@Z
0x0003be50	0x00077d50	??2@YAPAXI@Z
0x0003be68	0x0009027c	$SG19547
0x0003be74	0x0006d150	??0heroWindow@@QAE@FFPAD@Z
0x0003bea4	0x00042146	?MemError@@YAXXZ
0x0003beac	0x0003c17f	?Update@highScoreManager@@QAEXXZ
0x0003bebd	0x000a74a8	?gpWindowManager@@3PAVheroWindowManager@@A
0x0003bec2	0x0006a4f1	?AddWindow@heroWindowManager@@QAEXPAVheroWindow@@FC@Z
0x0003bee4	0x00090288	$SG19549
0x0003bef0	0x00077c60	_strcpy
0x0003bef9	0x000a98dc	?gDefaultMenu@@3PAUHMENU__@@A
0x0003beff	0x00043b24	?KBChangeMenu@@YAXPAUHMENU__@@@Z
0x0003bf0e	0x000a74a8	?gpWindowManager@@3PAVheroWindowManager@@A
0x0003bf13	0x0006aaa3	?FadeScreen@heroWindowManager@@QAEXFFPAVpalette@@@Z
0x0003bf18	0x00044b4e	?KBTickCount@@YAHXZ
0x0003bf20	0x000a98a0	?glTimers@@3PAHA
0x0003bf2d	-0x400000	__except_list
0x0003bf48	0x000a74a8	?gpWindowManager@@3PAVheroWindowManager@@A
0x0003bf4d	0x0006aaa3	?FadeScreen@heroWindowManager@@QAEXFFPAVpalette@@@Z
0x0003bf5a	0x000a74a8	?gpWindowManager@@3PAVheroWindowManager@@A
0x0003bf5f	0x0006a657	?RemoveWindow@heroWindowManager@@QAEXPAVheroWindow@@@Z
0x0003bf71	0x00077c4d	??3@YAXPAX@Z
0x0003bf99	0x000a9949	?gShowHighScore@@3CA
0x0003bfa3	0x000a9949	?gShowHighScore@@3CA
0x0003bfa9	0x00044b4e	?KBTickCount@@YAHXZ
0x0003bfaf	0x000a98a0	?glTimers@@3PAHA
0x0003bfba	0x00044b4e	?KBTickCount@@YAHXZ
0x0003c1a2	0x00090e30	?gDataPath@@3PADA
0x0003c1a7	0x0009029c	$SG590492
0x0003c1bd	0x00090e30	?gDataPath@@3PADA
0x0003c1c2	0x000902ac	$SG590508
0x0003c1f7	0x000902bc	$SG590524
0x0003c389	0x000a6c40	$SG683072
0x0003c541	0x000902c8	$SG590536
0x0003c599	0x000902cc	$SG590540
0x0003c7c5	0x000a9951	?gInPollSound@@3CA
0x0003c7d1	0x000a9951	?gInPollSound@@3CA
0x0003c7d7	0x00044b4e	?KBTickCount@@YAHXZ
0x0003c7df	0x000a98b4	?glTimers@@3PAHA
0x0003c7e4	0x000535af	?PollRemote@@YAXXZ
0x0003c7ea	0x000a9951	?gInPollSound@@3CA
0x0003c7f5	0x00044b4e	?KBTickCount@@YAHXZ
0x0003c7fd	0x000a98b4	?glTimers@@3PAHA
0x0003c802	0x0003c7b0	_PollSound
0x0003c80e	0x00088d8a	__ehreg$?InitMainClasses@@YAXXZ
0x0003c814	-0x400000	__except_list
0x0003c81c	-0x400000	__except_list
0x0003c829	0x00077d50	??2@YAPAXI@Z
0x0003c844	0x000729f0	??0executive@@QAE@XZ
0x0003c86f	0x000a95c8	?gpExec@@3PAVexecutive@@A
0x0003c879	0x00077d50	??2@YAPAXI@Z
0x0003c894	0x0006ecfe	??0inputManager@@QAE@XZ
0x0003c8be	0x000a7b90	?gInputManager@@3PAVinputManager@@A
0x0003c8c5	0x00077d50	??2@YAPAXI@Z
0x0003c8e0	0x0006b510	??0mouseManager@@QAE@XZ
0x0003c90b	0x000a7164	?gpMouseManager@@3PAVmouseManager@@A
0x0003c912	0x00077d50	??2@YAPAXI@Z
0x0003c92d	0x0006a14c	??0heroWindowManager@@QAE@XZ
0x0003c958	0x000a74a8	?gpWindowManager@@3PAVheroWindowManager@@A
0x0003c962	0x00077d50	??2@YAPAXI@Z
0x0003c97d	0x0006c0e0	??0resourceManager@@QAE@XZ
0x0003c9a7	0x000a74d8	?gpResourceManager@@3PAVresourceManager@@A
0x0003c9ae	0x00077d50	??2@YAPAXI@Z
0x0003c9c9	0x0003bd60	??0highScoreManager@@QAE@XZ
0x0003c9f4	0x000a7634	?gpHighScoreManager@@3PAVhighScoreManager@@A
0x0003c9fe	0x00077d50	??2@YAPAXI@Z
0x0003ca54	0x0005e9c0	??0town@@QAE@XZ
0x0003caa7	0x00038f20	??0hero@@QAE@XZ
0x0003cae9	0x000a7ba0	?gpGame@@3PAVgame@@A
0x0003caf3	0x00077d50	??2@YAPAXI@Z
0x0003cb0e	0x00001000	??0advManager@@QAE@XZ
0x0003cb39	0x000a7480	?gpAdvManager@@3PAVadvManager@@A
0x0003cb43	0x00077d50	??2@YAPAXI@Z
0x0003cb5e	0x00018b30	??0combatManager@@QAE@XZ
0x0003cb88	0x000a7828	?gpCombatManager@@3PAVcombatManager@@A
0x0003cb92	0x00077d50	??2@YAPAXI@Z
0x0003cbad	0x0005f1ac	??0townManager@@QAE@XZ
0x0003cbd8	0x000a940c	?gpTownManager@@3PAVtownManager@@A
0x0003cbe2	0x00077d50	??2@YAPAXI@Z
0x0003cbfd	0x00029c60	??0searchArray@@QAE@XZ
0x0003cc28	0x000a74ac	?gpSearchArray@@3PAVsearchArray@@A
0x0003cc2f	0x00077d50	??2@YAPAXI@Z
0x0003cc4a	0x00047cee	??0philAI@@QAE@XZ
0x0003cc74	0x000a74e4	?gpPhilAI@@3PAVphilAI@@A
0x0003cc7b	0x00077d50	??2@YAPAXI@Z
0x0003cc96	0x000184b0	??0armyGroup@@QAE@XZ
0x0003ccc1	0x000a9404	?gpMonGroup@@3PAVarmyGroup@@A
0x0003ccc8	0x00077d50	??2@YAPAXI@Z
0x0003cce3	0x000747d0	??0palette@@QAE@XZ
0x0003cd0e	0x000a7830	?gpBufferPalette@@3PAVpalette@@A
0x0003cd18	-0x400000	__except_list
0x0003cd28	0x000a7830	?gpBufferPalette@@3PAVpalette@@A
0x0003cd30	0x000a7830	?gpBufferPalette@@3PAVpalette@@A
0x0003cd5d	0x000a7830	?gpBufferPalette@@3PAVpalette@@A
0x0003cd67	0x000a9404	?gpMonGroup@@3PAVarmyGroup@@A
0x0003cd70	0x000a9404	?gpMonGroup@@3PAVarmyGroup@@A
0x0003cd7c	0x00077c4d	??3@YAXPAX@Z
0x0003cd85	0x000a9404	?gpMonGroup@@3PAVarmyGroup@@A
0x0003cd8f	0x000a74e4	?gpPhilAI@@3PAVphilAI@@A
0x0003cd97	0x000a74e4	?gpPhilAI@@3PAVphilAI@@A
0x0003cda3	0x00077c4d	??3@YAXPAX@Z
0x0003cdac	0x000a74e4	?gpPhilAI@@3PAVphilAI@@A
0x0003cdb6	0x000a74ac	?gpSearchArray@@3PAVsearchArray@@A
0x0003cdbf	0x000a74ac	?gpSearchArray@@3PAVsearchArray@@A
0x0003cdcb	0x00077c4d	??3@YAXPAX@Z
0x0003cdd4	0x000a74ac	?gpSearchArray@@3PAVsearchArray@@A
0x0003cdde	0x000a940c	?gpTownManager@@3PAVtownManager@@A
0x0003cde7	0x000a940c	?gpTownManager@@3PAVtownManager@@A
0x0003cdf3	0x00077c4d	??3@YAXPAX@Z
0x0003cdfc	0x000a940c	?gpTownManager@@3PAVtownManager@@A
0x0003ce06	0x000a7828	?gpCombatManager@@3PAVcombatManager@@A
0x0003ce0e	0x000a7828	?gpCombatManager@@3PAVcombatManager@@A
0x0003ce1a	0x00077c4d	??3@YAXPAX@Z
0x0003ce23	0x000a7828	?gpCombatManager@@3PAVcombatManager@@A
0x0003ce2d	0x000a7480	?gpAdvManager@@3PAVadvManager@@A
0x0003ce36	0x000a7480	?gpAdvManager@@3PAVadvManager@@A
0x0003ce4d	0x000012af	??1advManager@@QAE@XZ
0x0003ce62	0x00077c4d	??3@YAXPAX@Z
0x0003ce7a	0x000a7480	?gpAdvManager@@3PAVadvManager@@A
0x0003ce84	0x000a7ba0	?gpGame@@3PAVgame@@A
0x0003ce8d	0x000a7ba0	?gpGame@@3PAVgame@@A
0x0003ce99	0x00077c4d	??3@YAXPAX@Z
0x0003cea2	0x000a7ba0	?gpGame@@3PAVgame@@A
0x0003ceac	0x000a7634	?gpHighScoreManager@@3PAVhighScoreManager@@A
0x0003ceb4	0x000a7634	?gpHighScoreManager@@3PAVhighScoreManager@@A
0x0003cecb	0x0003bddf	??1highScoreManager@@QAE@XZ
0x0003cee0	0x00077c4d	??3@YAXPAX@Z
0x0003cef8	0x000a7634	?gpHighScoreManager@@3PAVhighScoreManager@@A
0x0003cf02	0x000a74d8	?gpResourceManager@@3PAVresourceManager@@A
0x0003cf0b	0x000a74d8	?gpResourceManager@@3PAVresourceManager@@A
0x0003cf17	0x00077c4d	??3@YAXPAX@Z
0x0003cf20	0x000a74d8	?gpResourceManager@@3PAVresourceManager@@A
0x0003cf2a	0x000a74a8	?gpWindowManager@@3PAVheroWindowManager@@A
0x0003cf33	0x000a74a8	?gpWindowManager@@3PAVheroWindowManager@@A
0x0003cf3f	0x00077c4d	??3@YAXPAX@Z
0x0003cf48	0x000a74a8	?gpWindowManager@@3PAVheroWindowManager@@A
0x0003cf52	0x000a7164	?gpMouseManager@@3PAVmouseManager@@A
0x0003cf5a	0x000a7164	?gpMouseManager@@3PAVmouseManager@@A
0x0003cf66	0x00077c4d	??3@YAXPAX@Z
0x0003cf6f	0x000a7164	?gpMouseManager@@3PAVmouseManager@@A
0x0003cf79	0x000a7b90	?gInputManager@@3PAVinputManager@@A
0x0003cf82	0x000a7b90	?gInputManager@@3PAVinputManager@@A
0x0003cf8e	0x00077c4d	??3@YAXPAX@Z
0x0003cf97	0x000a7b90	?gInputManager@@3PAVinputManager@@A
0x0003cfa1	0x000a95c8	?gpExec@@3PAVexecutive@@A
0x0003cfaa	0x000a95c8	?gpExec@@3PAVexecutive@@A
0x0003cfb6	0x00077c4d	??3@YAXPAX@Z
0x0003cfbf	0x000a95c8	?gpExec@@3PAVexecutive@@A
0x0003cfd2	0x000a9952	_?gEarlySetupDone@?1??EarlySetup@@YAHXZ@4CA
0x0003cfe2	0x0003c808	?InitMainClasses@@YAXXZ
0x0003cfe7	0x000681f7	?GetGraphicsInfo@@YAXXZ
0x0003cfec	0x00043f8f	?ReadPrefs@@YAXXZ
0x0003cff1	0x0003de12	?InterpretCommandLine@@YAHXZ
0x0003d02b	0x0009dc6c	$SG646252
0x0003d030	0x0009dc7c	$SG646268
0x0003d04a	0x0009dc98	$SG646296
0x0003d04f	0x0009dca8	$SG646312
0x0003d06a	0x0009dd28	$SG646440
0x0003d06f	0x0009dd38	$SG646456
0x0003d08a	0x0009dd80	$SG646528
0x0003d08f	0x0009dd90	$SG646544
0x0003d0ca	0x00088d9f	__ehreg$?oldmain@@YAHXZ
0x0003d0e2	0x000a9953	?gKBDone@@3CA
0x0003d0f3	0x000a9953	?gKBDone@@3CA
0x0003d100	0x000a95c8	?gpExec@@3PAVexecutive@@A
0x0003d105	0x00072a25	?InitSystem@executive@@QAEFXZ
0x0003d17e	0x000a74d8	?gpResourceManager@@3PAVresourceManager@@A
0x0003d183	0x0006c586	?GetFont@resourceManager@@QAEPAVfont@@PAD@Z
0x0003d189	0x000a74e4	?gpPhilAI@@3PAVphilAI@@A
0x0003d191	0x000a7620	?gShowIntro@@3HA
0x0003d223	0x000a74d8	?gpResourceManager@@3PAVresourceManager@@A
0x0003d228	0x0006c705	?Dispose@resourceManager@@QAEXPAVresource@@@Z
0x0003d22f	0x000a9929	?gSkipIntro@@3CA
0x0003d23a	0x00058cf4	?PlaySmacker@@YAHH@Z
0x0003d6b1	0x000a9414	?gbHumanPlayer@@3PAHA
0x0003d6c0	0x000a7bb4	?gbGamePosToNetPos@@3PACA
0x0003d6d4	0x000a7bb4	?gbGamePosToNetPos@@3PACA
0x0003d6f6	0x000a7bb4	?gbGamePosToNetPos@@3PACA
0x0003d6fb	0x000a7168	?gText@@3PADA
0x0003d700	0x00078550	_memcpy
0x0003d70c	0x000410d6	?NetPosToGamePos@@YACH@Z
0x0003d718	0x000a7474	?giHostGamePos@@3HA
0x0003d71d	0x000a7474	?giHostGamePos@@3HA
0x0003d722	0x000a7b70	?giThisGamePos@@3HA
0x0003d8b5	0x000a7ba0	?gpGame@@3PAVgame@@A
0x0003d8bf	0x000a7ba0	?gpGame@@3PAVgame@@A
0x0003d8c4	0x0002e2ad	?ShowCampaignInfo@game@@QAEXHHH@Z
0x0003d8ca	0x000a9948	?gGameInitialized@@3CA
0x0003da04	0x000a6c20	?gEndSequence@@3HA
0x0003da11	0x000a6c20	?gEndSequence@@3HA
0x0003da1b	0x00058cf4	?PlaySmacker@@YAHH@Z
0x0003da25	0x00058cf4	?PlaySmacker@@YAHH@Z
0x0003da30	0x000a6c20	?gEndSequence@@3HA
0x0003da9c	0x00041977	?ShowCongrats@@YAXXZ
0x0003daa2	0x000a6c24	?gGameOver@@3HA
0x0003daac	0x000a6c20	?gEndSequence@@3HA
0x0003dab6	0x000692fd	?PlayMusic@@YAXH@Z
0x0003dabf	0x000a7ba0	?gpGame@@3PAVgame@@A
0x0003dac9	0x000932bc	?gCampaignSideNames@@3PAPADA
0x0003dad7	0x000c8cc4	?giCurTurn@@3HA
0x0003dadd	0x00040d39	?AddScoreToHighScore@@YAHHHPAD0@Z
0x0003dae7	0x000a9949	?gShowHighScore@@3CA
0x0003daf5	0x000a7164	?gpMouseManager@@3PAVmouseManager@@A
0x0003dafa	0x0006bf6f	?ReallyShowPointer@mouseManager@@QAEXXZ
0x0003db32	0x000a7634	?gpHighScoreManager@@3PAVhighScoreManager@@A
0x0003db39	0x000a95c8	?gpExec@@3PAVexecutive@@A
0x0003db3e	0x00072e6a	?RemoveManager@executive@@QAEXPAVbaseManager@@@Z
0x0003db44	0x0009343c	?gHighScoreRank@@3CA
0x0003db4c	0x000692fd	?PlayMusic@@YAXH@Z
0x0003db54	0x000a74a8	?gpWindowManager@@3PAVheroWindowManager@@A
0x0003dc03	0x000a7ba0	?gpGame@@3PAVgame@@A
0x0003dc08	0x0002e595	?InitCampaignMap@game@@QAEXHH@Z
0x0003dc18	0x000a6c20	?gEndSequence@@3HA
0x0003dc25	0x000c8cc4	?giCurTurn@@3HA
0x0003dc2e	0x000a7ba0	?gpGame@@3PAVgame@@A
0x0003de21	0x000a6c48	?giDebugLevel@@3HA
0x0003de2b	0x000a7620	?gShowIntro@@3HA
0x0003de35	0x000a98ec	?gColorMice@@3HA
0x0003de3f	0x000a98f0	?gSpecialMouseMasks@@3HA
0x0003de49	0x000a782c	?giScreenScroll@@3CA
0x0003de50	0x000a7ba9	?giLimitPlayer@@3CA
0x0003de57	0x000a7b7c	?gbBlackoutPlayer@@3HA
0x0003de60	0x0009e084	$SG647300
0x0003de65	0x000a7b80	?gMapName@@3PADA
0x0003de6a	0x00077c60	_strcpy
0x0003de72	0x0009e094	$SG647316
0x0003de84	0x0009e0a4	$SG647332
0x0003deea	0x000a9df5	?gCommandParams@@3PADA
0x0003df53	0x000a9df6	?gCommandParams@@3PADA
0x0003df5c	0x000a98ec	?gColorMice@@3HA
0x0003df73	0x000a9df6	?gCommandParams@@3PADA
0x0003df9a	0x000a9df6	?gCommandParams@@3PADA
0x0003dfa3	0x000a98f0	?gSpecialMouseMasks@@3HA
0x0003dfb4	0x0009e0ec	$SG647404
0x0003dfb9	0x00090e30	?gDataPath@@3PADA
0x0003dfbe	0x0009e0f8	$SG647416
0x0003dfc3	0x000a78b0	?cAggPathName@@3PADA
0x0003dfc8	0x0007823f	_sprintf
0x0003dfd1	0x000a7498	?DEFAULT_AGGREGATE_NAME@@3PADA
0x0003dfd5	0x000a78b0	?cAggPathName@@3PADA
0x0003dfdb	0x000a65ac	?giFrameStep@@3HA
0x0003e06c	0x0003c7b0	_PollSound
0x0003e0c3	0x0003e19a	$L45201
0x0003e10e	0x00092af4	?gInitMenuHelp@@3PAPADA
0x0003e114	0x0003e693	?NormalDialog@@YAXPADHHHHHHHH@Z
0x0003e163	0x00092198	?gMenuCommand@@3HA
0x0003e173	0x000a74a8	?gpWindowManager@@3PAVheroWindowManager@@A
0x0003e19a	0x0003e0c7	$L42703
0x0003e19e	0x0003e0d0	$L42704
0x0003e1a2	0x0003e0f2	$L42700
0x0003e1a6	0x0003e0eb	$L42707
0x0003e1aa	0x0003e0d9	$L42705
0x0003e1ae	0x0003e0e2	$L42706
0x0003e23c	0x000a940c	?gpTownManager@@3PAVtownManager@@A
0x0003e248	0x0003968e	?HeroView@hero@@QAECC@Z
0x0003e24e	0x000a940c	?gpTownManager@@3PAVtownManager@@A
0x0003e253	0x00061fb6	?RedrawTownScreen@townManager@@QAEXXZ
0x0003e259	0x000a940c	?gpTownManager@@3PAVtownManager@@A
0x0003e264	0x0006da72	?DrawWindow@heroWindow@@QAEXXZ
0x0003e26a	0x000a940c	?gpTownManager@@3PAVtownManager@@A
0x0003e275	0x0006da72	?DrawWindow@heroWindow@@QAEXXZ
0x0003e281	0x000a74a8	?gpWindowManager@@3PAVheroWindowManager@@A
0x0003e286	0x0006aaa3	?FadeScreen@heroWindowManager@@QAEXFFPAVpalette@@@Z
0x0003e2af	0x000a940c	?gpTownManager@@3PAVtownManager@@A
0x0003e2d1	0x000a940c	?gpTownManager@@3PAVtownManager@@A
0x0003e2e5	0x000a74a8	?gpWindowManager@@3PAVheroWindowManager@@A
0x0003e367	0x00090620	?gMageBuildingCosts@@3PAY06HA
0x0003e371	0x00078550	_memcpy
0x0003e385	0x00090690	?gNeutralBuildingCosts@@3PAY06HA
0x0003e38f	0x00078550	_memcpy
0x0003e3ad	0x000907e0	?gDwellingCosts@@3PAY06HA
0x0003e3b7	0x00078550	_memcpy
0x0003e3d8	0x0009266c	?gArmyNamesPlural@@3PAPADA
0x0003e414	0x00091408	?gMonsterDatabase@@3PAUtag_monsterInfo@@A
0x0003e43a	0x0003e48b	$L45208
0x0003e441	0x0003e477	$L45209
0x0003e477	0x0003e45d	$L42789
0x0003e47b	0x0003e451	$L42788
0x0003e47f	0x0003e469	$L42790
0x0003e483	0x0003e445	$L42787
0x0003e487	0x0003e473	$L42784
0x0003e570	0x00090cc0	?gDwellingRequirements@@3PAGA
0x0003e66b	0x00090754	?gMageBaseResourceValues@@3PAHA
0x0003e677	0x00090764	?gNeutralBaseResourceValues@@3PAHA
0x0003e68d	0x00090780	?gDwellingBaseResourceValues@@3PAHA
0x0003e699	0x00088e0b	__ehreg$?NormalDialog@@YAXPADHHHHHHHH@Z
0x0003e885	0x000a7480	?gpAdvManager@@3PAVadvManager@@A
0x0003e895	0x000a9920	?gHeroWindShowing@@3CA
0x0003e8a0	0x000a9921	?gOverviewShowing@@3CA
0x0003f46a	0x000a74ec	?gCommonDialogBox@@3PAVheroWindow@@A
0x0003f46f	0x0006da11	?BroadcastMessage@heroWindow@@QAEFAAUtag_message@@@Z
0x0003f47e	0x000a74ec	?gCommonDialogBox@@3PAVheroWindow@@A
0x0003f483	0x0006daab	?DrawWindow@heroWindow@@QAEXFHH@Z
0x0003f495	0x000a74ec	?gCommonDialogBox@@3PAVheroWindow@@A
0x0003f49a	0x0006daab	?DrawWindow@heroWindow@@QAEXFHH@Z
0x0003f4ae	0x000a70c4	?gbFunctionComplete@@3CA
0x0003f4b4	0x0003c7b0	_PollSound
0x0003f4b9	0x00069a23	?MusicPlaying@@YA_NXZ
0x0003f4c7	0x000a7480	?gpAdvManager@@3PAVadvManager@@A
0x0003f4d4	0x000692fd	?PlayMusic@@YAXH@Z
0x0003f51a	0x000a70c4	?gbFunctionComplete@@3CA
0x0003f52e	0x000a7b8d	?giWaitType@@3CA
0x0003f541	0x0003f5cf	$L45262
0x0003f546	0x000410f1	?WaitForOtherPlayer@@YACXZ
0x0003f550	0x0005247d	?WaitForHost@@YACXZ
0x0003f55a	0x000524f2	?WaitForGuest@@YACXZ
0x0003f564	0x000522a4	?InitNetGuest@@YACXZ
0x0003f56e	0x00052137	?InitNetHost@@YACXZ
0x0003f578	0x00052980	?GUIModemCommandExec@@YACXZ
0x0003f582	0x00052ac9	?GUIModemResponseExec@@YACXZ
0x0003f58c	0x00052e5f	?WaitForDirectConnect@@YAHXZ
0x0003f59c	0x000a74a8	?gpWindowManager@@3PAVheroWindowManager@@A
0x0003f5cf	0x0003f545	$L43039
0x0003f5d3	0x0003f559	$L43041
0x0003f5d7	0x0003f54f	$L43040
0x0003f5db	0x0003f563	$L43042
0x0003f5df	0x0003f56d	$L43043
0x0003f5e3	0x0003f577	$L43044
0x0003f5e7	0x0003f581	$L43045
0x0003f5eb	0x0003f58b	$L43046
0x0003f5f6	0x00069a23	?MusicPlaying@@YA_NXZ
0x0003f604	0x000a7480	?gpAdvManager@@3PAVadvManager@@A
0x0003f611	0x000692fd	?PlayMusic@@YAXH@Z
0x0003f67b	0x000a74a8	?gpWindowManager@@3PAVheroWindowManager@@A
0x0003f6aa	0x0003f5ef	?EventWindowHandler@@YAFAAUtag_message@@@Z
0x0003f6bb	0x000a7823	?gbRetreatWin@@3CA
0x0003f6cb	0x000a7ba0	?gpGame@@3PAVgame@@A
0x0003f6da	0x000a7ba0	?gpGame@@3PAVgame@@A
0x0003f6ea	0x000a7ba0	?gpGame@@3PAVgame@@A
0x0003f6f8	0x000a7ba0	?gpGame@@3PAVgame@@A
0x0003f71c	0x000a7ba0	?gpGame@@3PAVgame@@A
0x0003f737	0x000a7ba0	?gpGame@@3PAVgame@@A
0x0003f73c	0x000309a5	?ClaimMine@game@@QAEXCC@Z
0x0003f772	0x000a7ba0	?gpGame@@3PAVgame@@A
0x0003f77e	0x0003a199	?Deallocate@hero@@QAEXXZ
0x0003f7a8	0x000a7ba0	?gpGame@@3PAVgame@@A
0x0003f7c4	0x000a7ba0	?gpGame@@3PAVgame@@A
0x0003f7d4	0x000a9944	?gRemoteOn@@3HA
0x0003f7e1	0x000a9414	?gbHumanPlayer@@3PAHA
0x0003f7ed	0x0003f7f8	?HandleRemoteDeadPlayerExit@@YAXH@Z
0x0003f84d	0x000a7169	?gText@@3PADA
0x0003f889	0x000a9948	?gGameInitialized@@3CA
0x0003f898	0x000a7b70	?giThisGamePos@@3HA
0x0003f89e	0x000a7168	?gText@@3PADA
0x0003f8a5	0x000b4aa4	?giCurPlayer@@3CA
0x0003f8ac	0x000a7b94	?gbThisNetHumanPlayer@@3PACA
0x0003f8d5	0x000a7169	?gText@@3PADA
0x0003f92a	0x000a716a	?gText@@3PADA
0x0003f932	0x000a7169	?gText@@3PADA
0x0003f967	0x0009e1e0	$SG647648
0x0003f98e	0x0003e693	?NormalDialog@@YAXPADHHHHHHHH@Z
0x0003f996	0x000519f0	?RemoteCleanup@@YAXXZ
0x0003f99c	0x000a6c24	?gGameOver@@3HA
0x0003f9a6	0x000a6c20	?gEndSequence@@3HA
0x0003f9b5	0x000a749c	?gNumHumanPlayers@@3HA
0x0003f9c3	0x0009e1fc	$SG647676
0x0003fa02	0x0009e208	$SG647688
0x0003fae8	0x0009e220	$SG647712
0x0003fb0c	0x0009e2b8	$SG647864
0x0003fb99	0x000a74dc	?gbInNewGameSetup@@3HA
0x0003fba7	0x000a6c24	?gGameOver@@3HA
0x0003fbb6	0x000a9954	?gInCheckEndGame@@3CA
0x0003fbc5	0x000a9954	?gInCheckEndGame@@3CA
0x0003fbde	0x000a7ba0	?gpGame@@3PAVgame@@A
0x0003fc71	0x0009e354	$SG648020
0x0003fda2	0x0009e36c	$SG648044
0x0003fed6	0x0009e3e4	$SG648164
0x0003ff9f	0x0009e42c	$SG648236
0x000401e3	0x0009e470	$SG648304
0x00040340	0x0009e48c	$SG648332
0x00040386	0x0009e4b4	$SG648372
0x000403c2	0x000a6c24	?gGameOver@@3HA
0x000403cc	0x000a6c20	?gEndSequence@@3HA
0x0004041b	0x000a6c24	?gGameOver@@3HA
0x00040425	0x000a6c20	?gEndSequence@@3HA
0x00040431	0x000a6c24	?gGameOver@@3HA
0x0004043b	0x000a6c20	?gEndSequence@@3HA
0x0004044b	0x000a6c24	?gGameOver@@3HA
0x00040455	0x000a6c20	?gEndSequence@@3HA
0x0004045f	0x000a6c24	?gGameOver@@3HA
0x0004056c	0x000a7495	?gbCombatSurrender@@3CA
0x00040573	0x000a7ba0	?gpGame@@3PAVgame@@A
0x00040582	0x000a74dc	?gbInNewGameSetup@@3HA
0x000405da	0x00029cf0	?TerrainStepCost@@YAFCC@Z
0x000405e7	0x000a7484	?gTerrainCost@@3PAY01CA
0x000405f2	0x00029cf0	?TerrainStepCost@@YAFCC@Z
0x000405ff	0x000a7485	?gTerrainCost@@3PAY01CA
0x00040606	0x000a99a8	$SG694696
0x0004060b	0x000a7838	?cNetBoxLine@@3PAY0DM@DA
0x00040610	0x00077c60	_strcpy
0x00040618	0x000a99ac	$SG694700
0x0004061d	0x000a7874	?cNetBoxLine@@3PAY0DM@DA
0x00040655	0x0009e4d4	$SG648404
0x0004066c	0x0009e4dc	$SG648412
0x00040683	0x0009e4e4	$SG648420
0x00040699	0x0009e4ec	$SG648428
0x000406cf	0x000184ee	?GetMorale@armyGroup@@QAEFPAVhero@@PAVtown@@@Z
0x000406dc	0x000931d0	?gMoraleInfoText@@3PAPADA
0x000406e9	0x0007823f	_sprintf
0x000406ff	0x000184ee	?GetMorale@armyGroup@@QAEFPAVhero@@PAVtown@@@Z
0x0004070b	0x000931d4	?gMoraleInfoText@@3PAPADA
0x00040718	0x0007823f	_sprintf
0x00040723	0x000931d8	?gMoraleInfoText@@3PAPADA
0x00040730	0x0007823f	_sprintf
0x00040740	0x000931dc	?gMoraleInfoText@@3PAPADA
0x00040746	0x000a7168	?gText@@3PADA
0x0004074b	0x0007823f	_sprintf
0x00040753	0x000a7168	?gText@@3PADA
0x00040758	0x00078460	_strlen
0x0004076f	0x000931e0	?gMoraleInfoText@@3PAPADA
0x00040775	0x000a7168	?gText@@3PADA
0x0004077a	0x00077c70	_strcat
0x0004078a	0x00018676	?IsHomogeneous@armyGroup@@QAECC@Z
0x000407f2	0x00092ba8	?gAlignmentNames@@3PAPADA
0x000407f9	0x000931e4	?gMoraleInfoText@@3PAPADA
0x00040806	0x0007823f	_sprintf
0x00040815	0x000a7168	?gText@@3PADA
0x0004081a	0x00077c70	_strcat
0x00040829	0x000931e8	?gMoraleInfoText@@3PAPADA
0x00040836	0x0007823f	_sprintf
0x00040845	0x000a7168	?gText@@3PADA
0x0004084a	0x00077c70	_strcat
0x00040859	0x000931ec	?gMoraleInfoText@@3PAPADA
0x00040866	0x0007823f	_sprintf
0x00040875	0x000a7168	?gText@@3PADA
0x0004087a	0x00077c70	_strcat
0x00040889	0x00093220	?gMoraleInfoText@@3PAPADA
0x00040896	0x0007823f	_sprintf
0x000408a5	0x000a7168	?gText@@3PADA
0x000408aa	0x00077c70	_strcat
0x000408b7	0x00038f8a	?HasArtifact@hero@@QAECC@Z
0x000408c4	0x000931f0	?gMoraleInfoText@@3PAPADA
0x000408ca	0x000a7168	?gText@@3PADA
0x000408cf	0x00077c70	_strcat
0x000408dc	0x00038f8a	?HasArtifact@hero@@QAECC@Z
0x000408e9	0x000931f4	?gMoraleInfoText@@3PAPADA
0x000408ef	0x000a7168	?gText@@3PADA
0x000408f4	0x00077c70	_strcat
0x00040901	0x00038f8a	?HasArtifact@hero@@QAECC@Z
0x0004090d	0x000931f8	?gMoraleInfoText@@3PAPADA
0x00040913	0x000a7168	?gText@@3PADA
0x00040918	0x00077c70	_strcat
0x00040925	0x00038f8a	?HasArtifact@hero@@QAECC@Z
0x00040932	0x000931fc	?gMoraleInfoText@@3PAPADA
0x00040938	0x000a7168	?gText@@3PADA
0x0004093d	0x00077c70	_strcat
0x0004094a	0x00038f8a	?HasArtifact@hero@@QAECC@Z
0x00040957	0x00093200	?gMoraleInfoText@@3PAPADA
0x0004095d	0x000a7168	?gText@@3PADA
0x00040962	0x00077c70	_strcat
0x0004097b	0x00093204	?gMoraleInfoText@@3PAPADA
0x00040981	0x000a7168	?gText@@3PADA
0x00040986	0x00077c70	_strcat
0x0004099f	0x00093208	?gMoraleInfoText@@3PAPADA
0x000409a5	0x000a7168	?gText@@3PADA
0x000409aa	0x00077c70	_strcat
0x000409c5	0x0009320c	?gMoraleInfoText@@3PAPADA
0x000409cb	0x000a7168	?gText@@3PADA
0x000409d0	0x00077c70	_strcat
0x000409e9	0x00093210	?gMoraleInfoText@@3PAPADA
0x000409ef	0x000a7168	?gText@@3PADA
0x000409f4	0x00077c70	_strcat
0x00040a0d	0x00093214	?gMoraleInfoText@@3PAPADA
0x00040a13	0x000a7168	?gText@@3PADA
0x00040a18	0x00077c70	_strcat
0x00040a33	0x00093218	?gMoraleInfoText@@3PAPADA
0x00040a40	0x0007823f	_sprintf
0x00040a4f	0x000a7168	?gText@@3PADA
0x00040a54	0x00077c70	_strcat
0x00040a5c	0x000a7168	?gText@@3PADA
0x00040a61	0x00078460	_strlen
0x00040a6e	0x0009321c	?gMoraleInfoText@@3PAPADA
0x00040a74	0x000a7168	?gText@@3PADA
0x00040a79	0x00077c70	_strcat
0x00040a93	0x000a7168	?gText@@3PADA
0x00040a98	0x0003e693	?NormalDialog@@YAXPADHHHHHHHH@Z
0x00040abc	0x000a7ba0	?gpGame@@3PAVgame@@A
0x00040ac1	0x00035f6f	?GetLuck@game@@QAEHPAVhero@@PAVarmy@@@Z
0x00040acb	0x00092da8	?gLuckInfoText@@3PAPADA
0x00040ad8	0x0007823f	_sprintf
0x00040ae9	0x000a7ba0	?gpGame@@3PAVgame@@A
0x00040aee	0x00035f6f	?GetLuck@game@@QAEHPAVhero@@PAVarmy@@@Z
0x00040af8	0x00092dac	?gLuckInfoText@@3PAPADA
0x00040b05	0x0007823f	_sprintf
0x00040b0f	0x00092db0	?gLuckInfoText@@3PAPADA
0x00040b1c	0x0007823f	_sprintf
0x00040b2b	0x00092db4	?gLuckInfoText@@3PAPADA
0x00040b31	0x000a7168	?gText@@3PADA
0x00040b36	0x0007823f	_sprintf
0x00040b3e	0x000a7168	?gText@@3PADA
0x00040b43	0x00078460	_strlen
0x00040b53	0x00038f8a	?HasArtifact@hero@@QAECC@Z
0x00040b60	0x00092db8	?gLuckInfoText@@3PAPADA
0x00040b66	0x000a7168	?gText@@3PADA
0x00040b6b	0x00077c70	_strcat
0x00040b78	0x00038f8a	?HasArtifact@hero@@QAECC@Z
0x00040b85	0x00092dbc	?gLuckInfoText@@3PAPADA
0x00040b8b	0x000a7168	?gText@@3PADA
0x00040b90	0x00077c70	_strcat
0x00040b9d	0x00038f8a	?HasArtifact@hero@@QAECC@Z
0x00040ba9	0x00092dc0	?gLuckInfoText@@3PAPADA
0x00040baf	0x000a7168	?gText@@3PADA
0x00040bb4	0x00077c70	_strcat
0x00040bc1	0x00038f8a	?HasArtifact@hero@@QAECC@Z
0x00040bce	0x00092dc4	?gLuckInfoText@@3PAPADA
0x00040bd4	0x000a7168	?gText@@3PADA
0x00040bd9	0x00077c70	_strcat
0x00040bf2	0x00092dc8	?gLuckInfoText@@3PAPADA
0x00040bf8	0x000a7168	?gText@@3PADA
0x00040bfd	0x00077c70	_strcat
0x00040c16	0x00092dcc	?gLuckInfoText@@3PAPADA
0x00040c1c	0x000a7168	?gText@@3PADA
0x00040c21	0x00077c70	_strcat
0x00040c29	0x000a7168	?gText@@3PADA
0x00040c2e	0x00078460	_strlen
0x00040c3b	0x00092dd0	?gLuckInfoText@@3PAPADA
0x00040c41	0x000a7168	?gText@@3PADA
0x00040c46	0x00077c70	_strcat
0x00040c60	0x000a7168	?gText@@3PADA
0x00040c65	0x0003e693	?NormalDialog@@YAXPADHHHHHHHH@Z
0x00040c97	0x000a7bb8	?gMapExtraBlocks@@3PAPAXA
0x00040ca4	0x000a7bb8	?gMapExtraBlocks@@3PAPAXA
0x00040caa	0x00078156	_free
0x00040cb7	0x000a7bb8	?gMapExtraBlocks@@3PAPAXA
0x00040cc3	0x000a762c	?iMaxMapExtra@@3HA
0x00040cf8	0x00091b58	?gScoreCampaignMon@@3PAY01FA
0x00040d08	0x00091b5a	?gScoreCampaignMon@@3PAY01FA
0x00040d17	0x00091ae8	?gScoreMon@@3PAY01FA
0x00040d27	0x00091aea	?gScoreMon@@3PAY01FA
0x00040d31	0x00091aea	?gScoreMon@@3PAY01FA
0x00040d52	0x00090e30	?gDataPath@@3PADA
0x00040d6d	0x00090e30	?gDataPath@@3PADA
0x00040e6f	0x000a9949	?gShowHighScore@@3CA
0x00040e79	0x000a7624	?giHighScoreType@@3CA
0x00040e7f	0x0009343c	?gHighScoreRank@@3CA
0x00040e89	0x000a7fbc	?giScore@@3HA
0x00040f01	0x0009343c	?gHighScoreRank@@3CA
0x0004106b	0x000a761c	?giBottomViewOverride@@3HA
0x00041074	0x00044b4e	?KBTickCount@@YAHXZ
0x0004107e	0x000a7bb0	?giBottomViewOverrideEndTime@@3HA
0x00041086	0x000a74c4	?giBottomViewResource@@3HA
0x0004108f	0x000a9558	?giBottomViewResourceQty@@3HA
0x00041098	0x000a956c	?gcBottomViewText@@3PADA
0x0004109d	0x00077c60	_strcpy
0x000410ac	0x000a7480	?gpAdvManager@@3PAVadvManager@@A
0x000410b1	0x00007ddd	?UpdBottomView@advManager@@QAEXCCC@Z
0x000410bb	0x000a7480	?gpAdvManager@@3PAVadvManager@@A
0x000410cd	0x00047900	?AiPrint@@YAXPAD@Z
0x000410ff	0x0003c7b0	_PollSound
0x00041106	0x000534cb	?GetRemoteData@@YAPADC@Z
0x00041147	0x000a7bb4	?gbGamePosToNetPos@@3PACA
0x0004114c	0x00078550	_memcpy
0x00041155	0x000a74d4	?giThisNetPos@@3HA
0x0004115b	0x000410d6	?NetPosToGamePos@@YACH@Z
0x00041166	0x000a7b70	?giThisGamePos@@3HA
0x0004116d	0x000410d6	?NetPosToGamePos@@YACH@Z
0x00041179	0x000a7474	?giHostGamePos@@3HA
0x0004118f	0x000a7ba0	?gpGame@@3PAVgame@@A
0x00041194	0x000376cf	?ReceiveSaveGame@game@@QAEHHH@Z
0x000411a8	0x00088e23	__ehreg$?PopNetBox@@YAXPAD@Z
0x00041306	0x000a7874	?cNetBoxLine@@3PAY0DM@DA
0x00041669	0x000a7874	?cNetBoxLine@@3PAY0DM@DA
0x00041800	0x000a7874	?cNetBoxLine@@3PAY0DM@DA
0x00041805	0x000a7838	?cNetBoxLine@@3PAY0DM@DA
0x0004180a	0x00077c60	_strcpy
0x00041816	0x000a7874	?cNetBoxLine@@3PAY0DM@DA
0x0004181b	0x00077c60	_strcpy
0x0004182f	0x000a9958	_?gInShutDown@?1??ShutDown@@YAXPAD@Z@4HA
0x0004183d	0x000a9958	_?gInShutDown@?1??ShutDown@@YAXPAD@Z@4HA
0x00041847	0x000a9e4c	?gClosingApp@@3HA
0x00041868	0x00077c60	_strcpy
0x00041872	0x0006833c	?SetFullScreenStatus@@YAXH@Z
0x0004187c	0x0009e580	$SG648576
0x00041951	0x0009e5a4	$SG648612
0x0004197d	0x00088e43	__ehreg$?ShowCongrats@@YAXXZ
0x000419d3	0x0009e5c0	$SG648640
0x00041a3c	0x0009e5d0	$SG648656
0x00041a82	0x00093268	?gCampaignWinTexts@@3PAPADA
0x00041ac6	0x0009e5e0	$SG648672
0x00041ba6	0x0009e5f0	$SG648688
0x00041be7	0x000932d0	?gScoreLabels@@3PAPADA
0x00041c41	0x0009e604	$SG648708
0x00041d7f	0x000a7b90	?gInputManager@@3PAVinputManager@@A
0x00041d84	0x0006eeb6	?Flush@inputManager@@QAEXXZ
0x00041d91	0x0003c7b0	_PollSound
0x00041d96	0x00043775	?Process1WindowsMessage@@YAXXZ
0x00041da0	0x000a7b90	?gInputManager@@3PAVinputManager@@A
0x00041da5	0x0006eed9	?GetEvent@inputManager@@QAE?AUtag_message@@XZ
0x00041dfd	0x00088e5b	__ehreg$?GetDataEntry@@YAXPAD0H0@Z
0x00041e1e	0x0009e618	$SG43698
0x00041e24	0x000a7164	?gpMouseManager@@3PAVmouseManager@@A
0x00041e29	0x0006b84a	?SetPointer@mouseManager@@QAEXPADF@Z
0x00041e31	0x000a7bac	?cDEDest@@3PADA
0x00041e3a	0x000a95cc	?iDEMaxLen@@3HA
0x00041e3f	0x000a99bc	$SG43699
0x00041e45	0x000a7bac	?cDEDest@@3PADA
0x00041e4b	0x00077c60	_strcpy
0x00041e55	0x00077d50	??2@YAPAXI@Z
0x00041e73	0x0009e624	$SG43704
0x00041e85	0x0006d150	??0heroWindow@@QAE@FFPAD@Z
0x00041eb6	0x000a7b98	?DataEntryWin@@3PAVheroWindow@@A
0x00041ebc	0x000a7b98	?DataEntryWin@@3PAVheroWindow@@A
0x00041ec4	0x00042146	?MemError@@YAXXZ
0x00041eef	0x000a7b98	?DataEntryWin@@3PAVheroWindow@@A
0x00041ef4	0x0006da11	?BroadcastMessage@heroWindow@@QAEFAAUtag_message@@@Z
0x00041f07	0x00077c60	_strcpy
0x00041f11	0x000a99c0	$SG43708
0x00041f1a	0x00077c60	_strcpy
0x00041f36	0x000a7b98	?DataEntryWin@@3PAVheroWindow@@A
0x00041f3b	0x0006da11	?BroadcastMessage@heroWindow@@QAEFAAUtag_message@@@Z
0x00041f48	0x00077c60	_strcpy
0x00041f51	0x000a7493	?bDataEntryTime@@3CA
0x00041f59	0x00041f97	?DataEntryWindowHandler@@YAFAAUtag_message@@@Z
0x00041f5f	0x000a7b98	?DataEntryWin@@3PAVheroWindow@@A
0x00041f66	0x000a74a8	?gpWindowManager@@3PAVheroWindowManager@@A
0x00041f6b	0x0006a740	?DoDialog@heroWindowManager@@QAEFPAVheroWindow@@P6AFAAUtag_message@@@ZH@Z
0x00041f70	0x000a7b98	?DataEntryWin@@3PAVheroWindow@@A
0x00041f82	0x00077c4d	??3@YAXPAX@Z
0x00041fa6	0x000a7493	?bDataEntryTime@@3CA
0x00041fb0	0x000a7493	?bDataEntryTime@@3CA
0x00041fb9	0x000a7493	?bDataEntryTime@@3CA
0x00041fdd	0x000a7b98	?DataEntryWin@@3PAVheroWindow@@A
0x00041fe2	0x0006da11	?BroadcastMessage@heroWindow@@QAEFAAUtag_message@@@Z
0x00041ff2	0x000a7493	?bDataEntryTime@@3CA
0x00041ffd	0x000a7493	?bDataEntryTime@@3CA
0x00042006	0x000a7493	?bDataEntryTime@@3CA
0x0004206a	0x000a7b98	?DataEntryWin@@3PAVheroWindow@@A
0x0004206f	0x0006da11	?BroadcastMessage@heroWindow@@QAEFAAUtag_message@@@Z
0x0004207b	0x00078460	_strlen
0x0004208d	0x000a95cc	?iDEMaxLen@@3HA
0x00042095	0x000a7bac	?cDEDest@@3PADA
0x0004209b	0x000784e0	_memset
0x000420a4	0x000a95cc	?iDEMaxLen@@3HA
0x000420b5	0x000a7bac	?cDEDest@@3PADA
0x000420bb	0x00078f60	_strncpy
0x000420e0	0x000a7bac	?cDEDest@@3PADA
0x000420ed	0x000a7b98	?DataEntryWin@@3PAVheroWindow@@A
0x000420f2	0x0006da11	?BroadcastMessage@heroWindow@@QAEFAAUtag_message@@@Z
0x000420fe	0x000a7b98	?DataEntryWin@@3PAVheroWindow@@A
0x00042103	0x0006daab	?DrawWindow@heroWindow@@QAEXFHH@Z
0x00042110	0x000a74a8	?gpWindowManager@@3PAVheroWindowManager@@A
0x00042134	0x0003f5ef	?EventWindowHandler@@YAFAAUtag_message@@@Z
0x0004214c	0x000a995c	_?gInMemError@?1??MemError@@YAXXZ@4CA
0x00042158	0x000a995c	_?gInMemError@?1??MemError@@YAXXZ@4CA
0x0004215f	0x00092de0	?gConventionalMemoryUnits@@3PADA
0x00042166	0x0009342c	?gRequiredConventionalMemory@@3HA
0x0004216c	0x00092ddc	?gExtendedMemoryUnits@@3PADA
0x00042173	0x00093428	?gRequiredExtendedMemory@@3HA
0x0004217a	0x00092dd8	?gMemoryRequirements@@3PADA
0x00042180	0x00092dd4	?gMemoryErrorTitle@@3PADA
0x00042186	0x0009e634	$SG648756
0x000421c4	0x000a7ba0	?gpGame@@3PAVgame@@A
0x000421d3	0x000a7ba0	?gpGame@@3PAVgame@@A
0x000421df	0x000a7ba0	?gpGame@@3PAVgame@@A
0x000421ec	0x00091ce1	?gCampaignScenarios@@3PAUcampaignScenario@@A
0x000421f6	0x000a7ba0	?gpGame@@3PAVgame@@A
0x00042203	0x00091ce1	?gCampaignScenarios@@3PAUcampaignScenario@@A
0x00042213	0x000a7ba0	?gpGame@@3PAVgame@@A
0x00042220	0x00091ce2	?gCampaignScenarios@@3PAUcampaignScenario@@A
0x00042231	0x000a7ba0	?gpGame@@3PAVgame@@A
0x0004223c	0x00091ce3	?gCampaignScenarios@@3PAUcampaignScenario@@A
0x0004224c	0x0009291c	?gTownNames@@3PAPADA
0x00042258	0x0009e648	$SG43753
0x0004225d	0x000a7168	?gText@@3PADA
0x00042262	0x0007823f	_sprintf
0x0004226a	0x000a7168	?gText@@3PADA
0x00042272	0x000a7168	?gText@@3PADA
0x00042277	0x000a7168	?gText@@3PADA
0x0004227d	0x0008a0d4	__imp__GetDriveTypeA@4
0x00042291	0x0009e64c	$SG43721
0x00042291	0x0009e64c	$SG43757
0x00042297	0x000a74d8	?gpResourceManager@@3PAVresourceManager@@A
0x0004229c	0x0006c3db	?GetIcon@resourceManager@@QAEPAVicon@@PAD@Z
0x000422a1	0x000a7470	?gBuyBuildIcons@@3PAVicon@@A
0x000422a6	0x0009e65c	$SG43722
0x000422a6	0x0009e65c	$SG43758
0x000422ac	0x000a74d8	?gpResourceManager@@3PAVresourceManager@@A
0x000422b1	0x0006c3db	?GetIcon@resourceManager@@QAEPAVicon@@PAD@Z
0x000422b6	0x000a7fb8	?gSystemIcons@@3PAVicon@@A
0x000422bb	0x0009e668	$SG43723
0x000422bb	0x0009e668	$SG43759
0x000422c1	0x000a74d8	?gpResourceManager@@3PAVresourceManager@@A
0x000422c6	0x0006c586	?GetFont@resourceManager@@QAEPAVfont@@PAD@Z
0x000422cb	0x000a7468	?gBigFont@@3PAVfont@@A
0x000422d0	0x0009e674	$SG43724
0x000422d0	0x0009e674	$SG43760
0x000422d6	0x000a74d8	?gpResourceManager@@3PAVresourceManager@@A
0x000422db	0x0006c586	?GetFont@resourceManager@@QAEPAVfont@@PAD@Z
0x000422e0	0x000a74e0	?gSmallFont@@3PAVfont@@A
0x000422ea	0x000a7470	?gBuyBuildIcons@@3PAVicon@@A
0x000422f1	0x000a74d8	?gpResourceManager@@3PAVresourceManager@@A
0x000422f6	0x0006c705	?Dispose@resourceManager@@QAEXPAVresource@@@Z
0x000422fc	0x000a7fb8	?gSystemIcons@@3PAVicon@@A
0x00042303	0x000a74d8	?gpResourceManager@@3PAVresourceManager@@A
0x00042308	0x0006c705	?Dispose@resourceManager@@QAEXPAVresource@@@Z
0x0004230e	0x000a7468	?gBigFont@@3PAVfont@@A
0x00042315	0x000a74d8	?gpResourceManager@@3PAVresourceManager@@A
0x0004231a	0x0006c705	?Dispose@resourceManager@@QAEXPAVresource@@@Z
0x0004231f	0x000a74e0	?gSmallFont@@3PAVfont@@A
0x00042326	0x000a74d8	?gpResourceManager@@3PAVresourceManager@@A
0x0004232b	0x0006c705	?Dispose@resourceManager@@QAEXPAVresource@@@Z
0x0004233b	0x000a7480	?gpAdvManager@@3PAVadvManager@@A
0x00042343	0x000a7480	?gpAdvManager@@3PAVadvManager@@A
0x00042352	0x000a7828	?gpCombatManager@@3PAVcombatManager@@A
0x0004235b	0x000a7828	?gpCombatManager@@3PAVcombatManager@@A
0x0004236a	0x000a940c	?gpTownManager@@3PAVtownManager@@A
0x00042373	0x000a940c	?gpTownManager@@3PAVtownManager@@A
0x000423be	0x0004282d	$L45382
0x000423c5	0x00042791	$L45383
0x000423ca	0x0009e684	$SG43784
0x000423cf	0x000a7168	?gText@@3PADA
0x000423d4	0x00077c60	_strcpy
0x000423e1	0x0009e6cc	$SG43788
0x000423e6	0x000a7168	?gText@@3PADA
0x000423eb	0x00077c60	_strcpy
0x000423f4	0x000a7480	?gpAdvManager@@3PAVadvManager@@A
0x00042412	0x000a7168	?gText@@3PADA
0x00042417	0x0003e693	?NormalDialog@@YAXPADHHHHHHHH@Z
0x0004241f	0x000a74a8	?gpWindowManager@@3PAVheroWindowManager@@A
0x00042436	0x00092198	?gMenuCommand@@3HA
0x00042440	0x0000d7cd	?SaveGame@@YACXZ
0x00042451	0x000a9e34	?gAppWindow@@3PAUHWND__@@A
0x00042458	0x0008a2cc	__imp__PostMessageA@16
0x00042463	0x000a942c	?gConfig@@3UconfigStruct@@A
0x00042472	0x000a942c	?gConfig@@3UconfigStruct@@A
0x00042481	0x000a942c	?gConfig@@3UconfigStruct@@A
0x00042490	0x000a942c	?gConfig@@3UconfigStruct@@A
0x0004249f	0x000a942c	?gConfig@@3UconfigStruct@@A
0x000424ae	0x000a942c	?gConfig@@3UconfigStruct@@A
0x000424bd	0x000a942c	?gConfig@@3UconfigStruct@@A
0x000424cc	0x000a942c	?gConfig@@3UconfigStruct@@A
0x000424db	0x000a942c	?gConfig@@3UconfigStruct@@A
0x000424ea	0x000a942c	?gConfig@@3UconfigStruct@@A
0x000424f9	0x000a942c	?gConfig@@3UconfigStruct@@A
0x00042507	0x000a942c	?gConfig@@3UconfigStruct@@A
0x0004250d	0x00069db9	?SetMusicVolume@@YAXH@Z
0x00042522	0x000a9430	?gConfig@@3UconfigStruct@@A
0x00042531	0x000a9430	?gConfig@@3UconfigStruct@@A
0x00042540	0x000a9430	?gConfig@@3UconfigStruct@@A
0x0004254f	0x000a9430	?gConfig@@3UconfigStruct@@A
0x0004255e	0x000a9430	?gConfig@@3UconfigStruct@@A
0x0004256d	0x000a9430	?gConfig@@3UconfigStruct@@A
0x0004257c	0x000a9430	?gConfig@@3UconfigStruct@@A
0x0004258b	0x000a9430	?gConfig@@3UconfigStruct@@A
0x0004259a	0x000a9430	?gConfig@@3UconfigStruct@@A
0x000425a9	0x000a9430	?gConfig@@3UconfigStruct@@A
0x000425b8	0x000a9430	?gConfig@@3UconfigStruct@@A
0x000425c7	0x000a9430	?gConfig@@3UconfigStruct@@A
0x000425cd	0x00069d9d	?SetEffectsVolume@@YAXH@Z
0x000425e2	0x000a9428	?gConfig@@3UconfigStruct@@A
0x000425f1	0x000a9428	?gConfig@@3UconfigStruct@@A
0x00042600	0x000a9428	?gConfig@@3UconfigStruct@@A
0x0004260f	0x000a9428	?gConfig@@3UconfigStruct@@A
0x0004261e	0x000a9428	?gConfig@@3UconfigStruct@@A
0x00042639	0x000a94dc	?gConfig@@3UconfigStruct@@A
0x00042642	0x000a94dc	?gConfig@@3UconfigStruct@@A
0x0004264e	0x000a94dc	?gConfig@@3UconfigStruct@@A
0x0004265a	0x000a94dc	?gConfig@@3UconfigStruct@@A
0x00042664	0x000698fb	?SetMusicSource@@YAXH@Z
0x0004267b	0x000a9438	?gConfig@@3UconfigStruct@@A
0x00042680	0x000a9438	?gConfig@@3UconfigStruct@@A
0x00042694	0x000a943c	?gConfig@@3UconfigStruct@@A
0x0004269a	0x000a943c	?gConfig@@3UconfigStruct@@A
0x000426af	0x000a7480	?gpAdvManager@@3PAVadvManager@@A
0x000426b4	0x0000c243	?ViewWorld@advManager@@QAEXCCC@Z
0x000426bc	0x000a7480	?gpAdvManager@@3PAVadvManager@@A
0x000426c1	0x0000bb18	?ViewPuzzle@advManager@@QAEXXZ
0x000426c9	0x000a7480	?gpAdvManager@@3PAVadvManager@@A
0x000426ce	0x0000de70	?CheckCastSpell@advManager@@QAEXXZ
0x000426da	0x000a7480	?gpAdvManager@@3PAVadvManager@@A
0x000426df	0x00004621	?ProcessSearch@advManager@@QAEHHH@Z
0x000426f6	0x000443f7	?WritePrefs@@YAXXZ
0x00042791	0x000426a7	$L43856
0x00042795	0x000426ba	$L43857
0x00042799	0x000426c7	$L43858
0x0004279d	0x000426d4	$L43859
0x000427a1	0x00042461	$L43794
0x000427a5	0x00042470	$L43797
0x000427a9	0x0004247f	$L43799
0x000427ad	0x0004248e	$L43801
0x000427b1	0x0004249d	$L43803
0x000427b5	0x000424ac	$L43805
0x000427b9	0x000424bb	$L43807
0x000427bd	0x000424ca	$L43809
0x000427c1	0x000424d9	$L43811
0x000427c5	0x000424e8	$L43813
0x000427c9	0x000424f7	$L43815
0x000427cd	0x00042520	$L43817
0x000427d1	0x0004252f	$L43820
0x000427d5	0x0004253e	$L43822
0x000427d9	0x0004254d	$L43824
0x000427dd	0x0004255c	$L43826
0x000427e1	0x0004256b	$L43828
0x000427e5	0x0004257a	$L43830
0x000427e9	0x00042589	$L43832
0x000427ed	0x00042598	$L43834
0x000427f1	0x000425a7	$L43836
0x000427f5	0x000425b6	$L43838
0x000427f9	0x000425e0	$L43840
0x000427fd	0x000425ef	$L43843
0x00042801	0x000425fe	$L43845
0x00042805	0x0004260d	$L43847
0x00042809	0x0004261c	$L43849
0x0004280d	0x00042637	$L43851
0x00042811	0x00042674	$L43854
0x00042815	0x0004268d	$L43855
0x00042819	0x000423c9	$L43783
0x0004281d	0x000423e0	$L43787
0x00042821	0x0004243f	$L43791
0x00042825	0x00042449	$L43792
0x00042829	0x000426e5	$L43860
0x000428b5	0x000a98f4	?gCurExe@@3HA
0x000428be	0x000a9440	?gConfig@@3UconfigStruct@@A
0x000428cc	0x000a9e3c	?gAppMenu@@3PAUHMENU__@@A
0x000428da	0x000a9e3c	?gAppMenu@@3PAUHMENU__@@A
0x000428e0	0x000a98e4	?gAdventureMenu@@3PAUHMENU__@@A
0x0004290e	0x000a9e3c	?gAppMenu@@3PAUHMENU__@@A
0x00042915	0x0008a2c8	__imp__CheckMenuItem@12
0x0004291d	0x000a942c	?gConfig@@3UconfigStruct@@A
0x00042939	0x00042b6c	$L45385
0x000429a5	0x000a9e3c	?gAppMenu@@3PAUHMENU__@@A
0x000429ac	0x0008a2c8	__imp__CheckMenuItem@12
0x000429d2	0x000a9e3c	?gAppMenu@@3PAUHMENU__@@A
0x000429d9	0x0008a2c8	__imp__CheckMenuItem@12
0x000429e1	0x000a9430	?gConfig@@3UconfigStruct@@A
0x000429fd	0x00042b94	$L45386
0x00042a6a	0x000a9e3c	?gAppMenu@@3PAUHMENU__@@A
0x00042a71	0x0008a2c8	__imp__CheckMenuItem@12
0x00042a98	0x000a9e3c	?gAppMenu@@3PAUHMENU__@@A
0x00042a9f	0x0008a2c8	__imp__CheckMenuItem@12
0x00042aa6	0x000a9428	?gConfig@@3UconfigStruct@@A
0x00042ac2	0x00042bbc	$L45387
0x00042af9	0x000a9e3c	?gAppMenu@@3PAUHMENU__@@A
0x00042b00	0x0008a2c8	__imp__CheckMenuItem@12
0x00042b06	0x000a94dc	?gConfig@@3UconfigStruct@@A
0x00042b18	0x000a9e3c	?gAppMenu@@3PAUHMENU__@@A
0x00042b1f	0x0008a2c8	__imp__CheckMenuItem@12
0x00042b25	0x000a9438	?gConfig@@3UconfigStruct@@A
0x00042b38	0x000a9e3c	?gAppMenu@@3PAUHMENU__@@A
0x00042b3f	0x0008a2c8	__imp__CheckMenuItem@12
0x00042b4a	0x000a943c	?gConfig@@3UconfigStruct@@A
0x00042b5d	0x000a9e3c	?gAppMenu@@3PAUHMENU__@@A
0x00042b64	0x0008a2c8	__imp__CheckMenuItem@12
0x00042b6c	0x0004293d	$L43878
0x00042b70	0x00042946	$L43879
0x00042b74	0x0004294f	$L43880
0x00042b78	0x00042958	$L43881
0x00042b7c	0x00042961	$L43882
0x00042b80	0x0004296a	$L43883
0x00042b84	0x00042973	$L43884
0x00042b88	0x0004297c	$L43885
0x00042b8c	0x00042985	$L43886
0x00042b90	0x0004298e	$L43887
0x00042b94	0x00042a01	$L43898
0x00042b98	0x00042a0a	$L43899
0x00042b9c	0x00042a13	$L43900
0x00042ba0	0x00042a1c	$L43901
0x00042ba4	0x00042a25	$L43902
0x00042ba8	0x00042a2e	$L43903
0x00042bac	0x00042a37	$L43904
0x00042bb0	0x00042a40	$L43905
0x00042bb4	0x00042a49	$L43906
0x00042bb8	0x00042a52	$L43907
0x00042bbc	0x00042ae1	$L43921
0x00042bc0	0x00042ad8	$L43920
0x00042bc4	0x00042acf	$L43919
0x00042bc8	0x00042ac6	$L43918
0x00042bd1	0x000a9e3c	?gAppMenu@@3PAUHMENU__@@A
0x00042bdb	0x000a9e34	?gAppWindow@@3PAUHWND__@@A
0x00042be2	0x0008a2c0	__imp__SetMenu@8
0x00042be8	0x000a98e4	?gAdventureMenu@@3PAUHMENU__@@A
0x00042bf1	0x000a98e4	?gAdventureMenu@@3PAUHMENU__@@A
0x00042bf8	0x0008a2c4	__imp__DestroyMenu@4
0x00042bfe	0x000a98dc	?gDefaultMenu@@3PAUHMENU__@@A
0x00042c07	0x000a98dc	?gDefaultMenu@@3PAUHMENU__@@A
0x00042c0e	0x0008a2c4	__imp__DestroyMenu@4
0x00042c14	0x000a98e0	?gCombatMenu@@3PAUHMENU__@@A
0x00042c1c	0x000a98e0	?gCombatMenu@@3PAUHMENU__@@A
0x00042c23	0x0008a2c4	__imp__DestroyMenu@4
0x00042c29	0x000a98e8	?gTownMenu@@3PAUHMENU__@@A
0x00042c32	0x000a98e8	?gTownMenu@@3PAUHMENU__@@A
0x00042c39	0x0008a2c4	__imp__DestroyMenu@4
0x00042c3f	0x000a9e3c	?gAppMenu@@3PAUHMENU__@@A
0x00042caa	0x000a99e8	?hInstApp@@3PAUHINSTANCE__@@A
0x00042caf	0x0009e724	$SG40152
0x00042cbb	0x0008a04c	__imp__CreateEventA@16
0x00042cc0	0x000a9e40	?gEventHandle@@3PAXA
0x00042cc6	0x0008a194	__imp__GetLastError@0
0x00042ccf	0x000a9e40	?gEventHandle@@3PAXA
0x00042ce0	0x0009e72c	$SG40155
0x00042ce5	0x0009e740	$SG40156
0x00042cea	0x000a7168	?gText@@3PADA
0x00042cef	0x0007823f	_sprintf
0x00042cf9	0x0009e778	$SG40157
0x00042cfe	0x000a7168	?gText@@3PADA
0x00042d06	0x0008a224	__imp__MessageBoxA@16
0x00042d16	0x000a9df4	?gCommandParams@@3PADA
0x00042d1b	0x000784e0	_memset
0x00042d29	0x000a9df4	?gCommandParams@@3PADA
0x00042d2e	0x00078f60	_strncpy
0x00042d36	0x0003cfcb	?EarlySetup@@YAHXZ
0x00042d53	0x00042dba	?AppInit@@YAHPAUHINSTANCE__@@0HPAD@Z
0x00042d70	0x0008a2b0	__imp__PeekMessageA@20
0x00042d86	0x0008a2b4	__imp__TranslateMessage@4
0x00042d90	0x0008a2b8	__imp__DispatchMessageA@4
0x00042d97	0x00043048	?AppIdle@@YAHXZ
0x00042da1	0x0008a2bc	__imp__WaitMessage@0
0x00042daa	0x00041824	?ShutDown@@YAXPAD@Z
0x00042dc8	0x000a99ec	?bProcessMessage@@3PAEA
0x00042dcd	0x000784e0	_memset
0x00042dd6	0x000a99ed	?bProcessMessage@@3PAEA
0x00042ddd	0x000a9aec	?bProcessMessage@@3PAEA
0x00042de4	0x000a9aed	?bProcessMessage@@3PAEA
0x00042deb	0x000a9bec	?bProcessMessage@@3PAEA
0x00042df2	0x000a9bed	?bProcessMessage@@3PAEA
0x00042df9	0x000a9bef	?bProcessMessage@@3PAEA
0x00042e00	0x000a9bf0	?bProcessMessage@@3PAEA
0x00042e07	0x000a9bf2	?bProcessMessage@@3PAEA
0x00042e0e	0x000a9bee	?bProcessMessage@@3PAEA
0x00042e15	0x000a9bf1	?bProcessMessage@@3PAEA
0x00042e1c	0x000a9aff	?bProcessMessage@@3PAEA
0x00042e23	0x000a9a08	?bProcessMessage@@3PAEA
0x00042e2a	0x000a9a00	?bProcessMessage@@3PAEA
0x00042e31	0x000a99ef	?bProcessMessage@@3PAEA
0x00042e38	0x000a99f1	?bProcessMessage@@3PAEA
0x00042e3f	0x000a9afd	?bProcessMessage@@3PAEA
0x00042e46	0x000a9cfd	?bProcessMessage@@3PAEA
0x00042e4d	0x000a9cfb	?bProcessMessage@@3PAEA
0x00042e54	0x000a99fb	?bProcessMessage@@3PAEA
0x00042e5b	0x000a99ee	?bProcessMessage@@3PAEA
0x00042e62	0x000a99fe	?bProcessMessage@@3PAEA
0x00042e69	0x000a99fc	?bProcessMessage@@3PAEA
0x00042e70	0x000a9da5	?bProcessMessage@@3PAEA
0x00042fbd	0x0009e708	?gTitle@@3PADA
0x00042fc2	0x0009e700	?gAppName@@3PADA
0x000431d0	0x000a9e44	_?gLastGTimerTickCount@?1??AppWndProc@@YGJPAUHWND__@@IIJ@Z@4HA
0x000431d9	0x000a99d8	?lTemp@@3HA
0x000431e1	0x000a99d8	?lTemp@@3HA
0x000431e7	0x000a9e44	_?gLastGTimerTickCount@?1??AppWndProc@@YGJPAUHWND__@@IIJ@Z@4HA
0x000431ff	0x000a99d8	?lTemp@@3HA
0x00043205	0x000a9e48	_?gLastCycleTickCount@?1??AppWndProc@@YGJPAUHWND__@@IIJ@Z@4HA
0x0004320b	0x000a0194	?gGraphicsType@@3HA
0x00043214	0x000a0198	?gMainVideoModeColorDepth@@3HA
0x0004321d	0x000a9e48	_?gLastCycleTickCount@?1??AppWndProc@@YGJPAUHWND__@@IIJ@Z@4HA
0x00043229	0x000a9e48	_?gLastCycleTickCount@?1??AppWndProc@@YGJPAUHWND__@@IIJ@Z@4HA
0x0004322f	0x000a9904	?gHeroMoving@@3HA
0x00043264	0x000a9e34	?gAppWindow@@3PAUHWND__@@A
0x00043276	0x000a9e34	?gAppWindow@@3PAUHWND__@@A
0x0004327d	0x0008a280	__imp__GetWindowLongA@8
0x00043282	0x000a99d8	?lTemp@@3HA
0x00043288	0x000a99d8	?lTemp@@3HA
0x000432c0	0x000a99c8	?rcTemp@@3UtagRECT@@A
0x000432d8	0x000a99c8	?rcTemp@@3UtagRECT@@A
0x000432ec	0x000a99cc	?rcTemp@@3UtagRECT@@A
0x000433d2	0x000a99e0	?iTempX@@3HA
0x00043411	0x000a99e4	?iTempY@@3HA
0x00043417	0x000a99e4	?iTempY@@3HA
0x0004341d	0x000a99e0	?iTempX@@3HA
0x000434ab	0x000a9e4c	?gClosingApp@@3HA
0x000434b4	0x000a98f4	?gCurExe@@3HA
0x000434bd	0x000a9454	?gConfig@@3UconfigStruct@@A
0x00043566	0x0009e788	$SG649096
0x00043587	0x0008a288	__imp__DestroyWindow@4
0x00043591	0x000a9e4c	?gClosingApp@@3HA
0x0004359d	0x0008a28c	__imp__PostQuitMessage@4
0x000435a4	0x00041824	?ShutDown@@YAXPAD@Z
0x00043755	0x0008a274	__imp__EndDialog@8
0x0004375a	0x0003c7b0	_PollSound
0x0004376a	0x0006831d	?CleanUpWinGraphics@@YAXXZ
0x0004376f	0x00042bcc	?CleanUpMenus@@YAXXZ
0x00043789	0x0008a2b0	__imp__PeekMessageA@20
0x00043797	0x0008a2b4	__imp__TranslateMessage@4
0x000437a1	0x0008a2b8	__imp__DispatchMessageA@4
0x000437a8	0x00044b4e	?KBTickCount@@YAHXZ
0x000437b4	0x000a9e54	_?gLastGetMessage@?1??Process1WindowsMessage@@YAXXZ@4HA
0x000437c4	0x000a9e54	_?gLastGetMessage@?1??Process1WindowsMessage@@YAXXZ@4HA
0x000437d4	0x0008a270	__imp__GetMessageA@16
0x000437e2	0x0008a2b4	__imp__TranslateMessage@4
0x000437ec	0x0008a2b8	__imp__DispatchMessageA@4
0x00043a7d	0x000a98f4	?gCurExe@@3HA
0x00043a86	0x000a9440	?gConfig@@3UconfigStruct@@A
0x00043a94	0x000a019c	?gMainVideoModeWidth@@3HA
0x00043aab	0x0008a260	__imp__EnableMenuItem@12
0x00043ab1	0x000a019c	?gMainVideoModeWidth@@3HA
0x00043ac8	0x0008a260	__imp__EnableMenuItem@12
0x00043ace	0x000a019c	?gMainVideoModeWidth@@3HA
0x00043ae5	0x0008a260	__imp__EnableMenuItem@12
0x00043aeb	0x000a019c	?gMainVideoModeWidth@@3HA
0x00043b02	0x0008a260	__imp__EnableMenuItem@12
0x00043b08	0x000cdda0	?gDDrawAttached@@3HA
0x00043b1c	0x0008a260	__imp__EnableMenuItem@12
0x00043b2e	0x000a9dec	?gCurrentMenu@@3PAUHMENU__@@A
0x00043b3c	0x000a9dec	?gCurrentMenu@@3PAUHMENU__@@A
0x00043b45	0x000a9e3c	?gAppMenu@@3PAUHMENU__@@A
0x00043b4a	0x000a98f4	?gCurExe@@3HA
0x00043b53	0x000a9440	?gConfig@@3UconfigStruct@@A
0x00043b66	0x000a9e34	?gAppWindow@@3PAUHWND__@@A
0x00043b6d	0x0008a2c0	__imp__SetMenu@8
0x00043b76	0x00043a76	?UpdateDfltMenu@@YAXPAUHMENU__@@@Z
0x00043b82	0x00042c49	?UpdateAppSpecificMenus@@YAXPAX@Z
0x00043b8b	0x000a9e34	?gAppWindow@@3PAUHWND__@@A
0x00043b92	0x0008a25c	__imp__DrawMenuBar@4
0x00043b9b	0x000a9e34	?gAppWindow@@3PAUHWND__@@A
0x00043ba2	0x0008a2c0	__imp__SetMenu@8
0x00043ba8	0x000a9e34	?gAppWindow@@3PAUHWND__@@A
0x00043baf	0x0008a25c	__imp__DrawMenuBar@4
0x00043bbc	0x000a98f4	?gCurExe@@3HA
0x00043bc5	0x000a9454	?gConfig@@3UconfigStruct@@A
0x00043bd9	0x000a98f4	?gCurExe@@3HA
0x00043be2	0x000a944c	?gConfig@@3UconfigStruct@@A
0x00043bea	0x000a98f4	?gCurExe@@3HA
0x00043bf3	0x000a9450	?gConfig@@3UconfigStruct@@A
0x00043bfc	0x000a98f4	?gCurExe@@3HA
0x00043c08	0x000a9440	?gConfig@@3UconfigStruct@@A
0x00043c0f	0x00043b24	?KBChangeMenu@@YAXPAUHMENU__@@@Z
0x00043c18	0x000a98f4	?gCurExe@@3HA
0x00043c24	0x000a944c	?gConfig@@3UconfigStruct@@A
0x00043c29	0x000a98f4	?gCurExe@@3HA
0x00043c35	0x000a9450	?gConfig@@3UconfigStruct@@A
0x00043c3a	0x000443f7	?WritePrefs@@YAXXZ
0x00043c42	0x000a9e34	?gAppWindow@@3PAUHWND__@@A
0x00043c49	0x0008a280	__imp__GetWindowLongA@8
0x00043c51	0x000a98f4	?gCurExe@@3HA
0x00043c5a	0x000a9440	?gConfig@@3UconfigStruct@@A
0x00043c63	0x000a9734	?giCurWindowsStyleFlags@@3HA
0x00043c6f	0x000a9734	?giCurWindowsStyleFlags@@3HA
0x00043c79	0x000a9734	?giCurWindowsStyleFlags@@3HA
0x00043c82	0x000a9e34	?gAppWindow@@3PAUHWND__@@A
0x00043c89	0x0008a2a4	__imp__SetWindowLongA@12
0x00043c93	0x000a9e34	?gAppWindow@@3PAUHWND__@@A
0x00043c9a	0x0008a2a0	__imp__ShowWindow@8
0x00043ca0	0x000a98f4	?gCurExe@@3HA
0x00043ca9	0x000a9450	?gConfig@@3UconfigStruct@@A
0x00043caf	0x000a98f4	?gCurExe@@3HA
0x00043cb8	0x000a944c	?gConfig@@3UconfigStruct@@A
0x00043cc2	0x000437f4	?ResizeWindow@@YAXHHHH@Z
0x00043cd2	0x000a9e58	_?gNoDialogMenusOn@?1??SetNoDialogMenus@@YAXH@Z@4HA
0x00043ce3	0x000a9e58	_?gNoDialogMenusOn@?1??SetNoDialogMenus@@YAXH@Z@4HA
0x00043cf4	0x000a9e3c	?gAppMenu@@3PAUHMENU__@@A
0x00043d06	0x000a9e58	_?gNoDialogMenusOn@?1??SetNoDialogMenus@@YAXH@Z@4HA
0x00043d10	0x000a9e3c	?gAppMenu@@3PAUHMENU__@@A
0x00043d16	0x00043d1f	?SetMenus@@YAXPAUHMENU__@@H@Z
0x00043d2b	0x0008a250	__imp__GetMenuItemCount@4
0x00043d5a	0x0008a254	__imp__GetMenuItemID@8
0x00043d75	0x0008a258	__imp__GetSubMenu@8
0x00043d7b	0x00043d1f	?SetMenus@@YAXPAUHMENU__@@H@Z
0x00043dcb	0x000921a0	?gMenuEnableStatus@@3PAUSMenuEnableStatus@@A
0x00043dde	0x000a98fc	?gInSetupDialog@@3HA
0x00043def	0x000921a5	?gMenuEnableStatus@@3PAUSMenuEnableStatus@@A
0x00043e09	0x000921a4	?gMenuEnableStatus@@3PAUSMenuEnableStatus@@A
0x00043e31	0x0008a260	__imp__EnableMenuItem@12
0x00043e3f	0x00043a76	?UpdateDfltMenu@@YAXPAUHMENU__@@@Z
0x00043e50	0x000a942c	?gConfig@@3UconfigStruct@@A
0x00043e5a	0x000a9430	?gConfig@@3UconfigStruct@@A
0x00043e64	0x000a9434	?gConfig@@3UconfigStruct@@A
0x00043e6e	0x000a9438	?gConfig@@3UconfigStruct@@A
0x00043e78	0x000a943c	?gConfig@@3UconfigStruct@@A
0x00043ea4	0x000a9440	?gConfig@@3UconfigStruct@@A
0x00043eb4	0x000a9444	?gConfig@@3UconfigStruct@@A
0x00043ec4	0x000a9448	?gConfig@@3UconfigStruct@@A
0x00043ece	0x000a019c	?gMainVideoModeWidth@@3HA
0x00043eda	0x000cdda0	?gDDrawAttached@@3HA
0x00043ee9	0x000a9454	?gConfig@@3UconfigStruct@@A
0x00043ef9	0x000a944c	?gConfig@@3UconfigStruct@@A
0x00043f09	0x000a9450	?gConfig@@3UconfigStruct@@A
0x00043f1b	0x000a9454	?gConfig@@3UconfigStruct@@A
0x00043f2b	0x000a944c	?gConfig@@3UconfigStruct@@A
0x00043f3b	0x000a9450	?gConfig@@3UconfigStruct@@A
0x00043f4a	0x000a943c	?gConfig@@3UconfigStruct@@A
0x00043f54	0x000a9474	?gConfig@@3UconfigStruct@@A
0x00043f64	0x0006fd8a	?Random@@YAHHH@Z
0x00043f6c	0x000a9470	?gConfig@@3UconfigStruct@@A
0x00043f72	0x000a94dc	?gConfig@@3UconfigStruct@@A
0x00043f7c	0x000a9928	?gFirstTimeThrough@@3CA
0x00043f83	0x000a9428	?gConfig@@3UconfigStruct@@A
0x00043fa2	0x00077c60	_strcpy
0x00043fbf	0x0008a008	__imp__RegCreateKeyA@12
0x00043ff0	0x0008a00c	__imp__RegQueryValueExA@24
0x00044000	0x000a9428	?gConfig@@3UconfigStruct@@A
0x00044005	0x000784e0	_memset
0x0004400d	0x00043e4a	?SetGameDefaults@@YAXXZ
0x00044017	0x0008a010	__imp__RegCloseKey@4
0x0004401c	0x000443f7	?WritePrefs@@YAXXZ
0x0004403e	0x0008a00c	__imp__RegQueryValueExA@24
0x0004405b	0x0008a00c	__imp__RegQueryValueExA@24
0x00044064	0x000a942c	?gConfig@@3UconfigStruct@@A
0x0004406d	0x000a9430	?gConfig@@3UconfigStruct@@A
0x00044076	0x000a9428	?gConfig@@3UconfigStruct@@A
0x0004408b	0x0008a00c	__imp__RegQueryValueExA@24
0x00044094	0x000a9438	?gConfig@@3UconfigStruct@@A
0x000440a9	0x0008a00c	__imp__RegQueryValueExA@24
0x000440b2	0x000a943c	?gConfig@@3UconfigStruct@@A
0x000440c7	0x0008a00c	__imp__RegQueryValueExA@24
0x000440d0	0x000a94dc	?gConfig@@3UconfigStruct@@A
0x000440e5	0x0008a00c	__imp__RegQueryValueExA@24
0x000440ee	0x000a94e4	?gConfig@@3UconfigStruct@@A
0x00044103	0x0008a00c	__imp__RegQueryValueExA@24
0x0004410c	0x000a94ec	?gConfig@@3UconfigStruct@@A
0x00044121	0x0008a00c	__imp__RegQueryValueExA@24
0x0004412a	0x000a94e0	?gConfig@@3UconfigStruct@@A
0x0004413f	0x0008a00c	__imp__RegQueryValueExA@24
0x00044148	0x000a94e8	?gConfig@@3UconfigStruct@@A
0x0004415d	0x0008a00c	__imp__RegQueryValueExA@24
0x0004416d	0x000a94f0	?gConfig@@3UconfigStruct@@A
0x00044182	0x0008a00c	__imp__RegQueryValueExA@24
0x00044192	0x000a9434	?gConfig@@3UconfigStruct@@A
0x000441a7	0x0008a00c	__imp__RegQueryValueExA@24
0x000441b0	0x000a9470	?gConfig@@3UconfigStruct@@A
0x000441c5	0x0008a00c	__imp__RegQueryValueExA@24
0x000441ce	0x000a9474	?gConfig@@3UconfigStruct@@A
0x000441e3	0x0008a00c	__imp__RegQueryValueExA@24
0x000441ec	0x000a9440	?gConfig@@3UconfigStruct@@A
0x00044201	0x0008a00c	__imp__RegQueryValueExA@24
0x0004420a	0x000a9444	?gConfig@@3UconfigStruct@@A
0x0004421f	0x0008a00c	__imp__RegQueryValueExA@24
0x00044228	0x000a9448	?gConfig@@3UconfigStruct@@A
0x0004423d	0x0008a00c	__imp__RegQueryValueExA@24
0x00044246	0x000a944c	?gConfig@@3UconfigStruct@@A
0x0004425b	0x0008a00c	__imp__RegQueryValueExA@24
0x00044264	0x000a9450	?gConfig@@3UconfigStruct@@A
0x00044279	0x0008a00c	__imp__RegQueryValueExA@24
0x00044282	0x000a9454	?gConfig@@3UconfigStruct@@A
0x00044297	0x0008a00c	__imp__RegQueryValueExA@24
0x000442a0	0x000a9458	?gConfig@@3UconfigStruct@@A
0x000442b5	0x0008a00c	__imp__RegQueryValueExA@24
0x000442be	0x000a945c	?gConfig@@3UconfigStruct@@A
0x000442d3	0x0008a00c	__imp__RegQueryValueExA@24
0x000442dc	0x000a9460	?gConfig@@3UconfigStruct@@A
0x000442f1	0x0008a00c	__imp__RegQueryValueExA@24
0x000442fa	0x000a9464	?gConfig@@3UconfigStruct@@A
0x0004430f	0x0008a00c	__imp__RegQueryValueExA@24
0x00044318	0x000a9468	?gConfig@@3UconfigStruct@@A
0x0004432d	0x0008a00c	__imp__RegQueryValueExA@24
0x00044336	0x000a946c	?gConfig@@3UconfigStruct@@A
0x0004434b	0x0008a00c	__imp__RegQueryValueExA@24
0x0004435b	0x000a7a10	?gcRegAppPath@@3PADA
0x00044370	0x0008a00c	__imp__RegQueryValueExA@24
0x0004437e	0x000a7a10	?gcRegAppPath@@3PADA
0x00044383	0x00077c60	_strcpy
0x0004438f	0x000a973c	?gcRegCDRomPath@@3PADA
0x000443a4	0x0008a00c	__imp__RegQueryValueExA@24
0x000443b2	0x000a973c	?gcRegCDRomPath@@3PADA
0x000443b7	0x00077c60	_strcpy
0x000443c4	0x0008a010	__imp__RegCloseKey@4
0x000443ca	0x000a942c	?gConfig@@3UconfigStruct@@A
0x000443d1	0x000a9430	?gConfig@@3UconfigStruct@@A
0x000443d7	0x00069dd5	?SetVolumes@@YAXHH@Z
0x000443e2	0x000a94dc	?gConfig@@3UconfigStruct@@A
0x000443ec	0x000698fb	?SetMusicSource@@YAXH@Z
0x000443fe	0x000428ae	?UpdateSystemOptionsMenu@@YAXXZ
0x0004440c	0x00077c60	_strcpy
0x00044430	0x0008a000	__imp__RegOpenKeyExA@20
0x00044442	0x000a9430	?gConfig@@3UconfigStruct@@A
0x0004444b	0x000a942c	?gConfig@@3UconfigStruct@@A
0x00044467	0x0008a004	__imp__RegSetValueExA@24
0x00044480	0x0008a004	__imp__RegSetValueExA@24
0x00044487	0x000a9428	?gConfig@@3UconfigStruct@@A
0x0004449a	0x0008a004	__imp__RegSetValueExA@24
0x000444a1	0x000a9438	?gConfig@@3UconfigStruct@@A
0x000444b4	0x0008a004	__imp__RegSetValueExA@24
0x000444bb	0x000a943c	?gConfig@@3UconfigStruct@@A
0x000444ce	0x0008a004	__imp__RegSetValueExA@24
0x000444d5	0x000a94dc	?gConfig@@3UconfigStruct@@A
0x000444e8	0x0008a004	__imp__RegSetValueExA@24
0x000444ef	0x000a94e4	?gConfig@@3UconfigStruct@@A
0x00044502	0x0008a004	__imp__RegSetValueExA@24
0x00044509	0x000a94ec	?gConfig@@3UconfigStruct@@A
0x0004451c	0x0008a004	__imp__RegSetValueExA@24
0x00044523	0x000a94e0	?gConfig@@3UconfigStruct@@A
0x00044536	0x0008a004	__imp__RegSetValueExA@24
0x0004453d	0x000a94e8	?gConfig@@3UconfigStruct@@A
0x00044550	0x0008a004	__imp__RegSetValueExA@24
0x00044557	0x000a94f0	?gConfig@@3UconfigStruct@@A
0x0004456a	0x0008a004	__imp__RegSetValueExA@24
0x00044571	0x000a9434	?gConfig@@3UconfigStruct@@A
0x00044584	0x0008a004	__imp__RegSetValueExA@24
0x0004458b	0x000a9470	?gConfig@@3UconfigStruct@@A
0x0004459e	0x0008a004	__imp__RegSetValueExA@24
0x000445a5	0x000a9474	?gConfig@@3UconfigStruct@@A
0x000445b8	0x0008a004	__imp__RegSetValueExA@24
0x000445bf	0x000a9440	?gConfig@@3UconfigStruct@@A
0x000445d2	0x0008a004	__imp__RegSetValueExA@24
0x000445d9	0x000a9444	?gConfig@@3UconfigStruct@@A
0x000445ec	0x0008a004	__imp__RegSetValueExA@24
0x000445f3	0x000a9448	?gConfig@@3UconfigStruct@@A
0x00044606	0x0008a004	__imp__RegSetValueExA@24
0x0004460d	0x000a944c	?gConfig@@3UconfigStruct@@A
0x00044620	0x0008a004	__imp__RegSetValueExA@24
0x00044627	0x000a9450	?gConfig@@3UconfigStruct@@A
0x0004463a	0x0008a004	__imp__RegSetValueExA@24
0x00044641	0x000a9454	?gConfig@@3UconfigStruct@@A
0x00044654	0x0008a004	__imp__RegSetValueExA@24
0x0004465b	0x000a9458	?gConfig@@3UconfigStruct@@A
0x0004466e	0x0008a004	__imp__RegSetValueExA@24
0x00044675	0x000a945c	?gConfig@@3UconfigStruct@@A
0x00044688	0x0008a004	__imp__RegSetValueExA@24
0x0004468f	0x000a9460	?gConfig@@3UconfigStruct@@A
0x000446a2	0x0008a004	__imp__RegSetValueExA@24
0x000446a9	0x000a9464	?gConfig@@3UconfigStruct@@A
0x000446bc	0x0008a004	__imp__RegSetValueExA@24
0x000446c3	0x000a9468	?gConfig@@3UconfigStruct@@A
0x000446d6	0x0008a004	__imp__RegSetValueExA@24
0x000446dd	0x000a946c	?gConfig@@3UconfigStruct@@A
0x000446f0	0x0008a004	__imp__RegSetValueExA@24
0x000446fa	0x0008a010	__imp__RegCloseKey@4
0x00044711	0x0009ecf0	$SG650480
0x000448bc	0x0009e720	_gCDTrackName
0x00044978	0x0009e720	_gCDTrackName
0x00044b08	0x00091bca	?gWinSetup@@3PAUWindowTextEntry@@A
0x00044b27	0x00091bc8	?gWinSetup@@3PAUWindowTextEntry@@A
0x00044b35	0x00093318	?gWinSetupText@@3PAPADA
0x00044b44	0x0006da11	?BroadcastMessage@heroWindow@@QAEFAAUtag_message@@@Z
0x00044b53	0x0008a05c	__imp__GetTickCount@0
0x00044b6c	0x0009ed64	$SG40684
0x00044b71	0x000a7168	?gText@@3PADA
0x00044b76	0x0007823f	_sprintf
0x00044b80	0x0009ed94	$SG40685
0x00044b85	0x000a7168	?gText@@3PADA
0x00044b8b	0x000a9e34	?gAppWindow@@3PAUHWND__@@A
0x00044b92	0x0008a224	__imp__MessageBoxA@16
0x00044b9e	0x000a7168	?gText@@3PADA
0x00044ba3	0x00041824	?ShutDown@@YAXPAD@Z
0x00044c09	0x00078460	_strlen
0x00044c9f	0x000784e0	_memset
0x00044ca8	0x000a9ea0	?gNetAdapterNum@@3EA
0x00044cb1	0x000a9ea0	?gNetAdapterNum@@3EA
0x00044cba	0x000a9ea0	?gNetAdapterNum@@3EA
0x00044cc2	0x000a9ea0	?gNetAdapterNum@@3EA
0x00044cd7	0x000784e0	_memset
0x00044ce4	0x000a9ea0	?gNetAdapterNum@@3EA
0x00044cf0	0x000688b0	_Netbios@4
0x00044d05	0x000a9ea0	?gNetAdapterNum@@3EA
0x00044d12	0x000b2161	?gNetbiosAvail@@3EA
0x00044d2b	0x00044c90	?is_netbios_avail@@YAHXZ
0x00044d3f	0x000b2161	?gNetbiosAvail@@3EA
0x00044d50	0x0009eda4	?gNbMaxSess@@3EA
0x00044d71	0x000b2164	?gNetStatus@@3PAEA
0x00044d7b	0x000a9eb0	?gSessNums@@3PAEA
0x00044d8c	0x000b1ed8	?gNetPeerNcb@@3PAU_NCB@@A
0x00044d92	0x000784e0	_memset
0x00044da0	0x000b20d8	?gNetPeerNameTable@@3PAUNetbiosName@@A
0x00044da5	0x000784e0	_memset
0x00044dad	0x000b0ec0	?gNetbiosRcvCrit@@3U_RTL_CRITICAL_SECTION@@A
0x00044db3	0x0008a068	__imp__InitializeCriticalSection@4
0x00044db8	0x000b2148	?gNetSendCs@@3U_RTL_CRITICAL_SECTION@@A
0x00044dbe	0x0008a068	__imp__InitializeCriticalSection@4
0x00044dc7	0x000a9ea8	?gNetIncomingQueue@@3Utag_Anchor@@A
0x00044dcc	0x0001c9ba	?init_anchor@@YAXPAUtag_Anchor@@HH@Z
0x00044dd8	0x000a9eb8	?gNbSndQueue@@3Utag_Anchor@@A
0x00044ddd	0x0001c9ba	?init_anchor@@YAXPAUtag_Anchor@@HH@Z
0x00044de9	0x000a9e70	?gNbFreeQueue@@3Utag_Anchor@@A
0x00044dee	0x0001c9ba	?init_anchor@@YAXPAUtag_Anchor@@HH@Z
0x00044e17	0x0008a04c	__imp__CreateEventA@16
0x00044e21	0x000a9e7c	?gNbEvents@@3PAPAXA
0x00044e30	0x000784e0	_memset
0x00044e40	0x0008a064	__imp__GlobalAlloc@8
0x00044e59	0x000a9ea0	?gNetAdapterNum@@3EA
0x00044e65	0x000688b0	_Netbios@4
0x00044e7c	0x000784e0	_memset
0x00044e89	0x000a9ea0	?gNetAdapterNum@@3EA
0x00044e9d	0x000688b0	_Netbios@4
0x00044ea7	0x0008a060	__imp__GlobalFree@4
0x00044ead	0x000b2162	?gNbShutdown@@3EA
0x00044ee2	0x000460d7	?nb_close_session@@YAXH@Z
0x00044eef	0x000b20c9	?gNetAdminNcb@@3U_NCB@@A
0x00044f04	0x000784e0	_memset
0x00044f11	0x000a9ea0	?gNetAdapterNum@@3EA
0x00044f1b	0x000b2098	?gNetAdminNcb@@3U_NCB@@A
0x00044f24	0x000688b0	_Netbios@4
0x00044f2b	0x0009eda4	?gNbMaxSess@@3EA
0x00044f33	0x000b2164	?gNetStatus@@3PAEA
0x00044f47	0x000784e0	_memset
0x00044f53	0x0009eda4	?gNbMaxSess@@3EA
0x00044f5b	0x000b20d8	?gNetPeerNameTable@@3PAUNetbiosName@@A
0x00044f65	0x00078550	_memcpy
0x00044f72	0x000a9ea0	?gNetAdapterNum@@3EA
0x00044f7e	0x000688b0	_Netbios@4
0x00044f83	0x000b2148	?gNetSendCs@@3U_RTL_CRITICAL_SECTION@@A
0x00044f89	0x0008a078	__imp__EnterCriticalSection@4
0x00044f8e	0x000a9eb8	?gNbSndQueue@@3Utag_Anchor@@A
0x00044f93	0x0001c984	?pop_node@@YAPAUtag_Node@@PAUtag_Anchor@@@Z
0x00044fa8	0x00078156	_free
0x00044fb2	0x000a9e70	?gNbFreeQueue@@3Utag_Anchor@@A
0x00044fb7	0x0001c984	?pop_node@@YAPAUtag_Node@@PAUtag_Anchor@@@Z
0x00044fcc	0x00078156	_free
0x00044fd6	0x000b2148	?gNetSendCs@@3U_RTL_CRITICAL_SECTION@@A
0x00044fdc	0x0008a074	__imp__LeaveCriticalSection@4
0x00044fe1	0x000b2148	?gNetSendCs@@3U_RTL_CRITICAL_SECTION@@A
0x00044fe7	0x0008a070	__imp__DeleteCriticalSection@4
0x00045009	0x000a9e7c	?gNbEvents@@3PAPAXA
0x00045010	0x0008a178	__imp__CloseHandle@4
0x0004501a	0x000a9e7c	?gNbEvents@@3PAPAXA
0x00045026	0x000b2162	?gNbShutdown@@3EA
0x0004502f	0x000b2162	?gNbShutdown@@3EA
0x00045035	0x000a9e7c	?gNbEvents@@3PAPAXA
0x0004503c	0x0008a06c	__imp__SetEvent@4
0x00045041	0x000b0ec0	?gNetbiosRcvCrit@@3U_RTL_CRITICAL_SECTION@@A
0x00045047	0x0008a078	__imp__EnterCriticalSection@4
0x0004504c	0x000a9ea8	?gNetIncomingQueue@@3Utag_Anchor@@A
0x00045051	0x0001c984	?pop_node@@YAPAUtag_Node@@PAUtag_Anchor@@@Z
0x00045066	0x00078156	_free
0x00045070	0x000b0ec0	?gNetbiosRcvCrit@@3U_RTL_CRITICAL_SECTION@@A
0x00045076	0x0008a074	__imp__LeaveCriticalSection@4
0x0004507b	0x000b0ec0	?gNetbiosRcvCrit@@3U_RTL_CRITICAL_SECTION@@A
0x00045081	0x0008a070	__imp__DeleteCriticalSection@4
0x00045090	0x000b0ec0	?gNetbiosRcvCrit@@3U_RTL_CRITICAL_SECTION@@A
0x00045096	0x0008a078	__imp__EnterCriticalSection@4
0x0004509b	0x000a9ea8	?gNetIncomingQueue@@3Utag_Anchor@@A
0x000450a0	0x0001c984	?pop_node@@YAPAUtag_Node@@PAUtag_Anchor@@@Z
0x000450ab	0x000b0ec0	?gNetbiosRcvCrit@@3U_RTL_CRITICAL_SECTION@@A
0x000450b1	0x0008a074	__imp__LeaveCriticalSection@4
0x00045101	0x00078550	_memcpy
0x0004510d	0x00078156	_free
0x00045463	0x0009edac	?gNbListenName@@3PAEA
0x0004570c	0x000b2164	?gNetStatus@@3PAEA
0x0004577b	0x000a9e84	?gNbEvents@@3PAPAXA
0x00045790	0x000a9e84	?gNbEvents@@3PAPAXA
0x00045822	0x000b209a	?gNetAdminNcb@@3U_NCB@@A
0x0004582a	0x000b209a	?gNetAdminNcb@@3U_NCB@@A
0x000458e6	0x0009edc0	$SG650688
0x00045934	0x000b20c9	?gNetAdminNcb@@3U_NCB@@A
0x00045945	0x0009eda8	?gNbGroupName@@3PADA
0x0004594b	0x000b0ed8	?gNbSessionBuffer@@3PAEA
0x00045950	0x00077c60	_strcpy
0x0004595d	0x0009eda4	?gNbMaxSess@@3EA
0x00045966	0x000b20d8	?gNetPeerNameTable@@3PAUNetbiosName@@A
0x0004596c	0x0009eda8	?gNbGroupName@@3PADA
0x00045972	0x00078460	_strlen
0x0004597a	0x000b0ed8	?gNbSessionBuffer@@3PAEA
0x00045980	0x00078550	_memcpy
0x0004598c	0x000b2098	?gNetAdminNcb@@3U_NCB@@A
0x00045991	0x000784e0	_memset
0x0004599a	0x000b2098	?gNetAdminNcb@@3U_NCB@@A
0x000459a1	0x000a9e78	?gNbLocalNum@@3EA
0x000459a7	0x000b209b	?gNetAdminNcb@@3U_NCB@@A
0x000459ad	0x0009eda8	?gNbGroupName@@3PADA
0x000459b3	0x00078460	_strlen
0x000459bf	0x000b20a0	?gNetAdminNcb@@3U_NCB@@A
0x000459c5	0x000b209c	?gNetAdminNcb@@3U_NCB@@A
0x000459c9	0x000b0ed8	?gNbSessionBuffer@@3PAEA
0x000459ce	0x000a9ea0	?gNetAdapterNum@@3EA
0x000459d3	0x000b20c8	?gNetAdminNcb@@3U_NCB@@A
0x000459d8	0x000b2098	?gNetAdminNcb@@3U_NCB@@A
0x000459dd	0x000688b0	_Netbios@4
0x00045b86	0x000b1f09	?gNetPeerNcb@@3PAU_NCB@@A
0x00045ba2	0x000b1ed8	?gNetPeerNcb@@3PAU_NCB@@A
0x00045ba8	0x000784e0	_memset
0x00045bb7	0x000b1ed8	?gNetPeerNcb@@3PAU_NCB@@A
0x00045bc4	0x000a9e78	?gNbLocalNum@@3EA
0x00045bca	0x000b1edb	?gNetPeerNcb@@3PAU_NCB@@A
0x00045bd7	0x000b1ee0	?gNetPeerNcb@@3PAU_NCB@@A
0x00045be5	0x000a9ec0	?gNbRcvData@@3PAY0BAAA@EA
0x00045bf1	0x000b1edc	?gNetPeerNcb@@3PAU_NCB@@A
0x00045bfd	0x000b1f04	?gNetPeerNcb@@3PAU_NCB@@A
0x00045c01	0x00045c27	?nb_recv_any_done@@YGXPAU_NCB@@@Z
0x00045c0d	0x000b1ed8	?gNetPeerNcb@@3PAU_NCB@@A
0x00045c13	0x000688b0	_Netbios@4
0x00045c21	0x000b1f09	?gNetPeerNcb@@3PAU_NCB@@A
0x00045c6e	0x000b1ed9	?gNetPeerNcb@@3PAU_NCB@@A
0x00045d14	0x000b1ed9	?gNetPeerNcb@@3PAU_NCB@@A
0x00045d27	0x000b1ed9	?gNetPeerNcb@@3PAU_NCB@@A
0x00045d57	0x000b1ed8	?gNetPeerNcb@@3PAU_NCB@@A
0x00045d5d	0x000784e0	_memset
0x00045d72	0x000b1ee2	?gNetPeerNcb@@3PAU_NCB@@A
0x00045d78	0x00078550	_memcpy
0x00045d84	0x0009eda4	?gNbMaxSess@@3EA
0x00045d8c	0x000b20d8	?gNetPeerNameTable@@3PAUNetbiosName@@A
0x00045d99	0x000b1ef2	?gNetPeerNcb@@3PAU_NCB@@A
0x00045d9f	0x00078550	_memcpy
0x00045dae	0x000b1ed8	?gNetPeerNcb@@3PAU_NCB@@A
0x00045dbb	0x000b1f09	?gNetPeerNcb@@3PAU_NCB@@A
0x00045dc8	0x000b1f04	?gNetPeerNcb@@3PAU_NCB@@A
0x00045dcc	0x00045eb7	?nb_call_done@@YGXPAU_NCB@@@Z
0x00045dd7	0x000a9ea0	?gNetAdapterNum@@3EA
0x00045ddd	0x000b1f08	?gNetPeerNcb@@3PAU_NCB@@A
0x00045de3	0x000b2160	?gNbCallRetries@@3EA
0x00045df0	0x000b1ed8	?gNetPeerNcb@@3PAU_NCB@@A
0x00045df6	0x000688b0	_Netbios@4
0x00045e0e	0x000b1ed8	?gNetPeerNcb@@3PAU_NCB@@A
0x00045e14	0x000784e0	_memset
0x00045e29	0x000b1ee2	?gNetPeerNcb@@3PAU_NCB@@A
0x00045e2f	0x00078550	_memcpy
0x00045e3b	0x0009eda4	?gNbMaxSess@@3EA
0x00045e43	0x000b20d8	?gNetPeerNameTable@@3PAUNetbiosName@@A
0x00045e50	0x000b1ef2	?gNetPeerNcb@@3PAU_NCB@@A
0x00045e56	0x00078550	_memcpy
0x00045e65	0x000b1ed8	?gNetPeerNcb@@3PAU_NCB@@A
0x00045e72	0x000b1f09	?gNetPeerNcb@@3PAU_NCB@@A
0x00045e7f	0x000b1f04	?gNetPeerNcb@@3PAU_NCB@@A
0x00045e83	0x00045eb7	?nb_call_done@@YGXPAU_NCB@@@Z
0x00045e8e	0x000a9ea0	?gNetAdapterNum@@3EA
0x00045e94	0x000b1f08	?gNetPeerNcb@@3PAU_NCB@@A
0x00045e9a	0x000b2160	?gNbCallRetries@@3EA
0x00045ea7	0x000b1ed8	?gNetPeerNcb@@3PAU_NCB@@A
0x00045ead	0x000688b0	_Netbios@4
0x00045efd	0x000b1ed9	?gNetPeerNcb@@3PAU_NCB@@A
0x00045f23	0x000b1eda	?gNetPeerNcb@@3PAU_NCB@@A
0x00045fd8	0x000b1ed9	?gNetPeerNcb@@3PAU_NCB@@A
0x00046027	0x000b1eda	?gNetPeerNcb@@3PAU_NCB@@A
0x0004606f	0x000a9e84	?gNbEvents@@3PAPAXA
0x00046075	0x000b1f14	?gNetPeerNcb@@3PAU_NCB@@A
0x000460e7	0x000b1f09	?gNetPeerNcb@@3PAU_NCB@@A
0x000460fc	0x000784e0	_memset
0x00046108	0x000a9ea0	?gNetAdapterNum@@3EA
0x00046117	0x000b1ed8	?gNetPeerNcb@@3PAU_NCB@@A
0x00046123	0x000688b0	_Netbios@4
0x0004612e	0x000a9eb0	?gSessNums@@3PAEA
0x00046143	0x000784e0	_memset
0x0004614f	0x000a9eb0	?gSessNums@@3PAEA
0x0004615c	0x000a9ea0	?gNetAdapterNum@@3EA
0x00046168	0x000688b0	_Netbios@4
0x00046171	0x000b2164	?gNetStatus@@3PAEA
0x0004617d	0x000b2164	?gNetStatus@@3PAEA
0x000462cb	0x000784e0	_memset
0x0004637c	0x00044b4e	?KBTickCount@@YAHXZ
0x00046389	0x000a98a4	?glTimers@@3PAHA
0x0004638e	0x000a98a4	?glTimers@@3PAHA
0x00046393	0x0004639e	?DelayTil@@YAXPAH@Z
0x000463a4	0x0009ee74	$SG18348
0x000463b8	0x00044b59	?ProcessAssert@@YAXHPADH@Z
0x000463c0	0x00044b4e	?KBTickCount@@YAHXZ
0x000463cc	0x00043775	?Process1WindowsMessage@@YAXXZ
0x000463d1	0x0003c7b0	_PollSound
0x000463dd	0x00044b4e	?KBTickCount@@YAHXZ
0x000463e6	0x000463ef	?DelayTilMilli@@YAXH@Z
0x000463f3	0x00044b4e	?KBTickCount@@YAHXZ
0x000463fd	0x00043775	?Process1WindowsMessage@@YAXXZ
0x00046402	0x0003c7b0	_PollSound
0x00046c15	0x0009ef10	$SG20294
0x00046c1e	0x00044b59	?ProcessAssert@@YAXHPADH@Z
0x00046c4c	0x0009ef44	$SG20295
0x00046c55	0x00044b59	?ProcessAssert@@YAXHPADH@Z
0x00046c6c	0x0009042c	?gCombatAdjacency@@3PAY05CA
0x00047909	0x000a74e4	?gpPhilAI@@3PAVphilAI@@A
0x0004790e	0x00047c70	?ShowDebugText@philAI@@QAEXPAD@Z
0x0004791a	0x000a6c48	?giDebugLevel@@3HA
0x00047924	0x000a6c48	?giDebugLevel@@3HA
0x0004792d	0x000a6c48	?giDebugLevel@@3HA
0x0004793b	0x000a74e4	?gpPhilAI@@3PAVphilAI@@A
0x00047940	0x00047c70	?ShowDebugText@philAI@@QAEXPAD@Z
0x00047949	0x000a6c48	?giDebugLevel@@3HA
0x0004799a	0x00078538	_abs
0x000479ab	0x00078538	_abs
0x000479c9	0x000b2224	?gaiHeroStrategicRVOfPos@@3PAY0EI@FA
0x000479e1	0x000b2224	?gaiHeroStrategicRVOfPos@@3PAY0EI@FA
0x000479f7	0x000b7434	?gHeroEventStratRVOfPos@@3PAY0EI@FA
0x00047a17	0x000b7434	?gHeroEventStratRVOfPos@@3PAY0EI@FA
0x00047a46	0x000a7ba0	?gpGame@@3PAVgame@@A
0x00047a7f	0x00078538	_abs
0x00047a94	0x000c8cd4	?gaiHeroLiveChance@@3PAFA
0x00047aaa	0x000c8cb8	?iLastFrameRateTimer@@3HA
0x00047c62	0x000c8cb8	?iLastFrameRateTimer@@3HA
0x00047c79	0x000a6c48	?giDebugLevel@@3HA
0x00047c91	0x000a74a8	?gpWindowManager@@3PAVheroWindowManager@@A
0x00047c9a	0x000729a6	?FillBitmapArea@@YAXPAVbitmap@@HHHHH@Z
0x00047cbd	0x0007203d	?DrawBoundedString@font@@QAEXPADFFFFFF@Z
0x00047cd8	0x000a74a8	?gpWindowManager@@3PAVheroWindowManager@@A
0x00047ce1	0x0006f870	?BlitBitmapToScreen@@YAXPAVbitmap@@HHHHHH@Z
0x00047d1d	0x000ca164	?giBuildShipyard@@3PACA
0x00047d27	0x000b4ba0	?giBuildBoat@@3PACA
0x00047d31	0x000b9cb8	?giBuildBoatStuffTurn@@3PACA
0x00047d5c	0x000b4ba8	?gCurPlayerData@@3PAVplayerData@@A
0x00047d6a	0x000b4ba8	?gCurPlayerData@@3PAVplayerData@@A
0x00047d7a	0x000a7ba0	?gpGame@@3PAVgame@@A
0x00047d95	0x000b221c	?iDummy@@3HA
0x00047dad	0x000a7ba0	?gpGame@@3PAVgame@@A
0x00047dbd	0x0004d821	?HeroInteractionAtTown@philAI@@QAEXPAVhero@@PAVtown@@HPAH@Z
0x00048355	0x000c8cc0	?gbTroopReload@@3HA
0x0004835f	0x000b220c	?fReduceFactor@@3MA
0x0004838a	0x0004cd57	?FightValueOfStack@philAI@@QAEHPAVarmyGroup@@PAVhero@@HCC@Z
0x000486e0	0x000ca160	?gbBerserk@@3HA
0x000486ea	0x000b4bac	?fBerserkFactor@@3MA
0x00048707	0x0004cd57	?FightValueOfStack@philAI@@QAEHPAVarmyGroup@@PAVhero@@HCC@Z
0x000488c7	0x0008a468	__real@8@3ffec000000000000000
0x000488d0	0x000b4bac	?fBerserkFactor@@3MA
0x000488d6	0x000ca160	?gbBerserk@@3HA
0x00048ad9	0x00049d14	?DetermineHeroToMove@philAI@@QAEPAVhero@@H@Z
0x00048aec	0x000b2218	?gHumanTownConquered@@3HA
0x00048af6	0x000ca168	?iCurPlaceToVisit@@3HA
0x00048b00	0x000a6c24	?gGameOver@@3HA
0x00048b08	0x00069103	?ResumeSamples@@YAXXZ
0x00048b0d	0x00069a6b	?ResumeMusic@@YAXXZ
0x00048c41	0x0008a4d0	__real@8@3ffeccccccccccccd000
0x00048c48	0x000782f4	__ftol
0x00048d30	0x000b4aa8	?iPlacesVisited@@3PAY01HA
0x00048d43	0x000b4aac	?iPlacesVisited@@3PAY01HA
0x00048d97	0x000b4aa8	?iPlacesVisited@@3PAY01HA
0x00048dab	0x000b4aac	?iPlacesVisited@@3PAY01HA
0x000491bb	0x000a7ba0	?gpGame@@3PAVgame@@A
0x000491d3	0x0004ba20	?GetGameAttentionValue@philAI@@QAEXH@Z
0x00049340	0x000782f4	__ftol
0x0004934c	0x0008a508	__real@8@3ff0a7c5ac471b478800
0x00049352	0x0008a500	__real@8@3ffdccccccccccccd000
0x000494a0	0x000a7ba0	?gpGame@@3PAVgame@@A
0x000494b2	0x0008a4f8	__real@8@40048400000000000000
0x000494b8	0x000b4ba8	?gCurPlayerData@@3PAVplayerData@@A
0x000494ca	0x000b9cc0	?gTurnValueOfMine@@3PAY0EI@CA
0x000494cf	0x000784e0	_memset
0x00049609	0x00078538	_abs
0x00049623	0x000b9cc0	?gTurnValueOfMine@@3PAY0EI@CA
0x0004963b	0x000b9cc0	?gTurnValueOfMine@@3PAY0EI@CA
0x00049671	0x000b2178	?gfHeroInteractionBonus@@3PAMA
0x0004967d	0x000b4ba8	?gCurPlayerData@@3PAVplayerData@@A
0x0004968c	0x0009ef78	?gAttackHumanBonus@@3MA
0x00049696	0x0009ef7c	?gAttackComputerBonus@@3MA
0x000496a1	0x000b4ba8	?gCurPlayerData@@3PAVplayerData@@A
0x000496b0	0x0009ef78	?gAttackHumanBonus@@3MA
0x000496ba	0x0009ef7c	?gAttackComputerBonus@@3MA
0x000496c6	0x000b4ba8	?gCurPlayerData@@3PAVplayerData@@A
0x000496d6	0x0008a4f0	__real@8@3ffb8f5c28f5c28f6000
0x000496dc	0x0008a400	__real@8@3fff8000000000000000
0x000496e2	0x0009ef78	?gAttackHumanBonus@@3MA
0x000496e8	0x000b4ba8	?gCurPlayerData@@3PAVplayerData@@A
0x000496f8	0x0008a4e8	__real@8@3ffbf5c28f5c28f5c000
0x000496fe	0x0008a3e0	__real@8@3fff8cccccccccccd000
0x00049704	0x0009ef7c	?gAttackComputerBonus@@3MA
0x0004970b	0x000a7ba8	?gbIAmGreatest@@3CA
0x00049715	0x0009ef7c	?gAttackComputerBonus@@3MA
0x0004971f	0x000ca16c	?giMaxHeroesForThisPlayer@@3HA
0x00049729	0x000a7ba0	?gpGame@@3PAVgame@@A
0x00049735	0x000a7ba0	?gpGame@@3PAVgame@@A
0x00049749	0x000ca16c	?giMaxHeroesForThisPlayer@@3HA
0x00049752	0x000ca16c	?giMaxHeroesForThisPlayer@@3HA
0x00049757	0x000a7ba0	?gpGame@@3PAVgame@@A
0x00049764	0x000a7ba0	?gpGame@@3PAVgame@@A
0x00049778	0x000ca16c	?giMaxHeroesForThisPlayer@@3HA
0x00049781	0x000ca16c	?giMaxHeroesForThisPlayer@@3HA
0x00049787	0x000b4ba8	?gCurPlayerData@@3PAVplayerData@@A
0x00049796	0x000ca16c	?giMaxHeroesForThisPlayer@@3HA
0x0004979f	0x000ca16c	?giMaxHeroesForThisPlayer@@3HA
0x000497a5	0x000b4ba8	?gCurPlayerData@@3PAVplayerData@@A
0x000497b4	0x000ca16c	?giMaxHeroesForThisPlayer@@3HA
0x000497bd	0x000ca16c	?giMaxHeroesForThisPlayer@@3HA
0x00049ae8	0x0006fd8a	?Random@@YAHHH@Z
0x00049b04	0x0008a528	__real@8@4005c800000000000000
0x00049bdf	0x000c8cc8	?bHeroBuiltThisTurn@@3HA
0x00049bec	0x000c8cc4	?giCurTurn@@3HA
0x00049bff	0x0008a51c	__real@4@00000000000000000000
0x00049c4c	0x0008a518	__real@4@4007fa00000000000000
0x00049c88	0x0008a510	__real@8@3fffa666666666666800
0x00049ca9	0x0008a518	__real@4@4007fa00000000000000
0x00049d2d	0x000b4ba8	?gCurPlayerData@@3PAVplayerData@@A
0x00049d32	0x0002b8d3	?HasMobileHero@playerData@@QAECXZ
0x00049d51	0x000b4ba8	?gCurPlayerData@@3PAVplayerData@@A
0x00049d67	0x000a7ba0	?gpGame@@3PAVgame@@A
0x00049d83	0x000a7ba0	?gpGame@@3PAVgame@@A
0x00049dbf	0x000a7ba0	?gpGame@@3PAVgame@@A
0x00049dd3	0x000a7ba0	?gpGame@@3PAVgame@@A
0x00049dea	0x000a7ba0	?gpGame@@3PAVgame@@A
0x00049e1e	0x000b2220	?giBestShipyardId@@3CA
0x00049e25	0x000b9cb4	?gbPossibleShipyardFound@@3CA
0x00049e2c	0x000ca170	?gbActualShipyardFound@@3CA
0x00049e33	0x000ca180	?gbActualBoatFound@@3CA
0x00049e5e	0x000a7480	?gpAdvManager@@3PAVadvManager@@A
0x00049e63	0x00006d26	?GetCell@advManager@@QAEPAVmapCell@@FF@Z
0x00049e9c	0x0008a530	__real@8@3fffa000000000000000
0x00049ea1	0x000782f4	__ftol
0x0004a42c	0x0008a4ac	_AI_TARGET_HUMAN_VALUE_FACTOR
0x0004a431	0x000782f4	__ftol
0x0004a532	0x000b9cb4	?gbPossibleShipyardFound@@3CA
0x0004a53d	0x000ca170	?gbActualShipyardFound@@3CA
0x0004a54c	0x000ca180	?gbActualBoatFound@@3CA
0x0004a55a	0x000c8cc4	?giCurTurn@@3HA
0x0004a568	0x000ca170	?gbActualShipyardFound@@3CA
0x0004a573	0x000b4aa4	?giCurPlayer@@3CA
0x0004a57a	0x000ca164	?giBuildShipyard@@3PACA
0x0004a585	0x000b4aa4	?giCurPlayer@@3CA
0x0004a58c	0x000ca164	?giBuildShipyard@@3PACA
0x0004a593	0x000b2220	?giBestShipyardId@@3CA
0x0004a5a1	0x000b4ba8	?gCurPlayerData@@3PAVplayerData@@A
0x0004a5af	0x000b4ba8	?gCurPlayerData@@3PAVplayerData@@A
0x0004a5bb	0x000ca170	?gbActualShipyardFound@@3CA
0x0004a5d4	0x000ca170	?gbActualShipyardFound@@3CA
0x0004a5df	0x000b4aa4	?giCurPlayer@@3CA
0x0004a5e5	0x000b2220	?giBestShipyardId@@3CA
0x0004a5eb	0x000ca164	?giBuildShipyard@@3PACA
0x0004a5f2	0x000b4aa4	?giCurPlayer@@3CA
0x0004a5f8	0x000b2220	?giBestShipyardId@@3CA
0x0004a5fe	0x000b4ba0	?giBuildBoat@@3PACA
0x0004a605	0x000b4aa4	?giCurPlayer@@3CA
0x0004a60a	0x000c8cc4	?giCurTurn@@3HA
0x0004a610	0x000b9cb8	?giBuildBoatStuffTurn@@3PACA
0x0004a617	0x000b2220	?giBestShipyardId@@3CA
0x0004a620	0x000a7ba0	?gpGame@@3PAVgame@@A
0x0004a78b	0x0008a570	__real@8@3fff8e147ae147ae1800
0x0004a7a3	0x000b4ba8	?gCurPlayerData@@3PAVplayerData@@A
0x0004a7b3	0x0008a568	__real@8@3ffc9999999999999800
0x0004a7b9	0x0008a560	__real@8@3ffeb333333333333000
0x0004a7d0	0x000a9414	?gbHumanPlayer@@3PAHA
0x0004a7dc	0x0008a558	__real@8@3fff91eb851eb851e800
0x0004a7e4	0x000b4ba8	?gCurPlayerData@@3PAVplayerData@@A
0x0004a837	0x0008a550	__real@4@4012f424000000000000
0x0004a847	0x0008a550	__real@4@4012f424000000000000
0x0004a8c8	0x0008a4e8	__real@8@3ffbf5c28f5c28f5c000
0x0004a910	0x0008a540	__real@8@3ffd9999999999999800
0x0004a9ba	0x000782f4	__ftol
0x0004a9c5	0x000b4ba8	?gCurPlayerData@@3PAVplayerData@@A
0x0004a9d1	0x0008a538	__real@8@3fffaa3d70a3d70a4000
0x0004a9fc	0x000b4ba8	?gCurPlayerData@@3PAVplayerData@@A
0x0004aa08	0x0008a520	__real@8@3ffea8f5c28f5c28f800
0x0004aa15	0x000a9414	?gbHumanPlayer@@3PAHA
0x0004aa35	0x000782f4	__ftol
0x0004aa4c	0x0009ef7c	?gAttackComputerBonus@@3MA
0x0004aa59	0x000782f4	__ftol
0x0004abb3	0x000a9414	?gbHumanPlayer@@3PAHA
0x0004abbb	0x0009ef78	?gAttackHumanBonus@@3MA
0x0004abc6	0x0009ef7c	?gAttackComputerBonus@@3MA
0x0004ac03	0x0008a430	__real@4@3fff8000000000000000
0x0004ad71	0x0008a590	__real@8@3fffccccccccccccd000
0x0004ae38	0x0004cd57	?FightValueOfStack@philAI@@QAEHPAVarmyGroup@@PAVhero@@HCC@Z
0x0004ae44	0x0008a588	__real@4@400abb80000000000000
0x0004ae93	0x00090601	?gDwellingType@@3PAY05CA
0x0004af38	0x0008a580	__real@8@3fffd47ae147ae147800
0x0004afc1	0x0009140e	?gMonsterDatabase@@3PAUtag_monsterInfo@@A
0x0004afe8	0x00090601	?gDwellingType@@3PAY05CA
0x0004aff2	0x0009140e	?gMonsterDatabase@@3PAUtag_monsterInfo@@A
0x0004b05b	0x0008a51c	__real@4@00000000000000000000
0x0004b2cc	0x0008a4b4	_AI_CREATURE_SAME_RACE_FACTOR
0x0004b2d1	0x000782f4	__ftol
0x0004b345	0x0008a5a8	__real@8@3fff970a3d70a3d70800
0x0004b34c	0x000782f4	__ftol
0x0004b365	0x000a7ba0	?gpGame@@3PAVgame@@A
0x0004b372	0x0008a520	__real@8@3ffea8f5c28f5c28f800
0x0004b379	0x000782f4	__ftol
0x0004b388	0x00091423	?gMonsterDatabase@@3PAUtag_monsterInfo@@A
0x0004b3ed	0x0008a5a8	__real@8@3fff970a3d70a3d70800
0x0004b3f4	0x000782f4	__ftol
0x0004b41d	0x0004b9bd	?LikelihoodOfEnemyAttacking@philAI@@QAEXPAVtown@@PAVhero@@AAM2AAH332@Z
0x0004b426	0x0008a5a0	__real@8@3ffef5c28f5c28f5c000
0x0004b58d	0x0006fd8a	?Random@@YAHHH@Z
0x0004b5a2	0x0008a528	__real@8@4005c800000000000000
0x0004b631	0x00090608	?gDwellingType@@3PAY05CA
0x0004b63a	0x0004b644	?CreaturesToBuy@philAI@@QAEHHH@Z
0x0004b655	0x0004b68b	?MaxBuyableCreatures@philAI@@QAEHH@Z
0x0004b69e	0x0003e3de	?GetMonsterCost@@YAXHQAH@Z
0x0004b6d5	0x000b4ba8	?gCurPlayerData@@3PAVplayerData@@A
0x0004b6e5	0x000b4ba8	?gCurPlayerData@@3PAVplayerData@@A
0x0004b74f	0x0004bc33	?RVConversion@philAI@@QAEHQAH@Z
0x0004b7b3	0x00090d98	?gArtifactBaseRV@@3PAHA
0x0004b7d4	0x000b4ba8	?gCurPlayerData@@3PAVplayerData@@A
0x0004b7e0	0x0008a400	__real@8@3fff8000000000000000
0x0004b7e5	0x000b4ba8	?gCurPlayerData@@3PAVplayerData@@A
0x0004b7f2	0x000782f4	__ftol
0x0004b803	0x00092088	?gTownHeroClass@@3PACA
0x0004b817	0x0008a4bc	_AI_HERO_PURCHASE_SAME_RACE_FACTOR
0x0004b81c	0x000782f4	__ftol
0x0004b843	0x0004c217	?StrategicValueOfPosition@philAI@@QAEHPAVhero@@FFCPAH@Z
0x0004b869	0x0004cd10	?FutureDeflator@philAI@@QAEMQAH@Z
0x0004b871	0x000782f4	__ftol
0x0004b91f	0x0008a5b8	__real@8@4005b400000000000000
0x0004b9ae	0x0008a5b0	__real@4@4006c800000000000000
0x0004b9ea	0x000782f4	__ftol
0x0004ba56	0x0008a5d8	__real@8@4007fa00000000000000
0x0004ba5f	0x0008a5d0	__real@8@3ffceb851eb851eb8800
0x0004ba7c	0x0008a5d8	__real@8@4007fa00000000000000
0x0004ba85	0x0008a5d0	__real@8@3ffceb851eb851eb8800
0x0004ba97	0x0008a4c0	_AI_ATTENTION_IDENTITY_FLOAT
0x0004ba9d	0x0008a578	__real@8@4000c000000000000000
0x0004baa3	0x0008a5c8	__real@8@40018000000000000000
0x0004bab7	0x0008a4c4	_AI_ATTENTION_IDENTITY
0x0004babd	0x0008a5c0	__real@8@4001a000000000000000
0x0004bac3	0x0008a5c8	__real@8@40018000000000000000
0x0004bad6	0x0008a4c4	_AI_ATTENTION_IDENTITY
0x0004badc	0x0008a578	__real@8@4000c000000000000000
0x0004bae2	0x0008a5c8	__real@8@40018000000000000000
0x0004baf4	0x000a7ba0	?gpGame@@3PAVgame@@A
0x0004bb07	0x0008a578	__real@8@4000c000000000000000
0x0004bb0d	0x0008a568	__real@8@3ffc9999999999999800
0x0004bb26	0x000a7ba0	?gpGame@@3PAVgame@@A
0x0004bb39	0x0008a578	__real@8@4000c000000000000000
0x0004bb3f	0x0008a4f0	__real@8@3ffb8f5c28f5c28f6000
0x0004bb81	0x000a7ba0	?gpGame@@3PAVgame@@A
0x0004bbd1	0x000c8cc4	?giCurTurn@@3HA
0x0004bbe3	0x000c8cc4	?giCurTurn@@3HA
0x0004bbf5	0x000c8cc4	?giCurTurn@@3HA
0x0004bc07	0x000c8cc4	?giCurTurn@@3HA
0x0004bcd7	0x000b4ba8	?gCurPlayerData@@3PAVplayerData@@A
0x0004bcee	0x000b4ba8	?gCurPlayerData@@3PAVplayerData@@A
0x0004bd07	0x000b4ba8	?gCurPlayerData@@3PAVplayerData@@A
0x0004bd17	0x000b4ba8	?gCurPlayerData@@3PAVplayerData@@A
0x0004c0ad	0x0008a5f4	__real@4@4001a000000000000000
0x0004c0bd	0x0008a4c8	__real@4@4000c000000000000000
0x0004c0ce	0x0008a5f0	__real@4@40018000000000000000
0x0004c0de	0x0008a5e8	__real@8@4000a000000000000000
0x0004c0ec	0x0008a4c8	__real@4@4000c000000000000000
0x0004c116	0x0008a4d8	__real@8@3fffd999999999999800
0x0004c134	0x0008a5e0	__real@8@3fffb333333333333000
0x0004c161	0x0008a548	__real@8@3ffcccccccccccccd000
0x0004c168	0x000782f4	__ftol
0x0004c21d	0x00088e7b	__ehreg$?StrategicValueOfPosition@philAI@@QAEHPAVhero@@FFCPAH@Z
0x0004c250	0x000b2224	?gaiHeroStrategicRVOfPos@@3PAY0EI@FA
0x0004c26d	0x000b4bb0	?gaiLiveChanceOfPos@@3PAY0EI@FA
0x0004c288	0x000b2224	?gaiHeroStrategicRVOfPos@@3PAY0EI@FA
0x0004c2ab	0x000ca198	_?gSVSearchArrayInUse@?1??StrategicValueOfPosition@philAI@@QAEHPAVhero@@FFCPAH@Z@4CA
0x0004c2b9	0x00077d50	??2@YAPAXI@Z
0x0004c2d4	0x00029c60	??0searchArray@@QAE@XZ
0x0004c2fe	0x00042146	?MemError@@YAXXZ
0x0004c30c	0x000ca198	_?gSVSearchArrayInUse@?1??StrategicValueOfPosition@philAI@@QAEHPAVhero@@FFCPAH@Z@4CA
0x0004c314	0x000bb160	?SVSearchArray@@3VsearchArray@@A
0x0004c4ff	0x0008a5f8	__real@8@40008000000000000000
0x0004c509	0x000782f4	__ftol
0x0004c530	0x000c8cd4	?gaiHeroLiveChance@@3PAFA
0x0004c53d	0x000b221c	?iDummy@@3HA
0x0004c555	0x0004efb4	?ValueOfEventAtPosition@philAI@@QAEHPAVhero@@FFHPAH@Z
0x0004c565	0x000c8cd4	?gaiHeroLiveChance@@3PAFA
0x0004c581	0x000c8cd4	?gaiHeroLiveChance@@3PAFA
0x0004c59d	0x000a7ba0	?gpGame@@3PAVgame@@A
0x0004c9ce	0x00077c4d	??3@YAXPAX@Z
0x0004c9d9	0x000ca198	_?gSVSearchArrayInUse@?1??StrategicValueOfPosition@philAI@@QAEHPAVhero@@FFCPAH@Z@4CA
0x0004c9e3	0x0008a4b0	_AI_STRATEGIC_POSITION_SCORE_FACTOR
0x0004c9e8	0x000782f4	__ftol
0x0004ca1d	0x000b2224	?gaiHeroStrategicRVOfPos@@3PAY0EI@FA
0x0004ca39	0x000b4bb0	?gaiLiveChanceOfPos@@3PAY0EI@FA
0x0004cad5	0x0008a600	__real@4@4006fa00000000000000
0x0004cadb	0x000bb154	?gafAITurnCostResource@@3PAMA
0x0004cae1	0x0008a5f4	__real@4@4001a000000000000000
0x0004cae7	0x0008a448	__real@8@3fffc000000000000000
0x0004caee	0x000782f4	__ftol
0x0004cb1e	0x000a7ba0	?gpGame@@3PAVgame@@A
0x0004cb51	0x00090cf0	?gResourceBaseValue@@3PAHA
0x0004cb6a	0x0008a560	__real@8@3ffeb333333333333000
0x0004cb78	0x000a7ba0	?gpGame@@3PAVgame@@A
0x0004cb8d	0x000782f4	__ftol
0x0004cbea	0x00090cf0	?gResourceBaseValue@@3PAHA
0x0004cbf7	0x0008a3f8	__real@4@40008000000000000000
0x0004cbfd	0x0008a3f0	__real@8@3ffe8000000000000000
0x0004cc09	0x000bb13c	?gafAITurnCostResource@@3PAMA
0x0004cc29	0x000a7ba0	?gpGame@@3PAVgame@@A
0x0004cc38	0x000a7ba0	?gpGame@@3PAVgame@@A
0x0004cc46	0x00090d98	?gArtifactBaseRV@@3PAHA
0x0004cc57	0x000a7ba0	?gpGame@@3PAVgame@@A
0x0004cc69	0x0008a51c	__real@4@00000000000000000000
0x0004cc7a	0x000a7ba0	?gpGame@@3PAVgame@@A
0x0004cca2	0x000a7ba0	?gpGame@@3PAVgame@@A
0x0004ccae	0x0002b929	?CountPuzzlePiecesRemoved@playerData@@QAECXZ
0x0004ccbe	0x00078538	_abs
0x0004cccd	0x0008a604	__real@4@4004c000000000000000
0x0004ccd3	0x0008a448	__real@8@3fffc000000000000000
0x0004ccdb	0x000782f4	__ftol
0x0004ccf3	0x0008a520	__real@8@3ffea8f5c28f5c28f800
0x0004ccfa	0x000782f4	__ftol
0x0004cd21	0x0004bca4	?TurnsToBuy@philAI@@QAEMQAH@Z
0x0004cd2a	0x0008a4b8	_AI_FUTURE_DEFLATION_RATE
0x0004cd30	0x0008a430	__real@4@3fff8000000000000000
0x0004cd3c	0x0008a608	__real@8@00000000000000000000
0x0004d0ac	0x0009176c	?gStatPower@@3PAMA
0x0004d0c1	0x0009176c	?gStatPower@@3PAMA
0x0004d20d	0x000918b0	?gBattleStat@@3PAMA
0x0004d230	0x000903b0	?gSpellAIValue@@3PAFA
0x0004d23e	0x000782f4	__ftol
0x0004d2a5	0x0008a618	__real@8@4000e000000000000000
0x0004d2b7	0x0008a618	__real@8@4000e000000000000000
0x0004d2bc	0x000782f4	__ftol
0x0004d30a	0x0008a468	__real@8@3ffec000000000000000
0x0004d30f	0x000782f4	__ftol
0x0004d34d	0x0008a530	__real@8@3fffa000000000000000
0x0004d352	0x000782f4	__ftol
0x0004d368	0x0008a610	__real@8@3ffee666666666666800
0x0004d36d	0x000782f4	__ftol
0x0004d4d0	0x000bb100	?costTemp@@3PAHA
0x0004d4d9	0x0003e3de	?GetMonsterCost@@YAXHQAH@Z
0x0004d4e1	0x000bb100	?costTemp@@3PAHA
0x0004d4e9	0x0004bc33	?RVConversion@philAI@@QAEHQAH@Z
0x0004d5c0	0x0006fd8a	?Random@@YAHHH@Z
0x0004d5cf	0x0008a528	__real@8@4005c800000000000000
0x0004d63c	0x0008a630	__real@8@3ffe9999999999999800
0x0004d64f	0x0008a628	__real@8@3ffea666666666666800
0x0004d674	0x0008a4d0	__real@8@3ffeccccccccccccd000
0x0004d684	0x0008a548	__real@8@3ffcccccccccccccd000
0x0004d69d	0x0008a5a0	__real@8@3ffef5c28f5c28f5c000
0x0004d8bd	0x000b2170	?giBestShipyardDist@@3CA
0x0004d8c7	0x000b2220	?giBestShipyardId@@3CA
0x0004d8d2	0x000b2170	?giBestShipyardDist@@3CA
0x0004d8dc	0x000b2220	?giBestShipyardId@@3CA
0x0004d8e2	0x000b9cb4	?gbPossibleShipyardFound@@3CA
0x0004d8e9	0x000ca170	?gbActualShipyardFound@@3CA
0x0004d91d	0x000a7480	?gpAdvManager@@3PAVadvManager@@A
0x0004d922	0x00006d26	?GetCell@advManager@@QAEPAVmapCell@@FF@Z
0x0004d936	0x000ca170	?gbActualShipyardFound@@3CA
0x0004d9a8	0x000b2170	?giBestShipyardDist@@3CA
0x0004d9b2	0x000b2220	?giBestShipyardId@@3CA
0x0004d9bd	0x000b2170	?giBestShipyardDist@@3CA
0x0004d9c7	0x000b2220	?giBestShipyardId@@3CA
0x0004d9cd	0x000b9cb4	?gbPossibleShipyardFound@@3CA
0x0004d9e5	0x00038f8a	?HasArtifact@hero@@QAECC@Z
0x0004d9ff	0x000b4ba8	?gCurPlayerData@@3PAVplayerData@@A
0x0004da66	0x00038f8a	?HasArtifact@hero@@QAECC@Z
0x0004da91	0x000918b4	?gMageGuildSpellCount@@3PACA
0x0004db08	0x0004ecb0	?StatChangeValue@philAI@@QAEMHH@Z
0x0004db1a	0x000903b0	?gSpellAIValue@@3PAFA
0x0004dbc1	0x0008a648	__real@8@3ffe8a3d70a3d70a4000
0x0004dbcf	0x0008a640	__real@8@3ff8a3d70a3d70a3d800
0x0004dbd5	0x0008a598	__real@8@3ffda8f5c28f5c28f800
0x0004dc65	0x0008a638	__real@8@3ffce147ae147ae14800
0x0004dd99	0x0008a3c8	__real@8@3ffaa3d70a3d70a3d800
0x0004ddb0	0x000782f4	__ftol
0x0004de12	0x000c8cc0	?gbTroopReload@@3HA
0x0004e24c	0x000782f4	__ftol
0x0004e258	0x000bb154	?gafAITurnCostResource@@3PAMA
0x0004e25d	0x000782f4	__ftol
0x0004e321	0x000b4ba8	?gCurPlayerData@@3PAVplayerData@@A
0x0004e336	0x00090d98	?gArtifactBaseRV@@3PAHA
0x0004e33f	0x000bb154	?gafAITurnCostResource@@3PAMA
0x0004e44a	0x00090601	?gDwellingType@@3PAY05CA
0x0004e4ba	0x00090a8c	?gHeroGoldCost@@3FA
0x0004e4c0	0x000b4ba8	?gCurPlayerData@@3PAVplayerData@@A
0x0004e4cd	0x000b4ba8	?gCurPlayerData@@3PAVplayerData@@A
0x0004e4dd	0x000b4ba8	?gCurPlayerData@@3PAVplayerData@@A
0x0004e7d5	0x00090a8c	?gHeroGoldCost@@3FA
0x0004e7db	0x000b4ba8	?gCurPlayerData@@3PAVplayerData@@A
0x0004e8ca	0x000a9404	?gpMonGroup@@3PAVarmyGroup@@A
0x0004e8d0	0x000784e0	_memset
0x0004e8dd	0x000a9404	?gpMonGroup@@3PAVarmyGroup@@A
0x0004e8e6	0x000784e0	_memset
0x0004e921	0x000a9404	?gpMonGroup@@3PAVarmyGroup@@A
0x0004e93e	0x000a9404	?gpMonGroup@@3PAVarmyGroup@@A
0x0004e979	0x000a9404	?gpMonGroup@@3PAVarmyGroup@@A
0x0004e989	0x000a9404	?gpMonGroup@@3PAVarmyGroup@@A
0x0004e99c	0x000a9404	?gpMonGroup@@3PAVarmyGroup@@A
0x0004e9b7	0x000a9404	?gpMonGroup@@3PAVarmyGroup@@A
0x0004e9c9	0x000a74e4	?gpPhilAI@@3PAVphilAI@@A
0x0004e9ce	0x0004d521	?QuickCombat@philAI@@QAEHPAVarmyGroup@@PAVhero@@01CCAAM2@Z
0x0004e9fe	0x000a9404	?gpMonGroup@@3PAVarmyGroup@@A
0x0004eae3	0x0008a654	__real@4@4009fa00000000000000
0x0004eaf9	0x0008a650	__real@4@400b9c40000000000000
0x0004eb0f	0x0008a654	__real@4@4009fa00000000000000
0x0004ec67	0x0008a620	__real@8@3ffefd70a3d70a3d7000
0x0004ec7a	0x000189b6	?DamageGroup@armyGroup@@QAEXM@Z
0x0004ec8e	0x000a7480	?gpAdvManager@@3PAVadvManager@@A
0x0004ec93	0x00027a8e	?HeroLoses@advManager@@QAEXPAVhero@@@Z
0x0004eca1	0x000189b6	?DamageGroup@armyGroup@@QAEXM@Z
0x0004ecc0	0x00091908	?gSpellCastNumMod@@3PAMA
0x0004eccf	0x000918b8	?gSpellCastNumMod@@3PAMA
0x0004ecdd	0x00091908	?gSpellCastNumMod@@3PAMA
0x0004ecec	0x000918b8	?gSpellCastNumMod@@3PAMA
0x0004ed09	0x000b4ba8	?gCurPlayerData@@3PAVplayerData@@A
0x0004ed1c	0x000b4ba8	?gCurPlayerData@@3PAVplayerData@@A
0x0004ed2e	0x000c8cc8	?bHeroBuiltThisTurn@@3HA
0x0004ed40	0x000a6754	?gCurHourGlassPhase@@3HA
0x0004ed49	0x000a6754	?gCurHourGlassPhase@@3HA
0x0004ed55	0x000a6754	?gCurHourGlassPhase@@3HA
0x0004ed5e	0x000a6754	?gCurHourGlassPhase@@3HA
0x0004ed63	0x000a6754	?gCurHourGlassPhase@@3HA
0x0004ed6b	0x000a6754	?gCurHourGlassPhase@@3HA
0x0004ed77	0x000a6754	?gCurHourGlassPhase@@3HA
0x0004ed80	0x000a6754	?gCurHourGlassPhase@@3HA
0x0004ed89	0x000a6754	?gCurHourGlassPhase@@3HA
0x0004ed95	0x000a6754	?gCurHourGlassPhase@@3HA
0x0004ed9e	0x000a6754	?gCurHourGlassPhase@@3HA
0x0004eda7	0x000a6754	?gCurHourGlassPhase@@3HA
0x0004edb0	0x000a6754	?gCurHourGlassPhase@@3HA
0x0004edb6	0x000a6754	?gCurHourGlassPhase@@3HA
0x0004edbf	0x000a6754	?gCurHourGlassPhase@@3HA
0x0004ef03	0x000a7ba0	?gpGame@@3PAVgame@@A
0x0004ef08	0x0003070a	?ClaimTown@game@@QAEXCC@Z
0x0004ef14	0x000b2218	?gHumanTownConquered@@3HA
0x0004f033	0x000a7480	?gpAdvManager@@3PAVadvManager@@A
0x0004f038	0x00006d26	?GetCell@advManager@@QAEPAVmapCell@@FF@Z
0x0004f03d	0x000c8cbc	?gEventLocation@@3PAVmapCell@@A
0x0004f050	0x000c8d1c	?gMapVisitFlags@@3PAY0EI@CA
0x0004f05c	0x000c8cd0	?giCurPlayerBit@@3EA
0x0004f078	0x000ca15c	?gCellSeen@@3HA
0x0004f0c5	0x000bb130	?gPrizeUnguardedValue@@3HA
0x0004f176	0x000bb134	?gPrizeGuardedWorth@@3HA
0x0004f18d	0x0008a654	__real@4@4009fa00000000000000
0x0004f19a	0x000782f4	__ftol
0x0004f19f	0x000bb138	?gItemPurchaseScore@@3HA
0x0004f1a5	0x000bb138	?gItemPurchaseScore@@3HA
0x0004f1ae	0x000bb138	?gItemPurchaseScore@@3HA
0x0004f1b8	0x000ca15c	?gCellSeen@@3HA
0x0004f1e1	0x000bb130	?gPrizeUnguardedValue@@3HA
0x0004f1ef	0x000bb134	?gPrizeGuardedWorth@@3HA
0x0004f209	0x000bb130	?gPrizeUnguardedValue@@3HA
0x0004f215	0x000bb134	?gPrizeGuardedWorth@@3HA
0x0004f27d	0x000c8cbc	?gEventLocation@@3PAVmapCell@@A
0x0004f288	0x000a7ba0	?gpGame@@3PAVgame@@A
0x0004f299	0x000c8cbc	?gEventLocation@@3PAVmapCell@@A
0x0004f2a4	0x000a7ba0	?gpGame@@3PAVgame@@A
0x0004f2e7	0x00090d7c	?gMineIncome@@3PAHA
0x0004f417	0x000784e0	_memset
0x0004f41f	0x000bb15c	?gEventMonsterCount@@3HA
0x0004f431	0x000b2174	?gEventSlot@@3HA
0x0004f43d	0x000b2174	?gEventSlot@@3HA
0x0004f446	0x000b2174	?gEventSlot@@3HA
0x0004f44c	0x000b2174	?gEventSlot@@3HA
0x0004f454	0x000a9404	?gpMonGroup@@3PAVarmyGroup@@A
0x0004f45a	0x000b2174	?gEventSlot@@3HA
0x0004f460	0x000c8cbc	?gEventLocation@@3PAVmapCell@@A
0x0004f46a	0x000bb15c	?gEventMonsterCount@@3HA
0x0004f478	0x000b2174	?gEventSlot@@3HA
0x0004f47e	0x000a9404	?gpMonGroup@@3PAVarmyGroup@@A
0x0004f48a	0x000bb15c	?gEventMonsterCount@@3HA
0x0004f49b	0x000b2174	?gEventSlot@@3HA
0x0004f4a3	0x000b2174	?gEventSlot@@3HA
0x0004f4ac	0x000b2174	?gEventSlot@@3HA
0x0004f4b2	0x000b2174	?gEventSlot@@3HA
0x0004f4ba	0x000a9404	?gpMonGroup@@3PAVarmyGroup@@A
0x0004f4c0	0x000b2174	?gEventSlot@@3HA
0x0004f4c6	0x000c8cbc	?gEventLocation@@3PAVmapCell@@A
0x0004f4d0	0x000b2174	?gEventSlot@@3HA
0x0004f4d6	0x000a9404	?gpMonGroup@@3PAVarmyGroup@@A
0x0004f4e4	0x000b2174	?gEventSlot@@3HA
0x0004f4ea	0x000a9404	?gpMonGroup@@3PAVarmyGroup@@A
0x0004f4f6	0x000bb12c	?gSimOutcome@@3HA
0x0004f4fb	0x000bb128	?gEstGuardPower@@3HA
0x0004f500	0x000bb124	?gEstOurForce@@3HA
0x0004f505	0x000bb120	?gOpponentLosses@@3HA
0x0004f50a	0x000bb11c	?gExpectedOurCasualties@@3HA
0x0004f50f	0x000b4b9c	?gCombatWinningFraction@@3MA
0x0004f51f	0x000a9404	?gpMonGroup@@3PAVarmyGroup@@A
0x0004f533	0x0004a69b	?ProbableOutcomeOfBattle@philAI@@QAEXPAVarmyGroup@@PAVhero@@010CCHAAMAAH3333@Z
0x0004f53c	0x000bb11c	?gExpectedOurCasualties@@3HA
0x0004f548	0x000bb15c	?gEventMonsterCount@@3HA
0x0004f54f	0x000c8cbc	?gEventLocation@@3PAVmapCell@@A
0x0004f561	0x0004d38f	?EvaluateOneTimeCreaturePurchase@philAI@@QAEXPAVhero@@HHHAAH11@Z
0x0004f567	0x000c8cbc	?gEventLocation@@3PAVmapCell@@A
0x0004f590	0x000a74e4	?gpPhilAI@@3PAVphilAI@@A
0x0004f595	0x0004cd57	?FightValueOfStack@philAI@@QAEHPAVarmyGroup@@PAVhero@@HCC@Z
0x0004f5a0	0x000c8cbc	?gEventLocation@@3PAVmapCell@@A
0x0004f5c9	0x0008a450	__real@8@3fffe000000000000000
0x0004f5e7	0x0008a6a4	__real@4@4004f000000000000000
0x0004f5ed	0x0008a6a0	__real@4@4004a000000000000000
0x0004f624	0x000b2208	?gVisitResult@@3HA
0x0004f62e	0x000b2208	?gVisitResult@@3HA
0x0004f634	0x0008a630	__real@8@3ffe9999999999999800
0x0004f63a	0x000bb12c	?gSimOutcome@@3HA
0x0004f640	0x0008a500	__real@8@3ffdccccccccccccd000
0x0004f647	0x000782f4	__ftol
0x0004f64c	0x000b2208	?gVisitResult@@3HA
0x0004f654	0x000b4b9c	?gCombatWinningFraction@@3MA
0x0004f65a	0x0008a410	__real@4@4005c800000000000000
0x0004f65f	0x000782f4	__ftol
0x0004f66a	0x000bb12c	?gSimOutcome@@3HA
0x0004f670	0x000b2208	?gVisitResult@@3HA
0x0004f676	0x000b2208	?gVisitResult@@3HA
0x0004f67f	0x000b4b98	?gDiscountByReloadFlag@@3HA
0x0004f68d	0x000c8cbc	?gEventLocation@@3PAVmapCell@@A
0x0004f698	0x000a7ba0	?gpGame@@3PAVgame@@A
0x0004f6b0	0x000c8cbc	?gEventLocation@@3PAVmapCell@@A
0x0004f6bd	0x000c8cd4	?gaiHeroLiveChance@@3PAFA
0x0004f6cb	0x000c8cc0	?gbTroopReload@@3HA
0x0004f6d4	0x000b2208	?gVisitResult@@3HA
0x0004f6e0	0x000b2208	?gVisitResult@@3HA
0x0004f6f9	0x000a7ba8	?gbIAmGreatest@@3CA
0x0004f703	0x000c8cbc	?gEventLocation@@3PAVmapCell@@A
0x0004f70d	0x000a7ba0	?gpGame@@3PAVgame@@A
0x0004f71c	0x000a9414	?gbHumanPlayer@@3PAHA
0x0004f725	0x000b2208	?gVisitResult@@3HA
0x0004f73d	0x000b2210	?gEventTownScore@@3HA
0x0004f747	0x000ca184	?gEventTownRec@@3PAVtown@@A
0x0004f751	0x000ca17c	?gEventTownArmy@@3PAVarmyGroup@@A
0x0004f75a	0x000c8cbc	?gEventLocation@@3PAVmapCell@@A
0x0004f76a	0x000a7ba0	?gpGame@@3PAVgame@@A
0x0004f776	0x000b4ba4	?gFoe@@3PAVhero@@A
0x0004f77c	0x000b4ba4	?gFoe@@3PAVhero@@A
0x0004f792	0x000b4ba4	?gFoe@@3PAVhero@@A
0x0004f79f	0x000a7ba0	?gpGame@@3PAVgame@@A
0x0004f7ab	0x000ca184	?gEventTownRec@@3PAVtown@@A
0x0004f7b1	0x000ca184	?gEventTownRec@@3PAVtown@@A
0x0004f7ba	0x000ca17c	?gEventTownArmy@@3PAVarmyGroup@@A
0x0004f7c0	0x000ca184	?gEventTownRec@@3PAVtown@@A
0x0004f7c9	0x0004ca51	?ValueOfTown@philAI@@QAEHPAVtown@@@Z
0x0004f7ce	0x000b2210	?gEventTownScore@@3HA
0x0004f7d3	0x000ca184	?gEventTownRec@@3PAVtown@@A
0x0004f7dc	0x000c8cb4	?gHeroGarrisonId@@3HA
0x0004f7e2	0x000ca184	?gEventTownRec@@3PAVtown@@A
0x0004f7f0	0x000ca184	?gEventTownRec@@3PAVtown@@A
0x0004f7fb	0x000a9414	?gbHumanPlayer@@3PAHA
0x0004f803	0x0009ef78	?gAttackHumanBonus@@3MA
0x0004f80e	0x0009ef7c	?gAttackComputerBonus@@3MA
0x0004f84d	0x000782f4	__ftol
0x0004f852	0x000b2210	?gEventTownScore@@3HA
0x0004f85e	0x000a6c48	?giDebugLevel@@3HA
0x0004f870	0x000a6c48	?giDebugLevel@@3HA
0x0004f879	0x000b2208	?gVisitResult@@3HA
0x0004f87e	0x000bb128	?gEstGuardPower@@3HA
0x0004f883	0x000bb124	?gEstOurForce@@3HA
0x0004f888	0x000bb120	?gOpponentLosses@@3HA
0x0004f88d	0x000bb11c	?gExpectedOurCasualties@@3HA
0x0004f892	0x000b4b9c	?gCombatWinningFraction@@3MA
0x0004f897	0x000b4ba4	?gFoe@@3PAVhero@@A
0x0004f8a2	0x000c8cb4	?gHeroGarrisonId@@3HA
0x0004f8ab	0x000ca17c	?gEventTownArmy@@3PAVarmyGroup@@A
0x0004f8b6	0x000ca17c	?gEventTownArmy@@3PAVarmyGroup@@A
0x0004f8bd	0x000b4ba4	?gFoe@@3PAVhero@@A
0x0004f8c3	0x000b4ba4	?gFoe@@3PAVhero@@A
0x0004f8da	0x0004a69b	?ProbableOutcomeOfBattle@philAI@@QAEXPAVarmyGroup@@PAVhero@@010CCHAAMAAH3333@Z
0x0004f8e6	0x000a6c48	?giDebugLevel@@3HA
0x0004f8ef	0x000a6c48	?giDebugLevel@@3HA
0x0004f8f9	0x000b4b9c	?gCombatWinningFraction@@3MA
0x0004f8ff	0x0008a410	__real@4@4005c800000000000000
0x0004f904	0x000782f4	__ftol
0x0004f90f	0x000b2210	?gEventTownScore@@3HA
0x0004f92b	0x000782f4	__ftol
0x0004f930	0x000b2208	?gVisitResult@@3HA
0x0004f93c	0x000b4ba4	?gFoe@@3PAVhero@@A
0x0004f947	0x000a9414	?gbHumanPlayer@@3PAHA
0x0004f950	0x000b2208	?gVisitResult@@3HA
0x0004f95c	0x000b2208	?gVisitResult@@3HA
0x0004f962	0x0008a448	__real@8@3fffc000000000000000
0x0004f967	0x000782f4	__ftol
0x0004f96c	0x000b2208	?gVisitResult@@3HA
0x0004f972	0x000b4b9c	?gCombatWinningFraction@@3MA
0x0004f978	0x0008a468	__real@8@3ffec000000000000000
0x0004f985	0x000c8cbc	?gEventLocation@@3PAVmapCell@@A
0x0004f992	0x000c8cd4	?gaiHeroLiveChance@@3PAFA
0x0004f99f	0x000b4b9c	?gCombatWinningFraction@@3MA
0x0004f9a5	0x0008a3f0	__real@8@3ffe8000000000000000
0x0004f9b2	0x000b4b9c	?gCombatWinningFraction@@3MA
0x0004f9b8	0x0008a69c	__real@4@40068800000000000000
0x0004f9f4	0x0008a698	__real@4@40068200000000000000
0x0004fa1d	0x0008a540	__real@8@3ffd9999999999999800
0x0004fa30	0x0008a694	__real@4@4005fa00000000000000
0x0004fa69	0x0008a690	__real@4@4005e200000000000000
0x0004fa6e	0x000782f4	__ftol
0x0004fa74	0x000c8cbc	?gEventLocation@@3PAVmapCell@@A
0x0004fa81	0x000c8cd4	?gaiHeroLiveChance@@3PAFA
0x0004fa89	0x000b4b9c	?gCombatWinningFraction@@3MA
0x0004fa8f	0x0008a410	__real@4@4005c800000000000000
0x0004fa94	0x000782f4	__ftol
0x0004fa9a	0x000c8cbc	?gEventLocation@@3PAVmapCell@@A
0x0004faa7	0x000c8cd4	?gaiHeroLiveChance@@3PAFA
0x0004faac	0x000c8cbc	?gEventLocation@@3PAVmapCell@@A
0x0004fab9	0x000c8cd4	?gaiHeroLiveChance@@3PAFA
0x0004fac3	0x000c8cbc	?gEventLocation@@3PAVmapCell@@A
0x0004fad0	0x000c8cd4	?gaiHeroLiveChance@@3PAFA
0x0004fade	0x000b4b9c	?gCombatWinningFraction@@3MA
0x0004fae4	0x0008a500	__real@8@3ffdccccccccccccd000
0x0004faf1	0x000b2208	?gVisitResult@@3HA
0x0004faf7	0x000b4b9c	?gCombatWinningFraction@@3MA
0x0004faff	0x0008a4c8	__real@4@4000c000000000000000
0x0004fb06	0x000782f4	__ftol
0x0004fb0b	0x000b2208	?gVisitResult@@3HA
0x0004fb17	0x000b4b9c	?gCombatWinningFraction@@3MA
0x0004fb1d	0x0008a548	__real@8@3ffcccccccccccccd000
0x0004fb2a	0x000b2208	?gVisitResult@@3HA
0x0004fb30	0x000b4b9c	?gCombatWinningFraction@@3MA
0x0004fb38	0x0008a3f8	__real@4@40008000000000000000
0x0004fb3f	0x000782f4	__ftol
0x0004fb44	0x000b2208	?gVisitResult@@3HA
0x0004fb4a	0x000b2208	?gVisitResult@@3HA
0x0004fb53	0x000b4b98	?gDiscountByReloadFlag@@3HA
0x0004fb5d	0x000ca174	?gDiscountForRampageFlag@@3HA
0x0004fb6c	0x000c8cbc	?gEventLocation@@3PAVmapCell@@A
0x0004fb79	0x000a7ba0	?gpGame@@3PAVgame@@A
0x0004fb86	0x000ca184	?gEventTownRec@@3PAVtown@@A
0x0004fb8b	0x000c8cbc	?gEventLocation@@3PAVmapCell@@A
0x0004fb96	0x000a7ba0	?gpGame@@3PAVgame@@A
0x0004fbae	0x000ca184	?gEventTownRec@@3PAVtown@@A
0x0004fbbd	0x000b2208	?gVisitResult@@3HA
0x0004fbc9	0x000b2208	?gVisitResult@@3HA
0x0004fbd2	0x000b2208	?gVisitResult@@3HA
0x0004fbda	0x000ca184	?gEventTownRec@@3PAVtown@@A
0x0004fbe7	0x0004d821	?HeroInteractionAtTown@philAI@@QAEXPAVhero@@PAVtown@@HPAH@Z
0x0004fbed	0x000b2208	?gVisitResult@@3HA
0x0004fbfa	0x000b2178	?gfHeroInteractionBonus@@3PAMA
0x0004fbff	0x000782f4	__ftol
0x0004fc04	0x000b2208	?gVisitResult@@3HA
0x0004fc0a	0x000b4b98	?gDiscountByReloadFlag@@3HA
0x0004fc1a	0x000a7ba8	?gbIAmGreatest@@3CA
0x0004fc24	0x000c8cbc	?gEventLocation@@3PAVmapCell@@A
0x0004fc2e	0x000a7ba0	?gpGame@@3PAVgame@@A
0x0004fc40	0x000c8cbc	?gEventLocation@@3PAVmapCell@@A
0x0004fc4b	0x000a7ba0	?gpGame@@3PAVgame@@A
0x0004fc5a	0x000a9414	?gbHumanPlayer@@3PAHA
0x0004fc63	0x000b2208	?gVisitResult@@3HA
0x0004fc71	0x000ca184	?gEventTownRec@@3PAVtown@@A
0x0004fc7a	0x0004ca51	?ValueOfTown@philAI@@QAEHPAVtown@@@Z
0x0004fc7f	0x000b2210	?gEventTownScore@@3HA
0x0004fc8b	0x000a6c48	?giDebugLevel@@3HA
0x0004fc9d	0x000a6c48	?giDebugLevel@@3HA
0x0004fca7	0x000c8cbc	?gEventLocation@@3PAVmapCell@@A
0x0004fcb4	0x000a7ba0	?gpGame@@3PAVgame@@A
0x0004fe78	0x000782f4	__ftol
0x0004fe7d	0x000b2210	?gEventTownScore@@3HA
0x0004fe83	0x000b2210	?gEventTownScore@@3HA
0x0004fe89	0x000b4b9c	?gCombatWinningFraction@@3MA
0x0004fe8f	0x000bb12c	?gSimOutcome@@3HA
0x0004fe94	0x000782f4	__ftol
0x0004fe99	0x000b2208	?gVisitResult@@3HA
0x0004fef3	0x0008a540	__real@8@3ffd9999999999999800
0x0004fef9	0x0008a688	__real@8@4008fa00000000000000
0x0004ff08	0x0008a4e0	__real@8@3ffbccccccccccccd000
0x0004ff0e	0x0008a688	__real@8@4008fa00000000000000
0x0004ff14	0x000b4ba8	?gCurPlayerData@@3PAVplayerData@@A
0x0004ff2b	0x0008a540	__real@8@3ffd9999999999999800
0x0004ff31	0x0008a688	__real@8@4008fa00000000000000
0x0004ff37	0x0008a680	__real@4@400a9c40000000000000
0x0004ff3d	0x000bb154	?gafAITurnCostResource@@3PAMA
0x0004ff47	0x000bb154	?gafAITurnCostResource@@3PAMA
0x0004ff4d	0x0008a678	__real@8@c008bb80000000000000
0x0004ff54	0x000782f4	__ftol
0x0004ff59	0x000b2208	?gVisitResult@@3HA
0x00050001	0x0008a670	__real@4@4007c800000000000000
0x00050078	0x0008a66c	__real@4@4009bb80000000000000
0x000500c3	0x0008a668	__real@4@4001c000000000000000
0x00050135	0x000903ae	?gSpellAIValue@@3PAFA
0x00050186	0x000903eb	?gSpellAIFlags@@3PACA
0x000501a7	0x0009176c	?gStatPower@@3PAMA
0x000501b5	0x0009180c	?gStatPower@@3PAMA
0x000501c1	0x000b2208	?gVisitResult@@3HA
0x000501cc	0x000782f4	__ftol
0x000501d1	0x000b2208	?gVisitResult@@3HA
0x000501d9	0x000b2208	?gVisitResult@@3HA
0x00050205	0x000b2208	?gVisitResult@@3HA
0x0005021a	0x0008a658	__real@4@4008fa00000000000000
0x0005021f	0x000782f4	__ftol
0x00050224	0x000b2208	?gVisitResult@@3HA
0x0005022e	0x000a7ba0	?gpGame@@3PAVgame@@A
0x00050246	0x000b2208	?gVisitResult@@3HA
0x00050252	0x000b2208	?gVisitResult@@3HA
0x00050261	0x000c8cbc	?gEventLocation@@3PAVmapCell@@A
0x0005028f	0x000c8cbc	?gEventLocation@@3PAVmapCell@@A
0x000502a9	0x000bb154	?gafAITurnCostResource@@3PAMA
0x000502ae	0x000782f4	__ftol
0x000502b3	0x000b2208	?gVisitResult@@3HA
0x000502bd	0x000c8cbc	?gEventLocation@@3PAVmapCell@@A
0x000502d4	0x000bb13c	?gafAITurnCostResource@@3PAMA
0x000502d9	0x000782f4	__ftol
0x000502de	0x000b2208	?gVisitResult@@3HA
0x000502e9	0x000c8cbc	?gEventLocation@@3PAVmapCell@@A
0x00050300	0x000bb144	?gafAITurnCostResource@@3PAMA
0x00050305	0x000782f4	__ftol
0x0005030a	0x000b2208	?gVisitResult@@3HA
0x00050315	0x000c8cbc	?gEventLocation@@3PAVmapCell@@A
0x0005032c	0x000bb14c	?gafAITurnCostResource@@3PAMA
0x00050331	0x000782f4	__ftol
0x00050336	0x000b2208	?gVisitResult@@3HA
0x0005033d	0x000c8cbc	?gEventLocation@@3PAVmapCell@@A
0x00050354	0x000bb148	?gafAITurnCostResource@@3PAMA
0x00050359	0x000782f4	__ftol
0x0005035e	0x000b2208	?gVisitResult@@3HA
0x00050366	0x000c8cbc	?gEventLocation@@3PAVmapCell@@A
0x0005037d	0x000bb140	?gafAITurnCostResource@@3PAMA
0x00050382	0x000782f4	__ftol
0x00050387	0x000b2208	?gVisitResult@@3HA
0x0005038f	0x000c8cbc	?gEventLocation@@3PAVmapCell@@A
0x000503a6	0x000bb150	?gafAITurnCostResource@@3PAMA
0x000503ab	0x000782f4	__ftol
0x000503b0	0x000b2208	?gVisitResult@@3HA
0x000503ba	0x000c8cbc	?gEventLocation@@3PAVmapCell@@A
0x000503ca	0x000b2208	?gVisitResult@@3HA
0x000503dd	0x000784e0	_memset
0x000503e5	0x000c8cbc	?gEventLocation@@3PAVmapCell@@A
0x000503fe	0x0004bc33	?RVConversion@philAI@@QAEHQAH@Z
0x00050403	0x000b2208	?gVisitResult@@3HA
0x0005040d	0x000c8cbc	?gEventLocation@@3PAVmapCell@@A
0x0005041d	0x000b2208	?gVisitResult@@3HA
0x00050429	0x000b4ba8	?gCurPlayerData@@3PAVplayerData@@A
0x00050435	0x0008a4e0	__real@8@3ffbccccccccccccd000
0x0005043a	0x000782f4	__ftol
0x0005043f	0x000b2208	?gVisitResult@@3HA
0x00050449	0x000c8ccc	?gRecruitStackSlot@@3HA
0x0005044e	0x000b2208	?gVisitResult@@3HA
0x00050453	0x000b2214	?gPurchaseTotal@@3HA
0x0005045a	0x000c8cbc	?gEventLocation@@3PAVmapCell@@A
0x0005046e	0x0004d38f	?EvaluateOneTimeCreaturePurchase@philAI@@QAEXPAVhero@@HHHAAH11@Z
0x00050474	0x000b4b98	?gDiscountByReloadFlag@@3HA
0x00050482	0x000c8ccc	?gRecruitStackSlot@@3HA
0x00050487	0x000b2208	?gVisitResult@@3HA
0x0005048c	0x000b2214	?gPurchaseTotal@@3HA
0x00050493	0x000c8cbc	?gEventLocation@@3PAVmapCell@@A
0x000504a7	0x0004d38f	?EvaluateOneTimeCreaturePurchase@philAI@@QAEXPAVhero@@HHHAAH11@Z
0x000504b1	0x000c8ccc	?gRecruitStackSlot@@3HA
0x000504b6	0x000b2208	?gVisitResult@@3HA
0x000504bb	0x000b2214	?gPurchaseTotal@@3HA
0x000504c2	0x000c8cbc	?gEventLocation@@3PAVmapCell@@A
0x000504d6	0x0004d38f	?EvaluateOneTimeCreaturePurchase@philAI@@QAEXPAVhero@@HHHAAH11@Z
0x000504dc	0x000b4b98	?gDiscountByReloadFlag@@3HA
0x000504ea	0x000c8ccc	?gRecruitStackSlot@@3HA
0x000504ef	0x000b2208	?gVisitResult@@3HA
0x000504f4	0x000b2214	?gPurchaseTotal@@3HA
0x000504fb	0x000c8cbc	?gEventLocation@@3PAVmapCell@@A
0x0005050f	0x0004d38f	?EvaluateOneTimeCreaturePurchase@philAI@@QAEXPAVhero@@HHHAAH11@Z
0x00050515	0x000b4b98	?gDiscountByReloadFlag@@3HA
0x00050523	0x000c8ccc	?gRecruitStackSlot@@3HA
0x00050528	0x000b2208	?gVisitResult@@3HA
0x0005052d	0x000b2214	?gPurchaseTotal@@3HA
0x00050534	0x000c8cbc	?gEventLocation@@3PAVmapCell@@A
0x00050548	0x0004d38f	?EvaluateOneTimeCreaturePurchase@philAI@@QAEXPAVhero@@HHHAAH11@Z
0x0005054e	0x000b4b98	?gDiscountByReloadFlag@@3HA
0x0005055c	0x000c8ccc	?gRecruitStackSlot@@3HA
0x00050561	0x000b2208	?gVisitResult@@3HA
0x00050566	0x000b2214	?gPurchaseTotal@@3HA
0x0005056d	0x000c8cbc	?gEventLocation@@3PAVmapCell@@A
0x00050581	0x0004d38f	?EvaluateOneTimeCreaturePurchase@philAI@@QAEXPAVhero@@HHHAAH11@Z
0x00050587	0x000b4b98	?gDiscountByReloadFlag@@3HA
0x00050595	0x000c8ccc	?gRecruitStackSlot@@3HA
0x0005059a	0x000b2208	?gVisitResult@@3HA
0x0005059f	0x000b2214	?gPurchaseTotal@@3HA
0x000505a6	0x000c8cbc	?gEventLocation@@3PAVmapCell@@A
0x000505ba	0x0004d38f	?EvaluateOneTimeCreaturePurchase@philAI@@QAEXPAVhero@@HHHAAH11@Z
0x000505c0	0x000b4b98	?gDiscountByReloadFlag@@3HA
0x000505ce	0x000c8cbc	?gEventLocation@@3PAVmapCell@@A
0x000505de	0x000b2208	?gVisitResult@@3HA
0x000505ed	0x000c8cbc	?gEventLocation@@3PAVmapCell@@A
0x00050661	0x000b2174	?gEventSlot@@3HA
0x0005066c	0x000b2174	?gEventSlot@@3HA
0x00050674	0x000b2174	?gEventSlot@@3HA
0x0005067a	0x000b2174	?gEventSlot@@3HA
0x00050683	0x000a9404	?gpMonGroup@@3PAVarmyGroup@@A
0x00050689	0x000b2174	?gEventSlot@@3HA
0x00050692	0x000b2174	?gEventSlot@@3HA
0x00050697	0x000a9404	?gpMonGroup@@3PAVarmyGroup@@A
0x000506a8	0x000c8cbc	?gEventLocation@@3PAVmapCell@@A
0x000506d5	0x000b2208	?gVisitResult@@3HA
0x000506e2	0x000bb154	?gafAITurnCostResource@@3PAMA
0x00050744	0x0008a448	__real@8@3fffc000000000000000
0x00050749	0x000782f4	__ftol
0x00050752	0x000b2174	?gEventSlot@@3HA
0x0005075e	0x000b2174	?gEventSlot@@3HA
0x00050767	0x000b2174	?gEventSlot@@3HA
0x0005076d	0x000b2174	?gEventSlot@@3HA
0x00050776	0x000a9404	?gpMonGroup@@3PAVarmyGroup@@A
0x0005077c	0x000b2174	?gEventSlot@@3HA
0x00050784	0x000b2174	?gEventSlot@@3HA
0x0005078a	0x000a9404	?gpMonGroup@@3PAVarmyGroup@@A
0x00050799	0x000a7ba0	?gpGame@@3PAVgame@@A
0x000507b1	0x000b2208	?gVisitResult@@3HA
0x000507bf	0x000a7ba0	?gpGame@@3PAVgame@@A
0x000507d0	0x000b2208	?gVisitResult@@3HA
0x00050823	0x0004e275	?ChooseEvaluateBattle@philAI@@QAEXPAVarmyGroup@@PAVhero@@01HHHAAH2@Z
0x0005082a	0x000b2208	?gVisitResult@@3HA
0x00050852	0x0004e275	?ChooseEvaluateBattle@philAI@@QAEXPAVarmyGroup@@PAVhero@@01HHHAAH2@Z
0x0005085d	0x0009ef80	_?gEvaluatingTravelGates@?1??ValueOfEventAtPosition@philAI@@QAEHPAVhero@@FFHPAH@Z@4HA
0x00050866	0x000b2208	?gVisitResult@@3HA
0x00050875	0x0009ef80	_?gEvaluatingTravelGates@?1??ValueOfEventAtPosition@philAI@@QAEHPAVhero@@FFHPAH@Z@4HA
0x000508c8	0x000a7480	?gpAdvManager@@3PAVadvManager@@A
0x000508cd	0x00006d26	?GetCell@advManager@@QAEPAVmapCell@@FF@Z
0x000508df	0x00078538	_abs
0x000508f3	0x00078538	_abs
0x000508fe	0x000c8cbc	?gEventLocation@@3PAVmapCell@@A
0x00050925	0x000c8cbc	?gEventLocation@@3PAVmapCell@@A
0x0005094a	0x0004c217	?StrategicValueOfPosition@philAI@@QAEHPAVhero@@FFCPAH@Z
0x00050956	0x0008a660	__real@8@3ffed999999999999800
0x0005095b	0x000782f4	__ftol
0x000509c8	0x000b2208	?gVisitResult@@3HA
0x000509d0	0x000b2208	?gVisitResult@@3HA
0x000509da	0x0009ef80	_?gEvaluatingTravelGates@?1??ValueOfEventAtPosition@philAI@@QAEHPAVhero@@FFHPAH@Z@4HA
0x000509e4	0x000b4b98	?gDiscountByReloadFlag@@3HA
0x000509f3	0x000c8cbc	?gEventLocation@@3PAVmapCell@@A
0x00050a10	0x000bb154	?gafAITurnCostResource@@3PAMA
0x00050a15	0x000782f4	__ftol
0x00050a1a	0x000b2208	?gVisitResult@@3HA
0x00050a25	0x000ca180	?gbActualBoatFound@@3CA
0x00050a2c	0x000b2208	?gVisitResult@@3HA
0x00050a3b	0x000b2208	?gVisitResult@@3HA
0x00050a4a	0x000b2208	?gVisitResult@@3HA
0x00050a59	0x000b4ba8	?gCurPlayerData@@3PAVplayerData@@A
0x00050a95	0x00090e2c	?gUltArtifactAvgValue@@3HA
0x00050aa5	0x000b2208	?gVisitResult@@3HA
0x00050aad	0x000c8cbc	?gEventLocation@@3PAVmapCell@@A
0x00050aba	0x000bb158	?gDefaultEventType@@3HA
0x00050ac0	0x000bb158	?gDefaultEventType@@3HA
0x00050ac9	0x000bb158	?gDefaultEventType@@3HA
0x00050ad2	0x000b2208	?gVisitResult@@3HA
0x00050adc	0x000c8cc0	?gbTroopReload@@3HA
0x00050ae5	0x000b4b98	?gDiscountByReloadFlag@@3HA
0x00050aee	0x000b2208	?gVisitResult@@3HA
0x00050af4	0x000b220c	?fReduceFactor@@3MA
0x00050af9	0x000782f4	__ftol
0x00050afe	0x000b2208	?gVisitResult@@3HA
0x00050b04	0x000ca160	?gbBerserk@@3HA
0x00050b0d	0x000ca174	?gDiscountForRampageFlag@@3HA
0x00050b16	0x000b2208	?gVisitResult@@3HA
0x00050b1c	0x000b4bac	?fBerserkFactor@@3MA
0x00050b21	0x000782f4	__ftol
0x00050b26	0x000b2208	?gVisitResult@@3HA
0x00050b36	0x000b2208	?gVisitResult@@3HA
0x00050b4d	0x000a7fc0	?mapExtra@@3PAY0EI@EA
0x00050b5c	0x000c8cbc	?gEventLocation@@3PAVmapCell@@A
0x00050b6f	0x000b2208	?gVisitResult@@3HA
0x00050b79	0x000b2208	?gVisitResult@@3HA
0x00050b81	0x000c8cbc	?gEventLocation@@3PAVmapCell@@A
0x00050b94	0x000b2208	?gVisitResult@@3HA
0x00050ba0	0x000b2208	?gVisitResult@@3HA
0x00050bac	0x000b2208	?gVisitResult@@3HA
0x00050bb8	0x000b2208	?gVisitResult@@3HA
0x00050bc4	0x000b2208	?gVisitResult@@3HA
0x00050bdd	0x000b2208	?gVisitResult@@3HA
0x00050be5	0x000b7434	?gHeroEventStratRVOfPos@@3PAY0EI@FA
0x00050bea	0x000b2208	?gVisitResult@@3HA
0x00050dd4	0x0009ef84	$SG651140
0x00050eff	0x00088e9b	__ehreg$?Open@recruitUnit@@UAEFF@Z
0x00051166	0x000a74a8	?gpWindowManager@@3PAVheroWindowManager@@A
0x0005116b	0x0006a657	?RemoveWindow@heroWindowManager@@QAEXPAVheroWindow@@@Z
0x0005117d	0x00077c4d	??3@YAXPAX@Z
0x000511a3	0x0009efe0	$SG21573
0x000511a8	0x0003e693	?NormalDialog@@YAXPADHHHHHHHH@Z
0x000511c2	0x000a74a8	?gpWindowManager@@3PAVheroWindowManager@@A
0x000511c7	0x0006a4b4	?BroadcastMessage@heroWindowManager@@QAEFFFFF@Z
0x000511e4	0x000a940c	?gpTownManager@@3PAVtownManager@@A
0x000511e9	0x0006243d	?ResetStrips@townManager@@QAEXXZ
0x000511ef	0x000a940c	?gpTownManager@@3PAVtownManager@@A
0x000511fa	0x0005cde5	?Update@bankBox@@QAEXXZ
0x0005122b	0x0009f008	$SG21581
0x00051230	0x0009f014	$SG21582
0x00051235	0x000a7168	?gText@@3PADA
0x0005123a	0x0007823f	_sprintf
0x0005124a	0x000a7168	?gText@@3PADA
0x00051259	0x0006da11	?BroadcastMessage@heroWindow@@QAEFAAUtag_message@@@Z
0x00051266	0x0009f01c	$SG21583
0x0005126b	0x000a7168	?gText@@3PADA
0x00051270	0x0007823f	_sprintf
0x00051288	0x0006da11	?BroadcastMessage@heroWindow@@QAEFAAUtag_message@@@Z
0x000512a8	0x0009f020	$SG21584
0x000512ad	0x000a7168	?gText@@3PADA
0x000512b2	0x0007823f	_sprintf
0x000512ca	0x0006da11	?BroadcastMessage@heroWindow@@QAEFAAUtag_message@@@Z
0x000512fb	0x0009f024	$SG21586
0x00051300	0x000a7168	?gText@@3PADA
0x00051305	0x0007823f	_sprintf
0x0005131d	0x0006da11	?BroadcastMessage@heroWindow@@QAEFAAUtag_message@@@Z
0x000516a4	0x000688c0	??0baseManager@@QAE@XZ
0x000516ad	0x0008a6a8	??_7recruitUnit@@6B@
0x000516e0	0x0003e3de	?GetMonsterCost@@YAXHQAH@Z
0x00051760	0x000688c0	??0baseManager@@QAE@XZ
0x00051769	0x0008a6a8	??_7recruitUnit@@6B@
0x00051794	0x00090608	?gDwellingType@@3PAY05CA
0x000517b9	0x0003e3de	?GetMonsterCost@@YAXHQAH@Z
0x00051832	0x00088eb0	__ehreg$?QuickViewRecruit@@YAXPAVtown@@C@Z
0x00051859	0x00090608	?gDwellingType@@3PAY05CA
0x00051878	0x0003e3de	?GetMonsterCost@@YAXHQAH@Z
0x000518d4	0x00077d50	??2@YAPAXI@Z
0x000518f4	0x0009f028	$SG21688
0x000518fd	0x0009f038	$SG21689
0x00051910	0x0006d150	??0heroWindow@@QAE@FFPAD@Z
0x0005193a	0x00042146	?MemError@@YAXXZ
0x00051957	0x00050d30	?SetupRecruitWin@@YAXPAVheroWindow@@HHHHH@Z
0x00051960	0x000a7164	?gpMouseManager@@3PAVmouseManager@@A
0x00051965	0x0006bf87	?ReallyHidePointer@mouseManager@@QAEXXZ
0x00051973	0x000a74a8	?gpWindowManager@@3PAVheroWindowManager@@A
0x00051978	0x0006a4f1	?AddWindow@heroWindowManager@@QAEXPAVheroWindow@@FC@Z
0x0005197d	0x000404c4	?QuickViewWait@@YAXXZ
0x00051987	0x000a74a8	?gpWindowManager@@3PAVheroWindowManager@@A
0x0005198c	0x0006a657	?RemoveWindow@heroWindowManager@@QAEXPAVheroWindow@@@Z
0x00051992	0x000a7164	?gpMouseManager@@3PAVmouseManager@@A
0x00051997	0x0006bf6f	?ReallyShowPointer@mouseManager@@QAEXXZ
0x000519f6	0x000a9944	?gRemoteOn@@3HA
0x00051a02	0x000cc814	?gRemoteGameMode@@3EA
0x00051a1e	0x00051a46	$L22021
0x00051a25	0x00051d50	?UnloadRemoteDriver@@YAXF@Z
0x00051a31	0x00051d50	?UnloadRemoteDriver@@YAXF@Z
0x00051a3a	0x000a9944	?gRemoteOn@@3HA
0x00051a46	0x00051a22	$L21415
0x00051a4a	0x00051a22	$L21415
0x00051a4e	0x00051a2e	$L21416
0x00051a52	0x00051a2e	$L21416
0x00051a5b	0x0009f09c	$SG21425
0x00051a64	0x0007985b	_fopen
0x00051a79	0x00041943	?FileError@@YAXPAD@Z
0x00051a8b	0x00079771	_fseek
0x00051aa1	0x0007965a	_fread
0x00051aad	0x000795dd	_fclose
0x00051b4c	0x000784e0	_memset
0x00051b58	0x000cc670	?iLastIds@@3PAHA
0x00051b5d	0x000784e0	_memset
0x00051b68	0x000cc814	?gRemoteGameMode@@3EA
0x00051bcd	0x000a9944	?gRemoteOn@@3HA
0x00051bd7	0x000cb3e4	?iNetGuests@@3HA
0x00051be1	0x000ca2ac	?inque@@3Uinque_t@@A
0x00051beb	0x000ca2a8	?inque@@3Uinque_t@@A
0x00051bf5	0x000cb76c	?outque@@3Uoutque_t@@A
0x00051bff	0x000cb768	?outque@@3Uoutque_t@@A
0x00051c0a	0x000a9931	?gDirectConnect@@3CA
0x00051c17	0x000a94e8	?gConfig@@3UconfigStruct@@A
0x00051c1c	0x0009f054	?gBaudBits@@3HA
0x00051c21	0x0005275e	?ModemSetup@@YAXXZ
0x00051c79	0x000519f0	?RemoteCleanup@@YAXXZ
0x00051c7f	0x000cc814	?gRemoteGameMode@@3EA
0x00051c8e	0x000a9931	?gDirectConnect@@3CA
0x00051c98	0x000cb510	?WFDCStage@@3HA
0x00051d2a	0x000cc7f0	?gIDCtr@@3HA
0x00051d30	0x000cc81c	?gInNetSetup@@3CA
0x00051d6c	0x0001d048	?com_term@@YAXF@Z
0x00051d78	0x00044ebf	_nb_term
0x00051e36	0x000cb564	?PacketSend@@3PADA
0x00051e3f	0x000cb565	?PacketSend@@3PADA
0x00051e45	0x000cc815	?gPacketSequence@@3EA
0x00051e4b	0x000cb566	?PacketSend@@3PADA
0x00051e53	0x000cb567	?PacketSend@@3PADA
0x00051e64	0x000cb568	?PacketSend@@3PADA
0x00051e71	0x000cb56a	?PacketSend@@3PADA
0x00051e76	0x00078550	_memcpy
0x00051e85	0x000cb564	?PacketSend@@3PADA
0x00051e8e	0x00051d83	?calc_crc@@YAXPAGPAEH@Z
0x00051e9b	0x000cb568	?PacketSend@@3PADA
0x00051ed1	0x000cb2d9	?packet@@3PADA
0x00051ee0	0x000cb2d9	?packet@@3PADA
0x00051ef0	0x000cb2db	?packet@@3PADA
0x00051efa	0x000cb2dc	?packet@@3PADA
0x00051f05	0x000cb2dc	?packet@@3PADA
0x00051f42	0x000cb2de	?packet@@3PADA
0x0005207a	0x000cc814	?gRemoteGameMode@@3EA
0x0005209a	0x00052127	$L22033
0x000520a1	0x000cc814	?gRemoteGameMode@@3EA
0x000520ac	0x0009f048	?gNetNameIndex@@3HA
0x000520c0	0x000cb2d8	?packet@@3PADA
0x000520cc	0x00045089	_nb_rcv
0x000520ec	0x00051ea9	?DecodePacket@@YAHPAEH@Z
0x000520f9	0x00053122	?ReadPacket@@YADXZ
0x00052116	0x00051ea9	?DecodePacket@@YAHPAEH@Z
0x00052127	0x0005209e	$L21582
0x0005212b	0x0005209e	$L21582
0x0005212f	0x000520f8	$L21586
0x00052133	0x000520f8	$L21586
0x0005217d	0x000cc81d	_?gInitNetHostStatus@?1??InitNetHost@@YACXZ@4CA
0x00052184	0x000cc81d	_?gInitNetHostStatus@?1??InitNetHost@@YACXZ@4CA
0x0005218a	0x000a9944	?gRemoteOn@@3HA
0x00052194	0x000a74d4	?giThisNetPos@@3HA
0x000521a6	0x000456ff	_nb_stat
0x000521c5	0x000cc81d	_?gInitNetHostStatus@?1??InitNetHost@@YACXZ@4CA
0x000521ce	0x000cc81d	_?gInitNetHostStatus@?1??InitNetHost@@YACXZ@4CA
0x000521e2	0x0009f048	?gNetNameIndex@@3HA
0x000521ec	0x0009f048	?gNetNameIndex@@3HA
0x000521f2	0x0009f11c	$SG21601
0x00052204	0x000a7168	?gText@@3PADA
0x0005220d	0x0004520f	_nb_sess
0x0005221d	0x000cc81d	_?gInitNetHostStatus@?1??InitNetHost@@YACXZ@4CA
0x00052226	0x000cc81d	_?gInitNetHostStatus@?1??InitNetHost@@YACXZ@4CA
0x000522ad	0x000cc81e	?gInitNetGuestStatus@@3CA
0x000522c4	0x00052469	$L22037
0x000522cb	0x00044d24	_nb_init
0x000522db	0x0009f190	$SG21630
0x000522e0	0x00041824	?ShutDown@@YAXPAD@Z
0x000522eb	0x000a9944	?gRemoteOn@@3HA
0x000522f5	0x000a74d4	?giThisNetPos@@3HA
0x000522fe	0x000cc81e	?gInitNetGuestStatus@@3CA
0x00052305	0x000cc81e	?gInitNetGuestStatus@@3CA
0x00052313	0x000456ff	_nb_stat
0x00052328	0x000cc81e	?gInitNetGuestStatus@@3CA
0x00052331	0x000cc81e	?gInitNetGuestStatus@@3CA
0x00052339	0x000cc81e	?gInitNetGuestStatus@@3CA
0x00052342	0x000cc81e	?gInitNetGuestStatus@@3CA
0x0005234c	0x000a74d4	?giThisNetPos@@3HA
0x00052352	0x0009f1a8	$SG21636
0x00052357	0x000a7168	?gText@@3PADA
0x0005235c	0x0007823f	_sprintf
0x00052364	0x000a7168	?gText@@3PADA
0x0005236d	0x0004520f	_nb_sess
0x0005237d	0x000cc81e	?gInitNetGuestStatus@@3CA
0x00052386	0x000cc81e	?gInitNetGuestStatus@@3CA
0x0005238d	0x0009f1b4	$SG21639
0x00052392	0x00041824	?ShutDown@@YAXPAD@Z
0x000523a3	0x000456ff	_nb_stat
0x000523d5	0x000a74d4	?giThisNetPos@@3HA
0x000523de	0x000a74d4	?giThisNetPos@@3HA
0x000523e4	0x000a74d4	?giThisNetPos@@3HA
0x000523ec	0x0009f1e0	$SG21644
0x000523f1	0x000a7168	?gText@@3PADA
0x000523f6	0x0007823f	_sprintf
0x000523fe	0x000a7168	?gText@@3PADA
0x00052403	0x00041824	?ShutDown@@YAXPAD@Z
0x0005240d	0x000cc81e	?gInitNetGuestStatus@@3CA
0x00052414	0x000cc81e	?gInitNetGuestStatus@@3CA
0x0005241c	0x000cc81e	?gInitNetGuestStatus@@3CA
0x00052425	0x000cc81e	?gInitNetGuestStatus@@3CA
0x00052432	0x0004520f	_nb_sess
0x00052441	0x0009f220	$SG21649
0x00052446	0x000a7168	?gText@@3PADA
0x0005244b	0x0007823f	_sprintf
0x00052453	0x000a7168	?gText@@3PADA
0x00052458	0x00041824	?ShutDown@@YAXPAD@Z
0x00052469	0x000522c8	$L21627
0x0005246d	0x0005230e	$L21632
0x00052471	0x0005234b	$L21635
0x00052475	0x0005239e	$L21640
0x00052479	0x0005242b	$L21647
0x00052484	0x000cc81f	?gWaitForHostStatus@@3CA
0x0005249e	0x000456ff	_nb_stat
0x000524b8	0x000cc81f	?gWaitForHostStatus@@3CA
0x000524c1	0x000cc81f	?gWaitForHostStatus@@3CA
0x000524d0	0x00045089	_nb_rcv
0x000524e4	0x000cb3e4	?iNetGuests@@3HA
0x000524f9	0x000cc820	_?gWaitForGuestStatus@?1??WaitForGuest@@YACXZ@4CA
0x00052518	0x0004520f	_nb_sess
0x0005252d	0x000cc820	_?gWaitForGuestStatus@?1??WaitForGuest@@YACXZ@4CA
0x00052536	0x000cc820	_?gWaitForGuestStatus@?1??WaitForGuest@@YACXZ@4CA
0x00052546	0x000456ff	_nb_stat
0x00052564	0x00044b4e	?KBTickCount@@YAHXZ
0x0005256a	0x000cc824	_?gLastBroadcastTime@?1??WaitForGuest@@YACXZ@4HA
0x00052579	0x00044b4e	?KBTickCount@@YAHXZ
0x0005257e	0x000cc824	_?gLastBroadcastTime@?1??WaitForGuest@@YACXZ@4HA
0x0005258d	0x00045121	_nb_snd
0x00052598	0x000cb3e4	?iNetGuests@@3HA
0x000525a1	0x000cb3e4	?iNetGuests@@3HA
0x000525a8	0x0009f048	?gNetNameIndex@@3HA
0x000525b7	0x0004520f	_nb_sess
0x000525d0	0x000cb3e4	?iNetGuests@@3HA
0x000525d9	0x000cc814	?gRemoteGameMode@@3EA
0x000525f7	0x000a7b8d	?giWaitType@@3CA
0x000525fd	0x0009f24c	$SG21692
0x00052602	0x000a7168	?gText@@3PADA
0x00052607	0x0007823f	_sprintf
0x0005261f	0x000a7168	?gText@@3PADA
0x00052624	0x0003e693	?NormalDialog@@YAXPADHHHHHHHH@Z
0x0005262e	0x000a70c4	?gbFunctionComplete@@3CA
0x00052639	0x00041824	?ShutDown@@YAXPAD@Z
0x00052642	0x000a7b8d	?giWaitType@@3CA
0x00052648	0x0009f288	$SG21694
0x0005264d	0x000a7168	?gText@@3PADA
0x00052652	0x0007823f	_sprintf
0x0005266a	0x000a7168	?gText@@3PADA
0x0005266f	0x0003e693	?NormalDialog@@YAXPADHHHHHHHH@Z
0x00052679	0x000a70c4	?gbFunctionComplete@@3CA
0x00052684	0x00041824	?ShutDown@@YAXPAD@Z
0x0005268c	0x000cb3e4	?iNetGuests@@3HA
0x0005269d	0x0009f048	?gNetNameIndex@@3HA
0x000526a8	0x00045121	_nb_snd
0x000526b7	0x0003c7b0	_PollSound
0x000526c4	0x000a7b8d	?giWaitType@@3CA
0x000526ca	0x0009f2c0	$SG21700
0x000526cf	0x000a7168	?gText@@3PADA
0x000526d4	0x0007823f	_sprintf
0x000526ec	0x000a7168	?gText@@3PADA
0x000526f1	0x0003e693	?NormalDialog@@YAXPADHHHHHHHH@Z
0x000526fb	0x000a70c4	?gbFunctionComplete@@3CA
0x00052706	0x00041824	?ShutDown@@YAXPAD@Z
0x0005270f	0x000a7b8d	?giWaitType@@3CA
0x00052715	0x0009f2fc	$SG21702
0x0005271a	0x000a7168	?gText@@3PADA
0x0005271f	0x0007823f	_sprintf
0x00052737	0x000a7168	?gText@@3PADA
0x0005273c	0x0003e693	?NormalDialog@@YAXPADHHHHHHHH@Z
0x00052746	0x000a70c4	?gbFunctionComplete@@3CA
0x00052751	0x00041824	?ShutDown@@YAXPAD@Z
0x00052846	0x000ca294	?iLastDialPos@@3HA
0x0005284f	0x000ca1a0	?numbuf@@3PADA
0x00052854	0x0009f33c	$SG21725
0x0005285d	0x0007823f	_sprintf
0x00052865	0x000ca1a0	?numbuf@@3PADA
0x0005286a	0x0009f344	$SG21726
0x0005286f	0x0009f354	$SG21727
0x00052874	0x000a7168	?gText@@3PADA
0x00052879	0x0007823f	_sprintf
0x00052885	0x000a7168	?gText@@3PADA
0x0005288a	0x0005291e	?GUIModemCommand@@YAXPAD0@Z
0x00052892	0x000ca1a0	?numbuf@@3PADA
0x00052897	0x0009f35c	$SG21728
0x0005289c	0x0009f36c	$SG21729
0x000528a1	0x000a7168	?gText@@3PADA
0x000528a6	0x0007823f	_sprintf
0x000528ae	0x0009f374	$SG21731
0x000528b3	0x000a7168	?gText@@3PADA
0x000528b8	0x00052a5e	?GUIModemResponse@@YACPAD0@Z
0x000528d7	0x0009f37c	$SG21735
0x000528dc	0x0009f384	$SG21736
0x000528e1	0x00052a5e	?GUIModemResponse@@YACPAD0@Z
0x000528e9	0x0009f398	$SG21737
0x000528ee	0x0009f39c	$SG21738
0x000528f3	0x0005291e	?GUIModemCommand@@YAXPAD0@Z
0x000528fb	0x0009f3b4	$SG21740
0x00052900	0x0009f3bc	$SG21741
0x00052905	0x00052a5e	?GUIModemResponse@@YACPAD0@Z
0x00052923	0x000cb3ec	?iLastActionTime@@3HA
0x0005292d	0x000cb3e0	?iModemCommandPos@@3HA
0x00052937	0x000a7b8d	?giWaitType@@3CA
0x00052941	0x000ca264	?gModemCommand@@3PADA
0x00052946	0x00077c60	_strcpy
0x00052962	0x0003e693	?NormalDialog@@YAXPADHHHHHHHH@Z
0x0005296c	0x000a70c4	?gbFunctionComplete@@3CA
0x00052977	0x00041824	?ShutDown@@YAXPAD@Z
0x00052985	0x00044b4e	?KBTickCount@@YAHXZ
0x0005298b	0x000cb3ec	?iLastActionTime@@3HA
0x0005299e	0x00044b4e	?KBTickCount@@YAHXZ
0x000529a3	0x000cb3ec	?iLastActionTime@@3HA
0x000529a8	0x000ca264	?gModemCommand@@3PADA
0x000529ad	0x00078460	_strlen
0x000529b9	0x000cb3e0	?iModemCommandPos@@3HA
0x000529c5	0x000cb3e0	?iModemCommandPos@@3HA
0x000529ca	0x000ca264	?gModemCommand@@3PADA
0x000529d0	0x00052b7c	?write_buffer@@YAHPADH@Z
0x000529d9	0x000cb3e0	?iModemCommandPos@@3HA
0x000529e2	0x000cb3e0	?iModemCommandPos@@3HA
0x000529ed	0x0009f3d4	$SG21754
0x000529f2	0x00052b7c	?write_buffer@@YAHPADH@Z
0x00052a0a	0x00078460	_strlen
0x00052a38	0x00052b7c	?write_buffer@@YAHPADH@Z
0x00052a42	0x000463d9	?DelayMilli@@YAXH@Z
0x00052a4e	0x0009f3d8	$SG21763
0x00052a53	0x00052b7c	?write_buffer@@YAHPADH@Z
0x00052a66	0x000cb514	?GUIMRresponse@@3PADA
0x00052a6b	0x000784e0	_memset
0x00052a74	0x000cb3d8	?GUIMRrespptr@@3HA
0x00052a81	0x000cb2b0	?GUIMRresp@@3PADA
0x00052a86	0x00077c60	_strcpy
0x00052a8f	0x000a7b8d	?giWaitType@@3CA
0x00052aa9	0x0003e693	?NormalDialog@@YAXPADHHHHHHHH@Z
0x00052ab3	0x000a70c4	?gbFunctionComplete@@3CA
0x00052abe	0x00041824	?ShutDown@@YAXPAD@Z
0x00052acd	0x00052b9d	?read_byte@@YAHXZ
0x00052ad2	0x000cb40c	?GUIMRc@@3HA
0x00052ad8	0x000cb40c	?GUIMRc@@3HA
0x00052ae8	0x000cb40c	?GUIMRc@@3HA
0x00052af1	0x000cb3d8	?GUIMRrespptr@@3HA
0x00052af9	0x000cb3d8	?GUIMRrespptr@@3HA
0x00052aff	0x000cb514	?GUIMRresponse@@3PADA
0x00052b06	0x000cb3d8	?GUIMRrespptr@@3HA
0x00052b0f	0x000cb525	?GUIMRresponse@@3PADA
0x00052b18	0x000cb40c	?GUIMRc@@3HA
0x00052b21	0x000cb3d8	?GUIMRrespptr@@3HA
0x00052b27	0x000cb40c	?GUIMRc@@3HA
0x00052b2d	0x000cb514	?GUIMRresponse@@3PADA
0x00052b32	0x000cb3d8	?GUIMRrespptr@@3HA
0x00052b3a	0x000cb3d8	?GUIMRrespptr@@3HA
0x00052b43	0x000cb2b0	?GUIMRresp@@3PADA
0x00052b48	0x00078460	_strlen
0x00052b51	0x000cb2b0	?GUIMRresp@@3PADA
0x00052b56	0x000cb514	?GUIMRresponse@@3PADA
0x00052b5b	0x00079a00	_strncmp
0x00052b68	0x000cb3d8	?GUIMRrespptr@@3HA
0x00052bac	0x0001d126	?com_rcv@@YAFFGPAX@Z
0x00052be0	0x0001d1e4	?com_snd@@YAFFGGPAXH@Z
0x00052bf1	0x00044b4e	?KBTickCount@@YAHXZ
0x00052c17	0x000cc7e8	?idstr@@3PADA
0x00052c1e	0x000cc7e8	?idstr@@3PADA
0x00052c43	0x000cc7e9	?idstr@@3PADA
0x00052c4a	0x000cc7e9	?idstr@@3PADA
0x00052c6f	0x000cc7ea	?idstr@@3PADA
0x00052c76	0x000cc7ea	?idstr@@3PADA
0x00052c9b	0x000cc7eb	?idstr@@3PADA
0x00052ca2	0x000cc7eb	?idstr@@3PADA
0x00052cc4	0x000cc7ec	?idstr@@3PADA
0x00052ccb	0x000cc7ec	?idstr@@3PADA
0x00052ce5	0x000cc7ed	?idstr@@3PADA
0x00052ceb	0x000cc7ee	?idstr@@3PADA
0x00052cf2	0x000ca290	?oldsec@@3HA
0x00052cfc	0x000cb3dc	?remotestage@@3HA
0x00052d06	0x000cb3dc	?remotestage@@3HA
0x00052d0c	0x000ca28c	?localstage@@3HA
0x00052d11	0x00053122	?ReadPacket@@YADXZ
0x00052d22	0x000cc800	?gModemPacketLength@@3HA
0x00052d28	0x000cb2d8	?packet@@3PADA
0x00052d2f	0x000cc800	?gModemPacketLength@@3HA
0x00052d3e	0x0009f3dc	$SG21801
0x00052d43	0x000cb2d8	?packet@@3PADA
0x00052d48	0x00079a00	_strncmp
0x00052d5b	0x000cc7e8	?idstr@@3PADA
0x00052d60	0x000cb2da	?packet@@3PADA
0x00052d65	0x00079a00	_strncmp
0x00052d71	0x0009f3e0	$SG21803
0x00052d76	0x000a7168	?gText@@3PADA
0x00052d7b	0x0007823f	_sprintf
0x00052d90	0x000519f0	?RemoteCleanup@@YAXXZ
0x00052d97	0x000cb2da	?packet@@3PADA
0x00052d9c	0x000ca29c	?remoteidstr@@3PADA
0x00052da1	0x00078f60	_strncpy
0x00052dab	0x000cb2e1	?packet@@3PADA
0x00052db4	0x000cb3dc	?remotestage@@3HA
0x00052db9	0x000cb3dc	?remotestage@@3HA
0x00052dc1	0x000ca28c	?localstage@@3HA
0x00052dc7	0x000ca290	?oldsec@@3HA
0x00052dd0	0x00044b4e	?KBTickCount@@YAHXZ
0x00052dd5	0x000ca298	?stime@@3HA
0x00052dfb	0x000ca298	?stime@@3HA
0x00052e01	0x000ca290	?oldsec@@3HA
0x00052e06	0x000ca28c	?localstage@@3HA
0x00052e0c	0x000cc7e8	?idstr@@3PADA
0x00052e11	0x0009f410	$SG21805
0x00052e1a	0x0007823f	_sprintf
0x00052e33	0x00053206	?WriteModemPacket@@YAXPADH@Z
0x00052e3b	0x0003c7b0	_PollSound
0x00052e41	0x000ca28c	?localstage@@3HA
0x00052e4d	0x00053122	?ReadPacket@@YADXZ
0x00052e67	0x000cb510	?WFDCStage@@3HA
0x00052e8e	0x00044b4e	?KBTickCount@@YAHXZ
0x00052eb4	0x000cc7e8	?idstr@@3PADA
0x00052ebb	0x000cc7e8	?idstr@@3PADA
0x00052ee0	0x000cc7e9	?idstr@@3PADA
0x00052ee7	0x000cc7e9	?idstr@@3PADA
0x00052f0c	0x000cc7ea	?idstr@@3PADA
0x00052f13	0x000cc7ea	?idstr@@3PADA
0x00052f38	0x000cc7eb	?idstr@@3PADA
0x00052f3f	0x000cc7eb	?idstr@@3PADA
0x00052f61	0x000cc7ec	?idstr@@3PADA
0x00052f68	0x000cc7ec	?idstr@@3PADA
0x00052f82	0x000cc7ed	?idstr@@3PADA
0x00052f88	0x000cc7ee	?idstr@@3PADA
0x00052f8f	0x000ca290	?oldsec@@3HA
0x00052f99	0x000cb3dc	?remotestage@@3HA
0x00052fa3	0x000cb3dc	?remotestage@@3HA
0x00052fa9	0x000ca28c	?localstage@@3HA
0x00052fae	0x000cb510	?WFDCStage@@3HA
0x00052fb6	0x000cb510	?WFDCStage@@3HA
0x00052fc0	0x00053122	?ReadPacket@@YADXZ
0x00052fd1	0x000cc800	?gModemPacketLength@@3HA
0x00052fd7	0x000cb2d8	?packet@@3PADA
0x00052fde	0x000cc800	?gModemPacketLength@@3HA
0x00052fef	0x0009f418	$SG21823
0x00052ff4	0x000cb2d8	?packet@@3PADA
0x00052ff9	0x00079a00	_strncmp
0x0005300e	0x000cc7e8	?idstr@@3PADA
0x00053013	0x000cb2da	?packet@@3PADA
0x00053018	0x00079a00	_strncmp
0x00053043	0x000519f0	?RemoteCleanup@@YAXXZ
0x0005304a	0x000cb2da	?packet@@3PADA
0x0005304f	0x000ca29c	?remoteidstr@@3PADA
0x00053054	0x00078f60	_strncpy
0x0005305e	0x000cb2e1	?packet@@3PADA
0x00053066	0x000cb3dc	?remotestage@@3HA
0x0005306c	0x000cb3dc	?remotestage@@3HA
0x00053075	0x000ca28c	?localstage@@3HA
0x0005307b	0x000ca290	?oldsec@@3HA
0x00053084	0x00044b4e	?KBTickCount@@YAHXZ
0x00053089	0x000ca298	?stime@@3HA
0x000530af	0x000ca298	?stime@@3HA
0x000530b5	0x000ca290	?oldsec@@3HA
0x000530ba	0x000ca28c	?localstage@@3HA
0x000530c0	0x000cc7e8	?idstr@@3PADA
0x000530c5	0x0009f44c	$SG21827
0x000530ce	0x0007823f	_sprintf
0x000530e7	0x00053206	?WriteModemPacket@@YAXPADH@Z
0x000530f0	0x000ca28c	?localstage@@3HA
0x000530f9	0x000cb510	?WFDCStage@@3HA
0x00053102	0x000cb510	?WFDCStage@@3HA
0x00053109	0x00053122	?ReadPacket@@YADXZ
0x0005312a	0x000ca2ac	?inque@@3Uinque_t@@A
0x00053136	0x000ca2ac	?inque@@3Uinque_t@@A
0x00053140	0x000cc808	?gModemNewPacket@@3HA
0x0005314a	0x000cc808	?gModemNewPacket@@3HA
0x00053153	0x000cc800	?gModemPacketLength@@3HA
0x0005315d	0x000cc808	?gModemNewPacket@@3HA
0x00053166	0x00052b9d	?read_byte@@YAHXZ
0x0005317c	0x000cc804	?gModemInEscape@@3HA
0x00053185	0x000cc804	?gModemInEscape@@3HA
0x00053195	0x000cc808	?gModemNewPacket@@3HA
0x000531a9	0x000cc808	?gModemNewPacket@@3HA
0x000531bd	0x000cc804	?gModemInEscape@@3HA
0x000531c9	0x000cc800	?gModemPacketLength@@3HA
0x000531d9	0x000cc800	?gModemPacketLength@@3HA
0x000531e2	0x000cb2d8	?packet@@3PADA
0x000531e8	0x000cc800	?gModemPacketLength@@3HA
0x000531f1	0x000cc800	?gModemPacketLength@@3HA
0x00053323	0x000a7bb4	?gbGamePosToNetPos@@3PACA
0x0005333d	0x000cc7f0	?gIDCtr@@3HA
0x00053346	0x000cc7f0	?gIDCtr@@3HA
0x0005334c	0x000a74d4	?giThisNetPos@@3HA
0x00053357	0x000cc7f0	?gIDCtr@@3HA
0x0005341c	0x0003c7f1	?ForcePollSound@@YAXXZ
0x00053422	0x0009f058	?gLastConfirm@@3HA
0x00053428	0x000cc7f0	?gIDCtr@@3HA
0x000534d3	0x000a9944	?gRemoteOn@@3HA
0x000534dd	0x000cc81c	?gInNetSetup@@3CA
0x0005351b	0x000cbf75	?rcvBuf@@3PAURemoteMessage@@A
0x00053529	0x000cb3f0	?iInOrder@@3PAHA
0x00053538	0x000cb3f0	?iInOrder@@3PAHA
0x00053559	0x000cbf70	?rcvBuf@@3PAURemoteMessage@@A
0x0005355f	0x000cc6e8	?rcvBufOut@@3PADA
0x00053564	0x00078550	_memcpy
0x0005357b	0x000cbf75	?rcvBuf@@3PAURemoteMessage@@A
0x00053589	0x000cbf70	?rcvBuf@@3PAURemoteMessage@@A
0x0005358f	0x000410d6	?NetPosToGamePos@@YACH@Z
0x0005359e	0x000cbf70	?rcvBuf@@3PAURemoteMessage@@A
0x000535a3	0x000cc6e8	?rcvBufOut@@3PADA
0x00053602	0x00044b4e	?KBTickCount@@YAHXZ
0x00053608	0x000cc818	?gLastHeartbeatSend@@3HA
0x00053614	0x000a74d4	?giThisNetPos@@3HA
0x00053619	0x000cb410	?sndBuf@@3URemoteMessage@@A
0x0005361f	0x000cb415	?sndBuf@@3URemoteMessage@@A
0x00053627	0x000cb417	?sndBuf@@3URemoteMessage@@A
0x00053630	0x000b4aa4	?giCurPlayer@@3CA
0x00053639	0x000a6754	?gCurHourGlassPhase@@3HA
0x0005363f	0x000cb416	?sndBuf@@3URemoteMessage@@A
0x00053645	0x000cb419	?sndBuf@@3URemoteMessage@@A
0x00053653	0x000a74d4	?giThisNetPos@@3HA
0x0005365b	0x000cb410	?sndBuf@@3URemoteMessage@@A
0x00053660	0x00051f5b	?SendRemoteData@@YAHPAE0HH@Z
0x00053668	0x00044b4e	?KBTickCount@@YAHXZ
0x0005366d	0x000cc818	?gLastHeartbeatSend@@3HA
0x00053672	0x00044b4e	?KBTickCount@@YAHXZ
0x00053678	0x0009f05c	?gLastHeartbeatReceive@@3HA
0x0005368d	0x000cc828	_?gInTimeoutFail@?1??PollRemote@@YAXXZ@4CA
0x000536c5	0x00044b4e	?KBTickCount@@YAHXZ
0x000536ca	0x0009f05c	?gLastHeartbeatReceive@@3HA
0x000536d2	0x000cc828	_?gInTimeoutFail@?1??PollRemote@@YAXXZ@4CA
0x000536da	0x000b4aa4	?giCurPlayer@@3CA
0x000536e1	0x000a9414	?gbHumanPlayer@@3PAHA
0x000536eb	0x000b4aa4	?giCurPlayer@@3CA
0x00053788	0x000cb664	?rcvBufIn@@3PADA
0x0005378f	0x0005206a	?ReceiveRemoteData@@YAHPAE0H@Z
0x000537a6	0x000cb664	?rcvBufIn@@3PADA
0x000537ac	0x000a74d4	?giThisNetPos@@3HA
0x000537b9	0x000cb669	?rcvBufIn@@3PADA
0x000537c3	0x000cb665	?rcvBufIn@@3PADA
0x000537c8	0x0009f058	?gLastConfirm@@3HA
0x000537d4	0x000cb669	?rcvBufIn@@3PADA
0x000537e4	0x000cb66b	?rcvBufIn@@3PADA
0x000537f0	0x000cb66d	?rcvBufIn@@3PADA
0x000537fb	0x000a9910	?gRemoteReady@@3HA
0x00053804	0x00044b4e	?KBTickCount@@YAHXZ
0x00053809	0x0009f05c	?gLastHeartbeatReceive@@3HA
0x0005380f	0x000a9914	?gHeartbeatSeen@@3HA
0x00053835	0x000a7480	?gpAdvManager@@3PAVadvManager@@A
0x00053845	0x000cb66a	?rcvBufIn@@3PADA
0x0005385d	0x000cb66a	?rcvBufIn@@3PADA
0x0005386b	0x000b4aa4	?giCurPlayer@@3CA
0x00053872	0x000cb66a	?rcvBufIn@@3PADA
0x00053879	0x000b4aa4	?giCurPlayer@@3CA
0x00053884	0x000a6754	?gCurHourGlassPhase@@3HA
0x0005389d	0x000cb669	?rcvBufIn@@3PADA
0x000538a7	0x000a74d4	?giThisNetPos@@3HA
0x000538ac	0x000cb410	?sndBuf@@3URemoteMessage@@A
0x000538b2	0x000cb665	?rcvBufIn@@3PADA
0x000538b8	0x000cb411	?sndBuf@@3URemoteMessage@@A
0x000538be	0x000cb415	?sndBuf@@3URemoteMessage@@A
0x000538c6	0x000cb417	?sndBuf@@3URemoteMessage@@A
0x000538d1	0x000cb664	?rcvBufIn@@3PADA
0x000538d9	0x000cb410	?sndBuf@@3URemoteMessage@@A
0x000538de	0x00051f5b	?SendRemoteData@@YAHPAE0HH@Z
0x00053916	0x000cbf71	?rcvBuf@@3PAURemoteMessage@@A
0x0005391c	0x000cb665	?rcvBufIn@@3PADA
0x00053947	0x000cc670	?iLastIds@@3PAHA
0x0005394d	0x000cb665	?rcvBufIn@@3PADA
0x0005397f	0x000cbf75	?rcvBuf@@3PAURemoteMessage@@A
0x0005398b	0x000cc80c	?gInOrderCtr@@3HA
0x00053992	0x000cb3f0	?iInOrder@@3PAHA
0x00053998	0x000cc80c	?gInOrderCtr@@3HA
0x000539a1	0x000cc80c	?gInOrderCtr@@3HA
0x000539ab	0x000cb664	?rcvBufIn@@3PADA
0x000539b7	0x000cbf70	?rcvBuf@@3PAURemoteMessage@@A
0x000539bd	0x00078550	_memcpy
0x000539cf	0x000cc810	?gCurLastID@@3HA
0x000539d5	0x000cb665	?rcvBufIn@@3PADA
0x000539dc	0x000cc670	?iLastIds@@3PAHA
0x000539e1	0x000cc810	?gCurLastID@@3HA
0x000539f2	0x000cc810	?gCurLastID@@3HA
0x00053b9c	0x0008a6b4	??_7fileRequester@@6B@
0x00053c2c	0x00077c60	_strcpy
0x00053c44	0x000cc82c	?gRequestingGames@@3CA
0x00053c4d	0x000cc82c	?gRequestingGames@@3CA
0x00053c69	0x0009f4e4	$SG20861
0x00054360	0x0008a6b4	??_7fileRequester@@6B@
0x00054385	0x00055aa0	?GetMapName@fileRequester@@QAEPADXZ
0x0005438b	0x000a95d0	?gPrevGameFile@@3PADA
0x00054390	0x00077c60	_strcpy
0x0005439b	0x00055af9	?GetFilename@fileRequester@@QAEPADXZ
0x000543a1	0x000a76c4	?gLastFilename@@3PADA
0x000543a6	0x00077c60	_strcpy
0x000543c4	0x00077c4d	??3@YAXPAX@Z
0x000543e2	0x00077c4d	??3@YAXPAX@Z
0x00054400	0x00077c4d	??3@YAXPAX@Z
0x0005441e	0x00077c4d	??3@YAXPAX@Z
0x0005442e	0x000a74a8	?gpWindowManager@@3PAVheroWindowManager@@A
0x00054433	0x0006a657	?RemoveWindow@heroWindowManager@@QAEXPAVheroWindow@@@Z
0x00054445	0x00077c4d	??3@YAXPAX@Z
0x0005445f	0x00088ed6	__ehreg$?Open@fileRequester@@UAEFF@Z
0x0005485e	0x0006da11	?BroadcastMessage@heroWindow@@QAEFAAUtag_message@@@Z
0x00054883	0x0006da11	?BroadcastMessage@heroWindow@@QAEFAAUtag_message@@@Z
0x00055173	0x00055602	?Update@fileRequester@@QAEXC@Z
0x00055187	0x000a9410	?gChosenCampaignIndex@@3CA
0x000551bd	0x000cc82c	?gRequestingGames@@3CA
0x0005520a	0x000a749c	?gNumHumanPlayers@@3HA
0x0005534b	0x000a6c29	?gShowMapInfo@@3CA
0x0005537b	0x000a6c10	?gCurMapName@@3PADA
0x00055380	0x00077c60	_strcpy
0x0005538a	0x000cc844	$SG21088
0x0005538f	0x000a6c10	?gCurMapName@@3PADA
0x00055394	0x00077c60	_strcpy
0x0005539f	0x00055c0e	?ShowMapInfo@fileRequester@@QAEXXZ
0x000553df	0x0008a6c0	__real@8@40069c00000000000000
0x000553f0	0x000a7164	?gpMouseManager@@3PAVmouseManager@@A
0x0005579c	0x000a9410	?gChosenCampaignIndex@@3CA
0x000557a7	0x000cc82c	?gRequestingGames@@3CA
0x00055a31	0x0008a6c0	__real@8@40069c00000000000000
0x00055a5c	0x0008a6c8	__real@8@4004e000000000000000
0x00055a61	0x000782f4	__ftol
0x00055af1	0x0009f4e0	?gFRDummy@@3PADA
0x00055b33	0x0009f4e0	?gFRDummy@@3PADA
0x00055b5a	0x0009f67c	$SG21176
0x00055b5f	0x000a7168	?gText@@3PADA
0x00055b64	0x0007823f	_sprintf
0x00055bab	0x0009f684	$SG21179
0x00055bb0	0x000a7168	?gText@@3PADA
0x00055bb5	0x0007823f	_sprintf
0x00055bdf	0x0009f68c	$SG21181
0x00055be4	0x000a7168	?gText@@3PADA
0x00055be9	0x0007823f	_sprintf
0x00055bf1	0x000a7168	?gText@@3PADA
0x00055bfd	0x00077c60	_strcpy
0x00055c2d	0x000cc84c	$SG21190
0x00055c32	0x000a7168	?gText@@3PADA
0x00055c37	0x0007823f	_sprintf
0x00055c41	0x000a7168	?gText@@3PADA
0x00055c6d	0x000a9918	?gMapSize@@3HA
0x00055cad	0x00093224	?gMapSizeNames@@3PAPADA
0x00055cba	0x000a6be4	?gReqExtraWindow@@3PAVheroWindow@@A
0x00055cbf	0x0006da11	?BroadcastMessage@heroWindow@@QAEFAAUtag_message@@@Z
0x00055ceb	0x000a991c	?gMapDifficulty@@3HA
0x00055cf0	0x000a6c10	?gCurMapName@@3PADA
0x00055cf5	0x000a7168	?gText@@3PADA
0x00055cfa	0x0007823f	_sprintf
0x00055d3c	0x00093230	?gMapDifficultyNames@@3PAPADA
0x00055d49	0x000a6be4	?gReqExtraWindow@@3PAVheroWindow@@A
0x00055d4e	0x0006da11	?BroadcastMessage@heroWindow@@QAEFAAUtag_message@@@Z
0x00055d7b	0x000a74b0	?gFullMapName@@3PADA
0x00055d80	0x00077c60	_strcpy
0x00055daf	0x000a6c4c	?gMapDesc@@3PADA
0x00055db4	0x00077c60	_strcpy
0x00055dfc	0x000a6be4	?gReqExtraWindow@@3PAVheroWindow@@A
0x00055e01	0x0006da11	?BroadcastMessage@heroWindow@@QAEFAAUtag_message@@@Z
0x00055e07	0x000a6be4	?gReqExtraWindow@@3PAVheroWindow@@A
0x00055e0c	0x0006da72	?DrawWindow@heroWindow@@QAEXXZ
0x00055e56	0x000a6bc0	?gCurTempMobility@@3FA
0x00055e6a	0x00029c70	?Clear@searchArray@@QAEXXZ
0x00055e95	0x0002a1a0	?PushPoint@searchArray@@QAEXFFGGGCCCCCCC@Z
0x00055ef2	0x000a7ba0	?gpGame@@3PAVgame@@A
0x00055f47	0x0002a440	?TestPossibleDirections@searchArray@@QAEXFFQAC0FH@Z
0x00055f50	0x00090a9c	?gNormalDirTable@@3PAUtag_tilePoint@@A
0x00055f72	0x00029d50	?CalcTerrainCost@@YAHHHHH@Z
0x00055fbf	0x0002a1a0	?PushPoint@searchArray@@QAEXFFGGGCCCCCCC@Z
0x0005605b	0x00090a9c	?gNormalDirTable@@3PAUtag_tilePoint@@A
0x00056063	0x00090a9d	?gNormalDirTable@@3PAUtag_tilePoint@@A
0x00056112	0x00090a9c	?gNormalDirTable@@3PAUtag_tilePoint@@A
0x0005611a	0x00090a9d	?gNormalDirTable@@3PAUtag_tilePoint@@A
0x0005616a	0x000cc8b0	?gSearchSeedingComplete@@3HA
0x00056170	0x000a6bc0	?gCurTempMobility@@3FA
0x00056175	0x00029c70	?Clear@searchArray@@QAEXXZ
0x00056181	0x000cc884	_?s_currentCost@?1??SeedPosition@searchArray@@QAEXFFFFHHHHHHHH@Z@4HA
0x00056191	0x000a9408	?giSeedingValid@@3HA
0x000561a1	0x000a7ba0	?gpGame@@3PAVgame@@A
0x000561a8	0x000c8cd0	?giCurPlayerBit@@3EA
0x000561ce	0x000a7480	?gpAdvManager@@3PAVadvManager@@A
0x000561d5	0x00006d26	?GetCell@advManager@@QAEPAVmapCell@@FF@Z
0x000561da	0x000cc868	_?s_targetCell@?1??SeedPosition@searchArray@@QAEXFFFFHHHHHHHH@Z@4PAVmapCell@@A
0x000561f0	0x000a7638	?giGroundToTerrain@@3PACA
0x0005622a	0x000cc894	_?sr_hasTarget@?1??SeedPosition@searchArray@@QAEXFFFFHHHHHHHH@Z@4HA
0x00056234	0x000cc8ac	_?sc_bestTargetCost@?1??SeedPosition@searchArray@@QAEXFFFFHHHHHHHH@Z@4HA
0x00056258	0x000cc888	_?s_currentNode@?1??SeedPosition@searchArray@@QAEXFFFFHHHHHHHH@Z@4UsearchNode@@A
0x00056261	0x000cc88c	_?s_currentNode@?1??SeedPosition@searchArray@@QAEXFFFFHHHHHHHH@Z@4UsearchNode@@A
0x0005626e	0x000cc890	_?s_currentNode@?1??SeedPosition@searchArray@@QAEXFFFFHHHHHHHH@Z@4UsearchNode@@A
0x00056276	0x000cc884	_?s_currentCost@?1??SeedPosition@searchArray@@QAEXFFFFHHHHHHHH@Z@4HA
0x0005627e	0x000cc88a	_?s_currentNode@?1??SeedPosition@searchArray@@QAEXFFFFHHHHHHHH@Z@4UsearchNode@@A
0x000562b7	0x0002a1a0	?PushPoint@searchArray@@QAEXFFGGGCCCCCCC@Z
0x000562bd	0x000b4ba8	?gCurPlayerData@@3PAVplayerData@@A
0x000562d3	0x000a7ba0	?gpGame@@3PAVgame@@A
0x000562e0	0x000cc850	_?sj_currentHero@?1??SeedPosition@searchArray@@QAEXFFFFHHHHHHHH@Z@4PAVhero@@A
0x000562ff	0x000cc888	_?s_currentNode@?1??SeedPosition@searchArray@@QAEXFFFFHHHHHHHH@Z@4UsearchNode@@A
0x00056306	0x000cc88a	_?s_currentNode@?1??SeedPosition@searchArray@@QAEXFFFFHHHHHHHH@Z@4UsearchNode@@A
0x0005630f	0x000cc88c	_?s_currentNode@?1??SeedPosition@searchArray@@QAEXFFFFHHHHHHHH@Z@4UsearchNode@@A
0x00056317	0x000cc890	_?s_currentNode@?1??SeedPosition@searchArray@@QAEXFFFFHHHHHHHH@Z@4UsearchNode@@A
0x0005631c	0x000cc894	_?sr_hasTarget@?1??SeedPosition@searchArray@@QAEXFFFFHHHHHHHH@Z@4HA
0x00056325	0x000cc8ac	_?sc_bestTargetCost@?1??SeedPosition@searchArray@@QAEXFFFFHHHHHHHH@Z@4HA
0x0005635a	0x000cc88c	_?s_currentNode@?1??SeedPosition@searchArray@@QAEXFFFFHHHHHHHH@Z@4UsearchNode@@A
0x00056365	0x000cc88d	_?s_currentNode@?1??SeedPosition@searchArray@@QAEXFFFFHHHHHHHH@Z@4UsearchNode@@A
0x0005636c	0x000cc88e	_?s_currentNode@?1??SeedPosition@searchArray@@QAEXFFFFHHHHHHHH@Z@4UsearchNode@@A
0x00056372	0x000cc87c	_?sf_hasAdjacentMonster@?1??SeedPosition@searchArray@@QAEXFFFFHHHHHHHH@Z@4CA
0x00056379	0x000cc8c0	_?sd_adjacentMonsterX@?1??SeedPosition@searchArray@@QAEXFFFFHHHHHHHH@Z@4HA
0x0005637f	0x000cc8c4	_?sa2_adjacentMonsterY@?1??SeedPosition@searchArray@@QAEXFFFFHHHHHHHH@Z@4HA
0x00056387	0x000cc894	_?sr_hasTarget@?1??SeedPosition@searchArray@@QAEXFFFFHHHHHHHH@Z@4HA
0x00056392	0x000cc87c	_?sf_hasAdjacentMonster@?1??SeedPosition@searchArray@@QAEXFFFFHHHHHHHH@Z@4CA
0x000563a3	0x000cc889	_?s_currentNode@?1??SeedPosition@searchArray@@QAEXFFFFHHHHHHHH@Z@4UsearchNode@@A
0x000563ab	0x000cc888	_?s_currentNode@?1??SeedPosition@searchArray@@QAEXFFFFHHHHHHHH@Z@4UsearchNode@@A
0x000563b3	0x000a7480	?gpAdvManager@@3PAVadvManager@@A
0x000563b8	0x00006d26	?GetCell@advManager@@QAEPAVmapCell@@FF@Z
0x000563c6	0x000cc874	_?s_triggerType_y@?1??SeedPosition@searchArray@@QAEXFFFFHHHHHHHH@Z@4HA
0x0005647b	0x000cc88c	_?s_currentNode@?1??SeedPosition@searchArray@@QAEXFFFFHHHHHHHH@Z@4UsearchNode@@A
0x00056488	0x000cc888	_?s_currentNode@?1??SeedPosition@searchArray@@QAEXFFFFHHHHHHHH@Z@4UsearchNode@@A
0x00056494	0x000cc8c0	_?sd_adjacentMonsterX@?1??SeedPosition@searchArray@@QAEXFFFFHHHHHHHH@Z@4HA
0x0005649a	0x000cc889	_?s_currentNode@?1??SeedPosition@searchArray@@QAEXFFFFHHHHHHHH@Z@4UsearchNode@@A
0x000564a3	0x000cc87c	_?sf_hasAdjacentMonster@?1??SeedPosition@searchArray@@QAEXFFFFHHHHHHHH@Z@4CA
0x000564aa	0x000cc8c4	_?sa2_adjacentMonsterY@?1??SeedPosition@searchArray@@QAEXFFFFHHHHHHHH@Z@4HA
0x000564bc	0x000a7480	?gpAdvManager@@3PAVadvManager@@A
0x000564c1	0x00006d26	?GetCell@advManager@@QAEPAVmapCell@@FF@Z
0x000564cb	0x000a7ba0	?gpGame@@3PAVgame@@A
0x000564d7	0x000b4aa4	?giCurPlayer@@3CA
0x000564ef	0x000cc889	_?s_currentNode@?1??SeedPosition@searchArray@@QAEXFFFFHHHHHHHH@Z@4UsearchNode@@A
0x000564f7	0x000cc888	_?s_currentNode@?1??SeedPosition@searchArray@@QAEXFFFFHHHHHHHH@Z@4UsearchNode@@A
0x000564fd	0x000a7480	?gpAdvManager@@3PAVadvManager@@A
0x00056504	0x00006d26	?GetCell@advManager@@QAEPAVmapCell@@FF@Z
0x00056513	0x000cc874	_?s_triggerType_y@?1??SeedPosition@searchArray@@QAEXFFFFHHHHHHHH@Z@4HA
0x00056524	0x000cc888	_?s_currentNode@?1??SeedPosition@searchArray@@QAEXFFFFHHHHHHHH@Z@4UsearchNode@@A
0x0005652b	0x000cc889	_?s_currentNode@?1??SeedPosition@searchArray@@QAEXFFFFHHHHHHHH@Z@4UsearchNode@@A
0x00056538	0x000a7fc0	?mapExtra@@3PAY0EI@EA
0x00056552	0x000cc889	_?s_currentNode@?1??SeedPosition@searchArray@@QAEXFFFFHHHHHHHH@Z@4UsearchNode@@A
0x0005656b	0x000cc88c	_?s_currentNode@?1??SeedPosition@searchArray@@QAEXFFFFHHHHHHHH@Z@4UsearchNode@@A
0x00056575	0x000cc88e	_?s_currentNode@?1??SeedPosition@searchArray@@QAEXFFFFHHHHHHHH@Z@4UsearchNode@@A
0x0005657d	0x000cc88d	_?s_currentNode@?1??SeedPosition@searchArray@@QAEXFFFFHHHHHHHH@Z@4UsearchNode@@A
0x00056583	0x000cc8c4	_?sa2_adjacentMonsterY@?1??SeedPosition@searchArray@@QAEXFFFFHHHHHHHH@Z@4HA
0x00056588	0x000cc8c0	_?sd_adjacentMonsterX@?1??SeedPosition@searchArray@@QAEXFFFFHHHHHHHH@Z@4HA
0x0005658f	0x000a7480	?gpAdvManager@@3PAVadvManager@@A
0x00056595	0x00036026	?FindAdjacentMonster@advManager@@QAECHHPAH0HH@Z
0x000565a8	0x000cc8c4	_?sa2_adjacentMonsterY@?1??SeedPosition@searchArray@@QAEXFFFFHHHHHHHH@Z@4HA
0x000565ad	0x000cc8c0	_?sd_adjacentMonsterX@?1??SeedPosition@searchArray@@QAEXFFFFHHHHHHHH@Z@4HA
0x000565b4	0x000a7480	?gpAdvManager@@3PAVadvManager@@A
0x000565ba	0x00036026	?FindAdjacentMonster@advManager@@QAECHHPAH0HH@Z
0x000565c4	0x000cc87c	_?sf_hasAdjacentMonster@?1??SeedPosition@searchArray@@QAEXFFFFHHHHHHHH@Z@4CA
0x000565d1	0x000cc889	_?s_currentNode@?1??SeedPosition@searchArray@@QAEXFFFFHHHHHHHH@Z@4UsearchNode@@A
0x000565d9	0x000cc888	_?s_currentNode@?1??SeedPosition@searchArray@@QAEXFFFFHHHHHHHH@Z@4UsearchNode@@A
0x000565e1	0x000cc8b4	_?s_directionOccupied_g@?1??SeedPosition@searchArray@@QAEXFFFFHHHHHHHH@Z@4PAEA
0x000565e6	0x000cc86c	_?s_possibleDirections@?1??SeedPosition@searchArray@@QAEXFFFFHHHHHHHH@Z@4PACA
0x000565ef	0x0002a440	?TestPossibleDirections@searchArray@@QAEXFFQAC0FH@Z
0x000565f7	0x000cc889	_?s_currentNode@?1??SeedPosition@searchArray@@QAEXFFFFHHHHHHHH@Z@4UsearchNode@@A
0x000565ff	0x000cc888	_?s_currentNode@?1??SeedPosition@searchArray@@QAEXFFFFHHHHHHHH@Z@4UsearchNode@@A
0x00056607	0x000a7480	?gpAdvManager@@3PAVadvManager@@A
0x0005660c	0x00006d26	?GetCell@advManager@@QAEPAVmapCell@@FF@Z
0x00056613	0x000cc88a	_?s_currentNode@?1??SeedPosition@searchArray@@QAEXFFFFHHHHHHHH@Z@4UsearchNode@@A
0x00056624	0x000a7638	?giGroundToTerrain@@3PACA
0x0005662b	0x000cc898	_?shy_terrain@?1??SeedPosition@searchArray@@QAEXFFFFHHHHHHHH@Z@4HA
0x00056635	0x000a6bc0	?gCurTempMobility@@3FA
0x00056646	0x00029d50	?CalcTerrainCost@@YAHHHHH@Z
0x0005664d	0x000a6bc0	?gCurTempMobility@@3FA
0x00056656	0x000cc8a4	_?s6_stepCost@?1??SeedPosition@searchArray@@QAEXFFFFHHHHHHHH@Z@4PAHA
0x0005665b	0x000cc898	_?shy_terrain@?1??SeedPosition@searchArray@@QAEXFFFFHHHHHHHH@Z@4HA
0x00056665	0x00029d50	?CalcTerrainCost@@YAHHHHH@Z
0x00056671	0x000cc88a	_?s_currentNode@?1??SeedPosition@searchArray@@QAEXFFFFHHHHHHHH@Z@4UsearchNode@@A
0x00056678	0x000cc85c	_?s_direction_4@?1??SeedPosition@searchArray@@QAEXFFFFHHHHHHHH@Z@4FA
0x00056684	0x000cc8a8	_?s6_stepCost@?1??SeedPosition@searchArray@@QAEXFFFFHHHHHHHH@Z@4PAHA
0x0005668b	0x000cc85c	_?s_direction_4@?1??SeedPosition@searchArray@@QAEXFFFFHHHHHHHH@Z@4FA
0x00056691	0x000cc86c	_?s_possibleDirections@?1??SeedPosition@searchArray@@QAEXFFFFHHHHHHHH@Z@4PACA
0x000566a0	0x00090a9c	?gNormalDirTable@@3PAUtag_tilePoint@@A
0x000566a8	0x00090a9d	?gNormalDirTable@@3PAUtag_tilePoint@@A
0x000566af	0x000cc889	_?s_currentNode@?1??SeedPosition@searchArray@@QAEXFFFFHHHHHHHH@Z@4UsearchNode@@A
0x000566b6	0x000cc888	_?s_currentNode@?1??SeedPosition@searchArray@@QAEXFFFFHHHHHHHH@Z@4UsearchNode@@A
0x000566c4	0x000cc864	_?s_neighborY@?1??SeedPosition@searchArray@@QAEXFFFFHHHHHHHH@Z@4HA
0x000566cc	0x000cc860	_?s_neighborX@?1??SeedPosition@searchArray@@QAEXFFFFHHHHHHHH@Z@4HA
0x000566de	0x000a7fc0	?mapExtra@@3PAY0EI@EA
0x00056710	0x000cc88a	_?s_currentNode@?1??SeedPosition@searchArray@@QAEXFFFFHHHHHHHH@Z@4UsearchNode@@A
0x00056726	0x000cc8c4	_?sa2_adjacentMonsterY@?1??SeedPosition@searchArray@@QAEXFFFFHHHHHHHH@Z@4HA
0x0005672b	0x000cc8c0	_?sd_adjacentMonsterX@?1??SeedPosition@searchArray@@QAEXFFFFHHHHHHHH@Z@4HA
0x00056733	0x000a7480	?gpAdvManager@@3PAVadvManager@@A
0x00056738	0x00036026	?FindAdjacentMonster@advManager@@QAECHHPAH0HH@Z
0x0005673e	0x000cc860	_?s_neighborX@?1??SeedPosition@searchArray@@QAEXFFFFHHHHHHHH@Z@4HA
0x00056748	0x000cc864	_?s_neighborY@?1??SeedPosition@searchArray@@QAEXFFFFHHHHHHHH@Z@4HA
0x00056761	0x000cc8c0	_?sd_adjacentMonsterX@?1??SeedPosition@searchArray@@QAEXFFFFHHHHHHHH@Z@4HA
0x00056770	0x000cc8c4	_?sa2_adjacentMonsterY@?1??SeedPosition@searchArray@@QAEXFFFFHHHHHHHH@Z@4HA
0x0005677e	0x000cc864	_?s_neighborY@?1??SeedPosition@searchArray@@QAEXFFFFHHHHHHHH@Z@4HA
0x00056784	0x000cc890	_?s_currentNode@?1??SeedPosition@searchArray@@QAEXFFFFHHHHHHHH@Z@4UsearchNode@@A
0x0005678b	0x000cc88f	_?s_currentNode@?1??SeedPosition@searchArray@@QAEXFFFFHHHHHHHH@Z@4UsearchNode@@A
0x00056792	0x000cc88c	_?s_currentNode@?1??SeedPosition@searchArray@@QAEXFFFFHHHHHHHH@Z@4UsearchNode@@A
0x00056799	0x000cc85c	_?s_direction_4@?1??SeedPosition@searchArray@@QAEXFFFFHHHHHHHH@Z@4FA
0x000567a3	0x000cc8c4	_?sa2_adjacentMonsterY@?1??SeedPosition@searchArray@@QAEXFFFFHHHHHHHH@Z@4HA
0x000567aa	0x000cc8c0	_?sd_adjacentMonsterX@?1??SeedPosition@searchArray@@QAEXFFFFHHHHHHHH@Z@4HA
0x000567b1	0x000cc87c	_?sf_hasAdjacentMonster@?1??SeedPosition@searchArray@@QAEXFFFFHHHHHHHH@Z@4CA
0x000567b8	0x000cc8b4	_?s_directionOccupied_g@?1??SeedPosition@searchArray@@QAEXFFFFHHHHHHHH@Z@4PAEA
0x000567c3	0x000cc85c	_?s_direction_4@?1??SeedPosition@searchArray@@QAEXFFFFHHHHHHHH@Z@4FA
0x000567cc	0x000cc8a4	_?s6_stepCost@?1??SeedPosition@searchArray@@QAEXFFFFHHHHHHHH@Z@4PAHA
0x000567d7	0x0002a1a0	?PushPoint@searchArray@@QAEXFFGGGCCCCCCC@Z
0x000567dc	0x000cc894	_?sr_hasTarget@?1??SeedPosition@searchArray@@QAEXFFFFHHHHHHHH@Z@4HA
0x000567eb	0x000cc85c	_?s_direction_4@?1??SeedPosition@searchArray@@QAEXFFFFHHHHHHHH@Z@4FA
0x000567f2	0x000cc888	_?s_currentNode@?1??SeedPosition@searchArray@@QAEXFFFFHHHHHHHH@Z@4UsearchNode@@A
0x000567fa	0x00090a9c	?gNormalDirTable@@3PAUtag_tilePoint@@A
0x00056810	0x00090a9d	?gNormalDirTable@@3PAUtag_tilePoint@@A
0x00056817	0x000cc889	_?s_currentNode@?1??SeedPosition@searchArray@@QAEXFFFFHHHHHHHH@Z@4UsearchNode@@A
0x0005682b	0x000cc88c	_?s_currentNode@?1??SeedPosition@searchArray@@QAEXFFFFHHHHHHHH@Z@4UsearchNode@@A
0x00056835	0x000cc88a	_?s_currentNode@?1??SeedPosition@searchArray@@QAEXFFFFHHHHHHHH@Z@4UsearchNode@@A
0x00056847	0x000a6bc0	?gCurTempMobility@@3FA
0x00056855	0x000cc86c	_?s_possibleDirections@?1??SeedPosition@searchArray@@QAEXFFFFHHHHHHHH@Z@4PACA
0x00056863	0x00029d50	?CalcTerrainCost@@YAHHHHH@Z
0x00056869	0x000cc8ac	_?sc_bestTargetCost@?1??SeedPosition@searchArray@@QAEXFFFFHHHHHHHH@Z@4HA
0x00056879	0x000cc85c	_?s_direction_4@?1??SeedPosition@searchArray@@QAEXFFFFHHHHHHHH@Z@4FA
0x00056880	0x000a6bc0	?gCurTempMobility@@3FA
0x0005688b	0x000cc86c	_?s_possibleDirections@?1??SeedPosition@searchArray@@QAEXFFFFHHHHHHHH@Z@4PACA
0x00056897	0x00029d50	?CalcTerrainCost@@YAHHHHH@Z
0x000568a3	0x000cc88a	_?s_currentNode@?1??SeedPosition@searchArray@@QAEXFFFFHHHHHHHH@Z@4UsearchNode@@A
0x000568ad	0x000cc8ac	_?sc_bestTargetCost@?1??SeedPosition@searchArray@@QAEXFFFFHHHHHHHH@Z@4HA
0x000568b3	0x000cc85c	_?s_direction_4@?1??SeedPosition@searchArray@@QAEXFFFFHHHHHHHH@Z@4FA
0x000568bf	0x000cc85c	_?s_direction_4@?1??SeedPosition@searchArray@@QAEXFFFFHHHHHHHH@Z@4FA
0x000568cc	0x000cc8c8	_?s_processedPointCount@?1??SeedPosition@searchArray@@QAEXFFFFHHHHHHHH@Z@4FA
0x000568e9	0x000cc854	_?si_mapX@?1??SeedPosition@searchArray@@QAEXFFFFHHHHHHHH@Z@4HA
0x000568f6	0x000cc858	_?s_mapY@?1??SeedPosition@searchArray@@QAEXFFFFHHHHHHHH@Z@4HA
0x000568fc	0x000a7480	?gpAdvManager@@3PAVadvManager@@A
0x00056903	0x000cc854	_?si_mapX@?1??SeedPosition@searchArray@@QAEXFFFFHHHHHHHH@Z@4HA
0x00056909	0x00006d26	?GetCell@advManager@@QAEPAVmapCell@@FF@Z
0x00056921	0x000cc85c	_?s_direction_4@?1??SeedPosition@searchArray@@QAEXFFFFHHHHHHHH@Z@4FA
0x0005692a	0x000cc858	_?s_mapY@?1??SeedPosition@searchArray@@QAEXFFFFHHHHHHHH@Z@4HA
0x00056930	0x000cc854	_?si_mapX@?1??SeedPosition@searchArray@@QAEXFFFFHHHHHHHH@Z@4HA
0x0005693a	0x00090a9c	?gNormalDirTable@@3PAUtag_tilePoint@@A
0x00056941	0x00090a9d	?gNormalDirTable@@3PAUtag_tilePoint@@A
0x0005694c	0x000cc89c	_?si_adjacentX@?1??SeedPosition@searchArray@@QAEXFFFFHHHHHHHH@Z@4HA
0x00056953	0x000a7480	?gpAdvManager@@3PAVadvManager@@A
0x00056958	0x000cc8a0	_?sd_adjacentY@?1??SeedPosition@searchArray@@QAEXFFFFHHHHHHHH@Z@4HA
0x0005695d	0x00006d26	?GetCell@advManager@@QAEPAVmapCell@@FF@Z
0x00056963	0x000cc85c	_?s_direction_4@?1??SeedPosition@searchArray@@QAEXFFFFHHHHHHHH@Z@4FA
0x0005696f	0x000cc868	_?s_targetCell@?1??SeedPosition@searchArray@@QAEXFFFFHHHHHHHH@Z@4PAVmapCell@@A
0x00056975	0x000cc880	_?s_directionBlocked@?1??SeedPosition@searchArray@@QAEXFFFFHHHHHHHH@Z@4HA
0x0005698f	0x000cc880	_?s_directionBlocked@?1??SeedPosition@searchArray@@QAEXFFFFHHHHHHHH@Z@4HA
0x000569a8	0x000cc884	_?s_currentCost@?1??SeedPosition@searchArray@@QAEXFFFFHHHHHHHH@Z@4HA
0x000569ba	0x000cc89c	_?si_adjacentX@?1??SeedPosition@searchArray@@QAEXFFFFHHHHHHHH@Z@4HA
0x000569c0	0x000cc8a0	_?sd_adjacentY@?1??SeedPosition@searchArray@@QAEXFFFFHHHHHHHH@Z@4HA
0x000569f1	0x000a7638	?giGroundToTerrain@@3PACA
0x000569f7	0x000cc898	_?shy_terrain@?1??SeedPosition@searchArray@@QAEXFFFFHHHHHHHH@Z@4HA
0x00056a05	0x000a6bc0	?gCurTempMobility@@3FA
0x00056a0f	0x000cc8bc	_?so_adjacentCost@?1??SeedPosition@searchArray@@QAEXFFFFHHHHHHHH@Z@4HA
0x00056a18	0x00029d50	?CalcTerrainCost@@YAHHHHH@Z
0x00056a1f	0x000a6bc0	?gCurTempMobility@@3FA
0x00056a26	0x000cc8bc	_?so_adjacentCost@?1??SeedPosition@searchArray@@QAEXFFFFHHHHHHHH@Z@4HA
0x00056a2f	0x000cc898	_?shy_terrain@?1??SeedPosition@searchArray@@QAEXFFFFHHHHHHHH@Z@4HA
0x00056a3a	0x000cc8a4	_?s6_stepCost@?1??SeedPosition@searchArray@@QAEXFFFFHHHHHHHH@Z@4PAHA
0x00056a3f	0x00029d50	?CalcTerrainCost@@YAHHHHH@Z
0x00056a45	0x000cc8bc	_?so_adjacentCost@?1??SeedPosition@searchArray@@QAEXFFFFHHHHHHHH@Z@4HA
0x00056a4e	0x000cc85c	_?s_direction_4@?1??SeedPosition@searchArray@@QAEXFFFFHHHHHHHH@Z@4FA
0x00056a69	0x000cc85c	_?s_direction_4@?1??SeedPosition@searchArray@@QAEXFFFFHHHHHHHH@Z@4FA
0x00056a71	0x000cc8a8	_?s6_stepCost@?1??SeedPosition@searchArray@@QAEXFFFFHHHHHHHH@Z@4PAHA
0x00056a7c	0x000cc8a4	_?s6_stepCost@?1??SeedPosition@searchArray@@QAEXFFFFHHHHHHHH@Z@4PAHA
0x00056a83	0x000cc858	_?s_mapY@?1??SeedPosition@searchArray@@QAEXFFFFHHHHHHHH@Z@4HA
0x00056a8d	0x000cc854	_?si_mapX@?1??SeedPosition@searchArray@@QAEXFFFFHHHHHHHH@Z@4HA
0x00056a97	0x0002a1a0	?PushPoint@searchArray@@QAEXFFGGGCCCCCCC@Z
0x00056a9d	0x000cc85c	_?s_direction_4@?1??SeedPosition@searchArray@@QAEXFFFFHHHHHHHH@Z@4FA
0x00056aa9	0x000cc85c	_?s_direction_4@?1??SeedPosition@searchArray@@QAEXFFFFHHHHHHHH@Z@4FA
0x00056ab4	0x000cc858	_?s_mapY@?1??SeedPosition@searchArray@@QAEXFFFFHHHHHHHH@Z@4HA
0x00056abd	0x000cc858	_?s_mapY@?1??SeedPosition@searchArray@@QAEXFFFFHHHHHHHH@Z@4HA
0x00056ac8	0x000cc854	_?si_mapX@?1??SeedPosition@searchArray@@QAEXFFFFHHHHHHHH@Z@4HA
0x00056ad1	0x000cc854	_?si_mapX@?1??SeedPosition@searchArray@@QAEXFFFFHHHHHHHH@Z@4HA
0x00056add	0x000cc8b0	?gSearchSeedingComplete@@3HA
0x00056b16	0x00088eeb	__ehreg$?SetupCampaignGame@game@@QAECXZ
0x00056b1c	-0x400000	__except_list
0x00056b24	-0x400000	__except_list
0x00056b31	0x00077d50	??2@YAPAXI@Z
0x00056b49	0x0009f694	$SG21566
0x00056b58	0x0006d150	??0heroWindow@@QAE@FFPAD@Z
0x00056b82	0x00042146	?MemError@@YAXXZ
0x00056b89	0x00057a60	?SetupCampaignGameHandler@@YAFAAUtag_message@@@Z
0x00056b93	0x000a74a8	?gpWindowManager@@3PAVheroWindowManager@@A
0x00056b98	0x0006a740	?DoDialog@heroWindowManager@@QAEFPAVheroWindow@@P6AFAAUtag_message@@@ZH@Z
0x00056ba7	0x00077c4d	??3@YAXPAX@Z
0x00056bb0	0x000a74a8	?gpWindowManager@@3PAVheroWindowManager@@A
0x00056be7	0x000a9410	?gChosenCampaignIndex@@3CA
0x00056bf0	0x000a9410	?gChosenCampaignIndex@@3CA
0x00056bf9	0x000a9410	?gChosenCampaignIndex@@3CA
0x00056c02	0x000a9410	?gChosenCampaignIndex@@3CA
0x00056c15	-0x400000	__except_list
0x00056c23	0x00088f00	__ehreg$?SetupBaud@game@@QAECXZ
0x00056c29	-0x400000	__except_list
0x00056c31	-0x400000	__except_list
0x00056c3e	0x00077d50	??2@YAPAXI@Z
0x00056c56	0x0009f6a4	$SG21587
0x00056c65	0x0006d150	??0heroWindow@@QAE@FFPAD@Z
0x00056c8f	0x00042146	?MemError@@YAXXZ
0x00056c96	0x00057c3e	?SetupBaudHandler@@YAFAAUtag_message@@@Z
0x00056ca0	0x000a74a8	?gpWindowManager@@3PAVheroWindowManager@@A
0x00056ca5	0x0006a740	?DoDialog@heroWindowManager@@QAEFPAVheroWindow@@P6AFAAUtag_message@@@ZH@Z
0x00056cb4	0x00077c4d	??3@YAXPAX@Z
0x00056cbd	0x000a74a8	?gpWindowManager@@3PAVheroWindowManager@@A
0x00056cf5	0x000a9931	?gDirectConnect@@3CA
0x00056cfc	0x000a94e8	?gConfig@@3UconfigStruct@@A
0x00056d09	0x000a9931	?gDirectConnect@@3CA
0x00056d10	0x000a94e8	?gConfig@@3UconfigStruct@@A
0x00056d1d	0x000a9931	?gDirectConnect@@3CA
0x00056d24	0x000a94e8	?gConfig@@3UconfigStruct@@A
0x00056d31	0x000a9931	?gDirectConnect@@3CA
0x00056d38	0x000a94e8	?gConfig@@3UconfigStruct@@A
0x00056d4e	-0x400000	__except_list
0x00056d5c	0x00088f15	__ehreg$?SetupComPort@game@@QAECXZ
0x00056d77	0x00077d50	??2@YAPAXI@Z
0x00056d8f	0x0009f6b0	$SG21609
0x00056d9e	0x0006d150	??0heroWindow@@QAE@FFPAD@Z
0x00056dc8	0x00042146	?MemError@@YAXXZ
0x00056dcf	0x00057b37	?SetupComPortHandler@@YAFAAUtag_message@@@Z
0x00056dd9	0x000a74a8	?gpWindowManager@@3PAVheroWindowManager@@A
0x00056dde	0x0006a740	?DoDialog@heroWindowManager@@QAEFPAVheroWindow@@P6AFAAUtag_message@@@ZH@Z
0x00056ded	0x00077c4d	??3@YAXPAX@Z
0x00056df6	0x000a74a8	?gpWindowManager@@3PAVheroWindowManager@@A
0x00056e2e	0x000a9931	?gDirectConnect@@3CA
0x00056e35	0x000a94e0	?gConfig@@3UconfigStruct@@A
0x00056e42	0x000a9931	?gDirectConnect@@3CA
0x00056e49	0x000a94e0	?gConfig@@3UconfigStruct@@A
0x00056e56	0x000a9931	?gDirectConnect@@3CA
0x00056e5d	0x000a94e0	?gConfig@@3UconfigStruct@@A
0x00056e6a	0x000a9931	?gDirectConnect@@3CA
0x00056e71	0x000a94e0	?gConfig@@3UconfigStruct@@A
0x00056e83	0x00056c1d	?SetupBaud@game@@QAECXZ
0x00056e95	0x000a9931	?gDirectConnect@@3CA
0x00056e9e	0x0009f6bc	$SG21623
0x00056ea3	0x000a94f0	?gConfig@@3UconfigStruct@@A
0x00056ea8	0x00077c60	_strcpy
0x00056eb0	0x000a94f0	?gConfig@@3UconfigStruct@@A
0x00056eb5	0x0009f6c0	$SG21624
0x00056eba	0x000a7168	?gText@@3PADA
0x00056ebf	0x0007823f	_sprintf
0x00056ec7	0x000a7168	?gText@@3PADA
0x00056ed2	0x0009f6c4	$SG21625
0x00056ed7	0x00041df7	?GetDataEntry@@YAXPAD0H0@Z
0x00056ee3	0x000a94f0	?gConfig@@3UconfigStruct@@A
0x00056ee8	0x00077c60	_strcpy
0x00056ef0	0x000443f7	?WritePrefs@@YAXXZ
0x00056f0a	0x00088f2a	__ehreg$?SetupHotSeatGame@game@@QAECXZ
0x00056f10	-0x400000	__except_list
0x00056f18	-0x400000	__except_list
0x00056f25	0x00077d50	??2@YAPAXI@Z
0x00056f3d	0x0009f714	$SG21635
0x00056f4c	0x0006d150	??0heroWindow@@QAE@FFPAD@Z
0x00056f76	0x00042146	?MemError@@YAXXZ
0x00056f7d	0x00057d45	?SetupHotSeatGameHandler@@YAFAAUtag_message@@@Z
0x00056f87	0x000a74a8	?gpWindowManager@@3PAVheroWindowManager@@A
0x00056f8c	0x0006a740	?DoDialog@heroWindowManager@@QAEFPAVheroWindow@@P6AFAAUtag_message@@@ZH@Z
0x00056f9b	0x00077c4d	??3@YAXPAX@Z
0x00056fa4	0x000a74a8	?gpWindowManager@@3PAVheroWindowManager@@A
0x00056fd5	0x000a749c	?gNumHumanPlayers@@3HA
0x00056fe1	0x000a749c	?gNumHumanPlayers@@3HA
0x00056fed	0x000a749c	?gNumHumanPlayers@@3HA
0x00057003	-0x400000	__except_list
0x00057011	0x00088f3f	__ehreg$?SetupNetworkGame@game@@QAECXZ
0x00057017	-0x400000	__except_list
0x0005701f	-0x400000	__except_list
0x0005702c	0x00077d50	??2@YAPAXI@Z
0x00057044	0x0009f724	$SG21655
0x00057053	0x0006d150	??0heroWindow@@QAE@FFPAD@Z
0x0005707d	0x00042146	?MemError@@YAXXZ
0x00057084	0x00057fdc	?SetupNetworkGameHandler@@YAFAAUtag_message@@@Z
0x0005708e	0x000a74a8	?gpWindowManager@@3PAVheroWindowManager@@A
0x00057093	0x0006a740	?DoDialog@heroWindowManager@@QAEFPAVheroWindow@@P6AFAAUtag_message@@@ZH@Z
0x000570a2	0x00077c4d	??3@YAXPAX@Z
0x000570ab	0x000a74a8	?gpWindowManager@@3PAVheroWindowManager@@A
0x000570ce	0x000a74a0	?iMPExtendedType@@3CA
0x000570d7	0x000a74a0	?iMPExtendedType@@3CA
0x000570ea	-0x400000	__except_list
0x000570f8	0x00088f75	__ehreg$?SetupModemGame@game@@QAECXZ
0x000570fe	-0x400000	__except_list
0x00057106	-0x400000	__except_list
0x00057113	0x000a9931	?gDirectConnect@@3CA
0x00057122	0x000a9931	?gDirectConnect@@3CA
0x00057129	0x000a94e0	?gConfig@@3UconfigStruct@@A
0x00057133	0x00077d50	??2@YAPAXI@Z
0x0005714b	0x0009f730	$SG21676
0x0005715a	0x0006d150	??0heroWindow@@QAE@FFPAD@Z
0x00057182	0x00077d50	??2@YAPAXI@Z
0x0005719a	0x0009f73c	$SG21682
0x000571a9	0x0006d150	??0heroWindow@@QAE@FFPAD@Z
0x000571d4	0x000a9931	?gDirectConnect@@3CA
0x000571db	0x000a94e0	?gConfig@@3UconfigStruct@@A
0x000571e5	0x00077d50	??2@YAPAXI@Z
0x000571fd	0x0009f74c	$SG21689
0x0005720c	0x0006d150	??0heroWindow@@QAE@FFPAD@Z
0x00057234	0x00077d50	??2@YAPAXI@Z
0x0005724c	0x0009f75c	$SG21695
0x0005725b	0x0006d150	??0heroWindow@@QAE@FFPAD@Z
0x00057285	0x00042146	?MemError@@YAXXZ
0x0005728c	0x00057e0d	?SetupModemGameHandler@@YAFAAUtag_message@@@Z
0x00057296	0x000a74a8	?gpWindowManager@@3PAVheroWindowManager@@A
0x0005729b	0x0006a740	?DoDialog@heroWindowManager@@QAEFPAVheroWindow@@P6AFAAUtag_message@@@ZH@Z
0x000572aa	0x00077c4d	??3@YAXPAX@Z
0x000572b3	0x000a74a8	?gpWindowManager@@3PAVheroWindowManager@@A
0x000572f2	0x000a74a0	?iMPExtendedType@@3CA
0x000572fa	0x000a9931	?gDirectConnect@@3CA
0x00057301	0x000a94e0	?gConfig@@3UconfigStruct@@A
0x0005730c	0x00056d56	?SetupComPort@game@@QAECXZ
0x0005731e	0x000a9931	?gDirectConnect@@3CA
0x0005732b	0x000ca1a0	?numbuf@@3PADA
0x00057330	0x0009f768	$SG21706
0x00057335	0x00041df7	?GetDataEntry@@YAXPAD0H0@Z
0x00057340	0x000a74a0	?iMPExtendedType@@3CA
0x00057348	0x000a9931	?gDirectConnect@@3CA
0x0005734f	0x000a94e0	?gConfig@@3UconfigStruct@@A
0x0005735a	0x00056d56	?SetupComPort@game@@QAECXZ
0x0005736d	0x000cc8cc	?gDoModemConfig@@3HA
0x00057383	-0x400000	__except_list
0x00057391	0x00088f8a	__ehreg$?SetupMultiPlayerGame@game@@QAECXZ
0x00057397	-0x400000	__except_list
0x0005739f	-0x400000	__except_list
0x000573ac	0x00077d50	??2@YAPAXI@Z
0x000573c4	0x0009f780	$SG21721
0x000573d3	0x0006d150	??0heroWindow@@QAE@FFPAD@Z
0x000573fd	0x00042146	?MemError@@YAXXZ
0x00057404	0x00057f05	?SetupMultiPlayerGameHandler@@YAFAAUtag_message@@@Z
0x0005740e	0x000a74a8	?gpWindowManager@@3PAVheroWindowManager@@A
0x00057413	0x0006a740	?DoDialog@heroWindowManager@@QAEFPAVheroWindow@@P6AFAAUtag_message@@@ZH@Z
0x00057422	0x00077c4d	??3@YAXPAX@Z
0x0005742b	0x000a9931	?gDirectConnect@@3CA
0x00057432	0x000a74a8	?gpWindowManager@@3PAVheroWindowManager@@A
0x00057473	0x000a7b9c	?iMPBaseType@@3CA
0x0005747c	0x00056f04	?SetupHotSeatGame@game@@QAECXZ
0x00057495	0x000a7b9c	?iMPBaseType@@3CA
0x0005749e	0x0005700b	?SetupNetworkGame@game@@QAECXZ
0x000574b1	0x000a9931	?gDirectConnect@@3CA
0x000574ba	0x000a9931	?gDirectConnect@@3CA
0x000574c1	0x000a7b9c	?iMPBaseType@@3CA
0x000574d7	0x000570f2	?SetupModemGame@game@@QAECXZ
0x000574e8	0x000cc8cc	?gDoModemConfig@@3HA
0x000574f1	0x000cc8cc	?gDoModemConfig@@3HA
0x000574fd	0x00056d56	?SetupComPort@game@@QAECXZ
0x00057525	-0x400000	__except_list
0x00057533	0x00088f9f	__ehreg$?SetupGame@game@@QAECC@Z
0x00057539	-0x400000	__except_list
0x00057541	-0x400000	__except_list
0x00057554	0x000a74a0	?iMPExtendedType@@3CA
0x0005755b	0x000a7b9c	?iMPBaseType@@3CA
0x00057562	0x000a749c	?gNumHumanPlayers@@3HA
0x0005756c	0x000a74c8	?gbWaitForRemoteReceive@@3CA
0x00057573	0x000a9931	?gDirectConnect@@3CA
0x0005757a	0x000a98fc	?gInSetupDialog@@3HA
0x00057584	0x00092198	?gMenuCommand@@3HA
0x00057590	0x00092198	?gMenuCommand@@3HA
0x000575b4	0x0005787c	$L22095
0x000575bb	0x00057840	$L22096
0x000575c1	0x000a9410	?gChosenCampaignIndex@@3CA
0x000575cd	0x000a9410	?gChosenCampaignIndex@@3CA
0x000575d9	0x000a9410	?gChosenCampaignIndex@@3CA
0x000575e5	0x000a9410	?gChosenCampaignIndex@@3CA
0x000575f1	0x000a9410	?gChosenCampaignIndex@@3CA
0x000575fd	0x000a749c	?gNumHumanPlayers@@3HA
0x00057607	0x000a7b9c	?iMPBaseType@@3CA
0x00057613	0x000a749c	?gNumHumanPlayers@@3HA
0x0005761d	0x000a7b9c	?iMPBaseType@@3CA
0x00057629	0x000a749c	?gNumHumanPlayers@@3HA
0x00057633	0x000a7b9c	?iMPBaseType@@3CA
0x0005763f	0x000a7b9c	?iMPBaseType@@3CA
0x00057646	0x000a74a0	?iMPExtendedType@@3CA
0x0005764f	0x000a7b9c	?iMPBaseType@@3CA
0x00057656	0x000a74a0	?iMPExtendedType@@3CA
0x0005765f	0x000a7b9c	?iMPBaseType@@3CA
0x00057666	0x000a74a0	?iMPExtendedType@@3CA
0x0005766f	0x000a7b9c	?iMPBaseType@@3CA
0x00057676	0x000a74a0	?iMPExtendedType@@3CA
0x0005767f	0x000a7b9c	?iMPBaseType@@3CA
0x00057686	0x000a74a0	?iMPExtendedType@@3CA
0x0005768d	0x000a9931	?gDirectConnect@@3CA
0x00057696	0x000a7b9c	?iMPBaseType@@3CA
0x0005769d	0x000a74a0	?iMPExtendedType@@3CA
0x000576a4	0x000a9931	?gDirectConnect@@3CA
0x000576ac	0x000a74a0	?iMPExtendedType@@3CA
0x000576b2	0x00051b2f	?RemoteMain@@YAXH@Z
0x000576bc	0x000a74a0	?iMPExtendedType@@3CA
0x000576c8	0x000a74a0	?iMPExtendedType@@3CA
0x000576d3	0x000a74c8	?gbWaitForRemoteReceive@@3CA
0x000576da	0x00092198	?gMenuCommand@@3HA
0x000576f1	0x00077d50	??2@YAPAXI@Z
0x00057709	0x0009f78c	$SG21785
0x00057718	0x0006d150	??0heroWindow@@QAE@FFPAD@Z
0x00057742	0x00042146	?MemError@@YAXXZ
0x00057749	0x00058089	?SetupGameHandler@@YAFAAUtag_message@@@Z
0x00057753	0x000a74a8	?gpWindowManager@@3PAVheroWindowManager@@A
0x00057758	0x0006a740	?DoDialog@heroWindowManager@@QAEFPAVheroWindow@@P6AFAAUtag_message@@@ZH@Z
0x00057767	0x00077c4d	??3@YAXPAX@Z
0x0005776f	0x000a74a8	?gpWindowManager@@3PAVheroWindowManager@@A
0x00057793	0x000a9410	?gChosenCampaignIndex@@3CA
0x000577a4	0x00056b10	?SetupCampaignGame@game@@QAECXZ
0x000577be	0x0005738b	?SetupMultiPlayerGame@game@@QAECXZ
0x000577e0	0x000a7b9c	?iMPBaseType@@3CA
0x000577ec	0x000a7b9c	?iMPBaseType@@3CA
0x000577f7	0x000a74a0	?iMPExtendedType@@3CA
0x000577fd	0x00051b2f	?RemoteMain@@YAXH@Z
0x00057807	0x000a74a0	?iMPExtendedType@@3CA
0x00057813	0x000a74a0	?iMPExtendedType@@3CA
0x0005781e	0x000a74c8	?gbWaitForRemoteReceive@@3CA
0x00057825	0x000a98fc	?gInSetupDialog@@3HA
0x00057836	-0x400000	__except_list
0x00057840	0x000575bf	$L21755
0x00057844	0x000575cb	$L21756
0x00057848	0x000575d7	$L21757
0x0005784c	0x000575e3	$L21758
0x00057850	0x000575fb	$L21761
0x00057854	0x00057611	$L21762
0x00057858	0x00057627	$L21763
0x0005785c	0x0005763d	$L21764
0x00057860	0x0005764d	$L21767
0x00057864	0x0005765d	$L21769
0x00057868	0x0005766d	$L21771
0x0005786c	0x0005767d	$L21773
0x00057870	0x00057694	$L21775
0x00057874	0x000575ef	$L21760
0x00057878	0x000576d8	$L21752
0x000578a5	0x00088fb4	__ehreg$?PickLoadGame@game@@QAECXZ
0x000578c3	0x0005752d	?SetupGame@game@@QAECC@Z
0x000578d8	0x000a74c8	?gbWaitForRemoteReceive@@3CA
0x000578ed	0x00077d50	??2@YAPAXI@Z
0x00057907	0x000a9410	?gChosenCampaignIndex@@3CA
0x00057912	0x0009f79c	$SG21820
0x0005791b	0x0009f7a4	$SG21821
0x00057922	0x000a9410	?gChosenCampaignIndex@@3CA
0x0005792d	0x0009f7ac	$SG21822
0x00057936	0x0009f7b4	$SG21823
0x0005793f	0x000913b0	?gGamePath@@3PADA
0x00057954	0x00053b7a	??0fileRequester@@QAE@FFFPBD00@Z
0x0005797e	0x00042146	?MemError@@YAXXZ
0x00057984	0x000a7164	?gpMouseManager@@3PAVmouseManager@@A
0x00057989	0x0006bf6f	?ReallyShowPointer@mouseManager@@QAEXXZ
0x00057993	0x000a95c8	?gpExec@@3PAVexecutive@@A
0x00057998	0x00072b98	?DoDialog@executive@@QAEFPAVbaseManager@@@Z
0x000579a2	0x000a7164	?gpMouseManager@@3PAVmouseManager@@A
0x000579a7	0x0006bf87	?ReallyHidePointer@mouseManager@@QAEXXZ
0x000579bb	0x000a76c4	?gLastFilename@@3PADA
0x000579c1	0x000a7ba0	?gpGame@@3PAVgame@@A
0x000579c6	0x0002cc73	?LoadGame@game@@QAEFPADHH@Z
0x000579e0	0x00054354	??1fileRequester@@QAE@XZ
0x000579f5	0x00077c4d	??3@YAXPAX@Z
0x00057a25	0x00054354	??1fileRequester@@QAE@XZ
0x00057a3a	0x00077c4d	??3@YAXPAX@Z
0x00057b1a	0x000930c4	?gSetupCampaignGameHelp@@3PAPADA
0x00057b20	0x0003e693	?NormalDialog@@YAXPADHHHHHHHH@Z
0x00057b2c	0x00058151	?BaseSetupHandler@@YAFAAUtag_message@@@Z
0x00057bde	0x000a9931	?gDirectConnect@@3CA
0x00057bfc	0x00093114	?gSetupDCComPortHelp@@3PAPADA
0x00057c02	0x0003e693	?NormalDialog@@YAXPADHHHHHHHH@Z
0x00057c21	0x000930ec	?gSetupComPortHelp@@3PAPADA
0x00057c27	0x0003e693	?NormalDialog@@YAXPADHHHHHHHH@Z
0x00057c33	0x00058151	?BaseSetupHandler@@YAFAAUtag_message@@@Z
0x00057ce5	0x000a9931	?gDirectConnect@@3CA
0x00057d03	0x00093100	?gSetupDCBaudHelp@@3PAPADA
0x00057d09	0x0003e693	?NormalDialog@@YAXPADHHHHHHHH@Z
0x00057d28	0x000930d8	?gSetupBaudHelp@@3PAPADA
0x00057d2e	0x0003e693	?NormalDialog@@YAXPADHHHHHHHH@Z
0x00057d3a	0x00058151	?BaseSetupHandler@@YAFAAUtag_message@@@Z
0x00057df0	0x00093128	?gSetupHotSeatGameHelp@@3PAPADA
0x00057df6	0x0003e693	?NormalDialog@@YAXPADHHHHHHHH@Z
0x00057e02	0x00058151	?BaseSetupHandler@@YAFAAUtag_message@@@Z
0x00057ea5	0x000a9931	?gDirectConnect@@3CA
0x00057ec3	0x00093148	?gSetupDCGameHelp@@3PAPADA
0x00057ec9	0x0003e693	?NormalDialog@@YAXPADHHHHHHHH@Z
0x00057ee8	0x00093138	?gSetupModemGameHelp@@3PAPADA
0x00057eee	0x0003e693	?NormalDialog@@YAXPADHHHHHHHH@Z
0x00057efa	0x00058151	?BaseSetupHandler@@YAFAAUtag_message@@@Z
0x00057fbf	0x00093158	?gSetupMultiPlayerGameHelp@@3PAPADA
0x00057fc5	0x0003e693	?NormalDialog@@YAXPADHHHHHHHH@Z
0x00057fd1	0x00058151	?BaseSetupHandler@@YAFAAUtag_message@@@Z
0x0005806c	0x0009316c	?gSetupNetworkGameHelp@@3PAPADA
0x00058072	0x0003e693	?NormalDialog@@YAXPADHHHHHHHH@Z
0x0005807e	0x00058151	?BaseSetupHandler@@YAFAAUtag_message@@@Z
0x00058134	0x00093178	?gSetupGameHelp@@3PAPADA
0x0005813a	0x0003e693	?NormalDialog@@YAXPADHHHHHHHH@Z
0x00058146	0x00058151	?BaseSetupHandler@@YAFAAUtag_message@@@Z
0x0005815f	0x0003c7b0	_PollSound
0x000581ba	0x00092198	?gMenuCommand@@3HA
0x000581c9	0x000a74a8	?gpWindowManager@@3PAVheroWindowManager@@A
0x000581e4	0x00092198	?gMenuCommand@@3HA
0x000581ec	0x000a74a8	?gpWindowManager@@3PAVheroWindowManager@@A
0x00058246	0x000ccca0	_gSmackDigDriver
0x00058254	0x0008a2d4	__imp__waveOutGetNumDevs@0
0x00058264	0x000cc8d8	_gSmackWaveCaps
0x0005826c	0x0008a2d8	__imp__waveOutGetDevCapsA@12
0x0005827b	0x000ccc70	_gSmackAudioFormat
0x000582a3	0x000cc900	_gSmackWaveCaps
0x000582a9	0x0009f7c0	_gSmackSoundFormats
0x000582b9	0x0009f7c0	_gSmackSoundFormats
0x000582bf	0x000ccc70	_gSmackAudioFormat
0x000582cc	0x0009f7c4	_gSmackSoundFormats
0x000582d2	0x000ccc74	_gSmackAudioFormat
0x000582de	0x0009f7c6	_gSmackSoundFormats
0x000582e4	0x000ccc76	_gSmackAudioFormat
0x000582f1	0x0009f7ca	_gSmackSoundFormats
0x000582f8	0x000ccc7a	_gSmackAudioFormat
0x00058302	0x000ccc70	_gSmackAudioFormat
0x0005830c	0x000ccc74	_gSmackAudioFormat
0x00058314	0x000ccc76	_gSmackAudioFormat
0x0005831f	0x000ccc7a	_gSmackAudioFormat
0x00058327	0x0008a2fc	__imp__AIL_startup@0
0x0005832e	0x000ccc80	_gSmackPcmFormat
0x00058337	0x000ccc74	_gSmackAudioFormat
0x0005833e	0x000ccc82	_gSmackPcmFormat
0x00058343	0x000ccc76	_gSmackAudioFormat
0x00058348	0x000ccc84	_gSmackPcmFormat
0x00058350	0x000ccc7a	_gSmackAudioFormat
0x0005835f	0x000ccc76	_gSmackAudioFormat
0x0005836b	0x000ccc74	_gSmackAudioFormat
0x00058374	0x000ccc88	_gSmackPcmFormat
0x0005837c	0x000ccc7a	_gSmackAudioFormat
0x0005838e	0x000ccc74	_gSmackAudioFormat
0x00058397	0x000ccc8c	_gSmackPcmFormat
0x0005839e	0x000ccc7a	_gSmackAudioFormat
0x000583a5	0x000ccc8e	_gSmackPcmFormat
0x000583aa	0x000ccc80	_gSmackPcmFormat
0x000583b3	0x000ccca0	_gSmackDigDriver
0x000583b9	0x0008a2ec	__imp__AIL_waveOutOpen@16
0x000583c3	0x000ccca0	_gSmackDigDriver
0x000583d4	0x000ccca0	_gSmackDigDriver
0x000583dc	0x000ccca0	_gSmackDigDriver
0x000583e3	0x0008a2f4	__imp__AIL_waveOutClose@4
0x000583e9	0x000ccca0	_gSmackDigDriver
0x000583f3	0x0008a2f8	__imp__AIL_shutdown@0
0x00058459	0x000a7834	?gPalette@@3PAVpalette@@A
0x00058462	0x00078550	_memcpy
0x0005846b	0x000a7834	?gPalette@@3PAVpalette@@A
0x00058474	0x000583f9	?ConvertSmackerPalette@@YAXPAE@Z
0x00058482	0x000a7834	?gPalette@@3PAVpalette@@A
0x0005848b	0x000682f5	?UpdatePalette@@YAXPAC@Z
0x00058498	0x0008a308	__imp__SmackDoFrame@4
0x000584ae	0x0008a324	__imp__SmackToBufferRect@8
0x000584bd	0x000cc8d0	?gMovieId@@3CA
0x000584d8	0x0009f920	$SG40224
0x000584d8	0x0009f920	$SG40231
0x000584dd	0x000a74f0	?gcWinText@@3PADA
0x000584e2	0x00044b59	?ProcessAssert@@YAXHPADH@Z
0x000584fc	0x000a74f0	?gcWinText@@3PADA
0x00058502	0x000ccc9c	_gSmackFont
0x00058507	0x0007203d	?DrawBoundedString@font@@QAEXPADFFFFFF@Z
0x00058548	0x000a74a8	?gpWindowManager@@3PAVheroWindowManager@@A
0x00058551	0x0006f870	?BlitBitmapToScreen@@YAXPAVbitmap@@HHHHHH@Z
0x00058569	0x0008a310	__imp__SmackNextFrame@4
0x0005857e	0x000ccc90	_gSmackPrevFrame
0x0005858e	0x0009f958	$SG40235
0x00058594	0x000a74d8	?gpResourceManager@@3PAVresourceManager@@A
0x00058599	0x0006c586	?GetFont@resourceManager@@QAEPAVfont@@PAD@Z
0x0005859e	0x000ccc9c	_gSmackFont
0x000585a3	0x000a98dc	?gDefaultMenu@@3PAUHMENU__@@A
0x000585a9	0x00043b24	?KBChangeMenu@@YAXPAUHMENU__@@@Z
0x000585bd	0x000ccc68	_gSmackStop
0x000585c9	0x000a7834	?gPalette@@3PAVpalette@@A
0x000585d2	0x000cc964	_gSmackSavedPalette
0x000585d7	0x00078550	_memcpy
0x000585df	0x00069d07	?ShutdownAudio@@YAXXZ
0x000585e4	0x00058240	?InitSmackSound@@YAXXZ
0x000585eb	0x000a74ea	?gbNoSound@@3CA
0x000585f5	0x000ccca0	_gSmackDigDriver
0x000585fe	0x000a9430	?gConfig@@3UconfigStruct@@A
0x00058607	0x000ccc94	_gSmkSounds
0x00058613	0x000ccc94	_gSmkSounds
0x0005861d	0x000a9430	?gConfig@@3UconfigStruct@@A
0x00058624	0x0009f8f4	_gSmackVolumes
0x0005862a	0x000ccca0	_gSmackDigDriver
0x00058631	0x0008a2f0	__imp__AIL_set_digital_master_volume@8
0x00058637	0x000ccca0	_gSmackDigDriver
0x00058645	0x000cc8d0	?gMovieId@@3CA
0x0005864e	0x0009f850	?gSmackOptions@@3PAUSSmackOptions@@A
0x00058654	0x00090f90	?gAnimPath@@3PADA
0x00058659	0x0009f964	$SG40239
0x0005865e	0x000a7168	?gText@@3PADA
0x00058663	0x0007823f	_sprintf
0x0005866b	0x000ccc94	_gSmkSounds
0x0005867e	0x000cc8d0	?gMovieId@@3CA
0x00058688	0x0009f864	?gSmackOptions@@3PAUSSmackOptions@@A
0x000586ae	0x000ccca8	_gSmackPrimary
0x000586b6	0x000a74a8	?gpWindowManager@@3PAVheroWindowManager@@A
0x000586d1	0x000ccca8	_gSmackPrimary
0x000586df	0x000cc8d0	?gMovieId@@3CA
0x000586e8	0x0009f859	?gSmackOptions@@3PAUSSmackOptions@@A
0x000586ee	0x00078460	_strlen
0x00058701	0x000cc8d0	?gMovieId@@3CA
0x00058709	0x0009f859	?gSmackOptions@@3PAUSSmackOptions@@A
0x0005870f	0x00090f90	?gAnimPath@@3PADA
0x00058714	0x0009f970	$SG40241
0x00058719	0x000a7168	?gText@@3PADA
0x00058737	0x000cccac	_gSmackSecond
0x0005873e	0x000cc8d0	?gMovieId@@3CA
0x00058748	0x0009f866	?gSmackOptions@@3PAUSSmackOptions@@A
0x00058754	0x000a74a8	?gpWindowManager@@3PAVheroWindowManager@@A
0x0005876c	0x000cc8d0	?gMovieId@@3CA
0x00058776	0x0009f869	?gSmackOptions@@3PAUSSmackOptions@@A
0x0005877e	0x000cc8d0	?gMovieId@@3CA
0x00058788	0x0009f867	?gSmackOptions@@3PAUSSmackOptions@@A
0x0005878f	0x000cccac	_gSmackSecond
0x000587d8	0x0006f870	?BlitBitmapToScreen@@YAXPAVbitmap@@HHHHHH@Z
0x000587e2	0x000cc8d0	?gMovieId@@3CA
0x000587ec	0x0009f862	?gSmackOptions@@3PAUSSmackOptions@@A
0x000587ff	0x000a74a8	?gpWindowManager@@3PAVheroWindowManager@@A
0x00058804	0x0006aaa3	?FadeScreen@heroWindowManager@@QAEXFFPAVpalette@@@Z
0x00058828	0x000ccca8	_gSmackPrimary
0x00058843	0x000ccca8	_gSmackPrimary
0x00058856	0x000cc8d0	?gMovieId@@3CA
0x00058860	0x0009f862	?gSmackOptions@@3PAUSSmackOptions@@A
0x00058884	0x000ccca8	_gSmackPrimary
0x0005888a	0x00058433	?DoAdvance@@YAXPAUSmack@@HHHH@Z
0x00058892	0x000ccca8	_gSmackPrimary
0x000588a1	0x000ccca8	_gSmackPrimary
0x000588b4	0x000cc8d0	?gMovieId@@3CA
0x000588be	0x0009f862	?gSmackOptions@@3PAUSSmackOptions@@A
0x000588cd	0x000a7834	?gPalette@@3PAVpalette@@A
0x000588ee	0x000a74a8	?gpWindowManager@@3PAVheroWindowManager@@A
0x000588f3	0x0006aaa3	?FadeScreen@heroWindowManager@@QAEXFFPAVpalette@@@Z
0x00058900	0x000cccac	_gSmackSecond
0x00058917	0x000cccac	_gSmackSecond
0x0005894c	0x000cc8d0	?gMovieId@@3CA
0x00058956	0x0009f866	?gSmackOptions@@3PAUSSmackOptions@@A
0x00058979	0x000cccac	_gSmackSecond
0x0005897f	0x00058433	?DoAdvance@@YAXPAUSmack@@HHHH@Z
0x00058988	0x000ccc90	_gSmackPrevFrame
0x00058992	0x000cccac	_gSmackSecond
0x000589a2	0x00043775	?Process1WindowsMessage@@YAXXZ
0x000589b3	0x000cc8d0	?gMovieId@@3CA
0x000589bd	0x0009f866	?gSmackOptions@@3PAUSSmackOptions@@A
0x000589c4	0x000cccac	_gSmackSecond
0x000589ca	0x00058433	?DoAdvance@@YAXPAUSmack@@HHHH@Z
0x000589d3	0x000cccac	_gSmackSecond
0x000589dc	0x000cccac	_gSmackSecond
0x000589f1	0x00043775	?Process1WindowsMessage@@YAXXZ
0x000589fb	0x000a7b90	?gInputManager@@3PAVinputManager@@A
0x00058a00	0x0006eed9	?GetEvent@inputManager@@QAE?AUtag_message@@XZ
0x00058a50	0x000cc8d0	?gMovieId@@3CA
0x00058a5a	0x0009f865	?gSmackOptions@@3PAUSSmackOptions@@A
0x00058a68	0x000ccc90	_gSmackPrevFrame
0x00058a71	0x000cccac	_gSmackSecond
0x00058a7a	0x000cccac	_gSmackSecond
0x00058a80	0x000cccac	_gSmackSecond
0x00058a91	0x000cccac	_gSmackSecond
0x00058aa6	0x000cccac	_gSmackSecond
0x00058aaf	0x000ccca8	_gSmackPrimary
0x00058ab4	0x000ccca8	_gSmackPrimary
0x00058ac5	0x000ccca8	_gSmackPrimary
0x00058ae1	0x000cc8d4	_gSmackEnded
0x00058af1	0x000cc8d0	?gMovieId@@3CA
0x00058afb	0x0009f863	?gSmackOptions@@3PAUSSmackOptions@@A
0x00058b0a	0x000a7834	?gPalette@@3PAVpalette@@A
0x00058b14	0x000a7830	?gpBufferPalette@@3PAVpalette@@A
0x00058b1d	0x00078550	_memcpy
0x00058b2c	0x000a74a8	?gpWindowManager@@3PAVheroWindowManager@@A
0x00058b31	0x0006aaa3	?FadeScreen@heroWindowManager@@QAEXFFPAVpalette@@@Z
0x00058b73	0x0006f870	?BlitBitmapToScreen@@YAXPAVbitmap@@HHHHHH@Z
0x00058b81	0x000cc8d4	_gSmackEnded
0x00058b8f	0x000a7834	?gPalette@@3PAVpalette@@A
0x00058bf2	0x000a74a8	?gpWindowManager@@3PAVheroWindowManager@@A
0x00058bfb	0x0006f870	?BlitBitmapToScreen@@YAXPAVbitmap@@HHHHHH@Z
0x00058c04	0x000ccca4	_gSmackTrackSummary
0x00058c0c	0x000cc910	_gSmackSummary
0x00058c11	0x000ccca8	_gSmackPrimary
0x00058c2c	0x000cc964	_gSmackSavedPalette
0x00058c32	0x000a7834	?gPalette@@3PAVpalette@@A
0x00058c3b	0x00078550	_memcpy
0x00058c43	0x000a7834	?gPalette@@3PAVpalette@@A
0x00058c60	0x000ccc98	_gSmkResource
0x00058c69	0x000ccc98	_gSmkResource
0x00058c70	0x000a74d8	?gpResourceManager@@3PAVresourceManager@@A
0x00058c75	0x0006c705	?Dispose@resourceManager@@QAEXPAVresource@@@Z
0x00058c7b	0x000ccc98	_gSmkResource
0x00058c85	0x000ccc9c	_gSmackFont
0x00058c8d	0x000ccc9c	_gSmackFont
0x00058c94	0x000a74d8	?gpResourceManager@@3PAVresourceManager@@A
0x00058c99	0x0006c705	?Dispose@resourceManager@@QAEXPAVresource@@@Z
0x00058c9f	0x000ccc9c	_gSmackFont
0x00058cb0	0x000ccca8	_gSmackPrimary
0x00058cb8	0x000ccca8	_gSmackPrimary
0x00058cbf	0x0008a320	__imp__SmackClose@4
0x00058cc5	0x000ccca8	_gSmackPrimary
0x00058ccf	0x000cccac	_gSmackSecond
0x00058cd8	0x000cccac	_gSmackSecond
0x00058cdf	0x0008a320	__imp__SmackClose@4
0x00058ce5	0x000cccac	_gSmackSecond
0x00058cee	0x000583cf	?ShutdownSmackSound@@YAXXZ
0x00058cff	0x000a9908	?gInSmacker@@3HA
0x00058d09	0x000cc8d4	_gSmackEnded
0x00058d17	0x000a7830	?gpBufferPalette@@3PAVpalette@@A
0x00058d27	0x00078550	_memcpy
0x00058d2f	0x000a74a8	?gpWindowManager@@3PAVheroWindowManager@@A
0x00058d3f	0x000a74a8	?gpWindowManager@@3PAVheroWindowManager@@A
0x00058d4a	0x00069742	?StopMusic@@YAXXZ
0x00058d52	0x000cc8d0	?gMovieId@@3CA
0x00058d57	0x0005856f	?SmackMain@@YAXXZ
0x00058d69	0x000a7830	?gpBufferPalette@@3PAVpalette@@A
0x00058d72	0x00078550	_memcpy
0x00058d7b	0x000a74a8	?gpWindowManager@@3PAVheroWindowManager@@A
0x00058d8c	0x000a9908	?gInSmacker@@3HA
0x00058d95	0x000cc8d4	_gSmackEnded
0x00058e35	0x000cccb4	?gSpellAIEffectShift@@3HA
0x00058e5e	0x000cccb4	?gSpellAIEffectShift@@3HA
0x00058e6a	0x000cccb4	?gSpellAIEffectShift@@3HA
0x00058ec5	0x000903ec	?gSpellAIFlags@@3PACA
0x00058f10	0x00058f76	?DetermineEffectOfSpell@combatManager@@QAEXHPAH0@Z
0x00058f4e	0x000a6aac	?gNextAction@@3HA
0x00058f5b	0x000a6a88	?giNextActionExtra@@3HA
0x00058f63	0x000a6aa8	?giNextActionGridIndex@@3HA
0x0005902e	0x00059678	?FirstArmy@combatManager@@QAEHHHPAH@Z
0x00059095	0x000cccb0	?gSpellAITargetSide@@3HA
0x00059419	0x0008a6d0	_SPELL_AI_SLOW_MODIFIER
0x0005941f	0x0008a4c8	__real@4@4000c000000000000000
0x00059424	0x000782f4	__ftol
0x00059447	0x000782f4	__ftol
0x00059458	0x0008a6d4	_SPELL_AI_BLIND_MODIFIER
0x0005945d	0x000782f4	__ftol
0x0005946e	0x0008a6d8	_SPELL_AI_CURSE_MODIFIER
0x00059473	0x000782f4	__ftol
0x00059484	0x0008a6dc	_SPELL_AI_PARALYZE_MODIFIER
0x00059489	0x000782f4	__ftol
0x0005949a	0x0008a6e0	_SPELL_AI_BERSERK_MODIFIER
0x0005949f	0x000782f4	__ftol
0x00059507	0x0008a6e4	_SPELL_AI_HASTE_MODIFIER
0x0005950d	0x0008a3f8	__real@4@40008000000000000000
0x00059512	0x000782f4	__ftol
0x00059529	0x0008a6e8	_SPELL_AI_BLESS_MODIFIER
0x0005952e	0x000782f4	__ftol
0x0005953c	0x0008a6ec	_SPELL_AI_STONESKIN_MODIFIER
0x00059541	0x000782f4	__ftol
0x0005954f	0x0008a6f0	_SPELL_AI_SHIELD_MODIFIER
0x00059554	0x000782f4	__ftol
0x0005959c	0x0008a468	__real@8@3ffec000000000000000
0x000595a1	0x000782f4	__ftol
0x0005962e	0x000a98c0	?gArmyEffected@@3PAY04CA
0x000596c4	0x0005963b	?NextPos@combatManager@@QAEXPAH@Z
0x00059c12	0x0008a468	__real@8@3ffec000000000000000
0x00059c17	0x000782f4	__ftol
0x00059cf5	0x0008a468	__real@8@3ffec000000000000000
0x00059d07	0x0009140a	?gMonsterDatabase@@3PAUtag_monsterInfo@@A
0x00059e9c	0x00059faf	?CombatSpecialHandler@@YAFAAUtag_message@@@Z
0x00059ea3	0x000a989c	?giCurGeneral@@3HA
0x00059eb4	0x000a7ba0	?gpGame@@3PAVgame@@A
0x00059eb9	0x00030bef	?ViewSpells@game@@QAECPAVhero@@CP6AFAAUtag_message@@@ZC@Z
0x00059efc	0x00059fa1	$L22347
0x00059f03	0x00059f99	$L22348
0x00059f09	0x000a6aac	?gNextAction@@3HA
0x00059f1d	0x000a6a88	?giNextActionExtra@@3HA
0x00059f25	0x000a6aac	?gNextAction@@3HA
0x00059f38	0x000a6a88	?giNextActionExtra@@3HA
0x00059f49	0x0009f980	$SG21925
0x00059f4f	0x000a7164	?gpMouseManager@@3PAVmouseManager@@A
0x00059f54	0x0006b84a	?SetPointer@mouseManager@@QAEXPADF@Z
0x00059f5b	0x0005a0b0	?HandleCastSpell@@YAFAAUtag_message@@@Z
0x00059f63	0x000a74a8	?gpWindowManager@@3PAVheroWindowManager@@A
0x00059f68	0x0006a740	?DoDialog@heroWindowManager@@QAEFPAVheroWindow@@P6AFAAUtag_message@@@ZH@Z
0x00059f6f	0x0009f990	$SG21926
0x00059f75	0x000a7164	?gpMouseManager@@3PAVmouseManager@@A
0x00059f7a	0x0006b84a	?SetPointer@mouseManager@@QAEXPADF@Z
0x00059f99	0x00059f07	$L21923
0x00059f9d	0x00059f23	$L21924
0x00059fe4	0x000a74a8	?gpWindowManager@@3PAVheroWindowManager@@A
0x00059ffb	0x000a74a8	?gpWindowManager@@3PAVheroWindowManager@@A
0x0005a03b	0x00092df8	?gSpellHelp@@3PAPADA
0x0005a042	0x000a7828	?gpCombatManager@@3PAVcombatManager@@A
0x0005a047	0x00023707	?CombatMessage@combatManager@@QAEXPADH@Z
0x0005a051	0x00092dfc	?gSpellHelp@@3PAPADA
0x0005a058	0x000a7828	?gpCombatManager@@3PAVcombatManager@@A
0x0005a05d	0x00023707	?CombatMessage@combatManager@@QAEXPADH@Z
0x0005a066	0x00092e08	?gSpellHelp@@3PAPADA
0x0005a06d	0x000a7828	?gpCombatManager@@3PAVcombatManager@@A
0x0005a072	0x00023707	?CombatMessage@combatManager@@QAEXPADH@Z
0x0005a07c	0x00092e10	?gSpellHelp@@3PAPADA
0x0005a083	0x000a7828	?gpCombatManager@@3PAVcombatManager@@A
0x0005a088	0x00023707	?CombatMessage@combatManager@@QAEXPADH@Z
0x0005a092	0x00092e14	?gSpellHelp@@3PAPADA
0x0005a099	0x000a7828	?gpCombatManager@@3PAVcombatManager@@A
0x0005a09e	0x00023707	?CombatMessage@combatManager@@QAEXPADH@Z
0x0005a12d	0x0005a30d	?ValidSpellTarget@combatManager@@QAECCC@Z
0x0005a13a	0x0009f97c	_?indexToCastOn@?1??HandleCastSpell@@YAFAAUtag_message@@@Z@4CA
0x0005a143	0x000a7164	?gpMouseManager@@3PAVmouseManager@@A
0x0005a148	0x0006b8b2	?SetPointer@mouseManager@@QAEXF@Z
0x0005a14d	0x000a7828	?gpCombatManager@@3PAVcombatManager@@A
0x0005a185	0x000a7828	?gpCombatManager@@3PAVcombatManager@@A
0x0005a18a	0x00023707	?CombatMessage@combatManager@@QAEXPADH@Z
0x0005a194	0x0009f97c	_?indexToCastOn@?1??HandleCastSpell@@YAFAAUtag_message@@@Z@4CA
0x0005a19a	0x000a7828	?gpCombatManager@@3PAVcombatManager@@A
0x0005a1a9	0x000a7164	?gpMouseManager@@3PAVmouseManager@@A
0x0005a1c5	0x000a7828	?gpCombatManager@@3PAVcombatManager@@A
0x0005a1ca	0x0005a572	?SpellMessage@combatManager@@QAEXCC@Z
0x0005a1d6	0x0009f97c	_?indexToCastOn@?1??HandleCastSpell@@YAFAAUtag_message@@@Z@4CA
0x0005a1e6	0x000cccb8	?gInTeleportGetDest@@3CA
0x0005a1f1	0x0009f97c	_?indexToCastOn@?1??HandleCastSpell@@YAFAAUtag_message@@@Z@4CA
0x0005a1f7	0x000a6a90	?giNextActionGridIndex2@@3HA
0x0005a200	0x0009f97c	_?indexToCastOn@?1??HandleCastSpell@@YAFAAUtag_message@@@Z@4CA
0x0005a205	0x000a6aa8	?giNextActionGridIndex@@3HA
0x0005a20b	0x000a7828	?gpCombatManager@@3PAVcombatManager@@A
0x0005a21d	0x000cccb8	?gInTeleportGetDest@@3CA
0x0005a224	0x0009f97c	_?indexToCastOn@?1??HandleCastSpell@@YAFAAUtag_message@@@Z@4CA
0x0005a58f	0x0005a656	$L22357
0x0005a596	0x0005a64a	$L22358
0x0005a5a1	0x000926dc	?gSpellNames@@3PAPADA
0x0005a5a7	0x0009f9f8	$SG22018
0x0005a5ac	0x000a7168	?gText@@3PADA
0x0005a5b1	0x0007823f	_sprintf
0x0005a5bd	0x000cccb8	?gInTeleportGetDest@@3CA
0x0005a5c6	0x0009fa08	$SG22021
0x0005a5cb	0x000a7168	?gText@@3PADA
0x0005a5d0	0x0007823f	_sprintf
0x0005a612	0x0009258c	?gArmyNames@@3PAPADA
0x0005a61e	0x000926dc	?gSpellNames@@3PAPADA
0x0005a624	0x0009fa1c	$SG22023
0x0005a629	0x000a7168	?gText@@3PADA
0x0005a62e	0x0007823f	_sprintf
0x0005a638	0x000a7168	?gText@@3PADA
0x0005a640	0x00023707	?CombatMessage@combatManager@@QAEXPADH@Z
0x0005a64a	0x0005a59a	$L22017
0x0005a64e	0x0005a5ba	$L22019
0x0005a652	0x0005a5d9	$L22020
0x0005b2d5	0x0001c7ff	?ValidHex@@YAHH@Z
0x0005b344	0x00017d94	?SpellEffect@army@@QAEXFH@Z
0x0005b361	0x00017d94	?SpellEffect@army@@QAEXFH@Z
0x0005b36b	0x00013fd9	?Stand@army@@QAEXC@Z
0x0005b39a	0x0009037c	?gCombatFxNames@@3PAPADA
0x0005bcaf	0x00044b4e	?KBTickCount@@YAHXZ
0x0005bcbb	0x0008a6f8	__real@8@4005e100000000000000
0x0005bcc0	0x000782f4	__ftol
0x0005bcc5	0x000a98a0	?glTimers@@3PAHA
0x0005c2c3	0x00088fcb	__ehreg$?Armageddon@combatManager@@QAEXXZ
0x0005c396	0x00035e77	?SRandom@@YAHHH@Z
0x0005c3c3	0x00017391	?Damage@army@@QAEHH@Z
0x0005c3e2	0x0009fba8	$SG22320
0x0005c3e7	0x000a7168	?gText@@3PADA
0x0005c3ec	0x0007823f	_sprintf
0x0005c3f6	0x000a7168	?gText@@3PADA
0x0005c3fe	0x00023707	?CombatMessage@combatManager@@QAEXPADH@Z
0x0005c404	0x000a74a8	?gpWindowManager@@3PAVheroWindowManager@@A
0x0005c40f	0x0009fbcc	$SG22321
0x0005c415	0x000a74d8	?gpResourceManager@@3PAVresourceManager@@A
0x0005c41a	0x0006c25b	?GetPalette@resourceManager@@QAEPAVpalette@@PAD@Z
0x0005c424	0x00077d50	??2@YAPAXI@Z
0x0005c43f	0x000747d0	??0palette@@QAE@XZ
0x0005c469	0x00042146	?MemError@@YAXXZ
0x0005c476	0x000748c8	?Data@palette@@QAEPACXZ
0x0005c47f	0x000748c8	?Data@palette@@QAEPACXZ
0x0005c485	0x00078550	_memcpy
0x0005c48d	0x00044b4e	?KBTickCount@@YAHXZ
0x0005c495	0x000a98a0	?glTimers@@3PAHA
0x0005c49d	0x000748c8	?Data@palette@@QAEPACXZ
0x0005c54b	0x000a98a0	?glTimers@@3PAHA
0x0005c550	0x0004639e	?DelayTil@@YAXPAH@Z
0x0005c55e	0x0006fa55	?SetPalette@@YAXPACH@Z
0x0005c566	0x00044b4e	?KBTickCount@@YAHXZ
0x0005c56e	0x000a98a0	?glTimers@@3PAHA
0x0005c57d	0x000174f1	?PowEffect@army@@QAEXC@Z
0x0005c5fc	0x00013fd9	?Stand@army@@QAEXC@Z
0x0005c60a	0x00023d6c	?DrawFrame@combatManager@@QAEXC@Z
0x0005c614	0x000748c8	?Data@palette@@QAEPACXZ
0x0005c61a	0x0006fa55	?SetPalette@@YAXPACH@Z
0x0005c622	0x000a74a8	?gpWindowManager@@3PAVheroWindowManager@@A
0x0005c632	0x000a74d8	?gpResourceManager@@3PAVresourceManager@@A
0x0005c637	0x0006c705	?Dispose@resourceManager@@QAEXPAVresource@@@Z
0x0005c6b6	0x00089001	__ehreg$??0strip@@QAE@FFCFCPAVarmyGroup@@FH@Z
0x0005c951	0x000a74a8	?gpWindowManager@@3PAVheroWindowManager@@A
0x0005c956	0x0006a657	?RemoveWindow@heroWindowManager@@QAEXPAVheroWindow@@@Z
0x0005c9f4	0x00077c4d	??3@YAXPAX@Z
0x0005ca04	0x000a74d8	?gpResourceManager@@3PAVresourceManager@@A
0x0005ca09	0x0006c705	?Dispose@resourceManager@@QAEXPAVresource@@@Z
0x0005ca16	0x000a74d8	?gpResourceManager@@3PAVresourceManager@@A
0x0005ca1b	0x0006c705	?Dispose@resourceManager@@QAEXPAVresource@@@Z
0x0005ca28	0x000a74d8	?gpResourceManager@@3PAVresourceManager@@A
0x0005ca2d	0x0006c705	?Dispose@resourceManager@@QAEXPAVresource@@@Z
0x0005ca3a	0x000a74d8	?gpResourceManager@@3PAVresourceManager@@A
0x0005ca3f	0x0006c705	?Dispose@resourceManager@@QAEXPAVresource@@@Z
0x0005cab1	0x00070f8a	?DrawToBuffer@icon@@QAEXFFFCC@Z
0x0005cb06	0x00070f8a	?DrawToBuffer@icon@@QAEXFFFCC@Z
0x0005cb18	0x0006da87	?DrawWindow@heroWindow@@QAEXF@Z
0x0005cb98	0x00070f8a	?DrawToBuffer@icon@@QAEXFFFCC@Z
0x0005cbcb	0x00070f8a	?DrawToBuffer@icon@@QAEXFFFCC@Z
0x0005cbe0	0x0009fc00	$SG3109
0x0005cbe5	0x000a7168	?gText@@3PADA
0x0005cbea	0x0007823f	_sprintf
0x0005cc18	0x000a7168	?gText@@3PADA
0x0005cc23	0x0007203d	?DrawBoundedString@font@@QAEXPADFFFFFF@Z
0x0005cc54	0x00070f8a	?DrawToBuffer@icon@@QAEXFFFCC@Z
0x0005cc69	0x0006da87	?DrawWindow@heroWindow@@QAEXF@Z
0x0005cca7	0x00070f8a	?DrawToBuffer@icon@@QAEXFFFCC@Z
0x0005cce3	0x00089016	__ehreg$??0bankBox@@QAE@FFPAVplayerData@@@Z
0x0005cdc3	0x000a74a8	?gpWindowManager@@3PAVheroWindowManager@@A
0x0005cdc8	0x0006a657	?RemoveWindow@heroWindowManager@@QAEXPAVheroWindow@@@Z
0x0005cdda	0x00077c4d	??3@YAXPAX@Z
0x0005ce26	0x0009fc10	$SG3142
0x0005ce2f	0x0007823f	_sprintf
0x0005ce52	0x0006da11	?BroadcastMessage@heroWindow@@QAEFAAUtag_message@@@Z
0x0005ce65	0x0009fc14	$SG3143
0x0005ce6e	0x0007823f	_sprintf
0x0005ce8c	0x0006da11	?BroadcastMessage@heroWindow@@QAEFAAUtag_message@@@Z
0x0005ce97	0x0006da72	?DrawWindow@heroWindow@@QAEXXZ
0x0005ceeb	0x000688c0	??0baseManager@@QAE@XZ
0x0005cef4	0x0008a700	??_7swapManager@@6B@
0x0005cf55	0x000688c0	??0baseManager@@QAE@XZ
0x0005cf5e	0x0008a700	??_7swapManager@@6B@
0x0005cfb1	0x0008902b	__ehreg$?Open@swapManager@@UAEFF@Z
0x0005cfb7	-0x400000	__except_list
0x0005cfbf	-0x400000	__except_list
0x0005cfcd	0x0005cf7d	?Reset@swapManager@@QAEXXZ
0x0005cfd4	0x00077d50	??2@YAPAXI@Z
0x0005cfec	0x0009fc18	$SG21547
0x0005cff8	0x0006d150	??0heroWindow@@QAE@FFPAD@Z
0x0005d028	0x00042146	?MemError@@YAXXZ
0x0005d036	0x00044ae3	?SetWinText@@YAXPAVheroWindow@@F@Z
0x0005d055	0x0009fc24	$SG21549
0x0005d05a	0x000a7168	?gText@@3PADA
0x0005d05f	0x0007823f	_sprintf
0x0005d06f	0x000a7168	?gText@@3PADA
0x0005d07e	0x0006da11	?BroadcastMessage@heroWindow@@QAEFAAUtag_message@@@Z
0x0005d08e	0x0009fc34	$SG21550
0x0005d093	0x000a7168	?gText@@3PADA
0x0005d098	0x0007823f	_sprintf
0x0005d0b0	0x0006da11	?BroadcastMessage@heroWindow@@QAEFAAUtag_message@@@Z
0x0005d0cf	0x0009fc44	$SG21551
0x0005d0d4	0x000a7168	?gText@@3PADA
0x0005d0d9	0x0007823f	_sprintf
0x0005d0e3	0x000a7168	?gText@@3PADA
0x0005d0f8	0x0006da11	?BroadcastMessage@heroWindow@@QAEFAAUtag_message@@@Z
0x0005d11b	0x000a7480	?gpAdvManager@@3PAVadvManager@@A
0x0005d126	0x0006da11	?BroadcastMessage@heroWindow@@QAEFAAUtag_message@@@Z
0x0005d136	0x000a7480	?gpAdvManager@@3PAVadvManager@@A
0x0005d141	0x0006da11	?BroadcastMessage@heroWindow@@QAEFAAUtag_message@@@Z
0x0005d150	0x000a7480	?gpAdvManager@@3PAVadvManager@@A
0x0005d15b	0x0006da11	?BroadcastMessage@heroWindow@@QAEFAAUtag_message@@@Z
0x0005d16b	0x000a7480	?gpAdvManager@@3PAVadvManager@@A
0x0005d176	0x0006da11	?BroadcastMessage@heroWindow@@QAEFAAUtag_message@@@Z
0x0005d186	0x000a7480	?gpAdvManager@@3PAVadvManager@@A
0x0005d191	0x0006da11	?BroadcastMessage@heroWindow@@QAEFAAUtag_message@@@Z
0x0005d1a0	0x000a7480	?gpAdvManager@@3PAVadvManager@@A
0x0005d1ab	0x0006da11	?BroadcastMessage@heroWindow@@QAEFAAUtag_message@@@Z
0x0005d1b3	0x0005e1ba	?Update@swapManager@@QAEXXZ
0x0005d1c4	0x000a74a8	?gpWindowManager@@3PAVheroWindowManager@@A
0x0005d1c9	0x0006a4f1	?AddWindow@heroWindowManager@@QAEXPAVheroWindow@@FC@Z
0x0005d1ce	0x000a98e4	?gAdventureMenu@@3PAUHMENU__@@A
0x0005d1d4	0x00043b24	?KBChangeMenu@@YAXPAUHMENU__@@@Z
0x0005d1dd	0x00092190	?gMonoIconSkip@@3HA
0x0005d1e6	0x0009fc58	$SG21552
0x0005d1ec	0x000a74d8	?gpResourceManager@@3PAVresourceManager@@A
0x0005d1f1	0x0006c3db	?GetIcon@resourceManager@@QAEPAVicon@@PAD@Z
0x0005d1fd	0x00092190	?gMonoIconSkip@@3HA
0x0005d209	0x000a7164	?gpMouseManager@@3PAVmouseManager@@A
0x0005d20e	0x0006b8b2	?SetPointer@mouseManager@@QAEXF@Z
0x0005d239	0x0009fc64	$SG21553
0x0005d245	0x00077c60	_strcpy
0x0005d255	-0x400000	__except_list
0x0005d271	0x000a74d8	?gpResourceManager@@3PAVresourceManager@@A
0x0005d276	0x0006c705	?Dispose@resourceManager@@QAEXPAVresource@@@Z
0x0005d283	0x000a74a8	?gpWindowManager@@3PAVheroWindowManager@@A
0x0005d288	0x0006a657	?RemoveWindow@heroWindowManager@@QAEXPAVheroWindow@@@Z
0x0005d29a	0x00077c4d	??3@YAXPAX@Z
0x0005d2ac	0x000a7480	?gpAdvManager@@3PAVadvManager@@A
0x0005d2db	0x000a7480	?gpAdvManager@@3PAVadvManager@@A
0x0005d2e6	0x0006da11	?BroadcastMessage@heroWindow@@QAEFAAUtag_message@@@Z
0x0005d2f6	0x000a7480	?gpAdvManager@@3PAVadvManager@@A
0x0005d301	0x0006da11	?BroadcastMessage@heroWindow@@QAEFAAUtag_message@@@Z
0x0005d310	0x000a7480	?gpAdvManager@@3PAVadvManager@@A
0x0005d31b	0x0006da11	?BroadcastMessage@heroWindow@@QAEFAAUtag_message@@@Z
0x0005d32b	0x000a7480	?gpAdvManager@@3PAVadvManager@@A
0x0005d336	0x0006da11	?BroadcastMessage@heroWindow@@QAEFAAUtag_message@@@Z
0x0005d346	0x000a7480	?gpAdvManager@@3PAVadvManager@@A
0x0005d351	0x0006da11	?BroadcastMessage@heroWindow@@QAEFAAUtag_message@@@Z
0x0005d360	0x000a7480	?gpAdvManager@@3PAVadvManager@@A
0x0005d36b	0x0006da11	?BroadcastMessage@heroWindow@@QAEFAAUtag_message@@@Z
0x0005d4ee	0x000712f5	?FillToBuffer@icon@@QAEXFFFFCC@Z
0x0005d508	0x000a74a8	?gpWindowManager@@3PAVheroWindowManager@@A
0x0005d50d	0x0006a917	?UpdateScreenRegion@heroWindowManager@@QAEXFFFF@Z
0x0005e1d2	0x000a7168	?gText@@3PADA
0x0005e20f	0x0009fcb0	$SG21719
0x0005e214	0x000a7168	?gText@@3PADA
0x0005e219	0x0007823f	_sprintf
0x0005e22b	0x0006da11	?BroadcastMessage@heroWindow@@QAEFAAUtag_message@@@Z
0x0005e24b	0x0009fcb4	$SG21720
0x0005e250	0x000a7168	?gText@@3PADA
0x0005e255	0x0007823f	_sprintf
0x0005e267	0x0006da11	?BroadcastMessage@heroWindow@@QAEFAAUtag_message@@@Z
0x0005e2d3	0x0006da11	?BroadcastMessage@heroWindow@@QAEFAAUtag_message@@@Z
0x0005e2fa	0x0006da11	?BroadcastMessage@heroWindow@@QAEFAAUtag_message@@@Z
0x0005e36a	0x0006da11	?BroadcastMessage@heroWindow@@QAEFAAUtag_message@@@Z
0x0005e385	0x0009fcb8	$SG21731
0x0005e38a	0x000a7168	?gText@@3PADA
0x0005e38f	0x0007823f	_sprintf
0x0005e399	0x000a7168	?gText@@3PADA
0x0005e3a8	0x0006da11	?BroadcastMessage@heroWindow@@QAEFAAUtag_message@@@Z
0x0005e414	0x0006da11	?BroadcastMessage@heroWindow@@QAEFAAUtag_message@@@Z
0x0005e43b	0x0006da11	?BroadcastMessage@heroWindow@@QAEFAAUtag_message@@@Z
0x0005e4ab	0x0006da11	?BroadcastMessage@heroWindow@@QAEFAAUtag_message@@@Z
0x0005e4c6	0x0009fcbc	$SG21742
0x0005e4cb	0x000a7168	?gText@@3PADA
0x0005e4d0	0x0007823f	_sprintf
0x0005e4da	0x000a7168	?gText@@3PADA
0x0005e4e9	0x0006da11	?BroadcastMessage@heroWindow@@QAEFAAUtag_message@@@Z
0x0005e558	0x0006da11	?BroadcastMessage@heroWindow@@QAEFAAUtag_message@@@Z
0x0005e582	0x0006da11	?BroadcastMessage@heroWindow@@QAEFAAUtag_message@@@Z
0x0005e5f1	0x0006da11	?BroadcastMessage@heroWindow@@QAEFAAUtag_message@@@Z
0x0005e61b	0x0006da11	?BroadcastMessage@heroWindow@@QAEFAAUtag_message@@@Z
0x0005e62e	0x00089040	__ehreg$?SplitMons@swapManager@@QAEXXZ
0x0005e9ce	0x000184b0	??0armyGroup@@QAE@XZ
0x0005ea8c	0x000a7ba0	?gpGame@@3PAVgame@@A
0x0005eaa0	0x00038f8a	?HasArtifact@hero@@QAECC@Z
0x0005eaf1	0x000918b4	?gMageGuildSpellCount@@3PACA
0x0005eb5d	0x000a7ba0	?gpGame@@3PAVgame@@A
0x0005eba0	0x000a7ba0	?gpGame@@3PAVgame@@A
0x0005ebc6	0x000a7ba0	?gpGame@@3PAVgame@@A
0x0005ec09	0x000a7ba0	?gpGame@@3PAVgame@@A
0x0005ec2f	0x000a7ba0	?gpGame@@3PAVgame@@A
0x0005ec6b	0x000a7ba0	?gpGame@@3PAVgame@@A
0x0005ed29	0x000a7ba0	?gpGame@@3PAVgame@@A
0x0005ee35	0x000a7ba0	?gpGame@@3PAVgame@@A
0x0005ee96	0x0008905b	__ehreg$??0townObject@@QAE@PAD@Z
0x0005f09c	0x000a74d8	?gpResourceManager@@3PAVresourceManager@@A
0x0005f0a1	0x0006c705	?Dispose@resourceManager@@QAEXPAVresource@@@Z
0x0005f0d3	0x00070f8a	?DrawToBuffer@icon@@QAEXFFFCC@Z
0x0005f0fc	0x000a940c	?gpTownManager@@3PAVtownManager@@A
0x0005f123	0x00070f8a	?DrawToBuffer@icon@@QAEXFFFCC@Z
0x0005f12f	0x000a940c	?gpTownManager@@3PAVtownManager@@A
0x0005f14a	0x00070f8a	?DrawToBuffer@icon@@QAEXFFFCC@Z
0x0005f172	0x00070f8a	?DrawToBuffer@icon@@QAEXFFFCC@Z
0x0005f1b7	0x000688c0	??0baseManager@@QAE@XZ
0x0005f1c0	0x0008a74c	??_7townManager@@6B@
0x0005f21b	0x000890a7	__ehreg$?Open@townManager@@UAEFF@Z
0x0005f24b	0x00091cd8	?gTownTheme@@3PACA
0x0005f32d	0x0006da11	?BroadcastMessage@heroWindow@@QAEFAAUtag_message@@@Z
0x0005f33d	0x0009fd24	$SG22889
0x0005f342	0x000a7168	?gText@@3PADA
0x0005f347	0x0007823f	_sprintf
0x0005f34f	0x000a7168	?gText@@3PADA
0x0005f355	0x000a74d8	?gpResourceManager@@3PAVresourceManager@@A
0x0005f35a	0x0006c31b	?GetBitmap@resourceManager@@QAEPAVbitmap@@PAD@Z
0x0005f3a0	0x0008a70c	?gTownObjectType@@3QAY0BA@$$CBCA
0x0005f3c4	0x000905b8	?gTownObjectNames@@3PAPADA
0x0005f3df	0x000905c8	?gTownObjectNames@@3PAPADA
0x0005f3f1	0x000905cc	?gTownObjectNames@@3PAPADA
0x0005f962	0x0005cdb1	??1bankBox@@QAE@XZ
0x0005f977	0x00077c4d	??3@YAXPAX@Z
0x0005f9b5	0x0005c940	??1strip@@QAE@XZ
0x0005f9ca	0x00077c4d	??3@YAXPAX@Z
0x0005f9fc	0x0005c940	??1strip@@QAE@XZ
0x0005fa11	0x00077c4d	??3@YAXPAX@Z
0x0005fa60	0x0006d92a	?RemoveWidget@heroWindow@@QAEXPAVwidget@@@Z
0x0005fa82	0x0005f053	??1townObject@@QAE@XZ
0x0005fa97	0x00077c4d	??3@YAXPAX@Z
0x0005fab8	0x000a74d8	?gpResourceManager@@3PAVresourceManager@@A
0x0005fabd	0x0006c705	?Dispose@resourceManager@@QAEXPAVresource@@@Z
0x0005faca	0x000a74a8	?gpWindowManager@@3PAVheroWindowManager@@A
0x0005facf	0x0006a657	?RemoveWindow@heroWindowManager@@QAEXPAVheroWindow@@@Z
0x0005fae1	0x00077c4d	??3@YAXPAX@Z
0x0005fae9	0x00069742	?StopMusic@@YAXXZ
0x0005faf5	0x000a74a8	?gpWindowManager@@3PAVheroWindowManager@@A
0x0005fafa	0x0006aaa3	?FadeScreen@heroWindowManager@@QAEXFFPAVpalette@@@Z
0x0005fb02	0x000a7164	?gpMouseManager@@3PAVmouseManager@@A
0x0005fb07	0x0006b8b2	?SetPointer@mouseManager@@QAEXF@Z
0x0005fb3e	0x000187ef	?GetNumArmies@armyGroup@@QAEFXZ
0x0005fc22	0x0009266c	?gArmyNamesPlural@@3PAPADA
0x0005fc28	0x000cd0bc	_s_armyCommandText
0x0005fc2d	0x00077c60	_strcpy
0x0005fc37	0x000cd0bc	_s_armyCommandText
0x0005fc44	0x000cd0bc	_s_armyCommandText
0x0005fc51	0x000cd0bc	_s_armyCommandText
0x0005fc60	0x000cd0bc	_s_armyCommandText
0x0005fc6f	0x000cd0bc	_s_armyCommandText
0x0005fc7f	0x000cd0bc	_s_armyCommandText
0x0005fc8e	0x000cd0bc	_s_armyCommandText
0x0005fca1	0x000cd0bc	_s_armyCommandText
0x0005fcad	0x000cd0bc	_s_armyCommandText
0x0005fcb2	0x000cd0bc	_s_armyCommandText
0x0005fcb7	0x00092ee4	?gTownCommand@@3PAPADA
0x0005fcc7	0x0007823f	_sprintf
0x0005fceb	0x00092ee8	?gTownCommand@@3PAPADA
0x0005fcf1	0x000cd0bc	_s_armyCommandText
0x0005fcf6	0x00077c60	_strcpy
0x0005fd01	0x000cd0bc	_s_armyCommandText
0x0005fd0d	0x000cd0bc	_s_armyCommandText
0x0005fd1a	0x000cd0bc	_s_armyCommandText
0x0005fd2a	0x000cd0bc	_s_armyCommandText
0x0005fd39	0x000cd0bc	_s_armyCommandText
0x0005fd48	0x000cd0bc	_s_armyCommandText
0x0005fd58	0x000cd0bc	_s_armyCommandText
0x0005fd6b	0x000cd0bc	_s_armyCommandText
0x0005fd77	0x000cd0bc	_s_armyCommandText
0x0005fd7c	0x000cd0bc	_s_armyCommandText
0x0005fd8b	0x00077c60	_strcpy
0x0005fdb4	0x0009266c	?gArmyNamesPlural@@3PAPADA
0x0005fdba	0x000cd0bc	_s_armyCommandText
0x0005fdbf	0x00077c60	_strcpy
0x0005fdca	0x000cd0bc	_s_armyCommandText
0x0005fdd7	0x000cd0bc	_s_armyCommandText
0x0005fde3	0x000cd0bc	_s_armyCommandText
0x0005fdf3	0x000cd0bc	_s_armyCommandText
0x0005fe03	0x000cd0bc	_s_armyCommandText
0x0005fe12	0x000cd0bc	_s_armyCommandText
0x0005fe22	0x000cd0bc	_s_armyCommandText
0x0005fe36	0x000cd0bc	_s_armyCommandText
0x0005fe41	0x000cd0bc	_s_armyCommandText
0x0005fe46	0x000cd0bc	_s_armyCommandText
0x0005fe4c	0x00092eec	?gTownCommand@@3PAPADA
0x0005fe5c	0x0007823f	_sprintf
0x0005febe	0x0009266c	?gArmyNamesPlural@@3PAPADA
0x0005fec4	0x000cd0bc	_s_armyCommandText
0x0005fec9	0x00077c60	_strcpy
0x0005fed3	0x000cd0bc	_s_armyCommandText
0x0005fee0	0x000cd0bc	_s_armyCommandText
0x0005feed	0x000cd0bc	_s_armyCommandText
0x0005fefc	0x000cd0bc	_s_armyCommandText
0x0005ff0b	0x000cd0bc	_s_armyCommandText
0x0005ff1b	0x000cd0bc	_s_armyCommandText
0x0005ff2a	0x000cd0bc	_s_armyCommandText
0x0005ff3d	0x000cd0bc	_s_armyCommandText
0x0005ff49	0x000cd0bc	_s_armyCommandText
0x0005ff4e	0x000cd0bc	_s_armyCommandText
0x0005ff53	0x00092ef0	?gTownCommand@@3PAPADA
0x0005ff63	0x0007823f	_sprintf
0x0005ffab	0x0009266c	?gArmyNamesPlural@@3PAPADA
0x0005ffb2	0x00092ef4	?gTownCommand@@3PAPADA
0x0005ffc1	0x0007823f	_sprintf
0x00060013	0x00092ef8	?gTownCommand@@3PAPADA
0x00060022	0x00077c60	_strcpy
0x0006004b	0x0009266c	?gArmyNamesPlural@@3PAPADA
0x00060051	0x000cd0bc	_s_armyCommandText
0x00060056	0x00077c60	_strcpy
0x00060061	0x000cd0bc	_s_armyCommandText
0x0006006d	0x000cd0bc	_s_armyCommandText
0x0006007a	0x000cd0bc	_s_armyCommandText
0x0006008a	0x000cd0bc	_s_armyCommandText
0x00060099	0x000cd0bc	_s_armyCommandText
0x000600a8	0x000cd0bc	_s_armyCommandText
0x000600b8	0x000cd0bc	_s_armyCommandText
0x000600cb	0x000cd0bc	_s_armyCommandText
0x000600d7	0x000cd0bc	_s_armyCommandText
0x000600dc	0x000cd0bc	_s_armyCommandText
0x000600e2	0x00092efc	?gTownCommand@@3PAPADA
0x000600f1	0x0007823f	_sprintf
0x00060124	0x0009266c	?gArmyNamesPlural@@3PAPADA
0x0006012a	0x000cd0bc	_s_armyCommandText
0x0006012f	0x00077c60	_strcpy
0x00060139	0x000cd0bc	_s_armyCommandText
0x00060146	0x000cd0bc	_s_armyCommandText
0x00060153	0x000cd0bc	_s_armyCommandText
0x00060162	0x000cd0bc	_s_armyCommandText
0x00060171	0x000cd0bc	_s_armyCommandText
0x00060181	0x000cd0bc	_s_armyCommandText
0x00060190	0x000cd0bc	_s_armyCommandText
0x000601a3	0x000cd0bc	_s_armyCommandText
0x000601af	0x000cd0bc	_s_armyCommandText
0x000601d0	0x0009266c	?gArmyNamesPlural@@3PAPADA
0x000601d6	0x000cccbc	_s_pendingArmyName
0x000601db	0x00077c60	_strcpy
0x000601e6	0x000cccbc	_s_pendingArmyName
0x000601f3	0x000cccbc	_s_pendingArmyName
0x000601ff	0x000cccbc	_s_pendingArmyName
0x0006020f	0x000cccbc	_s_pendingArmyName
0x0006021f	0x000cccbc	_s_pendingArmyName
0x0006022e	0x000cccbc	_s_pendingArmyName
0x0006023e	0x000cccbc	_s_pendingArmyName
0x00060252	0x000cccbc	_s_pendingArmyName
0x0006025d	0x000cccbc	_s_pendingArmyName
0x00060262	0x000cccbc	_s_pendingArmyName
0x00060267	0x000cd0bc	_s_armyCommandText
0x0006026d	0x00092f00	?gTownCommand@@3PAPADA
0x0006027d	0x0007823f	_sprintf
0x000602fa	0x00092f04	?gTownCommand@@3PAPADA
0x0006030a	0x00077c60	_strcpy
0x00060317	0x00092f08	?gTownCommand@@3PAPADA
0x00060327	0x00077c60	_strcpy
0x00060335	0x00092f0c	?gTownCommand@@3PAPADA
0x00060344	0x00077c60	_strcpy
0x0006039b	0x0005fb18	?SetArmyCommand@townManager@@QAEXF@Z
0x000603e8	0x00092f10	?gTownCommand@@3PAPADA
0x000603f8	0x00077c60	_strcpy
0x0006041e	0x0009266c	?gArmyNamesPlural@@3PAPADA
0x00060425	0x00092f14	?gTownCommand@@3PAPADA
0x00060435	0x0007823f	_sprintf
0x0006044d	0x00092f18	?gTownCommand@@3PAPADA
0x0006045d	0x00077c60	_strcpy
0x000604b4	0x0005fb18	?SetArmyCommand@townManager@@QAEXF@Z
0x00060500	0x00092f10	?gTownCommand@@3PAPADA
0x00060510	0x00077c60	_strcpy
0x00060540	0x0009266c	?gArmyNamesPlural@@3PAPADA
0x00060547	0x00092f14	?gTownCommand@@3PAPADA
0x00060557	0x0007823f	_sprintf
0x0006056f	0x00092f1c	?gTownCommand@@3PAPADA
0x0006057f	0x00077c60	_strcpy
0x0006058c	0x00092f20	?gTownCommand@@3PAPADA
0x0006059c	0x00077c60	_strcpy
0x000605aa	0x00092f24	?gTownCommand@@3PAPADA
0x000605b9	0x00077c60	_strcpy
0x000605c7	0x00092f28	?gTownCommand@@3PAPADA
0x000605d7	0x00077c60	_strcpy
0x000605e4	0x00092f2c	?gTownCommand@@3PAPADA
0x000605f4	0x00077c60	_strcpy
0x00060602	0x00092f30	?gTownCommand@@3PAPADA
0x00060611	0x00077c60	_strcpy
0x0006061f	0x00092f34	?gTownCommand@@3PAPADA
0x0006062f	0x00077c60	_strcpy
0x00060650	0x00090601	?gDwellingType@@3PAY05CA
0x00060657	0x0009266c	?gArmyNamesPlural@@3PAPADA
0x0006065d	0x000cd4bc	_s_dwellingArmyLabel
0x00060662	0x00077c60	_strcpy
0x0006066c	0x000cd4bc	_s_dwellingArmyLabel
0x00060679	0x000cd4bc	_s_dwellingArmyLabel
0x00060686	0x000cd4bc	_s_dwellingArmyLabel
0x00060695	0x000cd4bc	_s_dwellingArmyLabel
0x000606a4	0x000cd4bc	_s_dwellingArmyLabel
0x000606b4	0x000cd4bc	_s_dwellingArmyLabel
0x000606c3	0x000cd4bc	_s_dwellingArmyLabel
0x000606d6	0x000cd4bc	_s_dwellingArmyLabel
0x000606e2	0x000cd4bc	_s_dwellingArmyLabel
0x000606e7	0x000cd4bc	_s_dwellingArmyLabel
0x000606ec	0x00092f38	?gTownCommand@@3PAPADA
0x000606fc	0x0007823f	_sprintf
0x00060711	0x00060770	?ShowText@townManager@@QAEXPAD@Z
0x000607a1	0x0006da11	?BroadcastMessage@heroWindow@@QAEFAAUtag_message@@@Z
0x000607b8	0x0006daab	?DrawWindow@heroWindow@@QAEXFHH@Z
0x000607cc	0x000a74a8	?gpWindowManager@@3PAVheroWindowManager@@A
0x000607d1	0x0006a917	?UpdateScreenRegion@heroWindowManager@@QAEXFFFF@Z
0x000607e1	0x00089109	__ehreg$?Main@townManager@@UAEFAAUtag_message@@@Z
0x00060b2b	0x0009fd80	$SG654720
0x00060c70	0x0009fd90	$SG654736
0x00060c9c	0x0009fe2c	$SG654892
0x00060e6b	0x0009fe38	$SG654904
0x00060f3c	0x0009fe48	$SG654920
0x00060fe8	0x0009fe58	$SG654936
0x00061130	0x0009fe68	$SG654952
0x00061381	0x0009fe78	$SG654968
0x00061514	0x0009fe88	$SG654984
0x000615c5	0x0009fe98	$SG655000
0x00061fc7	0x0006254d	?DrawTown@townManager@@QAEXCH@Z
0x00061fd7	0x0005ca7e	?DrawIcons@strip@@QAEXC@Z
0x00061fe7	0x0005ca7e	?DrawIcons@strip@@QAEXC@Z
0x00062014	0x0006da11	?BroadcastMessage@heroWindow@@QAEFAAUtag_message@@@Z
0x00062021	0x0006da87	?DrawWindow@heroWindow@@QAEXF@Z
0x00062038	0x000a74a8	?gpWindowManager@@3PAVheroWindowManager@@A
0x0006203d	0x0006a917	?UpdateScreenRegion@heroWindowManager@@QAEXFFFF@Z
0x0006204b	0x0005cde5	?Update@bankBox@@QAEXXZ
0x00062059	0x0008911e	__ehreg$?SplitArmy@townManager@@QAEXXZ
0x00062099	0x0009febc	$SG655036
0x00062130	0x0009fecc	$SG655052
0x00062139	0x0009fed4	$SG655060
0x00062154	0x0009fee0	$SG655072
0x0006215d	0x0009fee8	$SG655080
0x0006218c	0x0009fef4	$SG655092
0x000621ce	0x0009ff1c	$SG655132
0x000623e2	0x000a7b90	?gInputManager@@3PAVinputManager@@A
0x000623fd	0x0005fb18	?SetArmyCommand@townManager@@QAEXF@Z
0x0006242a	0x0006da11	?BroadcastMessage@heroWindow@@QAEFAAUtag_message@@@Z
0x00062435	0x0006da72	?DrawWindow@heroWindow@@QAEXXZ
0x00062480	0x0005ca47	?Draw@strip@@QAEXXZ
0x0006248e	0x0005ca47	?Draw@strip@@QAEXXZ
0x00062636	0x00089160	__ehreg$?BuyBuild@townManager@@QAEFFCC@Z
0x000626f5	0x000a940c	?gpTownManager@@3PAVtownManager@@A
0x00062740	0x00090620	?gMageBuildingCosts@@3PAY06HA
0x00062761	0x00090620	?gMageBuildingCosts@@3PAY06HA
0x000627d0	0x0009ff20	$SG655136
0x0006280b	0x0009ff54	$SG655188
0x00062817	0x00044b59	?ProcessAssert@@YAXHPADH@Z
0x0006282b	0x00090690	?gNeutralBuildingCosts@@3PAY06HA
0x0006284d	0x00090690	?gNeutralBuildingCosts@@3PAY06HA
0x000628ad	0x0009ff88	$SG655240
0x000628e8	0x0009ffbc	$SG655292
0x00062a36	0x000931b4	?gNeutralBuildingDescriptions@@3PAPADA
0x00062a52	0x00092c94	?gDwellingDescriptions@@3PAPADA
0x00062a96	0x00090cc0	?gDwellingRequirements@@3PAGA
0x00062ae7	0x0009fff0	$SG655344
0x00062af3	0x00077c70	_strcat
0x00062b0a	0x0009fff8	$SG655352
0x00062b16	0x00077c70	_strcat
0x00062b29	0x00092750	?gNeutralBuildingNames@@3PAPADA
0x00062b59	0x0009276c	?gDwellingNames@@3PAPADA
0x00062b73	0x0009fffc	$SG655356
0x00062b87	0x000a0000	$SG655360
0x00062c38	0x000a000c	$SG655372
0x00062d46	0x000a001c	$SG655388
0x00062dc9	0x000a0034	$SG655412
0x00062ffd	0x000a0040	$SG655424
0x0006303e	0x000a0044	$SG655428
0x000630ef	0x000a0054	$SG655444
0x000634b2	0x00090601	?gDwellingType@@3PAY05CA
0x000635ea	0x00090ac6	?gTownBuildingExtents@@3PAY0BA@UTownBuildingExtent@@A
0x00063604	0x00090ac4	?gTownBuildingExtents@@3PAY0BA@UTownBuildingExtent@@A
0x0006361e	0x00090ac2	?gTownBuildingExtents@@3PAY0BA@UTownBuildingExtent@@A
0x00063638	0x00090ac0	?gTownBuildingExtents@@3PAY0BA@UTownBuildingExtent@@A
0x0006363f	0x000a74a8	?gpWindowManager@@3PAVheroWindowManager@@A
0x00063644	0x0006abe6	?SaveFizzleSource@heroWindowManager@@QAEXFFFF@Z
0x00063650	0x0006254d	?DrawTown@townManager@@QAEXCH@Z
0x0006367b	0x00090ac6	?gTownBuildingExtents@@3PAY0BA@UTownBuildingExtent@@A
0x00063695	0x00090ac4	?gTownBuildingExtents@@3PAY0BA@UTownBuildingExtent@@A
0x000636af	0x00090ac2	?gTownBuildingExtents@@3PAY0BA@UTownBuildingExtent@@A
0x000636c9	0x00090ac0	?gTownBuildingExtents@@3PAY0BA@UTownBuildingExtent@@A
0x000636d0	0x000a74a8	?gpWindowManager@@3PAVheroWindowManager@@A
0x000636d5	0x0006b11d	?FizzleForward@heroWindowManager@@QAEXFFFFH@Z
0x000636de	0x00068fb6	?WaitSample@@YAXPAVsample@@@Z
0x00063af9	0x0006da11	?BroadcastMessage@heroWindow@@QAEFAAUtag_message@@@Z
0x00063b05	0x00090a8c	?gHeroGoldCost@@3FA
0x00063b0b	0x000b4ba8	?gCurPlayerData@@3PAVplayerData@@A
0x00063de4	0x000a0074	$SG655476
0x00063e41	0x000a0090	$SG655504
0x00063ebf	0x000a00b0	$SG655536
0x00064233	0x00092bbc	?gSpellDesc@@3PAPADA
0x0006427d	0x00089175	__ehreg$?SetupThievesGuild@townManager@@QAEXPAVheroWindow@@F@Z
0x0006495b	0x000a7ba0	?gpGame@@3PAVgame@@A
0x00064990	0x000a7ba0	?gpGame@@3PAVgame@@A
0x00064a4d	0x000891a0	__ehreg$?RecruitHero@townManager@@QAECC@Z
0x00064d6b	0x00090a8c	?gHeroGoldCost@@3FA
0x00064d71	0x000b4ba8	?gCurPlayerData@@3PAVplayerData@@A
0x00064d7f	0x000b4ba8	?gCurPlayerData@@3PAVplayerData@@A
0x000654a1	0x000891b5	__ehreg$?DoTavern@townManager@@QAEXXZ
0x0006557c	0x00091cd8	?gTownTheme@@3PACA
0x0006569c	0x00092d84	?gCastleInfo@@3PAPADA
0x000656eb	0x00092d88	?gCastleInfo@@3PAPADA
0x00065768	0x00092d70	?gCastleInfo@@3PAPADA
0x000657b4	0x00092d80	?gCastleInfo@@3PAPADA
0x00065803	0x00092d84	?gCastleInfo@@3PAPADA
0x0006584f	0x00092d88	?gCastleInfo@@3PAPADA
0x00065878	0x00092d8c	?gCastleInfo@@3PAPADA
0x0006587e	0x000a7168	?gText@@3PADA
0x00065883	0x0007823f	_sprintf
0x00065892	0x00090a8c	?gHeroGoldCost@@3FA
0x00065898	0x000b4ba8	?gCurPlayerData@@3PAVplayerData@@A
0x000658a5	0x00092d90	?gCastleInfo@@3PAPADA
0x000658cb	0x00092d94	?gCastleInfo@@3PAPADA
0x000658f3	0x00092d98	?gCastleInfo@@3PAPADA
0x00065909	0x00092d9c	?gCastleInfo@@3PAPADA
0x0006591e	0x00092da0	?gCastleInfo@@3PAPADA
0x00065934	0x00092da4	?gCastleInfo@@3PAPADA
0x00065b1e	0x000a940c	?gpTownManager@@3PAVtownManager@@A
0x00065b30	0x00090a8c	?gHeroGoldCost@@3FA
0x00065b35	0x000b4ba8	?gCurPlayerData@@3PAVplayerData@@A
0x00065b43	0x000b4ba8	?gCurPlayerData@@3PAVplayerData@@A
0x00065c60	0x000a940c	?gpTownManager@@3PAVtownManager@@A
0x00065c71	0x000a940c	?gpTownManager@@3PAVtownManager@@A
0x00065c7d	0x000a940c	?gpTownManager@@3PAVtownManager@@A
0x00065c8a	0x000a940c	?gpTownManager@@3PAVtownManager@@A
0x00065c9b	0x000a940c	?gpTownManager@@3PAVtownManager@@A
0x00065caa	0x000a940c	?gpTownManager@@3PAVtownManager@@A
0x00065cbc	0x000a940c	?gpTownManager@@3PAVtownManager@@A
0x00065ccc	0x000a940c	?gpTownManager@@3PAVtownManager@@A
0x00065cd9	0x000a940c	?gpTownManager@@3PAVtownManager@@A
0x00065ce9	0x000a940c	?gpTownManager@@3PAVtownManager@@A
0x00065d09	0x000a940c	?gpTownManager@@3PAVtownManager@@A
0x00065d14	0x0006da11	?BroadcastMessage@heroWindow@@QAEFAAUtag_message@@@Z
0x00065d20	0x00079518	_atoi
0x00065d29	0x000a940c	?gpTownManager@@3PAVtownManager@@A
0x00065d36	0x000a940c	?gpTownManager@@3PAVtownManager@@A
0x00065d47	0x000a940c	?gpTownManager@@3PAVtownManager@@A
0x00065d56	0x000a940c	?gpTownManager@@3PAVtownManager@@A
0x00065d63	0x000a940c	?gpTownManager@@3PAVtownManager@@A
0x00065d73	0x000a940c	?gpTownManager@@3PAVtownManager@@A
0x00065d83	0x000a940c	?gpTownManager@@3PAVtownManager@@A
0x00065dc1	0x000a940c	?gpTownManager@@3PAVtownManager@@A
0x00065dd7	0x000a74a8	?gpWindowManager@@3PAVheroWindowManager@@A
0x00065de8	0x000a940c	?gpTownManager@@3PAVtownManager@@A
0x00065df9	0x000a74a8	?gpWindowManager@@3PAVheroWindowManager@@A
0x00065e07	0x000a74a8	?gpWindowManager@@3PAVheroWindowManager@@A
0x00065e3e	0x000a940c	?gpTownManager@@3PAVtownManager@@A
0x00065e4b	0x000a0144	$SG23942
0x00065e50	0x000a7168	?gText@@3PADA
0x00065e55	0x0007823f	_sprintf
0x00065e7c	0x000a7168	?gText@@3PADA
0x00065e86	0x000a940c	?gpTownManager@@3PAVtownManager@@A
0x00065e91	0x0006da11	?BroadcastMessage@heroWindow@@QAEFAAUtag_message@@@Z
0x00065e97	0x000a940c	?gpTownManager@@3PAVtownManager@@A
0x00065ea2	0x0006da72	?DrawWindow@heroWindow@@QAEXXZ
0x00065ef6	0x000891cb	__ehreg$?ViewGeneral@combatManager@@QAECHHH@Z
0x0006611b	0x00092e8c	?gViewGeneralLabels@@3PAPADA
0x0006612d	0x00092e88	?gViewGeneralLabels@@3PAPADA
0x00066146	0x00092e84	?gViewGeneralLabels@@3PAPADA
0x0006615e	0x00092e80	?gViewGeneralLabels@@3PAPADA
0x00066177	0x00092e7c	?gViewGeneralLabels@@3PAPADA
0x00066190	0x00092e78	?gViewGeneralLabels@@3PAPADA
0x00066552	0x00092e90	?gViewGeneralHelp@@3PAPADA
0x00066716	0x000cddb8	?gDD@@3PAUIDirectDraw@@A
0x0006671e	0x000cddb8	?gDD@@3PAUIDirectDraw@@A
0x00066726	0x000cddb8	?gDD@@3PAUIDirectDraw@@A
0x0006673a	0x000a05ac	$SG36924
0x00066743	0x0006716a	?DDSD@@YAXHPADH@Z
0x00066754	0x000cddb0	?gWinGraphBusy@@3HA
0x00066764	0x000a9e38	?gForegroundApp@@3HA
0x00066773	0x000681e0	?SetPalette@@YAHXZ
0x0006678c	0x0006706a	?DDCreateSurface@@YAPAUIDirectDrawSurface@@IIH@Z
0x00066794	0x000cddbc	?gDDSPrimary@@3PAUIDirectDrawSurface@@A
0x0006679a	0x000cddc4	?gClipper@@3PAUIDirectDrawClipper@@A
0x000667a4	0x000cddbc	?gDDSPrimary@@3PAUIDirectDrawSurface@@A
0x000667ac	0x000cddbc	?gDDSPrimary@@3PAUIDirectDrawSurface@@A
0x000667c9	0x000a05e4	$SG36940
0x000667d2	0x0006716a	?DDSD@@YAXHPADH@Z
0x000667db	0x000cddc4	?gClipper@@3PAUIDirectDrawClipper@@A
0x000667e2	0x000cddc4	?gClipper@@3PAUIDirectDrawClipper@@A
0x000667ec	0x000cddc4	?gClipper@@3PAUIDirectDrawClipper@@A
0x000667fd	0x000a98f4	?gCurExe@@3HA
0x00066806	0x000a9454	?gConfig@@3UconfigStruct@@A
0x00066814	0x000cddc4	?gClipper@@3PAUIDirectDrawClipper@@A
0x0006681c	0x000cddb8	?gDD@@3PAUIDirectDraw@@A
0x00066823	0x000cddb8	?gDD@@3PAUIDirectDraw@@A
0x00066837	0x000a061c	$SG36947
0x00066840	0x0006716a	?DDSD@@YAXHPADH@Z
0x00066849	0x000a9e34	?gAppWindow@@3PAUHWND__@@A
0x00066851	0x000cddc4	?gClipper@@3PAUIDirectDrawClipper@@A
0x00066859	0x000cddc4	?gClipper@@3PAUIDirectDrawClipper@@A
0x0006686d	0x000a0654	$SG36949
0x00066876	0x0006716a	?DDSD@@YAXHPADH@Z
0x0006687f	0x000cddc4	?gClipper@@3PAUIDirectDrawClipper@@A
0x00066886	0x000cddbc	?gDDSPrimary@@3PAUIDirectDrawSurface@@A
0x0006688e	0x000cddbc	?gDDSPrimary@@3PAUIDirectDrawSurface@@A
0x000668a2	0x000a068c	$SG36951
0x000668ab	0x0006716a	?DDSD@@YAXHPADH@Z
0x000668bc	0x000cddb0	?gWinGraphBusy@@3HA
0x000668cb	0x000cddb8	?gDD@@3PAUIDirectDraw@@A
0x000668d3	0x000cddb4	?gDirectDrawCreate@@3P6GJPAU_GUID@@PAPAUIDirectDraw@@PAUIUnknown@@@ZA
0x000668e3	0x000a06c4	$SG36958
0x000668ec	0x0006716a	?DDSD@@YAXHPADH@Z
0x000668f5	0x000a98f4	?gCurExe@@3HA
0x000668fe	0x000a9454	?gConfig@@3UconfigStruct@@A
0x0006690c	0x00043bb5	?SetMenuStatus@@YAXH@Z
0x00066917	0x000a9e34	?gAppWindow@@3PAUHWND__@@A
0x0006691d	0x000cddb8	?gDD@@3PAUIDirectDraw@@A
0x00066925	0x000cddb8	?gDD@@3PAUIDirectDraw@@A
0x0006693c	0x000a06fc	$SG36961
0x00066945	0x0006716a	?DDSD@@YAXHPADH@Z
0x0006695a	0x000cddb8	?gDD@@3PAUIDirectDraw@@A
0x00066961	0x000cddb8	?gDD@@3PAUIDirectDraw@@A
0x00066978	0x000a0734	$SG36963
0x00066981	0x0006716a	?DDSD@@YAXHPADH@Z
0x0006698e	0x000a9e34	?gAppWindow@@3PAUHWND__@@A
0x00066994	0x000cddb8	?gDD@@3PAUIDirectDraw@@A
0x0006699c	0x000cddb8	?gDD@@3PAUIDirectDraw@@A
0x000669b3	0x000a076c	$SG36966
0x000669bc	0x0006716a	?DDSD@@YAXHPADH@Z
0x000669c4	0x0006677b	?CreatePrimary@@YAXXZ
0x000669c9	0x000667f8	?SetupClipper@@YAXXZ
0x000669da	0x0006706a	?DDCreateSurface@@YAPAUIDirectDrawSurface@@IIH@Z
0x000669e2	0x000cddc0	?gDDSOne@@3PAUIDirectDrawSurface@@A
0x000669e7	0x000682db	?InitializePalette@@YAXXZ
0x000669f7	0x000cddb0	?gWinGraphBusy@@3HA
0x00066a0a	0x000a9900	?gMinimized@@3HA
0x00066a1d	0x000cddb8	?gDD@@3PAUIDirectDraw@@A
0x00066a65	0x000cdd78	?gDDClientRect@@3UtagRECT@@A
0x00066a6e	0x000cdd7c	?gDDClientRect@@3UtagRECT@@A
0x00066a77	0x000cdd80	?gDDClientRect@@3UtagRECT@@A
0x00066a7f	0x000cdd84	?gDDClientRect@@3UtagRECT@@A
0x00066aae	0x000cdd90	?gDDDestRect@@3UtagRECT@@A
0x00066ab7	0x000cdd94	?gDDDestRect@@3UtagRECT@@A
0x00066ac0	0x000cdd98	?gDDDestRect@@3UtagRECT@@A
0x00066ac8	0x000cdd9c	?gDDDestRect@@3UtagRECT@@A
0x00066acd	0x000cdd98	?gDDDestRect@@3UtagRECT@@A
0x00066ad3	0x000cdd90	?gDDDestRect@@3UtagRECT@@A
0x00066ae3	0x000a9df0	?gMainWinScreenWidth@@3HA
0x00066aeb	0x000cdd9c	?gDDDestRect@@3UtagRECT@@A
0x00066af1	0x000cdd94	?gDDDestRect@@3UtagRECT@@A
0x00066b01	0x000a99dc	?iMainWinScreenHeight@@3HA
0x00066b09	0x000cdd90	?gDDDestRect@@3UtagRECT@@A
0x00066b16	0x000a9df0	?gMainWinScreenWidth@@3HA
0x00066b1e	0x000cdd94	?gDDDestRect@@3UtagRECT@@A
0x00066b2b	0x000a99dc	?iMainWinScreenHeight@@3HA
0x00066b3d	0x000a98d0	?gScrollX@@3HA
0x00066b50	0x000a98d4	?gScrollY@@3HA
0x00066b59	0x000a98d4	?gScrollY@@3HA
0x00066b6e	0x000cd938	?gDDSourceRect@@3UtagRECT@@A
0x00066b7d	0x000cd940	?gDDSourceRect@@3UtagRECT@@A
0x00066b86	0x000cd93c	?gDDSourceRect@@3UtagRECT@@A
0x00066bd6	0x000cddc0	?gDDSOne@@3PAUIDirectDrawSurface@@A
0x00066be2	0x000cd8c0	?gDDrawStatus@@3HA
0x00066be8	0x000cd8c0	?gDDrawStatus@@3HA
0x00066bf5	0x000a07a4	$SG657316
0x00066bfb	0x000cd8c0	?gDDrawStatus@@3HA
0x00066c01	0x0006716a	?DDSD@@YAXHPADH@Z
0x00066c0a	0x000cd938	?gDDSourceRect@@3UtagRECT@@A
0x00066c13	0x000cd938	?gDDSourceRect@@3UtagRECT@@A
0x00066c1d	0x000cd93c	?gDDSourceRect@@3UtagRECT@@A
0x00066c26	0x000cd93c	?gDDSourceRect@@3UtagRECT@@A
0x00066c30	0x000cd940	?gDDSourceRect@@3UtagRECT@@A
0x00066c3c	0x000cd940	?gDDSourceRect@@3UtagRECT@@A
0x00066c46	0x000cd944	?gDDSourceRect@@3UtagRECT@@A
0x00066c52	0x000cd944	?gDDSourceRect@@3UtagRECT@@A
0x00066c5b	0x00044b4e	?KBTickCount@@YAHXZ
0x00066c60	0x000cdd88	?gDDPaintStart@@3HA
0x00066d05	0x000a07dc	$SG657372
0x00066d3e	0x000a0814	$SG657428
0x00066d8c	0x000a084c	$SG657484
0x00066dc3	0x000cddcc	?gBusyRetry@@3HA
0x00066dcb	0x000cddcc	?gBusyRetry@@3HA
0x00066de0	0x000a0884	$SG657540
0x00066e01	0x000cd8c8	?gDDrawSurfaceDesc@@3U_DDSURFACEDESC@@A
0x00066e06	0x000784e0	_memset
0x00066e0f	0x000cd8c8	?gDDrawSurfaceDesc@@3U_DDSURFACEDESC@@A
0x00066e1c	0x000cd8c8	?gDDrawSurfaceDesc@@3U_DDSURFACEDESC@@A
0x00066e48	0x000a08bc	$SG657596
0x00066e70	0x000cd8ec	?gDDrawSurfaceDesc@@3U_DDSURFACEDESC@@A
0x00066e79	0x000cd8ec	?gDDrawSurfaceDesc@@3U_DDSURFACEDESC@@A
0x00066e87	0x000cd8ec	?gDDrawSurfaceDesc@@3U_DDSURFACEDESC@@A
0x00066ea0	0x000a08f4	$SG657652
0x00066f99	0x000a01af	?gLogicalPalette@@3UWingPalette@@A
0x00066fa3	0x000cddc8	?gDDPal@@3PAUIDirectDrawPalette@@A
0x00066fa8	0x000a01ac	?gLogicalPalette@@3UWingPalette@@A
0x00066fb0	0x000cddb8	?gDD@@3PAUIDirectDraw@@A
0x00066fb8	0x000cddb8	?gDD@@3PAUIDirectDraw@@A
0x00066ffe	0x000a9e38	?gForegroundApp@@3HA
0x0006700e	0x000cddc8	?gDDPal@@3PAUIDirectDrawPalette@@A
0x00067017	0x000cddbc	?gDDSPrimary@@3PAUIDirectDrawSurface@@A
0x00067020	0x000cddb8	?gDD@@3PAUIDirectDraw@@A
0x0006702f	0x000cddc8	?gDDPal@@3PAUIDirectDrawPalette@@A
0x00067036	0x000cddbc	?gDDSPrimary@@3PAUIDirectDrawSurface@@A
0x0006703d	0x000cddbc	?gDDSPrimary@@3PAUIDirectDrawSurface@@A
0x00067136	0x000a74a8	?gpWindowManager@@3PAVheroWindowManager@@A
0x00067142	0x000a74a8	?gpWindowManager@@3PAVheroWindowManager@@A
0x00067154	0x000cdda4	?gInitWin@@3PAXA
0x0006715f	0x000cdda4	?gInitWin@@3PAXA
0x00067172	0x000cddd0	?gInDDSD@@3HA
0x00067180	0x000cddd0	?gInDDSD@@3HA
0x00067189	0x000cddb8	?gDD@@3PAUIDirectDraw@@A
0x00067191	0x000cddb8	?gDD@@3PAUIDirectDraw@@A
0x000674a0	0x000a0a0c	$SG657932
0x0006755f	0x000cddb0	?gWinGraphBusy@@3HA
0x0006756d	0x000a9e38	?gForegroundApp@@3HA
0x000675aa	0x000a01ac	?gLogicalPalette@@3UWingPalette@@A
0x000675c5	0x000a01ad	?gLogicalPalette@@3UWingPalette@@A
0x000675e0	0x000a01ae	?gLogicalPalette@@3UWingPalette@@A
0x000675ea	0x000a01af	?gLogicalPalette@@3UWingPalette@@A
0x000675f7	0x000a0a3c	$SG37224
0x000675fd	0x000cddc8	?gDDPal@@3PAUIDirectDrawPalette@@A
0x00067603	0x00044b59	?ProcessAssert@@YAXHPADH@Z
0x0006760b	0x000a01d4	?gLogicalPalette@@3UWingPalette@@A
0x00067619	0x000cddc8	?gDDPal@@3PAUIDirectDrawPalette@@A
0x00067621	0x000cddc8	?gDDPal@@3PAUIDirectDrawPalette@@A
0x00067701	0x000cddc0	?gDDSOne@@3PAUIDirectDrawSurface@@A
0x0006770a	0x000cddc0	?gDDSOne@@3PAUIDirectDrawSurface@@A
0x00067711	0x000cddc0	?gDDSOne@@3PAUIDirectDrawSurface@@A
0x0006771b	0x000cddc0	?gDDSOne@@3PAUIDirectDrawSurface@@A
0x00067725	0x000cddc8	?gDDPal@@3PAUIDirectDrawPalette@@A
0x0006772e	0x000cddc8	?gDDPal@@3PAUIDirectDrawPalette@@A
0x00067735	0x000cddc8	?gDDPal@@3PAUIDirectDrawPalette@@A
0x0006773f	0x000cddc8	?gDDPal@@3PAUIDirectDrawPalette@@A
0x0006774b	0x000a9e34	?gAppWindow@@3PAUHWND__@@A
0x00067752	0x000cddb8	?gDD@@3PAUIDirectDraw@@A
0x00067959	0x000cddbc	?gDDSPrimary@@3PAUIDirectDrawSurface@@A
0x00067962	0x0006677b	?CreatePrimary@@YAXXZ
0x00067968	0x000cddc8	?gDDPal@@3PAUIDirectDrawPalette@@A
0x0006796e	0x000cddbc	?gDDSPrimary@@3PAUIDirectDrawSurface@@A
0x00067976	0x000cddbc	?gDDSPrimary@@3PAUIDirectDrawSurface@@A
0x00067a38	0x000a9e34	?gAppWindow@@3PAUHWND__@@A
0x00067a3f	0x0008a234	__imp__GetDC@4
0x00067a48	0x000cdddc	?gAppPalette@@3PAUHPALETTE__@@A
0x00067a53	0x000cdddc	?gAppPalette@@3PAUHPALETTE__@@A
0x00067a5e	0x0008a034	__imp__SelectPalette@12
0x00067a68	0x0008a038	__imp__RealizePalette@4
0x00067a75	0x000a9e34	?gAppWindow@@3PAUHWND__@@A
0x00067a7c	0x0008a238	__imp__ReleaseDC@8
0x00067a8b	0x000a9e34	?gAppWindow@@3PAUHWND__@@A
0x00067a92	0x0008a22c	__imp__InvalidateRect@12
0x00067aa9	0x000cddd4	?gImageDC@@3PAUHDC__@@A
0x00067ab6	0x000cd948	?screenImage@@3UWingImage@@A
0x00067abb	0x00068862	_WinGRecommendDIBFormat@4
0x00067ac6	0x000cd956	?screenImage@@3UWingImage@@A
0x00067ace	0x000cd958	?screenImage@@3UWingImage@@A
0x00067ad7	0x000cd950	?screenImage@@3UWingImage@@A
0x00067adc	0x000a01a4	?gOrientation@@3HA
0x00067ae4	0x000cd948	?screenImage@@3UWingImage@@A
0x00067aef	0x000cd954	?screenImage@@3UWingImage@@A
0x00067af8	0x000cd956	?screenImage@@3UWingImage@@A
0x00067b00	0x000cd958	?screenImage@@3UWingImage@@A
0x00067b0a	0x000cd95c	?screenImage@@3UWingImage@@A
0x00067b14	0x000cd968	?screenImage@@3UWingImage@@A
0x00067b1e	0x000cd96c	?screenImage@@3UWingImage@@A
0x00067b28	0x000cd94c	?screenImage@@3UWingImage@@A
0x00067b32	0x000cd950	?screenImage@@3UWingImage@@A
0x00067b3b	0x000682db	?InitializePalette@@YAXXZ
0x00067b40	0x0006885c	_WinGCreateDC@0
0x00067b45	0x000cddd4	?gImageDC@@3PAUHDC__@@A
0x00067b4b	0x000cd94c	?screenImage@@3UWingImage@@A
0x00067b55	0x000cd950	?screenImage@@3UWingImage@@A
0x00067b5e	0x000cdd70	?screenImage@@3UWingImage@@A
0x00067b63	0x000cd948	?screenImage@@3UWingImage@@A
0x00067b69	0x000cddd4	?gImageDC@@3PAUHDC__@@A
0x00067b6f	0x00068856	_WinGCreateBitmap@12
0x00067b85	0x000cd95c	?screenImage@@3UWingImage@@A
0x00067b8a	0x000cd95c	?screenImage@@3UWingImage@@A
0x00067b91	0x000a01a4	?gOrientation@@3HA
0x00067b96	0x000cd95c	?screenImage@@3UWingImage@@A
0x00067ba0	0x000cddd4	?gImageDC@@3PAUHDC__@@A
0x00067ba7	0x0008a02c	__imp__SelectObject@8
0x00067bac	0x000cddd8	?gOldMonoBitmap@@3PAUHBITMAP__@@A
0x00067bb1	0x000cdd70	?screenImage@@3UWingImage@@A
0x00067bb6	0x000cdda4	?gInitWin@@3PAXA
0x00067bbe	0x000a99dc	?iMainWinScreenHeight@@3HA
0x00067bc5	0x000a9df0	?gMainWinScreenWidth@@3HA
0x00067bcf	0x000cddd4	?gImageDC@@3PAUHDC__@@A
0x00067c19	0x000a01ac	?gLogicalPalette@@3UWingPalette@@A
0x00067c26	0x000a01ac	?gLogicalPalette@@3UWingPalette@@A
0x00067c2d	0x000cd972	?screenImage@@3UWingImage@@A
0x00067c48	0x000a01ad	?gLogicalPalette@@3UWingPalette@@A
0x00067c55	0x000a01ad	?gLogicalPalette@@3UWingPalette@@A
0x00067c5c	0x000cd971	?screenImage@@3UWingImage@@A
0x00067c77	0x000a01ae	?gLogicalPalette@@3UWingPalette@@A
0x00067c84	0x000a01ae	?gLogicalPalette@@3UWingPalette@@A
0x00067c8b	0x000cd970	?screenImage@@3UWingImage@@A
0x00067c95	0x000a01d4	?gLogicalPalette@@3UWingPalette@@A
0x00067ca2	0x000cdddc	?gAppPalette@@3PAUHPALETTE__@@A
0x00067ca9	0x0008a024	__imp__AnimatePalette@16
0x00067cae	0x000cd998	?screenImage@@3UWingImage@@A
0x00067cbb	0x000cddd4	?gImageDC@@3PAUHDC__@@A
0x00067d35	0x000a0198	?gMainVideoModeColorDepth@@3HA
0x00067d3e	0x000a9924	?gLimitedCombatUpdatePalette@@3HA
0x00067d47	0x00093430	?gFullCombatScreenDrawn@@3HA
0x00067e14	0x000a01ac	?gLogicalPalette@@3UWingPalette@@A
0x00067e1b	0x000cd972	?screenImage@@3UWingImage@@A
0x00067e28	0x000a01ad	?gLogicalPalette@@3UWingPalette@@A
0x00067e2f	0x000cd971	?screenImage@@3UWingImage@@A
0x00067e3c	0x000a01ae	?gLogicalPalette@@3UWingPalette@@A
0x00067e43	0x000cd970	?screenImage@@3UWingImage@@A
0x00067e4d	0x000cd973	?screenImage@@3UWingImage@@A
0x00067e58	0x000a01af	?gLogicalPalette@@3UWingPalette@@A
0x00067e66	0x000a0584	?gLogicalPalette@@3UWingPalette@@A
0x00067e6d	0x000cdd4a	?screenImage@@3UWingImage@@A
0x00067e7a	0x000a0585	?gLogicalPalette@@3UWingPalette@@A
0x00067e81	0x000cdd49	?screenImage@@3UWingImage@@A
0x00067e8e	0x000a0586	?gLogicalPalette@@3UWingPalette@@A
0x00067e95	0x000cdd48	?screenImage@@3UWingImage@@A
0x00067e9f	0x000cdd4b	?screenImage@@3UWingImage@@A
0x00067eaa	0x000a0587	?gLogicalPalette@@3UWingPalette@@A
0x00067ed5	0x000a01ac	?gLogicalPalette@@3UWingPalette@@A
0x00067ee0	0x000cd972	?screenImage@@3UWingImage@@A
0x00067eeb	0x000a01ad	?gLogicalPalette@@3UWingPalette@@A
0x00067ef6	0x000cd971	?screenImage@@3UWingImage@@A
0x00067f01	0x000a01ae	?gLogicalPalette@@3UWingPalette@@A
0x00067f0c	0x000cd970	?screenImage@@3UWingImage@@A
0x00067f17	0x000cd973	?screenImage@@3UWingImage@@A
0x00067f22	0x000a01af	?gLogicalPalette@@3UWingPalette@@A
0x00067f2a	0x000a01a8	?gLogicalPalette@@3UWingPalette@@A
0x00067f49	0x000cdd70	?screenImage@@3UWingImage@@A
0x00067f5e	0x0008a23c	__imp__BeginPaint@8
0x00068005	0x000a98d4	?gScrollY@@3HA
0x0006800e	0x000cddac	?gTtlBlts@@3HA
0x00068017	0x000cddac	?gTtlBlts@@3HA
0x0006801d	0x000a9df0	?gMainWinScreenWidth@@3HA
0x00068029	0x000a99dc	?iMainWinScreenHeight@@3HA
0x000680fa	0x000cddd4	?gImageDC@@3PAUHDC__@@A
0x00068102	0x000cddd8	?gOldMonoBitmap@@3PAUHBITMAP__@@A
0x00068109	0x000cddd4	?gImageDC@@3PAUHDC__@@A
0x00068110	0x0008a02c	__imp__SelectObject@8
0x0006811d	0x0008a028	__imp__DeleteObject@4
0x00068122	0x000cddd4	?gImageDC@@3PAUHDC__@@A
0x00068129	0x0008a020	__imp__DeleteDC@4
0x0006812f	0x000cddd4	?gImageDC@@3PAUHDC__@@A
0x00068139	0x000cdddc	?gAppPalette@@3PAUHPALETTE__@@A
0x00068142	0x000cdddc	?gAppPalette@@3PAUHPALETTE__@@A
0x00068149	0x0008a028	__imp__DeleteObject@4
0x0006814f	0x000cdddc	?gAppPalette@@3PAUHPALETTE__@@A
0x0006815f	0x000a0c34	$SG37358
0x00068165	0x0008a09c	__imp__LoadLibraryA@4
0x0006816a	0x000cdde0	?gDDrawLibrary@@3PAUHINSTANCE__@@A
0x00068170	0x000cdde0	?gDDrawLibrary@@3PAUHINSTANCE__@@A
0x00068178	0x000a0c40	$SG37362
0x0006817d	0x000cdde0	?gDDrawLibrary@@3PAUHINSTANCE__@@A
0x00068184	0x0008a098	__imp__GetProcAddress@8
0x00068189	0x000cddb4	?gDirectDrawCreate@@3P6GJPAU_GUID@@PAPAUIDirectDraw@@PAUIUnknown@@@ZA
0x0006818f	0x000cddb4	?gDirectDrawCreate@@3P6GJPAU_GUID@@PAPAUIDirectDraw@@PAUIUnknown@@@ZA
0x00068198	0x000cdda0	?gDDrawAttached@@3HA
0x000681a3	0x000a0c54	$SG37365
0x000681a8	0x00041824	?ShutDown@@YAXPAD@Z
0x000681b6	0x000cdde0	?gDDrawLibrary@@3PAUHINSTANCE__@@A
0x000681be	0x000cdde0	?gDDrawLibrary@@3PAUHINSTANCE__@@A
0x000681c5	0x0008a0a0	__imp__FreeLibrary@4
0x000681d0	0x000a0194	?gGraphicsType@@3HA
0x000681da	0x00066710	?DDRestoreDisplayMode@@YAXXZ
0x000681e5	0x000a0194	?gGraphicsType@@3HA
0x000681f1	0x00066fe8	?DDSetPalette@@YAHXZ
0x000681ff	0x0008a234	__imp__GetDC@4
0x00068214	0x0008a01c	__imp__GetDeviceCaps@8
0x00068219	0x000a0198	?gMainVideoModeColorDepth@@3HA
0x00068225	0x0008a01c	__imp__GetDeviceCaps@8
0x0006822a	0x000a019c	?gMainVideoModeWidth@@3HA
0x00068236	0x0008a01c	__imp__GetDeviceCaps@8
0x0006823b	0x000a01a0	?gMainVideoModeHeight@@3HA
0x00068247	0x0008a238	__imp__ReleaseDC@8
0x0006824d	0x000a0198	?gMainVideoModeColorDepth@@3HA
0x00068255	0x000a0c6c	$SG37384
0x0006825a	0x00041824	?ShutDown@@YAXPAD@Z
0x00068269	0x0006815b	?ConnectToDLLs@@YAXXZ
0x0006826e	0x000a98f4	?gCurExe@@3HA
0x00068277	0x000a9454	?gConfig@@3UconfigStruct@@A
0x00068280	0x000a0194	?gGraphicsType@@3HA
0x0006828c	0x000a0194	?gGraphicsType@@3HA
0x00068296	0x000a0194	?gGraphicsType@@3HA
0x0006829e	0x00067aa3	?WGInitGraphics@@YAXXZ
0x000682a5	0x000668b6	?DDInitGraphics@@YAXXZ
0x000682b0	0x000a0194	?gGraphicsType@@3HA
0x000682c0	0x00067f3d	?WGAppPaint@@YAHPAUHWND__@@PAUHDC__@@@Z
0x000682d2	0x000669ef	?DDAppPaint@@YAHPAUHWND__@@PAUHDC__@@@Z
0x000682e0	0x000a0194	?gGraphicsType@@3HA
0x000682e8	0x00067d9b	?WGInitializePalette@@YAXXZ
0x000682ef	0x00066ed3	?DDInitializePalette@@YAXXZ
0x000682fa	0x000a0194	?gGraphicsType@@3HA
0x00068306	0x00067bde	?WGUpdatePalette@@YAXPAC@Z
0x00068314	0x00067557	?DDUpdatePalette@@YAXPAC@Z
0x00068322	0x000a0194	?gGraphicsType@@3HA
0x0006832a	0x000680f4	?WGCleanUpWinGraphics@@YAXXZ
0x00068331	0x0006764c	?DDCleanUpWinGraphics@@YAXXZ
0x00068336	0x000681b1	?DisconnectDLLs@@YAXXZ
0x0006839f	0x000a0190	?gWinGAttached@@3HA
0x000683a9	0x000683da	?SetGraphicsType@@YAHH@Z
0x000683c5	0x000a0194	?gGraphicsType@@3HA
0x000683cd	0x00067a31	?WGQueryNewPalette@@YAHXZ
0x000683d4	0x0006674e	?DDQueryNewPalette@@YAHXZ
0x000683fc	0x000a0190	?gWinGAttached@@3HA
0x00068412	0x000cdda0	?gDDrawAttached@@3HA
0x000684c5	0x000a0194	?gGraphicsType@@3HA
0x000684ce	0x00067aa3	?WGInitGraphics@@YAXXZ
0x000684d4	0x000a74a8	?gpWindowManager@@3PAVheroWindowManager@@A
0x000684dc	0x000cdda4	?gInitWin@@3PAXA
0x000684e6	0x000680f4	?WGCleanUpWinGraphics@@YAXXZ
0x000684ec	0x000a0194	?gGraphicsType@@3HA
0x000684f5	0x000668b6	?DDInitGraphics@@YAXXZ
0x000684fb	0x000a74a8	?gpWindowManager@@3PAVheroWindowManager@@A
0x00068503	0x000cdda4	?gInitWin@@3PAXA
0x000688e0	0x0008a758	??_7baseManager@@6B@
0x00068900	0x000a0d68	$SG592
0x0006890c	0x00077c60	_strcpy
0x000689a8	0x000ce104	_gSamplesa
0x000689c3	0x000ce104	_gSamplesa
0x000689e2	0x000ce104	_gSamplesa
0x000689ee	0x000ce104	_gSamplesa
0x00068a05	0x00069f80	??1?$AudiereNode@Vsample@@@@QAE@XZ
0x00068a1a	0x00077c4d	??3@YAXPAX@Z
0x00068a35	0x000ce104	_gSamplesa
0x00068a3b	0x000ce104	_gSamplesa
0x00068a52	0x000ce104	_gSamplesa
0x00068a5e	0x000ce104	_gSamplesa
0x00068ab4	0x00069f80	??1?$AudiereNode@Vsample@@@@QAE@XZ
0x00068ac9	0x00077c4d	??3@YAXPAX@Z
0x00068b07	0x000ce104	_gSamplesa
0x00068b3d	0x000891fd	__ehreg$?PlaySample@@YAXPAVsample@@@Z
0x00068b57	0x00069b65	?GetAudioDevice@@YA?AV?$RefPtr@VAudioDevice@audiere@@@audiere@@XZ
0x00068ba5	0x00069115	?SamplesSuspended@@YA_NXZ
0x00068bbc	0x00068b02	?FindSampleNode@@YAPAU?$AudiereNode@Vsample@@@@PAVsample@@@Z
0x00068bf5	0x000689a0	?CleanupSamples@@YAXXZ
0x00068bfc	0x00077d50	??2@YAPAXI@Z
0x00068c15	0x000ce104	_gSamplesa
0x00068c2b	0x00069e60	??4?$RefPtr@VOutputStream@audiere@@@audiere@@QAEAAV01@PAVOutputStream@1@@Z
0x00068c39	0x00069e60	??4?$RefPtr@VOutputStream@audiere@@@audiere@@QAEAAV01@PAVOutputStream@1@@Z
0x00068c74	0x000ce104	_gSamplesa
0x00068c7f	0x000cdf58	_gSampleBufferly
0x00068c8b	0x000cdf64	_gSampleRate7
0x00068c97	0x000cdf5c	_gSampleFrames0
0x00068ca6	0x000cdf60	_gSampleChannelsa58
0x00068caf	0x000cdf5c	_gSampleFrames0
0x00068cb6	0x000cdf5c	_gSampleFrames0
0x00068cbe	0x000cdf60	_gSampleChannelsa58
0x00068cd1	0x000cdf68	_gSampleFormata98
0x00068cdb	0x000cdf5c	_gSampleFrames0
0x00068ce3	0x000cdf5c	_gSampleFrames0
0x00068ceb	0x000cdf68	_gSampleFormata98
0x00068cf8	0x00069b65	?GetAudioDevice@@YA?AV?$RefPtr@VAudioDevice@audiere@@@audiere@@XZ
0x00068d1f	0x000cdf68	_gSampleFormata98
0x00068d25	0x000cdf64	_gSampleRate7
0x00068d2c	0x000cdf60	_gSampleChannelsa58
0x00068d33	0x000cdf5c	_gSampleFrames0
0x00068d39	0x000cdf58	_gSampleBufferly
0x00068d4f	0x000ce104	_gSamplesa
0x00068db9	0x000ce104	_gSamplesa
0x00068dd0	0x000ce104	_gSamplesa
0x00068dd9	0x000ce104	_gSamplesa
0x00068de1	0x000ce104	_gSamplesa
0x00068e29	0x00077c4d	??3@YAXPAX@Z
0x00068e48	0x000ce104	_gSamplesa
0x00068e59	0x00069d6e	?ScaleSampleVolume@@YAMH@Z
0x00068e74	0x000ce104	_gSamplesa
0x00068e9c	0x000ce104	_gSamplesa
0x00068eb2	0x000689a0	?CleanupSamples@@YAXXZ
0x00068ece	0x000a74d8	?gpResourceManager@@3PAVresourceManager@@A
0x00068ed3	0x0006c646	?GetSample@resourceManager@@QAEPAVsample@@PAD@Z
0x00068edf	0x00068b37	?PlaySample@@YAXPAVsample@@@Z
0x00068ef4	0x00069115	?SamplesSuspended@@YA_NXZ
0x00068f08	0x00068b02	?FindSampleNode@@YAPAU?$AudiereNode@Vsample@@@@PAVsample@@@Z
0x00068f56	0x000689a0	?CleanupSamples@@YAXXZ
0x00068f65	0x00069115	?SamplesSuspended@@YA_NXZ
0x00068f79	0x00068b02	?FindSampleNode@@YAPAU?$AudiereNode@Vsample@@@@PAVsample@@@Z
0x00068f9f	0x00069d6e	?ScaleSampleVolume@@YAMH@Z
0x00068fbd	0x00069115	?SamplesSuspended@@YA_NXZ
0x00068fd1	0x00068b02	?FindSampleNode@@YAPAU?$AudiereNode@Vsample@@@@PAVsample@@@Z
0x00069007	0x000463d9	?DelayMilli@@YAXH@Z
0x00069011	0x000689a0	?CleanupSamples@@YAXXZ
0x00069020	0x00069115	?SamplesSuspended@@YA_NXZ
0x00069030	0x000ce104	_gSamplesa
0x00069088	0x000689a0	?CleanupSamples@@YAXXZ
0x00069097	0x00069115	?SamplesSuspended@@YA_NXZ
0x000690a7	0x000ce104	_gSamplesa
0x000690d8	0x00069d6e	?ScaleSampleVolume@@YAMH@Z
0x000690f5	0x000ce108	_gSampleSuspensionsa6
0x000690fd	0x000ce108	_gSampleSuspensionsa6
0x00069107	0x000ce108	_gSampleSuspensionsa6
0x0006910f	0x000ce108	_gSampleSuspensionsa6
0x0006911c	0x000ce108	_gSampleSuspensionsa6
0x00069303	0x00089222	__ehreg$?PlayMusic@@YAXH@Z
0x0006931d	0x00069b65	?GetAudioDevice@@YA?AV?$RefPtr@VAudioDevice@audiere@@@audiere@@XZ
0x0006936b	0x00069a7d	?MusicSuspended@@YA_NXZ
0x00069382	0x000a0d70	_gCurrentTrack
0x0006938c	0x000cddec	?channel@AudiereMusic@@2V?$RefPtr@VOutputStream@audiere@@@audiere@@A
0x0006939f	0x000cddec	?channel@AudiereMusic@@2V?$RefPtr@VOutputStream@audiere@@@audiere@@A
0x000693bd	0x000cddec	?channel@AudiereMusic@@2V?$RefPtr@VOutputStream@audiere@@@audiere@@A
0x000693dc	0x00069742	?StopMusic@@YAXXZ
0x000693e7	0x000ce10c	_gMusicSourcejxy
0x000693f3	0x000910f0	?gSoundPath@@3PADA
0x000693f8	0x000a0f38	$SG11254
0x000693fd	0x000cddf0	_gMusicFilename
0x00069402	0x0007823f	_sprintf
0x00069411	0x000a0d74	_gCDTrackMap
0x00069421	0x00091250	?gTracksPath@@3PADA
0x00069426	0x000a973c	?gcRegCDRomPath@@3PADA
0x0006942b	0x000a0f4c	$SG11258
0x00069430	0x000cddf0	_gMusicFilename
0x00069435	0x0007823f	_sprintf
0x0006943d	0x000cddf0	_gMusicFilename
0x00069443	0x0008a2e0	__imp__AdrOpenSampleSource@4
0x00069459	0x00069ef0	??4?$RefPtr@VSampleSource@audiere@@@audiere@@QAEAAV01@PAVSampleSource@1@@Z
0x00069480	0x00069b65	?GetAudioDevice@@YA?AV?$RefPtr@VAudioDevice@audiere@@@audiere@@XZ
0x000694c4	0x00069e60	??4?$RefPtr@VOutputStream@audiere@@@audiere@@QAEAAV01@PAVOutputStream@1@@Z
0x00069509	0x00069d83	?GetMusicVolume@@YAMXZ
0x0006952e	0x000692b6	?ShouldRepeatMusic@@YA_NH@Z
0x00069548	0x000cdf74	_gMusicPositionsaat
0x00069570	0x000cdf74	_gMusicPositionsaat
0x0006959d	0x000cddec	?channel@AudiereMusic@@2V?$RefPtr@VOutputStream@audiere@@@audiere@@A
0x000695b5	0x000a0d70	_gCurrentTrack
0x000695be	0x000cddec	?channel@AudiereMusic@@2V?$RefPtr@VOutputStream@audiere@@@audiere@@A
0x000695db	0x000a0d70	_gCurrentTrack
0x000695e1	0x000692b6	?ShouldRepeatMusic@@YA_NH@Z
0x000695f3	0x000cddec	?channel@AudiereMusic@@2V?$RefPtr@VOutputStream@audiere@@@audiere@@A
0x00069608	0x000a0d70	_gCurrentTrack
0x0006960f	0x000cdf74	_gMusicPositionsaat
0x00069616	0x000a0d70	_gCurrentTrack
0x0006961d	0x000cdf74	_gMusicPositionsaat
0x00069627	0x000cddec	?channel@AudiereMusic@@2V?$RefPtr@VOutputStream@audiere@@@audiere@@A
0x00069645	0x000cddec	?channel@AudiereMusic@@2V?$RefPtr@VOutputStream@audiere@@@audiere@@A
0x0006964d	0x000cddec	?channel@AudiereMusic@@2V?$RefPtr@VOutputStream@audiere@@@audiere@@A
0x00069656	0x000cddec	?channel@AudiereMusic@@2V?$RefPtr@VOutputStream@audiere@@@audiere@@A
0x0006965c	0x000cddec	?channel@AudiereMusic@@2V?$RefPtr@VOutputStream@audiere@@@audiere@@A
0x0006966b	0x000cddec	?channel@AudiereMusic@@2V?$RefPtr@VOutputStream@audiere@@@audiere@@A
0x00069671	0x000cddec	?channel@AudiereMusic@@2V?$RefPtr@VOutputStream@audiere@@@audiere@@A
0x0006967a	0x000cddec	?channel@AudiereMusic@@2V?$RefPtr@VOutputStream@audiere@@@audiere@@A
0x0006967f	0x000cddec	?channel@AudiereMusic@@2V?$RefPtr@VOutputStream@audiere@@@audiere@@A
0x00069693	0x000cdf6c	?origin@AudiereMusic@@2V?$RefPtr@VSampleSource@audiere@@@audiere@@A
0x0006969b	0x000cdf6c	?origin@AudiereMusic@@2V?$RefPtr@VSampleSource@audiere@@@audiere@@A
0x000696a4	0x000cdf6c	?origin@AudiereMusic@@2V?$RefPtr@VSampleSource@audiere@@@audiere@@A
0x000696aa	0x000cdf6c	?origin@AudiereMusic@@2V?$RefPtr@VSampleSource@audiere@@@audiere@@A
0x000696b9	0x000cdf6c	?origin@AudiereMusic@@2V?$RefPtr@VSampleSource@audiere@@@audiere@@A
0x000696bf	0x000cdf6c	?origin@AudiereMusic@@2V?$RefPtr@VSampleSource@audiere@@@audiere@@A
0x000696c8	0x000cdf6c	?origin@AudiereMusic@@2V?$RefPtr@VSampleSource@audiere@@@audiere@@A
0x000696cd	0x000cdf6c	?origin@AudiereMusic@@2V?$RefPtr@VSampleSource@audiere@@@audiere@@A
0x000696db	0x000a0d70	_gCurrentTrack
0x000696e2	0x00069742	?StopMusic@@YAXXZ
0x00069706	0x00069742	?StopMusic@@YAXXZ
0x0006973c	0x000a0d70	_gCurrentTrack
0x00069749	0x00069a7d	?MusicSuspended@@YA_NXZ
0x0006975f	0x000cddec	?channel@AudiereMusic@@2V?$RefPtr@VOutputStream@audiere@@@audiere@@A
0x00069776	0x000a0d70	_gCurrentTrack
0x0006977f	0x000cddec	?channel@AudiereMusic@@2V?$RefPtr@VOutputStream@audiere@@@audiere@@A
0x0006979d	0x000a0d70	_gCurrentTrack
0x000697a3	0x000692b6	?ShouldRepeatMusic@@YA_NH@Z
0x000697b4	0x000cddec	?channel@AudiereMusic@@2V?$RefPtr@VOutputStream@audiere@@@audiere@@A
0x000697c9	0x000a0d70	_gCurrentTrack
0x000697d0	0x000cdf74	_gMusicPositionsaat
0x000697d8	0x000a0d70	_gCurrentTrack
0x000697df	0x000cdf74	_gMusicPositionsaat
0x000697e8	0x000cddec	?channel@AudiereMusic@@2V?$RefPtr@VOutputStream@audiere@@@audiere@@A
0x00069807	0x000cddec	?channel@AudiereMusic@@2V?$RefPtr@VOutputStream@audiere@@@audiere@@A
0x0006980f	0x000cddec	?channel@AudiereMusic@@2V?$RefPtr@VOutputStream@audiere@@@audiere@@A
0x00069818	0x000cddec	?channel@AudiereMusic@@2V?$RefPtr@VOutputStream@audiere@@@audiere@@A
0x0006981d	0x000cddec	?channel@AudiereMusic@@2V?$RefPtr@VOutputStream@audiere@@@audiere@@A
0x0006982c	0x000cddec	?channel@AudiereMusic@@2V?$RefPtr@VOutputStream@audiere@@@audiere@@A
0x00069832	0x000cddec	?channel@AudiereMusic@@2V?$RefPtr@VOutputStream@audiere@@@audiere@@A
0x0006983a	0x000cddec	?channel@AudiereMusic@@2V?$RefPtr@VOutputStream@audiere@@@audiere@@A
0x00069840	0x000cddec	?channel@AudiereMusic@@2V?$RefPtr@VOutputStream@audiere@@@audiere@@A
0x00069855	0x000cdf6c	?origin@AudiereMusic@@2V?$RefPtr@VSampleSource@audiere@@@audiere@@A
0x0006985d	0x000cdf6c	?origin@AudiereMusic@@2V?$RefPtr@VSampleSource@audiere@@@audiere@@A
0x00069866	0x000cdf6c	?origin@AudiereMusic@@2V?$RefPtr@VSampleSource@audiere@@@audiere@@A
0x0006986c	0x000cdf6c	?origin@AudiereMusic@@2V?$RefPtr@VSampleSource@audiere@@@audiere@@A
0x0006987b	0x000cdf6c	?origin@AudiereMusic@@2V?$RefPtr@VSampleSource@audiere@@@audiere@@A
0x00069881	0x000cdf6c	?origin@AudiereMusic@@2V?$RefPtr@VSampleSource@audiere@@@audiere@@A
0x0006988a	0x000cdf6c	?origin@AudiereMusic@@2V?$RefPtr@VSampleSource@audiere@@@audiere@@A
0x0006988f	0x000cdf6c	?origin@AudiereMusic@@2V?$RefPtr@VSampleSource@audiere@@@audiere@@A
0x0006989a	0x000a0d70	_gCurrentTrack
0x000698ad	0x00069a7d	?MusicSuspended@@YA_NXZ
0x000698c0	0x000cddec	?channel@AudiereMusic@@2V?$RefPtr@VOutputStream@audiere@@@audiere@@A
0x000698db	0x000cddec	?channel@AudiereMusic@@2V?$RefPtr@VOutputStream@audiere@@@audiere@@A
0x000698e3	0x00069d83	?GetMusicVolume@@YAMXZ
0x00069905	0x000cddec	?channel@AudiereMusic@@2V?$RefPtr@VOutputStream@audiere@@@audiere@@A
0x00069918	0x000cddec	?channel@AudiereMusic@@2V?$RefPtr@VOutputStream@audiere@@@audiere@@A
0x00069937	0x000cddec	?channel@AudiereMusic@@2V?$RefPtr@VOutputStream@audiere@@@audiere@@A
0x0006993f	0x000cddec	?channel@AudiereMusic@@2V?$RefPtr@VOutputStream@audiere@@@audiere@@A
0x00069947	0x000cddec	?channel@AudiereMusic@@2V?$RefPtr@VOutputStream@audiere@@@audiere@@A
0x0006994d	0x000cddec	?channel@AudiereMusic@@2V?$RefPtr@VOutputStream@audiere@@@audiere@@A
0x0006995b	0x000cddec	?channel@AudiereMusic@@2V?$RefPtr@VOutputStream@audiere@@@audiere@@A
0x00069961	0x000cddec	?channel@AudiereMusic@@2V?$RefPtr@VOutputStream@audiere@@@audiere@@A
0x0006996a	0x000cddec	?channel@AudiereMusic@@2V?$RefPtr@VOutputStream@audiere@@@audiere@@A
0x00069970	0x000cddec	?channel@AudiereMusic@@2V?$RefPtr@VOutputStream@audiere@@@audiere@@A
0x00069985	0x000cdf6c	?origin@AudiereMusic@@2V?$RefPtr@VSampleSource@audiere@@@audiere@@A
0x0006998d	0x000cdf6c	?origin@AudiereMusic@@2V?$RefPtr@VSampleSource@audiere@@@audiere@@A
0x00069996	0x000cdf6c	?origin@AudiereMusic@@2V?$RefPtr@VSampleSource@audiere@@@audiere@@A
0x0006999b	0x000cdf6c	?origin@AudiereMusic@@2V?$RefPtr@VSampleSource@audiere@@@audiere@@A
0x000699aa	0x000cdf6c	?origin@AudiereMusic@@2V?$RefPtr@VSampleSource@audiere@@@audiere@@A
0x000699b0	0x000cdf6c	?origin@AudiereMusic@@2V?$RefPtr@VSampleSource@audiere@@@audiere@@A
0x000699b8	0x000cdf6c	?origin@AudiereMusic@@2V?$RefPtr@VSampleSource@audiere@@@audiere@@A
0x000699be	0x000cdf6c	?origin@AudiereMusic@@2V?$RefPtr@VSampleSource@audiere@@@audiere@@A
0x000699e5	0x000cdf74	_gMusicPositionsaat
0x000699f4	0x000ce10c	_gMusicSourcejxy
0x000699fa	0x000a0d70	_gCurrentTrack
0x00069a02	0x000a0d70	_gCurrentTrack
0x00069a0b	0x000a0d70	_gCurrentTrack
0x00069a18	0x000692fd	?PlayMusic@@YAXH@Z
0x00069a2b	0x000cddec	?channel@AudiereMusic@@2V?$RefPtr@VOutputStream@audiere@@@audiere@@A
0x00069a42	0x000cddec	?channel@AudiereMusic@@2V?$RefPtr@VOutputStream@audiere@@@audiere@@A
0x00069a5d	0x000cdde8	_gMusicSuspensions
0x00069a65	0x000cdde8	_gMusicSuspensions
0x00069a6f	0x000cdde8	_gMusicSuspensions
0x00069a77	0x000cdde8	_gMusicSuspensions
0x00069a84	0x000cdde8	_gMusicSuspensions
0x00069b5f	0x000a0f0c	_gVolumeLevels
0x00069b7d	0x000cdf50	?driver@AudiereDevice@@2V?$RefPtr@VAudioDevice@audiere@@@audiere@@A
0x00069bde	0x000a0f6c	$SG9996
0x00069be4	0x0008a2e4	__imp__AdrOpenDevice@8
0x00069bf6	0x000cdf50	?driver@AudiereDevice@@2V?$RefPtr@VAudioDevice@audiere@@@audiere@@A
0x00069bfe	0x000cdf50	?driver@AudiereDevice@@2V?$RefPtr@VAudioDevice@audiere@@@audiere@@A
0x00069c07	0x000cdf50	?driver@AudiereDevice@@2V?$RefPtr@VAudioDevice@audiere@@@audiere@@A
0x00069c0d	0x000cdf50	?driver@AudiereDevice@@2V?$RefPtr@VAudioDevice@audiere@@@audiere@@A
0x00069c1c	0x000cdf50	?driver@AudiereDevice@@2V?$RefPtr@VAudioDevice@audiere@@@audiere@@A
0x00069c22	0x000cdf50	?driver@AudiereDevice@@2V?$RefPtr@VAudioDevice@audiere@@@audiere@@A
0x00069c2b	0x000cdf50	?driver@AudiereDevice@@2V?$RefPtr@VAudioDevice@audiere@@@audiere@@A
0x00069c30	0x000cdf50	?driver@AudiereDevice@@2V?$RefPtr@VAudioDevice@audiere@@@audiere@@A
0x00069c41	0x000a0f74	$SG659316
0x00069c47	0x0008a2e4	__imp__AdrOpenDevice@8
0x00069c53	0x000cdf50	?driver@AudiereDevice@@2V?$RefPtr@VAudioDevice@audiere@@@audiere@@A
0x00069c5b	0x000cdf50	?driver@AudiereDevice@@2V?$RefPtr@VAudioDevice@audiere@@@audiere@@A
0x00069c63	0x000cdf50	?driver@AudiereDevice@@2V?$RefPtr@VAudioDevice@audiere@@@audiere@@A
0x00069c69	0x000cdf50	?driver@AudiereDevice@@2V?$RefPtr@VAudioDevice@audiere@@@audiere@@A
0x00069c77	0x000cdf50	?driver@AudiereDevice@@2V?$RefPtr@VAudioDevice@audiere@@@audiere@@A
0x00069c7d	0x000cdf50	?driver@AudiereDevice@@2V?$RefPtr@VAudioDevice@audiere@@@audiere@@A
0x00069c86	0x000cdf50	?driver@AudiereDevice@@2V?$RefPtr@VAudioDevice@audiere@@@audiere@@A
0x00069c8c	0x000cdf50	?driver@AudiereDevice@@2V?$RefPtr@VAudioDevice@audiere@@@audiere@@A
0x00069c99	0x000cdf50	?driver@AudiereDevice@@2V?$RefPtr@VAudioDevice@audiere@@@audiere@@A
0x00069cbb	0x000cdf50	?driver@AudiereDevice@@2V?$RefPtr@VAudioDevice@audiere@@@audiere@@A
0x00069cc3	0x000cdf50	?driver@AudiereDevice@@2V?$RefPtr@VAudioDevice@audiere@@@audiere@@A
0x00069ccb	0x000cdf50	?driver@AudiereDevice@@2V?$RefPtr@VAudioDevice@audiere@@@audiere@@A
0x00069cd1	0x000cdf50	?driver@AudiereDevice@@2V?$RefPtr@VAudioDevice@audiere@@@audiere@@A
0x00069cdf	0x000cdf50	?driver@AudiereDevice@@2V?$RefPtr@VAudioDevice@audiere@@@audiere@@A
0x00069ce5	0x000cdf50	?driver@AudiereDevice@@2V?$RefPtr@VAudioDevice@audiere@@@audiere@@A
0x00069cee	0x000cdf50	?driver@AudiereDevice@@2V?$RefPtr@VAudioDevice@audiere@@@audiere@@A
0x00069cf4	0x000cdf50	?driver@AudiereDevice@@2V?$RefPtr@VAudioDevice@audiere@@@audiere@@A
0x00069d0c	0x00069d8e	?StopAllAudio@@YAXXZ
0x00069d1c	0x000cdf50	?driver@AudiereDevice@@2V?$RefPtr@VAudioDevice@audiere@@@audiere@@A
0x00069d24	0x000cdf50	?driver@AudiereDevice@@2V?$RefPtr@VAudioDevice@audiere@@@audiere@@A
0x00069d2d	0x000cdf50	?driver@AudiereDevice@@2V?$RefPtr@VAudioDevice@audiere@@@audiere@@A
0x00069d33	0x000cdf50	?driver@AudiereDevice@@2V?$RefPtr@VAudioDevice@audiere@@@audiere@@A
0x00069d42	0x000cdf50	?driver@AudiereDevice@@2V?$RefPtr@VAudioDevice@audiere@@@audiere@@A
0x00069d48	0x000cdf50	?driver@AudiereDevice@@2V?$RefPtr@VAudioDevice@audiere@@@audiere@@A
0x00069d51	0x000cdf50	?driver@AudiereDevice@@2V?$RefPtr@VAudioDevice@audiere@@@audiere@@A
0x00069d56	0x000cdf50	?driver@AudiereDevice@@2V?$RefPtr@VAudioDevice@audiere@@@audiere@@A
0x00069d68	0x000a0f04	_gEffectsVolume
0x00069d7d	0x0008a764	__real@4@4005fe00000000000000
0x00069d88	0x000a0f08	_gMusicVolume
0x00069d92	0x00069019	?StopAllSamples@@YAXXZ
0x00069d97	0x00069742	?StopMusic@@YAXXZ
0x00069da5	0x00069b56	?VolumeLevel@@YAMH@Z
0x00069dae	0x000a0f04	_gEffectsVolume
0x00069db3	0x00069090	?UpdateAllSampleVolumes@@YAXXZ
0x00069dc1	0x00069b56	?VolumeLevel@@YAMH@Z
0x00069dca	0x000a0f08	_gMusicVolume
0x00069dcf	0x000698a6	?UpdateMusicVolume@@YAXXZ
0x00069ddd	0x00069d9d	?SetEffectsVolume@@YAXH@Z
0x00069de9	0x00069db9	?SetMusicVolume@@YAXH@Z
0x00069fb6	0x000a74a8	?gpWindowManager@@3PAVheroWindowManager@@A
0x00069fc4	0x000a7830	?gpBufferPalette@@3PAVpalette@@A
0x00069fd1	0x000a74a8	?gpWindowManager@@3PAVheroWindowManager@@A
0x00069fe5	0x000a74a8	?gpWindowManager@@3PAVheroWindowManager@@A
0x00069ff9	0x000ce114	?gCyclePal@@3PACA
0x0006a002	0x00078550	_memcpy
0x0006a00c	0x000ce117	?gCyclePal@@3PACA
0x0006a011	0x000ce114	?gCyclePal@@3PACA
0x0006a016	0x00078950	_memmove
0x0006a024	0x000ce11d	?gCyclePal@@3PACA
0x0006a029	0x00078550	_memcpy
0x0006a033	0x000ce120	?gCyclePal@@3PACA
0x0006a03c	0x00078550	_memcpy
0x0006a046	0x000ce123	?gCyclePal@@3PACA
0x0006a04b	0x000ce120	?gCyclePal@@3PACA
0x0006a050	0x00078950	_memmove
0x0006a05e	0x000ce129	?gCyclePal@@3PACA
0x0006a063	0x00078550	_memcpy
0x0006a06d	0x000ce144	?gCyclePal@@3PACA
0x0006a076	0x00078550	_memcpy
0x0006a080	0x000ce147	?gCyclePal@@3PACA
0x0006a085	0x000ce144	?gCyclePal@@3PACA
0x0006a08a	0x00078950	_memmove
0x0006a098	0x000ce150	?gCyclePal@@3PACA
0x0006a09d	0x00078550	_memcpy
0x0006a0a7	0x000ce153	?gCyclePal@@3PACA
0x0006a0b0	0x00078550	_memcpy
0x0006a0ba	0x000ce156	?gCyclePal@@3PACA
0x0006a0bf	0x000ce153	?gCyclePal@@3PACA
0x0006a0c4	0x00078550	_memcpy
0x0006a0d2	0x000ce156	?gCyclePal@@3PACA
0x0006a0d7	0x00078550	_memcpy
0x0006a0e1	0x000ce159	?gCyclePal@@3PACA
0x0006a0ea	0x00078550	_memcpy
0x0006a0f4	0x000ce15c	?gCyclePal@@3PACA
0x0006a0f9	0x000ce159	?gCyclePal@@3PACA
0x0006a0fe	0x00078950	_memmove
0x0006a10c	0x000ce162	?gCyclePal@@3PACA
0x0006a111	0x00078550	_memcpy
0x0006a11b	0x000ce114	?gCyclePal@@3PACA
0x0006a121	0x000a7830	?gpBufferPalette@@3PAVpalette@@A
0x0006a12f	0x00078550	_memcpy
0x0006a138	0x000a7830	?gpBufferPalette@@3PAVpalette@@A
0x0006a141	0x000682f5	?UpdatePalette@@YAXPAC@Z
0x0006a160	0x0008a768	??_7heroWindowManager@@6B@
0x0006a1f1	0x0008923b	__ehreg$?Open@heroWindowManager@@UAEFF@Z
0x0006a264	0x00042146	?MemError@@YAXXZ
0x0006a293	0x000cdda4	?gInitWin@@3PAXA
0x0006a2a7	0x0006abdb	?Cleanup@heroWindowManager@@QAEXXZ
0x0006a33f	0x0006abdb	?Cleanup@heroWindowManager@@QAEXXZ
0x0006a47c	0x0006da11	?BroadcastMessage@heroWindow@@QAEFAAUtag_message@@@Z
0x0006a74b	0x000a98f8	?gInDialog@@3HA
0x0006a755	0x000ce174	_?gDialogNestCount@?1??DoDialog@heroWindowManager@@QAEFPAVheroWindow@@P6AFAAUtag_message@@@ZH@Z@4HA
0x0006a75f	0x00043ccd	?SetNoDialogMenus@@YAXH@Z
0x0006a767	0x000ce174	_?gDialogNestCount@?1??DoDialog@heroWindowManager@@QAEFPAVheroWindow@@P6AFAAUtag_message@@@ZH@Z@4HA
0x0006a76f	0x000ce174	_?gDialogNestCount@?1??DoDialog@heroWindowManager@@QAEFPAVheroWindow@@P6AFAAUtag_message@@@ZH@Z@4HA
0x0006a78c	0x0006a4f1	?AddWindow@heroWindowManager@@QAEXPAVheroWindow@@FC@Z
0x0006a797	0x000a7834	?gPalette@@3PAVpalette@@A
0x0006a7a2	0x000a74a8	?gpWindowManager@@3PAVheroWindowManager@@A
0x0006a7a7	0x0006aaa3	?FadeScreen@heroWindowManager@@QAEXFFPAVpalette@@@Z
0x0006a7ad	0x000a7b90	?gInputManager@@3PAVinputManager@@A
0x0006a7b2	0x0006eeb6	?Flush@inputManager@@QAEXXZ
0x0006a7d3	0x0003c7b0	_PollSound
0x0006a7d8	0x00043775	?Process1WindowsMessage@@YAXXZ
0x0006a7e2	0x000a7b90	?gInputManager@@3PAVinputManager@@A
0x0006a7e7	0x0006eed9	?GetEvent@inputManager@@QAE?AUtag_message@@XZ
0x0006a808	0x000a7164	?gpMouseManager@@3PAVmouseManager@@A
0x0006a810	0x000a7164	?gpMouseManager@@3PAVmouseManager@@A
0x0006a825	0x0006da11	?BroadcastMessage@heroWindow@@QAEFAAUtag_message@@@Z
0x0006a8a6	0x0006a657	?RemoveWindow@heroWindowManager@@QAEXPAVheroWindow@@@Z
0x0006a8ac	0x000a7b90	?gInputManager@@3PAVinputManager@@A
0x0006a8b1	0x0006eeb6	?Flush@inputManager@@QAEXXZ
0x0006a8b7	0x000a98f8	?gInDialog@@3HA
0x0006a8c0	0x000ce174	_?gDialogNestCount@?1??DoDialog@heroWindowManager@@QAEFPAVheroWindow@@P6AFAAUtag_message@@@ZH@Z@4HA
0x0006a8c8	0x000ce174	_?gDialogNestCount@?1??DoDialog@heroWindowManager@@QAEFPAVheroWindow@@P6AFAAUtag_message@@@ZH@Z@4HA
0x0006a8ce	0x000ce174	_?gDialogNestCount@?1??DoDialog@heroWindowManager@@QAEFPAVheroWindow@@P6AFAAUtag_message@@@ZH@Z@4HA
0x0006a8d8	0x00043ccd	?SetNoDialogMenus@@YAXH@Z
0x0006ab51	0x000ce110	?gFadeSavedUpdate@@3CA
0x0006ab64	0x0006fc12	?FadeOut@@YAXH@Z
0x0006ab6c	0x0003c7b0	_PollSound
0x0006ab88	0x000a0fc4	$SG37643
0x0006ab91	0x0007823f	_sprintf
0x0006aba4	0x0006f9f5	?GrabScreenBitmap@@YAXPAVbitmap@@HH@Z
0x0006abb6	0x0007345e	?Write@bitmap@@QAEXPAD@Z
0x0006abce	0x000a7b90	?gInputManager@@3PAVinputManager@@A
0x0006abd3	0x0006eeb6	?Flush@inputManager@@QAEXXZ
0x0006abec	0x00089250	__ehreg$?SaveFizzleSource@heroWindowManager@@QAEXFFFF@Z
0x0006b123	0x00089265	__ehreg$?FizzleForward@heroWindowManager@@QAEXFFFFH@Z
0x0006b14b	0x00092194	?gEnlargeScreenBlit@@3HA
0x0006b3e8	0x00092194	?gEnlargeScreenBlit@@3HA
0x0006b526	0x0008a778	??_7mouseManager@@6B@
0x0006b56a	0x000a109c	$SG659612
0x0006b618	0x0008927b	__ehreg$?Open@mouseManager@@UAEFF@Z
0x0006b76b	0x000cef88	?hMouseCursor@@3PAPAUHICON__@@A
0x0006b779	0x000cfa14	?cAndBits@@3PAPAEA
0x0006b786	0x000cfa14	?cAndBits@@3PAPAEA
0x0006b78c	0x00078156	_free
0x0006b799	0x000cfa14	?cAndBits@@3PAPAEA
0x0006b7a7	0x000cf1e0	?cColorBits@@3PAPAEA
0x0006b7b4	0x000cf1e0	?cColorBits@@3PAPAEA
0x0006b7ba	0x00078156	_free
0x0006b7c7	0x000cf1e0	?cColorBits@@3PAPAEA
0x0006b7d5	0x000cf0b4	?hbmpAndMask@@3PAPAUHBITMAP__@@A
0x0006b7e2	0x000cf0b4	?hbmpAndMask@@3PAPAUHBITMAP__@@A
0x0006b81f	0x000cf30c	?hbmpColor@@3PAPAUHBITMAP__@@A
0x0006b82f	0x000463d9	?DelayMilli@@YAXH@Z
0x0006b8dd	0x000a98f4	?gCurExe@@3HA
0x0006b8e6	0x000cfb40	?gMouseCursorType@@3HA
0x0006b8fe	0x000cfb44	_?gInSetPointer@?1??SetPointer@mouseManager@@QAEXF@Z@4HA
0x0006b90c	0x000cfb44	_?gInSetPointer@?1??SetPointer@mouseManager@@QAEXF@Z@4HA
0x0006b93e	0x000cfb40	?gMouseCursorType@@3HA
0x0006b945	0x000a0ff8	?gMouseOffset@@3PAHA
0x0006b96e	0x000a10ac	$SG659628
0x0006b9e1	0x000cfb40	?gMouseCursorType@@3HA
0x0006b9ea	0x000a98ec	?gColorMice@@3HA
0x0006ba22	0x000cfb40	?gMouseCursorType@@3HA
0x0006ba2b	0x000a98ec	?gColorMice@@3HA
0x0006ba58	0x0007823f	_sprintf
0x0006ba63	0x000a98ec	?gColorMice@@3HA
0x0006bc5e	0x000cfa14	?cAndBits@@3PAPAEA
0x0006bc95	0x000cfa14	?cAndBits@@3PAPAEA
0x0006bca6	0x000a98ec	?gColorMice@@3HA
0x0006bcb3	0x000cf1e0	?cColorBits@@3PAPAEA
0x0006bcd0	0x000cfa14	?cAndBits@@3PAPAEA
0x0006bd0b	0x000cfa14	?cAndBits@@3PAPAEA
0x0006bd2e	0x000ce178	?gAndMaskBitmapInfo@@3PAUtagBITMAP@@A
0x0006bd3e	0x000ce17c	?gAndMaskBitmapInfo@@3PAUtagBITMAP@@A
0x0006bd48	0x000a98ec	?gColorMice@@3HA
0x0006bd5e	0x000ce180	?gAndMaskBitmapInfo@@3PAUtagBITMAP@@A
0x0006bd6a	0x000ce184	?gAndMaskBitmapInfo@@3PAUtagBITMAP@@A
0x0006bd7b	0x000ce188	?gAndMaskBitmapInfo@@3PAUtagBITMAP@@A
0x0006bd8a	0x000ce18a	?gAndMaskBitmapInfo@@3PAUtagBITMAP@@A
0x0006bd98	0x000ce184	?gAndMaskBitmapInfo@@3PAUtagBITMAP@@A
0x0006bdac	0x000cfa14	?cAndBits@@3PAPAEA
0x0006bdb2	0x000ce18c	?gAndMaskBitmapInfo@@3PAUtagBITMAP@@A
0x0006bdbe	0x000ce178	?gAndMaskBitmapInfo@@3PAUtagBITMAP@@A
0x0006bdd9	0x000a112c	$SG659756
0x0006bde3	0x000cf0b4	?hbmpAndMask@@3PAPAUHBITMAP__@@A
0x0006bde9	0x00044b59	?ProcessAssert@@YAXHPADH@Z
0x0006bdf2	0x000a98ec	?gColorMice@@3HA
0x0006be05	0x000ce880	?bmpColor@@3PAUtagBITMAP@@A
0x0006be15	0x000ce884	?bmpColor@@3PAUtagBITMAP@@A
0x0006be25	0x000ce888	?bmpColor@@3PAUtagBITMAP@@A
0x0006be36	0x000ce890	?bmpColor@@3PAUtagBITMAP@@A
0x0006be45	0x000ce892	?bmpColor@@3PAUtagBITMAP@@A
0x0006be53	0x000ce88c	?bmpColor@@3PAUtagBITMAP@@A
0x0006be67	0x000cf1e0	?cColorBits@@3PAPAEA
0x0006be6d	0x000ce894	?bmpColor@@3PAUtagBITMAP@@A
0x0006be79	0x000ce880	?bmpColor@@3PAUtagBITMAP@@A
0x0006be8a	0x000cf30c	?hbmpColor@@3PAPAUHBITMAP__@@A
0x0006be96	0x000cf438	?cursorIconInfo@@3PAU_ICONINFO@@A
0x0006bea6	0x000a1004	?gHotSpot@@3PAY01EA
0x0006beb2	0x000cf43c	?cursorIconInfo@@3PAU_ICONINFO@@A
0x0006bebe	0x000a1005	?gHotSpot@@3PAY01EA
0x0006beca	0x000cf440	?cursorIconInfo@@3PAU_ICONINFO@@A
0x0006beda	0x000cf0b4	?hbmpAndMask@@3PAPAUHBITMAP__@@A
0x0006bee0	0x000cf444	?cursorIconInfo@@3PAU_ICONINFO@@A
0x0006bee6	0x000a98ec	?gColorMice@@3HA
0x0006bef3	0x000cf30c	?hbmpColor@@3PAPAUHBITMAP__@@A
0x0006bf0e	0x000cf448	?cursorIconInfo@@3PAU_ICONINFO@@A
0x0006bf1a	0x000cf438	?cursorIconInfo@@3PAU_ICONINFO@@A
0x0006bf35	0x000a1164	$SG659812
0x0006c01b	0x0008a20c	__imp__GetCursorPos@4
0x0006c025	0x000a9e34	?gAppWindow@@3PAUHWND__@@A
0x0006c02c	0x0008a208	__imp__ScreenToClient@8
0x0006c03c	0x000a9df0	?gMainWinScreenWidth@@3HA
0x0006c052	0x000a99dc	?iMainWinScreenHeight@@3HA
0x0006c087	0x0008a210	__imp__ShowCursor@4
0x0006c09a	0x0008a210	__imp__ShowCursor@4
0x0006c0eb	0x000688c0	??0baseManager@@QAE@XZ
0x0006c0f4	0x0008a784	??_7resourceManager@@6B@
0x0006c133	0x000cfb48	$SG19619
0x0006c13f	0x00077c60	_strcpy
0x0006c169	0x0006cd54	?MakeId@resourceManager@@QAEFPAD@Z
0x0006c172	0x0006caa0	?PointToFile@resourceManager@@QAEXF@Z
0x0006c17a	0x0006ccbe	?ReadWord@resourceManager@@QAEFXZ
0x0006c182	0x0006ccbe	?ReadWord@resourceManager@@QAEFXZ
0x0006c18a	0x0006ccbe	?ReadWord@resourceManager@@QAEFXZ
0x0006c1ab	0x0006cdb0	?ReadBlock@resourceManager@@QAEXPAXI@Z
0x0006c1c7	0x0006fe58	?PostprocessBitmap@@YAXPAEHH@Z
0x0006c1e5	0x0006cd54	?MakeId@resourceManager@@QAEFPAD@Z
0x0006c1ee	0x0006caa0	?PointToFile@resourceManager@@QAEXF@Z
0x0006c1f6	0x0006ccbe	?ReadWord@resourceManager@@QAEFXZ
0x0006c1fe	0x0006ccbe	?ReadWord@resourceManager@@QAEFXZ
0x0006c20a	0x0006ccbe	?ReadWord@resourceManager@@QAEFXZ
0x0006c24f	0x0006cdb0	?ReadBlock@resourceManager@@QAEXPAXI@Z
0x0006c261	0x0008929b	__ehreg$?GetPalette@resourceManager@@QAEPAVpalette@@PAD@Z
0x0006c321	0x000892b0	__ehreg$?GetBitmap@resourceManager@@QAEPAVbitmap@@PAD@Z
0x0006c40d	0x000892c5	__ehreg$?GetIcon@resourceManager@@QAEPAVicon@@F@Z
0x0006c4bd	0x000892da	__ehreg$?GetTileset@resourceManager@@QAEPAVtileset@@PAD@Z
0x0006c58c	0x000892ef	__ehreg$?GetFont@resourceManager@@QAEPAVfont@@PAD@Z
0x0006c64c	0x00089304	__ehreg$?GetSample@resourceManager@@QAEPAVsample@@PAD@Z
0x0006c746	0x0006c8ec	?RemoveResource@resourceManager@@QAEXPAVresource@@@Z
0x0006c7f7	0x0006c8ec	?RemoveResource@resourceManager@@QAEXPAVresource@@@Z
0x0006c88e	0x000a7498	?DEFAULT_AGGREGATE_NAME@@3PADA
0x0006c897	0x0006c9bb	?LoadAggregateHeader@resourceManager@@QAEFPAD@Z
0x0006c8c6	0x000a119c	$SG19768
0x0006c8d2	0x00077c60	_strcpy
0x0006c966	0x0006c7bd	?Expunge@resourceManager@@QAEXXZ
0x0006c985	0x00078156	_free
0x0006c99d	0x00079fb7	__close
0x0006cc42	0x0008872a	_tell
0x0006cc6b	0x0007905e	__lseek
0x0006cc85	0x000a1290	$SG19835
0x0006cc97	0x00044b59	?ProcessAssert@@YAXHPADH@Z
0x0006ccb0	0x00079d79	__read
0x0006cccd	0x000a12c4	$SG19841
0x0006ccdf	0x00044b59	?ProcessAssert@@YAXHPADH@Z
0x0006ccfa	0x00079d79	__read
0x0006cd18	0x000a12f8	$SG19847
0x0006cd2a	0x00044b59	?ProcessAssert@@YAXHPADH@Z
0x0006cd46	0x00079d79	__read
0x0006cd62	0x00073610	?MAKEFILEID@@YAIPAD@Z
0x0006cd78	0x00077c60	_strcpy
0x0006cda6	0x0006cdb0	?ReadBlock@resourceManager@@QAEXPAXI@Z
0x0006cdbf	0x000a132c	$SG19863
0x0006cdd1	0x00044b59	?ProcessAssert@@YAXHPADH@Z
0x0006cdd9	0x0003c7b0	_PollSound
0x0006cded	0x00079d79	__read
0x0006cdf8	0x0003c7b0	_PollSound
0x0006ce57	0x00075370	??0widget@@QAE@FFFFFF@Z
0x0006ce60	0x0008a790	??_7backdropWidget@@6B@
0x0006ce9d	0x0008a790	??_7backdropWidget@@6B@
0x0006ceb3	0x000a74d8	?gpResourceManager@@3PAVresourceManager@@A
0x0006ceb8	0x0006ccbe	?ReadWord@resourceManager@@QAEFXZ
0x0006cec5	0x000a74d8	?gpResourceManager@@3PAVresourceManager@@A
0x0006ceca	0x0006ccbe	?ReadWord@resourceManager@@QAEFXZ
0x0006ced7	0x000a74d8	?gpResourceManager@@3PAVresourceManager@@A
0x0006cedc	0x0006ccbe	?ReadWord@resourceManager@@QAEFXZ
0x0006cee9	0x000a74d8	?gpResourceManager@@3PAVresourceManager@@A
0x0006ceee	0x0006ccbe	?ReadWord@resourceManager@@QAEFXZ
0x0006cefb	0x000a74d8	?gpResourceManager@@3PAVresourceManager@@A
0x0006cf00	0x0006ccbe	?ReadWord@resourceManager@@QAEFXZ
0x0006cf0d	0x000a74d8	?gpResourceManager@@3PAVresourceManager@@A
0x0006cf12	0x0006ccbe	?ReadWord@resourceManager@@QAEFXZ
0x0006cf30	0x000754bb	?Main@widget@@UAEFAAUtag_message@@@Z
0x0006cfdb	0x0006d000	??1backdropWidget@@UAE@XZ
0x0006cfee	0x00077c4d	??3@YAXPAX@Z
0x0006d00c	0x0008a790	??_7backdropWidget@@6B@
0x0006d014	0x00075478	??1widget@@UAE@XZ
0x0006d0ba	0x000a1374	?gDynamicConstruct@@3PADA
0x0006d156	0x00089373	__ehreg$??0heroWindow@@QAE@FFPAD@Z
0x0006d79e	0x0006dc28	?RestoreBackground@heroWindow@@QAEXXZ
0x0006d7c2	0x0006d92a	?RemoveWidget@heroWindow@@QAEXPAVwidget@@@Z
0x0006da7f	0x0006da87	?DrawWindow@heroWindow@@QAEXF@Z
0x0006db84	0x00089388	__ehreg$?SaveBackground@heroWindow@@QAEFXZ
0x0006ded0	0x0008a79c	??_7iconWidget@@6B@
0x0006dfa6	0x000893bc	__ehreg$??0iconWidget@@QAE@FFFFPADCCFFF@Z
0x0006dfee	0x0008a79c	??_7iconWidget@@6B@
0x0006e140	0x000893cf	__ehreg$??1iconWidget@@UAE@XZ
0x0006e15b	0x0008a79c	??_7iconWidget@@6B@
0x0006e16f	0x000a74d8	?gpResourceManager@@3PAVresourceManager@@A
0x0006e174	0x0006c705	?Dispose@resourceManager@@QAEXPAVresource@@@Z
0x0006e183	0x00075478	??1widget@@UAE@XZ
0x0006e53b	0x0006e13a	??1iconWidget@@UAE@XZ
0x0006e54e	0x00077c4d	??3@YAXPAX@Z
0x0006eb2e	0x000a1408	$SG660488
0x0006ed12	0x0008a7a8	??_7inputManager@@6B@
0x0006ee06	0x0006f008	?SetPositiveOption@inputManager@@QAEXF@Z
0x0006ee6e	0x00079fb7	_close
0x0006eee3	0x0003c7b0	_PollSound
0x0006eee8	0x000a7b90	?gInputManager@@3PAVinputManager@@A
0x0006efb0	0x0006f0b9	?AsciiConvert@inputManager@@QAEXAAUtag_message@@@Z
0x0006f0ac	0x000a1388	_gInputCharacterMap
0x0006f333	0x0006f085	?TranslateInputCharacter@@YAXAAUtag_message@@@Z
0x0006f8e7	0x00092194	?gEnlargeScreenBlit@@3HA
0x0006fa1a	0x000a74a8	?gpWindowManager@@3PAVheroWindowManager@@A
0x0006fa23	0x00072800	?BlitBitmap@@YAXPAVbitmap@@HHHH0HH@Z
0x0006fa63	0x000a7830	?gpBufferPalette@@3PAVpalette@@A
0x0006fa6c	0x00078550	_memcpy
0x0006fa7f	0x000ce114	?gCyclePal@@3PACA
0x0006fa84	0x00078550	_memcpy
0x0006fa93	0x000a7830	?gpBufferPalette@@3PAVpalette@@A
0x0006fa9c	0x000682f5	?UpdatePalette@@YAXPAC@Z
0x00070089	0x000cfb68	_sClipFrameEntry
0x00070095	0x000cfb68	_sClipFrameEntry
0x0007009e	0x000cfb5c	_sClipSrcPtr
0x000700a3	0x000cfb68	_sClipFrameEntry
0x000700b1	0x000cfbb4	_sClipLeft
0x000700b6	0x000cfbb4	_sClipLeft
0x000700bb	0x000cfb60	_sClipX
0x000700c1	0x000cfb68	_sClipFrameEntry
0x000700cf	0x000cfb50	_sClipPosY
0x000700d5	0x000cfbb4	_sClipLeft
0x000700e0	0x000cfb68	_sClipFrameEntry
0x000700ea	0x000cfbb4	_sClipLeft
0x000700fb	0x000cfb50	_sClipPosY
0x00070106	0x000cfb68	_sClipFrameEntry
0x0007010f	0x000cfb50	_sClipPosY
0x00070121	0x000cfbb0	_sClipInside
0x0007012d	0x000cfbb0	_sClipInside
0x00070141	0x000cfb54	_sClipLimitX
0x00070151	0x000cfb58	_sClipLimitY
0x0007015e	0x000cfb50	_sClipPosY
0x0007016e	0x000cfb64	_sClipRow
0x00070174	0x000cfb5c	_sClipSrcPtr
0x0007017e	0x000cfb6c	_sClipRun
0x00070183	0x000cfb5c	_sClipSrcPtr
0x0007018b	0x000cfb5c	_sClipSrcPtr
0x00070192	0x000cfb6c	_sClipRun
0x0007019c	0x000cfb6c	_sClipRun
0x000701a8	0x000cfb6c	_sClipRun
0x000701b1	0x000cfb60	_sClipX
0x000701b9	0x000cfb60	_sClipX
0x000701cb	0x000cfb6c	_sClipRun
0x000701d8	0x000cfbb0	_sClipInside
0x000701e1	0x000cfb6c	_sClipRun
0x000701e7	0x000cfb5c	_sClipSrcPtr
0x000701ee	0x000cfb64	_sClipRow
0x000701f4	0x000cfb60	_sClipX
0x00070208	0x000cfb50	_sClipPosY
0x00070216	0x000cfb50	_sClipPosY
0x0007021c	0x000cfb58	_sClipLimitY
0x00070228	0x000cfb60	_sClipX
0x0007022e	0x000cfb6c	_sClipRun
0x0007023d	0x000cfb60	_sClipX
0x00070243	0x000cfb54	_sClipLimitX
0x0007024e	0x000cfb60	_sClipX
0x00070259	0x000cfb60	_sClipX
0x0007025f	0x000cfb6c	_sClipRun
0x00070265	0x000cfb54	_sClipLimitX
0x0007026d	0x000cfb6c	_sClipRun
0x00070273	0x000cfb5c	_sClipSrcPtr
0x0007027a	0x000cfb64	_sClipRow
0x00070280	0x000cfb60	_sClipX
0x00070291	0x000cfb54	_sClipLimitX
0x00070297	0x000cfb60	_sClipX
0x000702a0	0x000cfb5c	_sClipSrcPtr
0x000702a7	0x000cfb64	_sClipRow
0x000702ad	0x000cfb60	_sClipX
0x000702be	0x000cfb5c	_sClipSrcPtr
0x000702c8	0x000cfb60	_sClipX
0x000702d0	0x000cfb54	_sClipLimitX
0x000702d8	0x000cfb60	_sClipX
0x000702de	0x000cfb6c	_sClipRun
0x000702e7	0x000cfb5c	_sClipSrcPtr
0x000702ee	0x000cfb64	_sClipRow
0x000702f4	0x000cfb60	_sClipX
0x00070308	0x000cfb5c	_sClipSrcPtr
0x0007030f	0x000cfb64	_sClipRow
0x00070315	0x000cfb60	_sClipX
0x00070324	0x000cfb60	_sClipX
0x0007032a	0x000cfb6c	_sClipRun
0x00070330	0x000cfb60	_sClipX
0x00070335	0x000cfb5c	_sClipSrcPtr
0x0007033b	0x000cfb6c	_sClipRun
0x00070340	0x000cfb5c	_sClipSrcPtr
0x00070348	0x000cfbb4	_sClipLeft
0x0007034e	0x000cfb60	_sClipX
0x00070354	0x000cfb50	_sClipPosY
0x0007035d	0x000cfb50	_sClipPosY
0x0007036a	0x000cfb64	_sClipRow
0x00070372	0x000cfb64	_sClipRow
0x000703cf	0x000a148c	_gIconDataBase
0x000703ec	0x000a1484	_gIconXAdjust
0x000703f6	0x000a1488	_gIconYAdjust
0x00070400	0x000a1490	_gIconWidth
0x0007040a	0x000a1494	_gIconHeight
0x00070413	0x000a148c	_gIconDataBase
0x000704a5	0x000a148c	_gIconDataBase
0x000704c2	0x000a1484	_gIconXAdjust
0x000704cc	0x000a1488	_gIconYAdjust
0x000704d6	0x000a1490	_gIconWidth
0x000704e0	0x000a1494	_gIconHeight
0x000704e9	0x000a148c	_gIconDataBase
0x00070571	0x000a148c	_gIconDataBase
0x0007058e	0x000a1484	_gIconXAdjust
0x00070598	0x000a1488	_gIconYAdjust
0x000705a2	0x000a1490	_gIconWidth
0x000705ac	0x000a1494	_gIconHeight
0x000705b5	0x000a148c	_gIconDataBase
0x00070647	0x000a148c	_gIconDataBase
0x00070664	0x000a1484	_gIconXAdjust
0x0007066e	0x000a1488	_gIconYAdjust
0x00070678	0x000a1490	_gIconWidth
0x00070682	0x000a1494	_gIconHeight
0x0007068b	0x000a148c	_gIconDataBase
0x0007071b	0x000a148c	_gIconDataBase
0x00070738	0x000a1484	_gIconXAdjust
0x00070742	0x000a1488	_gIconYAdjust
0x0007074c	0x000a1490	_gIconWidth
0x00070756	0x000a1494	_gIconHeight
0x0007075f	0x000a148c	_gIconDataBase
0x000707b1	0x000a14b8	_gDimPalette
0x000707f5	0x000a148c	_gIconDataBase
0x00070812	0x000a1484	_gIconXAdjust
0x0007081c	0x000a1488	_gIconYAdjust
0x00070826	0x000a1490	_gIconWidth
0x00070830	0x000a1494	_gIconHeight
0x00070839	0x000a148c	_gIconDataBase
0x00070887	0x000a14b8	_gDimPalette
0x000708cb	0x000a148c	_gIconDataBase
0x000708e8	0x000a1484	_gIconXAdjust
0x000708f2	0x000a1488	_gIconYAdjust
0x000708fc	0x000a1490	_gIconWidth
0x00070906	0x000a1494	_gIconHeight
0x0007090f	0x000a148c	_gIconDataBase
0x0007091e	0x000a14a0	_gClipLeftSkip
0x0007092f	0x000a14a0	_gClipLeftSkip
0x0007096d	0x000a149c	_gClipRowsLeft
0x00070975	0x000a149c	_gClipRowsLeft
0x00070993	0x000a14a4	_gClipVisibleWidth
0x0007099b	0x000a14a4	_gClipVisibleWidth
0x000709bb	0x000a14a0	_gClipLeftSkip
0x000709c0	0x000a14a8	_gClipRowSkip
0x000709d7	0x000a14a0	_gClipLeftSkip
0x000709e3	0x000a14a8	_gClipRowSkip
0x000709ed	0x000a14ac	_gClipColumn
0x000709f3	0x000a14a8	_gClipRowSkip
0x000709fb	0x000a14a8	_gClipRowSkip
0x00070a05	0x000a14ac	_gClipColumn
0x00070a0b	0x000a14a8	_gClipRowSkip
0x00070a15	0x000a14a4	_gClipVisibleWidth
0x00070a21	0x000a14a4	_gClipVisibleWidth
0x00070a27	0x000a14ac	_gClipColumn
0x00070a35	0x000a14ac	_gClipColumn
0x00070a52	0x000a14ac	_gClipColumn
0x00070a6f	0x000a14ac	_gClipColumn
0x00070a78	0x000a14a0	_gClipLeftSkip
0x00070a7d	0x000a14a8	_gClipRowSkip
0x00070a83	0x000a149c	_gClipRowsLeft
0x00070a98	0x000a14a0	_gClipLeftSkip
0x00070aa4	0x000a14a8	_gClipRowSkip
0x00070aac	0x000a14a8	_gClipRowSkip
0x00070ab2	0x000a14ac	_gClipColumn
0x00070abd	0x000a14a8	_gClipRowSkip
0x00070ac7	0x000a14ac	_gClipColumn
0x00070acd	0x000a14a8	_gClipRowSkip
0x00070adc	0x000a14a4	_gClipVisibleWidth
0x00070ae8	0x000a14a4	_gClipVisibleWidth
0x00070aee	0x000a14ac	_gClipColumn
0x00070b06	0x000a14ac	_gClipColumn
0x00070b2b	0x000a148c	_gIconDataBase
0x00070b48	0x000a1484	_gIconXAdjust
0x00070b52	0x000a1488	_gIconYAdjust
0x00070b5c	0x000a1490	_gIconWidth
0x00070b66	0x000a1494	_gIconHeight
0x00070b6f	0x000a148c	_gIconDataBase
0x00070b87	0x000a14a0	_gClipLeftSkip
0x00070b98	0x000a14a0	_gClipLeftSkip
0x00070bd3	0x000a149c	_gClipRowsLeft
0x00070bdb	0x000a149c	_gClipRowsLeft
0x00070bf6	0x000a14a4	_gClipVisibleWidth
0x00070bfe	0x000a14a4	_gClipVisibleWidth
0x00070c1e	0x000a14a0	_gClipLeftSkip
0x00070c23	0x000a14a8	_gClipRowSkip
0x00070c3a	0x000a14a0	_gClipLeftSkip
0x00070c46	0x000a14a8	_gClipRowSkip
0x00070c50	0x000a14ac	_gClipColumn
0x00070c56	0x000a14a8	_gClipRowSkip
0x00070c5e	0x000a14a8	_gClipRowSkip
0x00070c68	0x000a14ac	_gClipColumn
0x00070c6e	0x000a14a8	_gClipRowSkip
0x00070c78	0x000a14a4	_gClipVisibleWidth
0x00070c84	0x000a14a4	_gClipVisibleWidth
0x00070c8a	0x000a14ac	_gClipColumn
0x00070c98	0x000a14ac	_gClipColumn
0x00070cb0	0x000a14ac	_gClipColumn
0x00070cc8	0x000a14ac	_gClipColumn
0x00070cd1	0x000a14a0	_gClipLeftSkip
0x00070cd6	0x000a14a8	_gClipRowSkip
0x00070cdc	0x000a149c	_gClipRowsLeft
0x00070cf1	0x000a14a0	_gClipLeftSkip
0x00070cfd	0x000a14a8	_gClipRowSkip
0x00070d05	0x000a14a8	_gClipRowSkip
0x00070d0b	0x000a14ac	_gClipColumn
0x00070d16	0x000a14a8	_gClipRowSkip
0x00070d20	0x000a14ac	_gClipColumn
0x00070d26	0x000a14a8	_gClipRowSkip
0x00070d35	0x000a14a4	_gClipVisibleWidth
0x00070d41	0x000a14a4	_gClipVisibleWidth
0x00070d47	0x000a14ac	_gClipColumn
0x00070d5f	0x000a14ac	_gClipColumn
0x00070d89	0x000a14b0	_gTileScratch
0x00070dbe	0x000a14b0	_gTileScratch
0x00070dca	0x000a14b0	_gTileScratch
0x00070e08	0x000a14b0	_gTileScratch
0x00070e19	0x000a14b4	_gTileRows
0x00070e4f	0x000a14b4	_gTileRows
0x00070e67	0x000a14b4	_gTileRows
0x00070e94	0x000a14b4	_gTileRows
0x00070ea6	0x000893e9	__ehreg$??0icon@@QAE@F@Z
0x00070edd	0x0008a7b4	??_7icon@@6B@
0x00070f6b	0x0008a7b4	??_7icon@@6B@
0x00070f77	0x00078156	_free
0x00070f82	0x000776cf	??1resource@@UAE@XZ
0x000712c5	0x00092090	?gMonoColorMap@@3PAEA
0x000712db	0x000a74a8	?gpWindowManager@@3PAVheroWindowManager@@A
0x000712e8	0x0006fe62	?ClippedMonoIconToBitmap@@YAXPAVicon@@PAVbitmap@@HHHHHHHHH@Z
0x0007174b	0x00070f5f	??1icon@@UAE@XZ
0x0007175e	0x00077c4d	??3@YAXPAX@Z
0x00071787	0x00075370	??0widget@@QAE@FFFFFF@Z
0x00071790	0x0008a7b8	??_7textWidget@@6B@
0x000717ce	0x00089409	__ehreg$??0textWidget@@QAE@FFFFPAD0FFF@Z
0x00071816	0x0008a7b8	??_7textWidget@@6B@
0x0007199d	0x0008941c	__ehreg$??1textWidget@@UAE@XZ
0x000719a3	-0x400000	__except_list
0x000719ab	-0x400000	__except_list
0x000719b8	0x0008a7b8	??_7textWidget@@6B@
0x000719cc	0x000a74d8	?gpResourceManager@@3PAVresourceManager@@A
0x000719d1	0x0006c705	?Dispose@resourceManager@@QAEXPAVresource@@@Z
0x000719dd	0x00078156	_free
0x000719ef	0x00075478	??1widget@@UAE@XZ
0x000719f9	-0x400000	__except_list
0x00071ce3	0x00078460	_strlen
0x00071cff	0x00078460	_strlen
0x00071d12	0x00078156	_free
0x00071d26	0x0007831b	_malloc
0x00071d3f	0x00077c60	_strcpy
0x00071dab	0x00071997	??1textWidget@@UAE@XZ
0x00071dbe	0x00077c4d	??3@YAXPAX@Z
0x00071dd6	0x00089439	__ehreg$??0font@@QAE@F@Z
0x00071e0d	0x0008a7c4	??_7font@@6B@
0x00071e9d	0x0008944c	__ehreg$??1font@@UAE@XZ
0x00071ea3	-0x400000	__except_list
0x00071eab	-0x400000	__except_list
0x00071eb8	0x0008a7c4	??_7font@@6B@
0x00071ecc	0x000a74d8	?gpResourceManager@@3PAVresourceManager@@A
0x00071ed1	0x0006c705	?Dispose@resourceManager@@QAEXPAVresource@@@Z
0x00071ee0	0x000776cf	??1resource@@UAE@XZ
0x00071eea	-0x400000	__except_list
0x00071fc5	0x00071ef2	?RemapCyrillicCharacter@@YAHH@Z
0x00072178	0x00071ef2	?RemapCyrillicCharacter@@YAHH@Z
0x00072242	0x00071ef2	?RemapCyrillicCharacter@@YAHH@Z
0x00072484	0x00071ef2	?RemapCyrillicCharacter@@YAHH@Z
0x0007254e	0x00071ef2	?RemapCyrillicCharacter@@YAHH@Z
0x000726cf	0x00071ef2	?RemapCyrillicCharacter@@YAHH@Z
0x0007276b	0x00071e97	??1font@@UAE@XZ
0x0007277e	0x00077c4d	??3@YAXPAX@Z
0x00072817	0x000a15b8	_gBitmapSourceSkip
0x00072838	0x000a15bc	_gBitmapRowSkip
0x0007284f	0x000a15b8	_gBitmapSourceSkip
0x00072855	0x000a15bc	_gBitmapRowSkip
0x0007288a	0x000a15b8	_gBitmapSourceSkip
0x000728bc	0x000a15b8	_gBitmapSourceSkip
0x0007291e	0x000a15b8	_gBitmapSourceSkip
0x0007296e	0x000a15bc	_gBitmapRowSkip
0x00072986	0x000a14b8	_gDimPalette
0x0007298c	0x000a15bc	_gBitmapRowSkip
0x000729ba	0x000a15bc	_gBitmapRowSkip
0x000729d1	0x000a15bc	_gBitmapRowSkip
0x00072a2f	0x000a74d8	?gpResourceManager@@3PAVresourceManager@@A
0x00072a37	0x000a74d8	?gpResourceManager@@3PAVresourceManager@@A
0x00072a45	0x000a15cc	?gResourceManagerInitError@@3PADA
0x00072a4a	0x00041824	?ShutDown@@YAXPAD@Z
0x00072a55	0x000a7b90	?gInputManager@@3PAVinputManager@@A
0x00072a5d	0x000a7b90	?gInputManager@@3PAVinputManager@@A
0x00072a6b	0x000a1604	?gInputManagerInitError@@3PADA
0x00072a70	0x00041824	?ShutDown@@YAXPAD@Z
0x00072a78	0x00069bd5	?InitAudio@@YA_NXZ
0x00072a86	0x000a162c	?gSoundManagerInitError@@3PADA
0x00072a8b	0x00041824	?ShutDown@@YAXPAD@Z
0x00072a96	0x000a7164	?gpMouseManager@@3PAVmouseManager@@A
0x00072a9f	0x00072d21	?AddManager@executive@@QAEFPAVbaseManager@@F@Z
0x00072aab	0x000a1644	?gMouseManagerInitError@@3PADA
0x00072ab0	0x00041824	?ShutDown@@YAXPAD@Z
0x00072aba	0x000a74a8	?gpWindowManager@@3PAVheroWindowManager@@A
0x00072ac3	0x00072d21	?AddManager@executive@@QAEFPAVbaseManager@@F@Z
0x00072acf	0x000a165c	?gWindowManagerInitError@@3PADA
0x00072ad4	0x00041824	?ShutDown@@YAXPAD@Z
0x00072aec	0x00042331	?EarlyShutDownSystem@@YAXXZ
0x00072af1	0x00069d07	?ShutdownAudio@@YAXXZ
0x00072b11	0x000a74a8	?gpWindowManager@@3PAVheroWindowManager@@A
0x00072b1c	0x000a7164	?gpMouseManager@@3PAVmouseManager@@A
0x00072b2a	0x00072e6a	?RemoveManager@executive@@QAEXPAVbaseManager@@@Z
0x00072b38	0x000a74a8	?gpWindowManager@@3PAVheroWindowManager@@A
0x00072b47	0x000a74a8	?gpWindowManager@@3PAVheroWindowManager@@A
0x00072b50	0x00072e6a	?RemoveManager@executive@@QAEXPAVbaseManager@@@Z
0x00072b56	0x000a7164	?gpMouseManager@@3PAVmouseManager@@A
0x00072b65	0x000a7164	?gpMouseManager@@3PAVmouseManager@@A
0x00072b6e	0x00072e6a	?RemoveManager@executive@@QAEXPAVbaseManager@@@Z
0x00072b74	0x000a74d8	?gpResourceManager@@3PAVresourceManager@@A
0x00072b7c	0x000a74d8	?gpResourceManager@@3PAVresourceManager@@A
0x00072b85	0x000a7b90	?gInputManager@@3PAVinputManager@@A
0x00072b8d	0x000a7b90	?gInputManager@@3PAVinputManager@@A
0x00072c33	0x000a1680	?gDialogManagerError1@@3PADA
0x00072c5a	0x000a169c	?gDialogManagerError2@@3PADA
0x00072c82	0x000a16b8	?gDialogManagerError3@@3PADA
0x00072ca7	0x000a16d4	?gDialogManagerError4@@3PADA
0x00072f64	0x000a16f0	?gCallManagerError1@@3PADA
0x00072f9a	0x000a170c	?gCallManagerError2@@3PADA
0x00073193	0x0007768c	??0resource@@QAE@FFFPAV0@@Z
0x0007319c	0x0008a7c8	??_7bitmap@@6B@
0x000731df	0x0007768c	??0resource@@QAE@FFFPAV0@@Z
0x000731e8	0x0008a7c8	??_7bitmap@@6B@
0x0007321a	0x0007831b	_malloc
0x00073236	0x00089469	__ehreg$??0bitmap@@QAE@F@Z
0x0007326d	0x0008a7c8	??_7bitmap@@6B@
0x00073342	0x0008a7c8	??_7bitmap@@6B@
0x00073357	0x00078156	_free
0x0007336c	0x000776cf	??1resource@@UAE@XZ
0x0007337c	0x0003c7b0	_PollSound
0x0007338c	0x000a74a8	?gpWindowManager@@3PAVheroWindowManager@@A
0x000733ad	0x00072800	?BlitBitmap@@YAXPAVbitmap@@HHHH0HH@Z
0x000733b5	0x0003c7b0	_PollSound
0x00073416	0x0006f9f5	?GrabScreenBitmap@@YAXPAVbitmap@@HH@Z
0x00073451	0x00072800	?BlitBitmap@@YAXPAVbitmap@@HHHH0HH@Z
0x0007350b	0x0003c7b0	_PollSound
0x00073567	0x00078550	_memcpy
0x00073595	0x00078550	_memcpy
0x0007359d	0x0003c7b0	_PollSound
0x000735eb	0x00073336	??1bitmap@@UAE@XZ
0x000735fe	0x00077c4d	??3@YAXPAX@Z
0x00073788	0x000d4d10	_decodeSkip
0x00073794	0x000d2598	_dataPtr
0x0007379a	0x000d2598	_dataPtr
0x000737a6	0x000d2598	_dataPtr
0x000737ae	0x000d2598	_dataPtr
0x000737bd	0x000d2598	_dataPtr
0x000737cf	0x000d2598	_dataPtr
0x000737d8	0x000d2598	_dataPtr
0x000737e7	0x000d2598	_dataPtr
0x000737f9	0x000d2598	_dataPtr
0x00073802	0x000d2598	_dataPtr
0x00073810	0x000d2598	_dataPtr
0x00073821	0x000d2598	_dataPtr
0x00073829	0x000d2598	_dataPtr
0x0007382f	0x000d6f1a	_getlen
0x00073838	0x000d6f1a	_getlen
0x0007383f	0x000d4d0e	_getbuf
0x00073849	0x000a1940	_initialSon
0x0007384e	0x000d20ac	_son
0x00073853	0x00078550	_memcpy
0x00073860	0x000a2584	_initialFrequency
0x00073865	0x000cfbb8	_freq
0x0007386a	0x00078550	_memcpy
0x00073877	0x000a1e28	_initialParent
0x0007387c	0x000d45ac	_prnt
0x00073881	0x00078550	_memcpy
0x0007388d	0x000d20a8	_decodeLen
0x00073895	0x000d4d08	_outputPos
0x0007389a	0x00077b24	_Decode
0x000738b3	0x000d45a4	_codesize
0x000738bc	0x000d45a4	_codesize
0x000738c1	0x000d6f1a	_getlen
0x000738c9	0x000d6f1a	_getlen
0x000738d0	0x000d4d0e	_getbuf
0x000738d6	0x000d4d0e	_getbuf
0x000738dc	0x000d7f5e	_putlen
0x000738e4	0x000d7f5e	_putlen
0x000738ea	0x000d7f5c	_encbuf
0x000738f6	0x000cfbb8	_freq
0x000738fb	0x000784e0	_memset
0x0007390a	0x000d45ac	_prnt
0x0007390f	0x000784e0	_memset
0x0007391e	0x000d20ac	_son
0x00073923	0x000784e0	_memset
0x0007392f	0x000d2598	_dataPtr
0x00073940	0x000d2598	_dataPtr
0x00073948	0x000d2598	_dataPtr
0x00073951	0x000d2598	_dataPtr
0x00073962	0x000d2598	_dataPtr
0x0007396a	0x000d2598	_dataPtr
0x00073973	0x000d2598	_dataPtr
0x00073984	0x000d2598	_dataPtr
0x0007398c	0x000d2598	_dataPtr
0x00073995	0x000d2598	_dataPtr
0x000739a3	0x000d2598	_dataPtr
0x000739ab	0x000d2598	_dataPtr
0x000739b4	0x000d2598	_dataPtr
0x000739c5	0x000a1940	_initialSon
0x000739ca	0x000d20ac	_son
0x000739cf	0x00078550	_memcpy
0x000739dc	0x000a2584	_initialFrequency
0x000739e1	0x000cfbb8	_freq
0x000739e6	0x00078550	_memcpy
0x000739f3	0x000a1e28	_initialParent
0x000739f8	0x000d45ac	_prnt
0x000739fd	0x00078550	_memcpy
0x00073a05	0x00073c8f	?InitializeTree@@YAXXZ
0x00073a3d	0x000d6f1c	_text_buf
0x00073a95	0x000d6f1c	_text_buf
0x00073ac4	0x00073cf7	?InsertNode@@YAXF@Z
0x00073ad3	0x00073cf7	?InsertNode@@YAXF@Z
0x00073add	0x000d4d14	_match_length
0x00073af4	0x000d4d14	_match_length
0x00073afb	0x000d4d14	_match_length
0x00073b07	0x000d4d14	_match_length
0x00073b15	0x000d6f1c	_text_buf
0x00073b1b	0x00074172	?EncodeCharacter@@YAXG@Z
0x00073b27	0x000d4d14	_match_length
0x00073b33	0x00074172	?EncodeCharacter@@YAXG@Z
0x00073b3c	0x000d4d0c	_match_position
0x00073b42	0x000746ed	?EncodePosition@@YAXG@Z
0x00073b4c	0x000d4d14	_match_length
0x00073b9f	0x00073fa0	?DeleteNode@@YAXF@Z
0x00073baf	0x000d6f1c	_text_buf
0x00073bc5	0x000d7f1c	_text_buf
0x00073bf1	0x00073cf7	?InsertNode@@YAXF@Z
0x00073c1b	0x00073fa0	?DeleteNode@@YAXF@Z
0x00073c62	0x00073cf7	?InsertNode@@YAXF@Z
0x00073c6c	0x0003c7b0	_PollSound
0x00073c82	0x0007474c	?EncodeEnd@@YAXXZ
0x00073c87	0x000d45a4	_codesize
0x00073cbb	0x000d4d18	_rson
0x00073ceb	0x000d00a0	_dad
0x00073d09	0x000d6f1c	_text_buf
0x00073d29	0x000d259c	_lson
0x00073d37	0x000d4d18	_rson
0x00073d40	0x000d4d14	_match_length
0x00073d56	0x000d4d18	_rson
0x00073d6a	0x000d4d18	_rson
0x00073d80	0x000d4d18	_rson
0x00073d90	0x000d00a0	_dad
0x00073da3	0x000d259c	_lson
0x00073db6	0x000d259c	_lson
0x00073dcc	0x000d259c	_lson
0x00073ddc	0x000d00a0	_dad
0x00073e1b	0x000d6f1c	_text_buf
0x00073e45	0x000d4d14	_match_length
0x00073e61	0x000d4d0c	_match_position
0x00073e6c	0x000d4d14	_match_length
0x00073e73	0x000d4d14	_match_length
0x00073e85	0x000d4d14	_match_length
0x00073eaf	0x000d4d0c	_match_position
0x00073ebe	0x000d4d0c	_match_position
0x00073ed3	0x000d00a0	_dad
0x00073edb	0x000d00a0	_dad
0x00073eeb	0x000d259c	_lson
0x00073ef3	0x000d259c	_lson
0x00073f03	0x000d4d18	_rson
0x00073f0b	0x000d4d18	_rson
0x00073f17	0x000d259c	_lson
0x00073f23	0x000d00a0	_dad
0x00073f2f	0x000d4d18	_rson
0x00073f3b	0x000d00a0	_dad
0x00073f47	0x000d00a0	_dad
0x00073f4f	0x000d4d18	_rson
0x00073f63	0x000d00a0	_dad
0x00073f6f	0x000d4d18	_rson
0x00073f7d	0x000d00a0	_dad
0x00073f89	0x000d259c	_lson
0x00073f95	0x000d00a0	_dad
0x00073fac	0x000d00a0	_dad
0x00073fc5	0x000d4d18	_rson
0x00073fd8	0x000d259c	_lson
0x00073fed	0x000d259c	_lson
0x00074001	0x000d4d18	_rson
0x00074016	0x000d259c	_lson
0x00074026	0x000d4d18	_rson
0x0007403e	0x000d4d18	_rson
0x0007404e	0x000d4d18	_rson
0x00074066	0x000d00a0	_dad
0x0007406e	0x000d259c	_lson
0x00074076	0x000d4d18	_rson
0x00074086	0x000d259c	_lson
0x0007408e	0x000d00a0	_dad
0x00074096	0x000d00a0	_dad
0x000740a6	0x000d259c	_lson
0x000740ae	0x000d259c	_lson
0x000740ba	0x000d259c	_lson
0x000740c6	0x000d00a0	_dad
0x000740d6	0x000d4d18	_rson
0x000740de	0x000d4d18	_rson
0x000740ea	0x000d4d18	_rson
0x000740f6	0x000d00a0	_dad
0x00074106	0x000d00a0	_dad
0x0007410e	0x000d00a0	_dad
0x0007411a	0x000d00a0	_dad
0x00074122	0x000d4d18	_rson
0x00074136	0x000d00a0	_dad
0x00074142	0x000d4d18	_rson
0x00074150	0x000d00a0	_dad
0x0007415c	0x000d259c	_lson
0x00074168	0x000d00a0	_dad
0x00074190	0x000d4a92	_prnt
0x000741cf	0x000d45ac	_prnt
0x000741ee	0x000745e1	?PutCode@@YAXFG@Z
0x0007420b	0x00074216	?UpdateEncoderTree@@YAXF@Z
0x00074220	0x000d009c	_freq
0x0007422c	0x000743a9	?ReconstructEncoderTree@@YAXXZ
0x00074238	0x000d4a92	_prnt
0x00074248	0x000cfbb8	_freq
0x00074258	0x000cfbb8	_freq
0x00074264	0x000cfbb8	_freq
0x00074285	0x000cfbb8	_freq
0x000742ab	0x000cfbb8	_freq
0x000742cd	0x000cfbb8	_freq
0x000742d5	0x000cfbb8	_freq
0x000742e5	0x000cfbb8	_freq
0x000742f1	0x000d20ac	_son
0x00074305	0x000d45ac	_prnt
0x00074321	0x000d45ae	_prnt
0x0007432d	0x000d20ac	_son
0x00074341	0x000d20ac	_son
0x00074351	0x000d45ac	_prnt
0x0007436d	0x000d45ae	_prnt
0x0007437d	0x000d20ac	_son
0x00074391	0x000d45ac	_prnt
0x000743dd	0x000d20ac	_son
0x000743f2	0x000cfbb8	_freq
0x00074408	0x000cfbb8	_freq
0x00074418	0x000d20ac	_son
0x00074420	0x000d20ac	_son
0x00074472	0x000cfbb8	_freq
0x00074480	0x000cfbba	_freq
0x0007448e	0x000cfbb8	_freq
0x0007449a	0x000cfbb8	_freq
0x000744ce	0x000cfbb8	_freq
0x00074505	0x000cfbb8	_freq
0x00074511	0x000cfbba	_freq
0x00074517	0x00078950	_memmove
0x0007452a	0x000cfbb8	_freq
0x0007453f	0x000d20ac	_son
0x0007454b	0x000d20ae	_son
0x00074551	0x00078950	_memmove
0x00074564	0x000d20ac	_son
0x00074595	0x000d20ac	_son
0x000745b5	0x000d45ac	_prnt
0x000745c7	0x000d45ae	_prnt
0x000745d7	0x000d45ac	_prnt
0x000745f0	0x000d7f5e	_putlen
0x000745f9	0x000d7f5c	_encbuf
0x00074603	0x000d7f5c	_encbuf
0x00074609	0x000d7f5e	_putlen
0x00074612	0x000d7f5e	_putlen
0x00074619	0x000d7f5e	_putlen
0x0007462b	0x000d7f5c	_encbuf
0x0007463c	0x000d2598	_dataPtr
0x00074644	0x000d2598	_dataPtr
0x0007464d	0x000d2598	_dataPtr
0x00074653	0x000d7f5e	_putlen
0x0007465c	0x000d7f5e	_putlen
0x00074663	0x000d7f5e	_putlen
0x0007466f	0x000d7f5c	_encbuf
0x0007467b	0x000d2598	_dataPtr
0x00074682	0x000d2598	_dataPtr
0x0007468a	0x000d2598	_dataPtr
0x00074690	0x000d45a4	_codesize
0x00074699	0x000d45a4	_codesize
0x0007469f	0x000d7f5e	_putlen
0x000746a8	0x000d7f5e	_putlen
0x000746bc	0x000d7f5e	_putlen
0x000746c6	0x000d7f5c	_encbuf
0x000746ce	0x000d7f5c	_encbuf
0x000746d8	0x000d7f5c	_encbuf
0x000746de	0x000d45a4	_codesize
0x000746e7	0x000d45a4	_codesize
0x0007470d	0x000a2aac	_positionCode
0x00074721	0x000a2a6c	_positionLength
0x00074727	0x000745e1	?PutCode@@YAXFG@Z
0x00074741	0x000745e1	?PutCode@@YAXFG@Z
0x00074752	0x000d7f5e	_putlen
0x0007475f	0x000d7f5c	_encbuf
0x00074770	0x000d2598	_dataPtr
0x00074778	0x000d2598	_dataPtr
0x00074781	0x000d2598	_dataPtr
0x00074787	0x000d45a4	_codesize
0x00074790	0x000d45a4	_codesize
0x000747e3	0x0007768c	??0resource@@QAE@FFFPAV0@@Z
0x000747ec	0x0008a7cc	??_7palette@@6B@
0x000747f6	0x0007831b	_malloc
0x00074810	0x00089489	__ehreg$??0palette@@QAE@F@Z
0x00074845	0x0008a7cc	??_7palette@@6B@
0x000748a9	0x0008a7cc	??_7palette@@6B@
0x000748b5	0x00078156	_free
0x000748c0	0x000776cf	??1resource@@UAE@XZ
0x0007492b	0x0007489d	??1palette@@UAE@XZ
0x0007493e	0x00077c4d	??3@YAXPAX@Z
0x00074994	0x000894a9	__ehreg$??0border@@QAE@FFFFFFFPAD@Z
0x000749dc	0x0008a7d0	??_7border@@6B@
0x00074a32	0x000894bc	__ehreg$??1border@@UAE@XZ
0x00074a4d	0x0008a7d0	??_7border@@6B@
0x00074a6a	0x000a74d8	?gpResourceManager@@3PAVresourceManager@@A
0x00074a6f	0x0006c705	?Dispose@resourceManager@@QAEXPAVresource@@@Z
0x00074a7e	0x00075478	??1widget@@UAE@XZ
0x00074db2	0x00092090	?gMonoColorMap@@3PAEA
0x00074dd2	0x000a74a8	?gpWindowManager@@3PAVheroWindowManager@@A
0x00074ddb	0x000729a6	?FillBitmapArea@@YAXPAVbitmap@@HHHHH@Z
0x00074de5	0x0003c7b0	_PollSound
0x00074df5	0x000a74a8	?gpWindowManager@@3PAVheroWindowManager@@A
0x00074e19	0x00072800	?BlitBitmap@@YAXPAVbitmap@@HHHH0HH@Z
0x00074e21	0x0003c7b0	_PollSound
0x00074e7b	0x00074a2c	??1border@@UAE@XZ
0x00074e8e	0x00077c4d	??3@YAXPAX@Z
0x00074ea6	0x000894d9	__ehreg$??0tileset@@QAE@F@Z
0x00074edd	0x0008a7dc	??_7tileset@@6B@
0x00074fc8	0x0008a7dc	??_7tileset@@6B@
0x00074fd4	0x00078156	_free
0x00074fdf	0x000776cf	??1resource@@UAE@XZ
0x0007502b	0x00074fbc	??1tileset@@UAE@XZ
0x0007503e	0x00077c4d	??3@YAXPAX@Z
0x00075056	0x000894f9	__ehreg$??0sample@@QAE@PAD@Z
0x00075098	0x0008a7e0	??_7sample@@6B@
0x00075288	0x0008950c	__ehreg$??1sample@@UAE@XZ
0x000752a5	0x0008a7e0	??_7sample@@6B@
0x000752b5	0x00068eed	?StopSample@@YAXPAVsample@@@Z
0x000752ca	0x00077c4d	??3@YAXPAX@Z
0x000752dd	0x000784e0	_memset
0x000752ef	0x000776cf	??1resource@@UAE@XZ
0x0007534b	0x00075282	??1sample@@UAE@XZ
0x0007535e	0x00077c4d	??3@YAXPAX@Z
0x0007537c	0x0008a7e4	??_7widget@@6B@
0x00075484	0x0008a7e4	??_7widget@@6B@
0x000757d6	0x000a74a8	?gpWindowManager@@3PAVheroWindowManager@@A
0x000757df	0x0007295a	?DimBitmapArea@@YAXPAVbitmap@@HHHH@Z
0x00075844	0x0008a7f0	??_7textEntryWidget@@6B@
0x0007594b	0x0008953c	__ehreg$??1textEntryWidget@@UAE@XZ
0x00075966	0x0008a7f0	??_7textEntryWidget@@6B@
0x0007597a	0x000a74d8	?gpResourceManager@@3PAVresourceManager@@A
0x0007597f	0x0006c705	?Dispose@resourceManager@@QAEXPAVresource@@@Z
0x0007598e	0x00071997	??1textWidget@@UAE@XZ
0x0007686c	0x00078f60	_strncpy
0x0007688e	0x00078460	_strlen
0x000768c9	0x00077c60	_strcpy
0x00076932	0x00077c60	_strcpy
0x0007694a	0x000725eb	?LineWidth@font@@QAEHPAD@Z
0x0007698a	0x000725eb	?LineWidth@font@@QAEHPAD@Z
0x00076a0a	0x00077c60	_strcpy
0x00076a22	0x000725eb	?LineWidth@font@@QAEHPAD@Z
0x00076abb	0x00075945	??1textEntryWidget@@UAE@XZ
0x00076ace	0x00077c4d	??3@YAXPAX@Z
0x00076af7	0x00075370	??0widget@@QAE@FFFFFF@Z
0x00076b00	0x0008a7fc	??_7dimmerWidget@@6B@
0x00076b53	0x000a74d8	?gpResourceManager@@3PAVresourceManager@@A
0x00076b58	0x0006ccbe	?ReadWord@resourceManager@@QAEFXZ
0x00076b65	0x000a74d8	?gpResourceManager@@3PAVresourceManager@@A
0x00076b6a	0x0006ccbe	?ReadWord@resourceManager@@QAEFXZ
0x00076b77	0x000a74d8	?gpResourceManager@@3PAVresourceManager@@A
0x00076b7c	0x0006ccbe	?ReadWord@resourceManager@@QAEFXZ
0x00076b89	0x000a74d8	?gpResourceManager@@3PAVresourceManager@@A
0x00076b8e	0x0006ccbe	?ReadWord@resourceManager@@QAEFXZ
0x00076b9b	0x000a74d8	?gpResourceManager@@3PAVresourceManager@@A
0x00076ba0	0x0006ccbe	?ReadWord@resourceManager@@QAEFXZ
0x00076bad	0x000a74d8	?gpResourceManager@@3PAVresourceManager@@A
0x00076bb2	0x0006ccbe	?ReadWord@resourceManager@@QAEFXZ
0x00076bd0	0x000754bb	?Main@widget@@UAEFAAUtag_message@@@Z
0x00076be5	0x00075783	?Dim@widget@@QAEXXZ
0x00076c3b	0x00076c60	??1dimmerWidget@@UAE@XZ
0x00076c4e	0x00077c4d	??3@YAXPAX@Z
0x00076c6c	0x0008a7fc	??_7dimmerWidget@@6B@
0x00076c74	0x00075478	??1widget@@UAE@XZ
0x00076ca0	0x0008a808	??_7button@@6B@
0x00076e3f	0x000a74d8	?gpResourceManager@@3PAVresourceManager@@A
0x00076e44	0x0006ccbe	?ReadWord@resourceManager@@QAEFXZ
0x00076e51	0x000a74d8	?gpResourceManager@@3PAVresourceManager@@A
0x00076e56	0x0006ccbe	?ReadWord@resourceManager@@QAEFXZ
0x00076e63	0x000a74d8	?gpResourceManager@@3PAVresourceManager@@A
0x00076e68	0x0006ccbe	?ReadWord@resourceManager@@QAEFXZ
0x00076e75	0x000a74d8	?gpResourceManager@@3PAVresourceManager@@A
0x00076e7a	0x0006ccbe	?ReadWord@resourceManager@@QAEFXZ
0x00076e8b	0x000a74d8	?gpResourceManager@@3PAVresourceManager@@A
0x00076e90	0x0006cd95	?Read13@resourceManager@@QAEXPAD@Z
0x00076e96	0x000a74d8	?gpResourceManager@@3PAVresourceManager@@A
0x00076e9b	0x0006cc33	?SavePosition@resourceManager@@QAEXXZ
0x00076ea5	0x000a74d8	?gpResourceManager@@3PAVresourceManager@@A
0x00076eaa	0x0006c3db	?GetIcon@resourceManager@@QAEPAVicon@@PAD@Z
0x00076eb6	0x000a74d8	?gpResourceManager@@3PAVresourceManager@@A
0x00076ebb	0x0006cc53	?RestorePosition@resourceManager@@QAEXXZ
0x00076ec1	0x000a74d8	?gpResourceManager@@3PAVresourceManager@@A
0x00076ec6	0x0006ccbe	?ReadWord@resourceManager@@QAEFXZ
0x00076ed3	0x000a74d8	?gpResourceManager@@3PAVresourceManager@@A
0x00076ed8	0x0006ccbe	?ReadWord@resourceManager@@QAEFXZ
0x00076ee5	0x000a74d8	?gpResourceManager@@3PAVresourceManager@@A
0x00076eea	0x0006ccbe	?ReadWord@resourceManager@@QAEFXZ
0x00076ef7	0x000a74d8	?gpResourceManager@@3PAVresourceManager@@A
0x00076efc	0x0006ccbe	?ReadWord@resourceManager@@QAEFXZ
0x00076f09	0x000a74d8	?gpResourceManager@@3PAVresourceManager@@A
0x00076f0e	0x0006ccbe	?ReadWord@resourceManager@@QAEFXZ
0x00076f1b	0x000a74d8	?gpResourceManager@@3PAVresourceManager@@A
0x00076f20	0x0006ccbe	?ReadWord@resourceManager@@QAEFXZ
0x00076f35	0x0008957f	__ehreg$??1button@@UAE@XZ
0x00076f50	0x0008a808	??_7button@@6B@
0x00076f64	0x000a74d8	?gpResourceManager@@3PAVresourceManager@@A
0x00076f69	0x0006c705	?Dispose@resourceManager@@QAEXPAVresource@@@Z
0x00076f78	0x00075478	??1widget@@UAE@XZ
0x0007746c	0x000a98a8	?glTimers@@3PAHA
0x0007747d	0x000d7f60	?gLeftRightSave@@3HA
0x0007762b	0x00076f2f	??1button@@UAE@XZ
0x0007763e	0x00077c4d	??3@YAXPAX@Z
0x00077698	0x0008a814	??_7resource@@6B@
0x000776db	0x0008a814	??_7resource@@6B@
0x0007776b	0x000d6f1a	_getlen
0x00077776	0x000d4d0e	_getbuf
0x00077781	0x000d4d0e	_getbuf
0x0007778f	0x000d6f1a	_getlen
0x0007779b	0x000d2598	_dataPtr
0x000777a1	0x000d6f1a	_getlen
0x000777a8	0x000d4d0e	_getbuf
0x000777cf	0x000d4d0e	_getbuf
0x000777df	0x000d6f1a	_getlen
0x000777e5	0x000d2598	_dataPtr
0x000777f3	0x000d6f1a	_getlen
0x000777fe	0x000d4d0e	_getbuf
0x0007780a	0x000d4d0e	_getbuf
0x00077810	0x000d6f1a	_getlen
0x00077823	0x000d6f1a	_getlen
0x00077829	0x000d2598	_dataPtr
0x00077830	0x000d4d0e	_getbuf
0x0007785d	0x000d4d0e	_getbuf
0x0007786e	0x000d6f1a	_getlen
0x00077874	0x000d2598	_dataPtr
0x00077885	0x000a1740	_d_code
0x0007788d	0x000a1840	_d_len
0x000778a5	0x00077769	_GetBit
0x000778c4	0x000d009c	_freq
0x000778d0	0x000779d1	_ReconstructDecoderTree
0x000778d1	0x000779d1	_ReconstructDecoderTree
0x000778dc	0x000d4a92	_prnt
0x000778e7	0x000cfbb8	_freq
0x000778f3	0x000cfbb8	_freq
0x00077900	0x000cfbb8	_freq
0x00077920	0x000cfbb8	_freq
0x00077939	0x000cfbb8	_freq
0x00077941	0x000cfbb8	_freq
0x00077949	0x000d20ac	_son
0x00077951	0x000cfbb8	_freq
0x00077962	0x000d45ac	_prnt
0x00077971	0x000d45ae	_prnt
0x0007797c	0x000d20ac	_son
0x00077984	0x000d20ac	_son
0x00077995	0x000d45ac	_prnt
0x000779a4	0x000d45ae	_prnt
0x000779b1	0x000d20ac	_son
0x000779bc	0x000d45ac	_prnt
0x000779f0	0x000d20aa	_son
0x00077a01	0x000cfbb8	_freq
0x00077a18	0x000cfbb8	_freq
0x00077a1f	0x000d20ac	_son
0x00077a28	0x000d20ac	_son
0x00077a4c	0x000cfbb8	_freq
0x00077a59	0x000cfbb8	_freq
0x00077a62	0x0007771c	_LzhufMemmove
0x00077a68	0x000d20ac	_son
0x00077a6d	0x000d20ac	_son
0x00077a76	0x000cfbb8	_freq
0x00077a81	0x0007771c	_LzhufMemmove
0x00077a8d	0x000d20ac	_son
0x00077ab0	0x000cfbb8	_freq
0x00077ab8	0x000cfbba	_freq
0x00077ac2	0x000cfbb8	_freq
0x00077ad2	0x000cfbb8	_freq
0x00077ae4	0x000d45ae	_prnt
0x00077aeb	0x000d45ac	_prnt
0x00077afe	0x000d20ac	_son
0x00077b14	0x000d45ac	_prnt
0x00077b31	0x000d4d08	_outputPos
0x00077b38	0x000d20a8	_decodeLen
0x00077b44	0x000d4d10	_decodeSkip
0x00077b55	0x000d2590	_son
0x00077b63	0x00077769	_GetBit
0x00077b74	0x000d20ac	_son
0x00077b8a	0x000778b8	_UpdateDecoderTree
0x00077b99	0x000d4d10	_decodeSkip
0x00077bb2	0x000d6f1c	_text_buf
0x00077bbd	0x000777ee	_DecodePosition
0x00077bf4	0x000d6f1c	_text_buf
0x00077c1a	0x000d6f1c	_text_buf
0x00077c22	0x000d4d10	_decodeSkip
0x00088775	0x00077c4d	??3@YAXPAX@Z
0x00088780	0x00077c4d	??3@YAXPAX@Z
0x0008878b	0x00077c4d	??3@YAXPAX@Z
0x00088796	0x00077c4d	??3@YAXPAX@Z
0x000887a1	0x00077c4d	??3@YAXPAX@Z
0x000887ac	0x00077c4d	??3@YAXPAX@Z
0x000887b7	0x00077c4d	??3@YAXPAX@Z
0x000887c2	0x00077c4d	??3@YAXPAX@Z
0x000887da	0x00077c4d	??3@YAXPAX@Z
0x000887ef	0x00077c4d	??3@YAXPAX@Z
0x000887fa	0x00077c4d	??3@YAXPAX@Z
0x00088805	0x00077c4d	??3@YAXPAX@Z
0x00088810	0x00077c4d	??3@YAXPAX@Z
0x0008881b	0x00077c4d	??3@YAXPAX@Z
0x00088830	0x00077c4d	??3@YAXPAX@Z
0x0008883b	0x00077c4d	??3@YAXPAX@Z
0x00088846	0x00077c4d	??3@YAXPAX@Z
0x00088851	0x00077c4d	??3@YAXPAX@Z
0x00088866	0x00077c4d	??3@YAXPAX@Z
0x00088871	0x00077c4d	??3@YAXPAX@Z
0x0008887c	0x00077c4d	??3@YAXPAX@Z
0x00088887	0x00077c4d	??3@YAXPAX@Z
0x0008889c	0x00077c4d	??3@YAXPAX@Z
0x000888a7	0x00077c4d	??3@YAXPAX@Z
0x000888b2	0x00077c4d	??3@YAXPAX@Z
0x000888c7	0x00077c4d	??3@YAXPAX@Z
0x000888d2	0x00077c4d	??3@YAXPAX@Z
0x000888dd	0x00077c4d	??3@YAXPAX@Z
0x000888e8	0x00077c4d	??3@YAXPAX@Z
0x000888f3	0x00077c4d	??3@YAXPAX@Z
0x0008890b	0x00077c4d	??3@YAXPAX@Z
0x00088919	0x00077c4d	??3@YAXPAX@Z
0x00088927	0x00077c4d	??3@YAXPAX@Z
0x00088935	0x00077c4d	??3@YAXPAX@Z
0x00088943	0x00077c4d	??3@YAXPAX@Z
0x00088951	0x00077c4d	??3@YAXPAX@Z
0x0008895f	0x00077c4d	??3@YAXPAX@Z
0x0008896d	0x00077c4d	??3@YAXPAX@Z
0x00088985	0x00077c4d	??3@YAXPAX@Z
0x00088993	0x00077c4d	??3@YAXPAX@Z
0x000889a1	0x00077c4d	??3@YAXPAX@Z
0x000889af	0x00077c4d	??3@YAXPAX@Z
0x000889bd	0x00077c4d	??3@YAXPAX@Z
0x000889cb	0x00077c4d	??3@YAXPAX@Z
0x000889e0	0x00077c4d	??3@YAXPAX@Z
0x000889f8	0x00077c4d	??3@YAXPAX@Z
0x00088a0d	0x00077c4d	??3@YAXPAX@Z
0x00088a22	0x00077c4d	??3@YAXPAX@Z
0x00088a37	0x00077c4d	??3@YAXPAX@Z
0x00088a4c	0x00077c4d	??3@YAXPAX@Z
0x00088a68	0x00077c4d	??3@YAXPAX@Z
0x00088a85	0x00077c4d	??3@YAXPAX@Z
0x00088a90	0x00077c4d	??3@YAXPAX@Z
0x00088aa8	0x00077c4d	??3@YAXPAX@Z
0x00088ac5	0x00077c4d	??3@YAXPAX@Z
0x00088ad0	0x00077c4d	??3@YAXPAX@Z
0x00088adb	0x00077c4d	??3@YAXPAX@Z
0x00088af3	0x00077c4d	??3@YAXPAX@Z
0x00088b01	0x00077c4d	??3@YAXPAX@Z
0x00088b0f	0x00077c4d	??3@YAXPAX@Z
0x00088b1d	0x00077c4d	??3@YAXPAX@Z
0x00088b2b	0x00077c4d	??3@YAXPAX@Z
0x00088b43	0x00077c4d	??3@YAXPAX@Z
0x00088b58	0x00077c4d	??3@YAXPAX@Z
0x00088b6d	0x00077c4d	??3@YAXPAX@Z
0x00088b9d	0x00077c4d	??3@YAXPAX@Z
0x00088bb2	0x00077c4d	??3@YAXPAX@Z
0x00088bd5	0x00077c4d	??3@YAXPAX@Z
0x00088bea	0x00077c4d	??3@YAXPAX@Z
0x00088bff	0x00077c4d	??3@YAXPAX@Z
0x00088c0a	0x00077c4d	??3@YAXPAX@Z
0x00088c22	0x00077c4d	??3@YAXPAX@Z
0x00088c30	0x00077c4d	??3@YAXPAX@Z
0x00088c48	0x00077c4d	??3@YAXPAX@Z
0x00088c60	0x00077c4d	??3@YAXPAX@Z
0x00088c6e	0x00077c4d	??3@YAXPAX@Z
0x00088c83	0x00077c4d	??3@YAXPAX@Z
0x00088ca5	0x00077c4d	??3@YAXPAX@Z
0x00088cba	0x00077c4d	??3@YAXPAX@Z
0x00088cd5	0x00077c4d	??3@YAXPAX@Z
0x00088cf5	0x00077c4d	??3@YAXPAX@Z
0x00088d00	0x00077c4d	??3@YAXPAX@Z
0x00088d0b	0x00077c4d	??3@YAXPAX@Z
0x00088d16	0x00077c4d	??3@YAXPAX@Z
0x00088d21	0x00077c4d	??3@YAXPAX@Z
0x00088d2c	0x00077c4d	??3@YAXPAX@Z
0x00088d37	0x00077c4d	??3@YAXPAX@Z
0x00088d42	0x00077c4d	??3@YAXPAX@Z
0x00088d4d	0x00077c4d	??3@YAXPAX@Z
0x00088d58	0x00077c4d	??3@YAXPAX@Z
0x00088d63	0x00077c4d	??3@YAXPAX@Z
0x00088d6e	0x00077c4d	??3@YAXPAX@Z
0x00088d79	0x00077c4d	??3@YAXPAX@Z
0x00088d84	0x00077c4d	??3@YAXPAX@Z
0x00088d99	0x00077c4d	??3@YAXPAX@Z
0x00088db1	0x00077c4d	??3@YAXPAX@Z
0x00088dbf	0x00077c4d	??3@YAXPAX@Z
0x00088dcd	0x00077c4d	??3@YAXPAX@Z
0x00088ddb	0x00077c4d	??3@YAXPAX@Z
0x00088de9	0x00077c4d	??3@YAXPAX@Z
0x00088df7	0x00077c4d	??3@YAXPAX@Z
0x00088e05	0x00077c4d	??3@YAXPAX@Z
0x00088e1d	0x00077c4d	??3@YAXPAX@Z
0x00088e32	0x00077c4d	??3@YAXPAX@Z
0x00088e3d	0x00077c4d	??3@YAXPAX@Z
0x00088e55	0x00077c4d	??3@YAXPAX@Z
0x00088e75	0x00077c4d	??3@YAXPAX@Z
0x00088e95	0x00077c4d	??3@YAXPAX@Z
0x00088ec5	0x00077c4d	??3@YAXPAX@Z
0x00088ed0	0x00077c4d	??3@YAXPAX@Z
0x00088ee5	0x00077c4d	??3@YAXPAX@Z
0x00088efa	0x00077c4d	??3@YAXPAX@Z
0x00088f0f	0x00077c4d	??3@YAXPAX@Z
0x00088f24	0x00077c4d	??3@YAXPAX@Z
0x00088f39	0x00077c4d	??3@YAXPAX@Z
0x00088f4e	0x00077c4d	??3@YAXPAX@Z
0x00088f59	0x00077c4d	??3@YAXPAX@Z
0x00088f64	0x00077c4d	??3@YAXPAX@Z
0x00088f6f	0x00077c4d	??3@YAXPAX@Z
0x00088f84	0x00077c4d	??3@YAXPAX@Z
0x00088f99	0x00077c4d	??3@YAXPAX@Z
0x00088fe5	0x00077c4d	??3@YAXPAX@Z
0x00088ff0	0x00077c4d	??3@YAXPAX@Z
0x00088ffb	0x00077c4d	??3@YAXPAX@Z
0x00089010	0x00077c4d	??3@YAXPAX@Z
0x00089025	0x00077c4d	??3@YAXPAX@Z
0x0008903a	0x00077c4d	??3@YAXPAX@Z
0x00089055	0x00077c4d	??3@YAXPAX@Z
0x0008906a	0x00077c4d	??3@YAXPAX@Z
0x00089075	0x00077c4d	??3@YAXPAX@Z
0x00089080	0x00077c4d	??3@YAXPAX@Z
0x0008908b	0x00077c4d	??3@YAXPAX@Z
0x00089096	0x00077c4d	??3@YAXPAX@Z
0x000890a1	0x00077c4d	??3@YAXPAX@Z
0x000890b6	0x00077c4d	??3@YAXPAX@Z
0x000890c1	0x00077c4d	??3@YAXPAX@Z
0x000890cc	0x00077c4d	??3@YAXPAX@Z
0x000890d7	0x00077c4d	??3@YAXPAX@Z
0x000890e2	0x00077c4d	??3@YAXPAX@Z
0x000890ed	0x00077c4d	??3@YAXPAX@Z
0x000890f8	0x00077c4d	??3@YAXPAX@Z
0x00089103	0x00077c4d	??3@YAXPAX@Z
0x00089118	0x00077c4d	??3@YAXPAX@Z
0x00089130	0x00077c4d	??3@YAXPAX@Z
0x0008913e	0x00077c4d	??3@YAXPAX@Z
0x0008914c	0x00077c4d	??3@YAXPAX@Z
0x0008915a	0x00077c4d	??3@YAXPAX@Z
0x0008916f	0x00077c4d	??3@YAXPAX@Z
0x00089184	0x00077c4d	??3@YAXPAX@Z
0x0008918f	0x00077c4d	??3@YAXPAX@Z
0x0008919a	0x00077c4d	??3@YAXPAX@Z
0x000891af	0x00077c4d	??3@YAXPAX@Z
0x000891c5	0x00077c4d	??3@YAXPAX@Z
0x00089235	0x00077c4d	??3@YAXPAX@Z
0x0008924a	0x00077c4d	??3@YAXPAX@Z
0x0008925f	0x00077c4d	??3@YAXPAX@Z
0x00089275	0x00077c4d	??3@YAXPAX@Z
0x00089295	0x00077c4d	??3@YAXPAX@Z
0x000892aa	0x00077c4d	??3@YAXPAX@Z
0x000892bf	0x00077c4d	??3@YAXPAX@Z
0x000892d4	0x00077c4d	??3@YAXPAX@Z
0x000892e9	0x00077c4d	??3@YAXPAX@Z
0x000892fe	0x00077c4d	??3@YAXPAX@Z
0x00089315	0x00077c4d	??3@YAXPAX@Z
0x00089320	0x00077c4d	??3@YAXPAX@Z
0x0008932b	0x00077c4d	??3@YAXPAX@Z
0x00089336	0x00077c4d	??3@YAXPAX@Z
0x00089341	0x00077c4d	??3@YAXPAX@Z
0x0008934c	0x00077c4d	??3@YAXPAX@Z
0x00089357	0x00077c4d	??3@YAXPAX@Z
0x00089362	0x00077c4d	??3@YAXPAX@Z
0x0008936d	0x00077c4d	??3@YAXPAX@Z
0x00089382	0x00077c4d	??3@YAXPAX@Z
0x000893b7	0x00075478	??1widget@@UAE@XZ
0x000893e4	0x000776cf	??1resource@@UAE@XZ
0x00089404	0x00075478	??1widget@@UAE@XZ
0x00089417	0x00075478	??1widget@@UAE@XZ
0x00089434	0x000776cf	??1resource@@UAE@XZ
0x00089447	0x000776cf	??1resource@@UAE@XZ
0x00089464	0x000776cf	??1resource@@UAE@XZ
0x00089484	0x000776cf	??1resource@@UAE@XZ
0x000894a4	0x00075478	??1widget@@UAE@XZ
0x000894d4	0x000776cf	??1resource@@UAE@XZ
0x000894f4	0x000776cf	??1resource@@UAE@XZ
