# Windows 95 1.0 -> 1.1; same-order FIDs, code references and vtable slots.
# Data interiors use equal displacements at bracketing mapped references.
old_rva	new_rva	evidence
0x00001000	0x00001000	unique-fid;branch:4f8f9
0x000010a0	0x000010a0	order-fid;branch:4fec0
0x000010bf	0x000010bf	unique-fid;rdata:8c000
0x00001228	0x00001228	unique-fid;rdata:8c004
0x00001285	0x00001285	unique-fid;rdata:8c008
0x000014ee	0x000014ee	branch:117f;branch:1422;unique-fid
0x00001b60	0x00001b60	unique-fid;branch:1db0;branch:2832
0x00001cc4	0x00001cc4	unique-fid;rdata:8c010
0x00001f46	0x00001f46	unique-fid;rdata:8c014
0x00002017	0x00002017	branch:1dbb;unique-fid
0x0000213e	0x0000213e	rdata:8c018
0x00002523	0x00002523	unique-fid;branch:606f0
0x000025f9	0x000025f9	unique-fid
0x000026ed	0x000026ed	unique-fid
0x000028b0	0x000028b0	unique-fid
0x00002af0	0x00002af0	unique-fid;branch:2697f;branch:35a0d
0x00002be0	0x00002be0	branch:1a950;branch:1c976;branch:1f47c;branch:35f0e
0x00003640	0x00003640	unique-fid;branch:546e
0x00003699	0x00003699	unique-fid;branch:5745
0x000036df	0x000036df	unique-fid;branch:39a4;branch:4b0d
0x0000377a	0x0000377a	unique-fid;branch:39a9;branch:4be9
0x00003865	0x00003865	unique-fid;branch:557d;branch:588f
0x000039d6	0x000039d6	unique-fid;branch:55c1
0x00003f68	0x00003f68	unique-fid;branch:55f0
0x000040a8	0x000040a8	unique-fid;branch:549c
0x0000415b	0x0000415b	branch:36f4;branch:39ba;unique-fid
0x00004285	0x00004285	branch:3687;branch:374e;branch:37d3;branch:3814
0x00004673	0x00004673	unique-fid;branch:5627
0x0000478f	0x0000478f	unique-fid;branch:5656;branch:5856
0x0000490e	0x0000490e	unique-fid;branch:56d5;branch:5711
0x00004bf8	0x00004bf8	unique-fid;branch:5736
0x00004c81	0x00004c81	unique-fid;branch:5573;branch:5865
0x00004dd2	0x00004dd2	unique-fid;branch:5616
0x00004faf	0x00004faf	unique-fid;branch:55e6
0x00005184	0x00005184	unique-fid;branch:55a7
0x00005344	0x00005344	unique-fid;branch:564c;branch:5880
0x000053bc	0x000053bc	unique-fid;branch:5532
0x00005428	0x00005428	unique-fid;branch:565b
0x00005451	0x00005451	unique-fid
0x0000547d	0x0000547d	branch:36d0;branch:4099;unique-fid
0x000054ab	0x000054ab	unique-fid;branch:5006a
0x0000552c	0x0000552c	unique-fid;branch:5badb
0x0000558c	0x0000558c	unique-fid;branch:5bfb1
0x000055d3	0x000055d3	branch:39c7;branch:4d28;unique-fid
0x000055ff	0x000055ff	unique-fid;branch:5930;branch:7365a;branch:736e9
0x00005639	0x00005639	unique-fid;branch:5c1f2
0x0000566a	0x0000566a	unique-fid;branch:54fe2;branch:5c4d9;branch:7bd6e
0x00005723	0x00005723	unique-fid;branch:5bfa1
0x00005754	0x00005754	branch:56c1;branch:5700;unique-fid
0x00005950	0x00005950	unique-fid;branch:6e02
0x00005ab9	0x00005ab9	unique-fid;branch:6470;branch:6758;branch:68b7
0x00005c09	0x00005c09	unique-fid;branch:2b5a3
0x000061ed	0x000061ed	branch:5971;branch:5ae7;unique-fid;branch:2b118
0x00006275	0x00006275	unique-fid;branch:67b2
0x000064d6	0x000064d6	unique-fid;branch:66be
0x0000660c	0x0000660c	unique-fid;branch:26a71;branch:27ba9
0x0000742a	0x0000742a	branch:7399;unique-fid;branch:6159d
0x000075ab	0x000075ab	unique-fid;branch:1a76a
0x000077b5	0x000077b5	branch:6cc9;unique-fid
0x00007a58	0x00007a58	branch:6e3f;branch:6efd;unique-fid
0x00007d90	0x00007d90	unique-fid;branch:8396
0x00007f81	0x00007f81	unique-fid;branch:8a7f
0x00007fe1	0x00007fe1	unique-fid;branch:b3a9
0x000080f8	0x000080f8	unique-fid;branch:4fa98
0x0000816c	0x0000816c	unique-fid;rdata:8c068
0x00008958	0x00008958	unique-fid;rdata:8c06c
0x00008b1c	0x00008b1c	unique-fid;branch:8fa1;branch:90bf;branch:b1d7
0x00008ed2	0x00008ed2	unique-fid
0x00009256	0x00009256	fixup-site
0x0000933a	0x0000933a	unique-fid
0x000093ae	0x000093ae	rdata:8c070
0x0000a6cd	0x0000a6cd	unique-fid
0x0000ad2c	0x0000ad2c	branch:ac86;branch:acaf;unique-fid;branch:5148f
0x0000add1	0x0000add1	branch:accd;unique-fid
0x0000b14f	0x0000b14f	unique-fid
0x0000b21d	0x0000b21d	branch:1fef;branch:a88f;branch:a99d;branch:ac45
0x0000b2c8	0x0000b2c8	unique-fid
0x0000b35d	0x0000b35d	branch:882f;branch:ad3f;unique-fid;branch:c496
0x0000b455	0x0000b455	unique-fid;branch:ee1d
0x0000c478	0x0000c478	unique-fid
0x0000c52f	0x0000c52f	fixup-site
0x0000c818	0x0000c818	unique-fid;branch:e4d6
0x0000cccd	0x0000cccd	unique-fid
0x0000cf1a	0x0000cf1a	unique-fid
0x0000d24b	0x0000d24b	aligned-0:9a5f;aligned-1:9a5f;aligned-2:9a5f
0x0000d3d1	0x0000d3d1	unique-fid
0x0000d6bd	0x0000d6bd	branch:d4cb
0x0000db41	0x0000db41	branch:d4db;unique-fid
0x0000dc2b	0x0000dc2b	branch:bd4e;branch:c98f;branch:cdc6;unique-fid
0x0000dc5a	0x0000dc5a	unique-fid;branch:ee3f;branch:eea4
0x0000e5db	0x0000e5db	unique-fid;reloc:e7e5
0x0000e730	0x0000e730	unique-fid
0x0000e866	0x0000e866	unique-fid
0x0000ef8c	0x0000ef8c	reloc:af94;unique-fid;reloc:707ff
0x0000f2c0	0x0000f2c0	rdata:8c4a0
0x0000f5d1	0x0000f5d1	unique-fid;branch:f976;branch:f991;branch:103df
0x0000f6a7	0x0000f6a7	unique-fid
0x0000fe90	0x0000fe90	unique-fid
0x000104b0	0x000104b0	unique-fid
0x000104e4	0x000104e4	branch:136c5
0x00010a9f	0x00010aa0	unique-fid;branch:13b93
0x00010bd8	0x00010bd9	unique-fid;branch:138b3;branch:13973;branch:13a0c
0x00010d35	0x00010d36	unique-fid
0x0001104b	0x0001104c	unique-fid
0x00011227	0x00011228	unique-fid;branch:38849
0x0001155a	0x0001155b	unique-fid;reloc:128e3
0x000116fd	0x000116fe	branch:115c7;unique-fid
0x0001180d	0x0001180e	branch:115f1;unique-fid
0x00011b07	0x00011b08	unique-fid;branch:128db;branch:12d6f
0x000122d7	0x000122d8	branch:10d0f;unique-fid
0x00012a78	0x00012a79	branch:12377;branch:129ea;unique-fid
0x00012fc1	0x00012fc2	branch:11471;unique-fid
0x00013287	0x00013288	unique-fid;branch:134db;branch:13ba5;branch:16b97
0x00013349	0x0001334a	unique-fid
0x00013428	0x00013429	unique-fid
0x000134a1	0x000134a2	unique-fid;branch:4d96d;branch:4d9b7
0x0001360b	0x0001360c	branch:110b6;branch:110e3;branch:111c0;branch:11360
0x000136e6	0x000136e7	unique-fid
0x00013c40	0x00013c40	unique-fid;branch:13cf1
0x00013ce8	0x00013ce8	unique-fid;branch:58e5e;branch:58ff2
0x00013e9a	0x00013e9a	unique-fid;branch:5893c
0x0001408a	0x0001408a	unique-fid;branch:58da0;branch:59214
0x0001411a	0x0001411a	unique-fid;branch:14461;branch:58cb4;branch:5930d
0x0001421e	0x0001421e	unique-fid;branch:58f1b;branch:59090;branch:59157
0x00014714	0x00014714	unique-fid;branch:58ea7;branch:58f4f;branch:5903b
0x00014732	0x00014732	unique-fid;branch:5a5c8
0x000149a1	0x000149a1	branch:14148;unique-fid
0x00014a5c	0x00014a5c	reloc:142ea;unique-fid
0x00014c28	0x00014c28	branch:143dd;unique-fid
0x00014ce0	0x00014ce0	reloc:14cb0;unique-fid
0x00014e26	0x00014e26	branch:14430;branch:14db8;unique-fid
0x00014eec	0x00014eec	branch:14473;branch:144c6;unique-fid
0x00014fb2	0x00014fb2	reloc:14eb0;reloc:14f76;unique-fid
0x000150e6	0x000150e6	branch:1457f;branch:1506c;unique-fid;branch:153c3
0x00015234	0x00015234	branch:13ec0;branch:14626;unique-fid
0x000152f3	0x000152f3	branch:147ce;unique-fid
0x00015469	0x00015469	branch:14278;branch:14418;branch:144ae;unique-fid
0x000154f0	0x000154f0	branch:11413;unique-fid
0x00015637	0x00015637	reloc:154ff;unique-fid
0x00015797	0x00015797	reloc:155a4;unique-fid;branch:15931
0x00015a2c	0x00015a2c	branch:157f6;unique-fid
0x00015d1c	0x00015d1c	branch:158a3;unique-fid
0x00015e44	0x00015e44	branch:138fd;unique-fid
0x00016bad	0x00016bad	branch:16ac5;unique-fid
0x00016c78	0x00016c78	branch:16695;branch:16a47;unique-fid
0x0001707f	0x0001707f	branch:17041;branch:1704f;branch:17064;unique-fid
0x000171ad	0x000171ad	branch:16a89;unique-fid
0x000175df	0x000175df	branch:16a9a;unique-fid
0x00017a18	0x00017a18	branch:16aa7;unique-fid
0x00017d0b	0x00017d0b	branch:16ab4;unique-fid
0x000180f0	0x000180f0	unique-fid;branch:182aa;branch:6a129;branch:6a2ad
0x00018242	0x00018242	branch:fa43;branch:10f34;branch:10fc1;unique-fid
0x000182e0	0x000182e0	unique-fid;branch:24b0a
0x0001835b	0x0001835b	branch:10f10;unique-fid;branch:24ade;branch:4a964
0x0001841a	0x0001841a	unique-fid;branch:6b691
0x00018447	0x00018447	branch:1831f;branch:18436;unique-fid
0x00018643	0x00018643	branch:183e3;unique-fid;branch:4a9b2;branch:6b5ad
0x000188d8	0x000188d8	branch:1630a;branch:1639c;branch:17329;branch:1767e
0x000189f6	0x000189f6	unique-fid;branch:37f3b
0x00018aee	0x00018aee	unique-fid
0x00018fb0	0x00018fb0	branch:10147;unique-fid;branch:24c0d;branch:4aaed
0x00019008	0x00019008	branch:18b45;branch:18be1;branch:18c76;branch:18db5
0x00019990	0x00019990	order-fid
0x000199a5	0x000199a5	unique-fid;branch:5008b
0x00019a1e	0x00019a1e	branch:3d21;branch:4654;unique-fid;branch:1d154
0x00019ac4	0x00019ac4	unique-fid;branch:1a2ff;branch:1a6e2;branch:1c31b
0x00019b4a	0x00019b4a	unique-fid;branch:7d2fb
0x00019bd4	0x00019bd4	branch:3c8c;branch:3cb3;branch:b850;unique-fid
0x00019c7f	0x00019c7f	branch:13767;unique-fid
0x00019d32	0x00019d32	unique-fid;branch:45a81;branch:45ff1;branch:4656f
0x00019d51	0x00019d51	unique-fid
0x00019d9f	0x00019d9f	unique-fid
0x00019f16	0x00019f16	unique-fid;branch:1c368;branch:1c40b;branch:1c51e
0x0001a105	0x0001a105	order-fid;branch:21af0;branch:21d4c;branch:21e4c
0x0001a115	0x0001a115	branch:19d42;branch:19d88;unique-fid
0x0001a1a1	0x0001a1a1	unique-fid;branch:4fb23
0x0001a1ff	0x0001a1ff	unique-fid;branch:1a59e;branch:1a6cc
0x0001a2af	0x0001a2af	unique-fid;branch:1d0eb
0x0001a6f4	0x0001a6f4	unique-fid
0x0001a89d	0x0001a89d	unique-fid
0x0001ad10	0x0001ad10	unique-fid
0x0001afa4	0x0001afa4	unique-fid
0x0001b144	0x0001b144	branch:26f94
0x0001ba34	0x0001ba30	unique-fid
0x0001ba7f	0x0001ba7b	unique-fid
0x0001c11f	0x0001c11b	branch:1a5bc;unique-fid
0x0001c71f	0x0001c71b	unique-fid
0x0001c83b	0x0001c837	unique-fid
0x0001d16d	0x0001d169	unique-fid;branch:20909;branch:21885
0x0001d7ba	0x0001d7b6	unique-fid
0x0001d7d8	0x0001d7d4	branch:1de0e
0x0001da83	0x0001da7f	aligned-site:1da7f
0x0001dbfc	0x0001dbf8	aligned-site:1dbf8
0x0001dd73	0x0001dd6f	branch:1c388;unique-fid
0x0001def8	0x0001def4	unique-fid;branch:1e307
0x0001e1ed	0x0001e1e9	branch:1c42b;unique-fid
0x0001e3fe	0x0001e3fa	branch:1e2de;unique-fid
0x0001e446	0x0001e442	branch:1e435;unique-fid
0x0001e4a5	0x0001e4a1	branch:1e459;unique-fid;branch:206dc
0x0001e540	0x0001e53c	unique-fid;branch:1e772
0x0001e6fc	0x0001e6f8	branch:1c565;unique-fid
0x0001e89c	0x0001e898	branch:1e15b;unique-fid
0x0001e901	0x0001e8fd	branch:1bb20;unique-fid
0x0001e91b	0x0001e917	branch:1ba6b;unique-fid
0x0001eaee	0x0001eaea	branch:1bad7;unique-fid
0x0001ebdb	0x0001ebd7	branch:1df25;branch:1e584;branch:2082c
0x0001ec81	0x0001ec7d	unique-fid;branch:1feee
0x0001ed4b	0x0001ed47	branch:1ce09;unique-fid
0x0001f2a9	0x0001f2a5	branch:19996;unique-fid
0x0001f2c3	0x0001f2bf	branch:1e68d;branch:1edc4;branch:1ede1;branch:1ee55
0x0001fb80	0x0001fb7c	unique-fid
0x0001fc31	0x0001fc2d	branch:1bae3;unique-fid
0x0001fda7	0x0001fda3	branch:1bb03;unique-fid
0x0001fedb	0x0001fed7	branch:1e18c;branch:1e6a3;unique-fid
0x0001ff2c	0x0001ff28	branch:1a8df;branch:1aa04;branch:1abce;branch:1ad4b
0x00020690	0x0002068c	unique-fid;branch:61c8a;branch:62807
0x0002086a	0x00020866	unique-fid;branch:220ec;branch:222e9;branch:22624
0x00020c11	0x00020c0d	branch:1a29b;unique-fid;branch:22765
0x000217bf	0x000217bb	unique-fid;branch:61810
0x00021820	0x0002181c	unique-fid;branch:222b8;branch:6177d
0x000218e7	0x000218e3	unique-fid;branch:62093
0x00021950	0x0002194c	unique-fid;branch:62382
0x0002196d	0x00021969	branch:1a4b6;branch:1a5f5;unique-fid
0x00021a91	0x00021a8d	fixup-site
0x00021b01	0x00021afd	branch:1a60a;unique-fid
0x00021d5d	0x00021d59	branch:1a623;unique-fid
0x00021e5d	0x00021e59	branch:1a5d2;unique-fid
0x00021fe5	0x00021fe1	unique-fid;branch:617a7;branch:62061;branch:62873
0x0002215c	0x00022158	unique-fid;branch:62431
0x000223c6	0x000223c2	branch:20bb8;branch:20bd2;unique-fid
0x00022439	0x00022435	branch:20f06;unique-fid
0x0002249f	0x0002249b	unique-fid
0x0002256a	0x00022566	unique-fid;branch:61e22
0x0002278b	0x00022787	branch:1a844;branch:1ee2c;branch:1eebe;branch:1efcd
0x00023b1f	0x00023b1b	aligned-site:23b1b
0x00023b70	0x00023b6c	aligned-site:23b6d
0x00024810	0x00024810	branch:1f2b4;branch:1f391;unique-fid;branch:4fadf
0x00024820	0x00024820	branch:28c9;unique-fid
0x00024850	0x00024850	unique-fid;branch:65afe
0x000248a0	0x000248a0	unique-fid;branch:53a95;branch:53aad
0x00024900	0x00024900	branch:29d5;branch:6733;branch:6a8e;branch:6ac0
0x00024950	0x00024950	branch:18161;branch:18220;unique-fid;branch:66194
0x00024c50	0x00024c50	branch:24a09;branch:24b40;unique-fid
0x00024d90	0x00024d90	branch:28f5;branch:2a27
0x00025040	0x00025040	branch:29af;unique-fid
0x000252c0	0x000252c0	unique-fid;branch:4fa0a
0x0002558c	0x0002558c	order-fid;branch:4fe42
0x000255ab	0x000255ab	unique-fid;rdata:8c3c8
0x00026451	0x00026451	unique-fid;rdata:8c3cc
0x0002680e	0x0002680e	branch:261fb;unique-fid;branch:32919
0x000268d5	0x000268d5	unique-fid;branch:27a02;branch:27a2d;branch:28b7e
0x00026eee	0x00026eee	unique-fid;rdata:8c3d0
0x00027cfe	0x00027cfe	branch:26c5b;branch:27625;branch:27bf9;unique-fid
0x00027d20	0x00027d20	branch:27140
0x00028b59	0x00028b59	branch:27128;unique-fid
0x00028d43	0x00028d43	branch:277ca;unique-fid;branch:3355e
0x000291de	0x000291de	branch:270fc;branch:35fd1
0x00029de0	0x00029e40	branch:63f6;branch:64c5;branch:68e3;branch:6a65
0x0002a045	0x0002a0a5	branch:68d7;branch:6978;branch:6a59;branch:6b81
0x0002a39e	0x0002a3fe	branch:274e6;branch:2763b;branch:28dd5;branch:28f15
0x0002a3d8	0x0002a438	unique-fid;branch:2aac5
0x0002a7e5	0x0002a845	branch:2a11b;branch:2a17a;branch:2a1f8;branch:2a245
0x0002b6cd	0x0002b72d	branch:615b;branch:66dd;branch:670e;branch:684c
0x0002b74a	0x0002b7aa	branch:72fb;branch:274dc;branch:27631;unique-fid
0x0002bcc8	0x0002bd28	aligned-0:28185;aligned-0:283c9;aligned-1:28185;aligned-1:283c9
0x0002c25e	0x0002c2be	branch:26a82;branch:27bba;unique-fid;branch:2c671
0x0002c626	0x0002c686	unique-fid;branch:2fed0;branch:302da;branch:30660
0x0002c72e	0x0002c78e	unique-fid;branch:2fedc;branch:302e6;branch:3066c
0x0002c9ad	0x0002ca0d	branch:1a034;branch:26c1c;branch:27c0f;branch:28d2d
0x0002cb4c	0x0002cbac	branch:26460;unique-fid;branch:2d289;branch:2d662
0x0002cc7e	0x0002ccde	branch:2ca9a
0x0002d23d	0x0002d29d	branch:2ca15;unique-fid
0x0002d61d	0x0002d67d	branch:2ca35;unique-fid
0x0002da17	0x0002da77	branch:2ca25;branch:2cac1;unique-fid
0x0002dde5	0x0002de45	branch:2cad1;unique-fid
0x0002e411	0x0002e471	unique-fid
0x0002f157	0x0002f1b7	branch:2ebde;branch:2ee5f;unique-fid;branch:2f87b
0x0002f239	0x0002f299	unique-fid
0x0002fe8a	0x0002feea	branch:262f3;branch:26da7;branch:28c44;unique-fid
0x0002ff72	0x0002ffd2	unique-fid;branch:3043e
0x0002ff91	0x0002fff1	unique-fid;branch:301b9;branch:30454
0x0002ffb8	0x00030018	branch:676c;branch:22772;branch:269a5;branch:28dcb
0x00030011	0x00030071	branch:225ab;branch:26c74;branch:26cc2;branch:2ffa0
0x000301aa	0x0003020a	branch:26e48;branch:279ba;branch:2fe06;unique-fid
0x000303ff	0x0003045f	branch:26e01;branch:279d7;branch:28c2a;branch:2f0b3
0x000307e5	0x00030845	unique-fid
0x00030a75	0x00030ad5	unique-fid
0x00030d05	0x00030d65	branch:277d7;branch:3357e
0x000310df	0x0003113f	unique-fid
0x00031315	0x00031375	unique-fid;branch:333d0
0x00031507	0x00031567	branch:277ea;branch:3138f;unique-fid;branch:33571
0x0003262e	0x0003268e	branch:28f29;branch:2efc3;branch:2fcc5;unique-fid
0x0003266f	0x000326cf	branch:28b9d;unique-fid
0x00032990	0x000329f0	branch:327e0;unique-fid
0x00032bb7	0x00032c17	branch:278ad;branch:32876;unique-fid
0x00032de9	0x00032e49	reloc:327eb
0x00033334	0x00033394	branch:277b9;unique-fid;branch:3354d
0x000333df	0x0003343f	branch:28b90;unique-fid
0x000335f2	0x00033652	reloc:3350f;unique-fid
0x000337c5	0x00033825	unique-fid;reloc:34fa3
0x00033b10	0x00033b70	branch:63df;branch:64ae;branch:1a004;branch:3462f
0x00033d45	0x00033da5	aligned-site:33d41
0x00033d5c	0x00033dbc	aligned-site:33d59
0x00033d72	0x00033dd2	aligned-site:33d6e
0x00033d8a	0x00033dea	aligned-site:33d87
0x00033dc2	0x00033e22	aligned-site:33dbf
0x00033dd7	0x00033e37	aligned-site:33dd4
0x00033eac	0x00033f0c	aligned-site:33ea8
0x00033ec3	0x00033f23	aligned-site:33ec0
0x00033f47	0x00033fa7	aligned-site:33f44
0x000342b2	0x00034312	aligned-site:342ae
0x00034606	0x00034665	branch:6e6f;branch:6fd2;branch:70d8;branch:26f10
0x00034640	0x0003469f	branch:7115;branch:30360;branch:30750;unique-fid
0x0003491d	0x0003497c	unique-fid;branch:34b4d
0x00034986	0x000349e5	branch:3474a;branch:347a3;branch:347c6;branch:347e9
0x00034bd7	0x00034c36	branch:1b0f8;unique-fid;branch:350da;branch:35364
0x00034f17	0x00034f76	branch:31453;unique-fid
0x0003515d	0x000351bc	branch:31460;unique-fid
0x00035403	0x00035462	branch:313cb;unique-fid
0x0003591f	0x0003597e	branch:269ca;branch:26c03;branch:306da;unique-fid
0x00035c3a	0x00035c99	branch:269ff;branch:26bd3;branch:27b7c;branch:28c12
0x00035d40	0x00035d9f	branch:26c67;branch:27c17;branch:291b2;unique-fid
0x00035dd1	0x00035e30	branch:35dc2;unique-fid;branch:3668e;branch:467fd
0x00035e3f	0x00035e9e	branch:306c2;unique-fid
0x00035f91	0x00035ff0	branch:26ecd;branch:27c01;branch:34f06;unique-fid
0x00035fe0	0x0003603f	branch:2766c;branch:27698;branch:276c4;branch:276f0
0x00036196	0x000361f5	branch:26ffd;unique-fid
0x00036377	0x000363d6	unique-fid
0x0003641a	0x00036479	branch:26282;unique-fid;branch:3c0ed;branch:46668
0x0003669d	0x000366fc	branch:36886
0x000367ef	0x00036859	branch:26fb0;unique-fid;branch:62b87
0x00036967	0x000369d1	branch:26fd4;branch:62d1f
0x00036a3b	0x00036aa5	branch:32695;branch:33405;branch:34942;unique-fid
0x00036bfd	0x00036c67	branch:32be6;unique-fid
0x00036ccd	0x00036d37	branch:32db6;unique-fid
0x00036d9d	0x00036e07	branch:2fec4;unique-fid
0x00036ed5	0x00036f3f	branch:7026;branch:2a358;branch:31304;unique-fid
0x00037010	0x00037080	branch:13473;unique-fid
0x000371cd	0x0003723d	branch:37156;unique-fid
0x00037681	0x000376f1	branch:37489;branch:374b9;branch:374d5;branch:37505
0x00037977	0x000379e7	branch:1735f;branch:17798;unique-fid;branch:37ee1
0x000379da	0x00037a4a	branch:3762c;unique-fid;branch:37a7d;branch:37f02
0x00037a1a	0x00037a8a	branch:372f5;branch:37618;unique-fid
0x00037aa1	0x00037b11	branch:3738b;branch:373a0;unique-fid
0x00037d14	0x00037d84	branch:373b5;unique-fid
0x00037e0d	0x00037e7d	branch:373d0;branch:373eb;branch:37406;branch:37421
0x00038310	0x00038380	branch:110ae;branch:110db;branch:11358;branch:11390
0x0003887d	0x000388ed	reloc:387f2;unique-fid
0x00038a9f	0x00038b0f	branch:111b8;branch:113fc;unique-fid
0x00038c00	0x00038c70	unique-fid;branch:3a389
0x00038df8	0x00038e68	unique-fid
0x00038fe0	0x00039050	branch:279ce;branch:28c21;unique-fid;branch:467bc
0x0003910c	0x0003917c	branch:1c73f;branch:28bb5;branch:35df9;unique-fid
0x00039174	0x000391e4	branch:1fe4a;unique-fid;branch:3936a;branch:3972e
0x000391d3	0x00039243	unique-fid
0x000392a4	0x00039314	unique-fid;branch:41841;branch:4186e;branch:4189d
0x0003933d	0x000393ad	branch:2918b;unique-fid;branch:3985f
0x000396c3	0x00039733	unique-fid;branch:61d98
0x00039873	0x000398e3	branch:35d92;branch:39086;branch:390da;branch:3914c
0x00039926	0x00039996	branch:2553b;unique-fid
0x00039944	0x000399b4	branch:1a547;unique-fid
0x00039a1d	0x00039a8d	branch:39960;unique-fid;branch:39b21;branch:39b67
0x00039a7c	0x00039aec	unique-fid;branch:39b4a;branch:39b8e;branch:43a0b
0x00039af0	0x00039b60	branch:e476;branch:21d12;unique-fid;branch:456af
0x00039bfe	0x00039c6e	unique-fid;branch:3dd23;branch:4294c;branch:44fe6
0x00039c8d	0x00039cfd	unique-fid;branch:3ddfe;branch:437d8
0x00039d14	0x00039d84	unique-fid;branch:3a1b8
0x00039e3d	0x00039ead	branch:32d48;unique-fid;branch:45aac;branch:53007
0x0003a5ef	0x0003a65f	branch:3c158;branch:3c1fb;branch:57aa3
0x0003afa1	0x0003b012	unique-fid
0x0003b522	0x0003b593	unique-fid
0x0003b7e5	0x0003b856	unique-fid
0x0003baa8	0x0003bb19	aligned-0:5046f;aligned-0:50687;aligned-1:5046f;aligned-1:50687
0x0003be93	0x0003bf67	branch:278d9;branch:3285c;unique-fid
0x0003c140	0x0003c214	unique-fid
0x0003c1bf	0x0003c293	branch:3c0b7;branch:3c1ae;unique-fid
0x0003c303	0x0003c3d7	fixup-site
0x0003c44b	0x0003c51f	branch:3c3b9
0x0003d454	0x0003d528	unique-fid;branch:3d55e;branch:3d571;branch:3d5f9
0x0003d4c3	0x0003d597	unique-fid
0x0003d6a7	0x0003d77b	unique-fid
0x0003e30a	0x0003e3de	unique-fid
0x0003e744	0x0003e818	branch:20bfd;branch:226cc;branch:226f3;unique-fid
0x0003ea65	0x0003eb39	unique-fid;branch:52d1a;branch:616b6;branch:616ee
0x0003ed2e	0x0003ee02	branch:1551b;branch:333c7;unique-fid;branch:6e3ec
0x0003efc5	0x0003f099	branch:3ede5;unique-fid
0x0003f080	0x0003f154	branch:3ef43;unique-fid
0x0003f260	0x0003f334	reloc:3ef4b
0x0003f758	0x0003f82c	reloc:6e3da
0x0003f8cd	0x0003f9a1	branch:a83e;branch:38be0;unique-fid;branch:6e23d
0x000401ae	0x00040282	reloc:400b6;unique-fid
0x00040366	0x0004043a	branch:aca7;branch:28c3a;unique-fid;branch:6dffd
0x00040f58	0x0004102c	branch:3da39;unique-fid;branch:42909
0x000411e3	0x000412b7	branch:2621c;unique-fid;branch:62fa7
0x00041220	0x000412f4	unique-fid;branch:44b57;branch:62d50
0x00041245	0x00041319	branch:26f9f;branch:28bff
0x00041726	0x00041827	branch:40d27;unique-fid
0x000419a6	0x00041aa7	aligned-0:4136a;aligned-1:4136a;aligned-2:4136a
0x00041e09	0x00041efe	aligned-0:41d43;aligned-1:41d43;aligned-2:41d43
0x00041f00	0x00041ff5	aligned-site:41efc
0x00041ff9	0x000420ee	aligned-site:41ff5
0x00042654	0x00042749	unique-fid
0x0004275d	0x00042852	fixup-site
0x000427b0	0x000428a5	fixup-site
0x00042935	0x00042a2a	unique-fid;branch:43f08;branch:43f1f
0x00042fb4	0x000430a9	branch:3dde9;branch:42fa3;unique-fid
0x00043368	0x0004345d	unique-fid;branch:44068
0x000439c1	0x00043ab6	unique-fid;branch:4403a;branch:60539
0x00043a3a	0x00043b2f	unique-fid
0x00043b3c	0x00043c31	branch:21bd5;branch:43a93;unique-fid;branch:6d31b
0x00043e1c	0x00043f11	unique-fid
0x000440e9	0x000441de	branch:6dcb;branch:274d0;branch:275e0;branch:275f3
0x00044342	0x00044437	branch:27430;branch:27448;branch:3ba94;unique-fid
0x0004443e	0x00044533	branch:1d696;branch:20884;branch:2089a;unique-fid
0x000444ca	0x000445bf	unique-fid;branch:44575
0x0004455c	0x00044651	branch:11a75;branch:160ba;branch:1742f;branch:17868
0x000445ae	0x000446a3	branch:4456d;unique-fid
0x00044637	0x0004472c	unique-fid;branch:4b754;branch:4ca10;branch:6d771
0x0004465b	0x00044750	branch:20395;branch:38534;branch:3feda;unique-fid
0x0004471a	0x0004480f	branch:7482;branch:1ee89;branch:44ac9
0x00044a6a	0x00044b5d	unique-fid
0x00044b48	0x00044c3b	unique-fid
0x00044ba9	0x00044c9c	branch:26345;unique-fid;branch:62f9c
0x00044cbe	0x00044db1	branch:44caf;unique-fid;branch:44e52
0x00044d66	0x00044e59	unique-fid;branch:62dc3
0x00044ebb	0x00044fae	unique-fid
0x00044f6d	0x00045060	unique-fid
0x00045096	0x00045189	unique-fid
0x000452a9	0x0004539c	unique-fid
0x000455f0	0x000456e3	branch:8193;branch:1a2cf;branch:455e1;unique-fid
0x000459a5	0x00045a98	unique-fid
0x0004608e	0x00046181	branch:3684e;unique-fid;branch:54823
0x00046607	0x000466fa	unique-fid
0x00046a32	0x00046b25	unique-fid
0x00046a8a	0x00046b7d	branch:3b46f;unique-fid
0x00046df9	0x00046eec	branch:d43d;branch:2f377;unique-fid
0x00046e91	0x00046f84	branch:3b720
0x000471a0	0x00047294	unique-fid;branch:55147
0x000472d8	0x000473cc	branch:278e9;branch:3286c;unique-fid
0x00047726	0x0004781a	unique-fid
0x00047875	0x00047969	branch:305b8;branch:3568d;branch:45827;unique-fid
0x00047920	0x00047a10	unique-fid;branch:4fb67;branch:63f22;branch:645d8
0x0004795c	0x00047a4c	order-fid
0x00047974	0x00047a64	branch:2033b;branch:38513;branch:3fbd4;unique-fid
0x00047a8f	0x00047b7f	unique-fid;branch:4b680;branch:4b715;branch:6d0a5
0x00047ac0	0x00047bb0	unique-fid;branch:47c7f;branch:47c9b;branch:4b647
0x00047b19	0x00047c09	branch:4798c;unique-fid;branch:53c92
0x00047c6c	0x00047d5c	branch:20730;branch:21508;branch:21f38;unique-fid
0x00047cc0	0x00047db0	branch:8b44;branch:a7b8;unique-fid;branch:61307
0x00047d19	0x00047e09	branch:21726;branch:21e47;unique-fid;branch:4b674
0x00047e4b	0x00047f3b	unique-fid;branch:701a9
0x00047ec8	0x00047fb8	branch:223ed;branch:22423;unique-fid
0x00048020	0x00048110	unique-fid;branch:48181;branch:481c1;branch:483e5
0x0004803c	0x0004812c	branch:32cde;branch:46c3f;unique-fid;branch:57a2c
0x00048879	0x00048969	branch:32d95;branch:46ced;branch:46d71;order-fid
0x00048898	0x00048988	unique-fid;rdata:8c47c
0x000489c4	0x00048ab4	unique-fid;rdata:8c478
0x00048df5	0x00048ee5	branch:48d7a;unique-fid;branch:49390;branch:49684
0x00048e7f	0x00048f6f	unique-fid;rdata:8c480
0x0004990b	0x000499fb	branch:48d82;branch:498f6;unique-fid
0x000499a8	0x00049a98	branch:495cb;unique-fid
0x00049c5a	0x00049d4a	branch:48d34;branch:48fa8;branch:4901c;branch:493d3
0x0004a1b8	0x0004a2a8	branch:488bb;unique-fid
0x0004a235	0x0004a325	branch:488d1;unique-fid
0x0004a374	0x0004a464	branch:46c7b;branch:49999;unique-fid
0x0004a5e0	0x0004a6d0	branch:15bac;unique-fid;branch:4a8b3;branch:4aac1
0x0004a847	0x0004a937	branch:18283;unique-fid;branch:6b637;branch:6b827
0x0004acaf	0x0004ad9f	order-fid
0x0004acd6	0x0004adc6	branch:4acc7;branch:6a246;branch:6ba5c
0x0004b440	0x0004b530	unique-fid;branch:4fa51
0x0004b5f8	0x0004b6e8	unique-fid;branch:4ba72
0x0004b730	0x0004b820	unique-fid;branch:62e21
0x0004bb0b	0x0004bbfb	rdata:8c498
0x0004bf19	0x0004c014	unique-fid;rdata:8c49c
0x0004c103	0x0004c1fe	branch:4bfa2;unique-fid
0x0004c264	0x0004c35f	unique-fid;branch:4e811
0x0004ca22	0x0004cb1d	unique-fid;branch:4cdee
0x0004cbb0	0x0004ccab	branch:4caeb;branch:4cb17;branch:4cb43;unique-fid
0x0004cd97	0x0004ce92	unique-fid
0x0004cf6e	0x0004d069	branch:4c077;unique-fid
0x0004cfe9	0x0004d0e4	unique-fid;branch:4e809
0x0004d270	0x0004d36b	branch:1231c;branch:4c06f;unique-fid;branch:4e801
0x0004d34c	0x0004d447	order-fid
0x0004d364	0x0004d45f	branch:157c4;unique-fid
0x0004d422	0x0004d51d	branch:139a2;branch:13a3b;unique-fid
0x0004d5fb	0x0004d6f6	unique-fid;branch:4d90f
0x0004d7c1	0x0004d8bc	branch:13b80;branch:13b9d;branch:4c9f9;unique-fid
0x0004d9ca	0x0004dac5	branch:10bf5;branch:10c1e;branch:10c69;unique-fid
0x0004da9d	0x0004db98	branch:133a3;unique-fid
0x0004e7f2	0x0004e8ed	unique-fid
0x0004e840	0x0004e93b	branch:133ff;unique-fid
0x0004f3cb	0x0004f4c6	branch:123ab;unique-fid
0x0004f4df	0x0004f5da	unique-fid;branch:6895d
0x0004f557	0x0004f652	branch:15a44;branch:15e86;branch:15fc5;branch:16bbe
0x0004f587	0x0004f682	unique-fid;branch:70b1a
0x0004f5eb	0x0004f6e6	branch:4bf35;unique-fid;branch:71ee9
0x0004f640	0x0004f740	branch:81bc;branch:19f4b;branch:29e58;branch:29f05
0x0004f6b2	0x0004f7b2	unique-fid;branch:5a233;branch:5a3b6;branch:5ab6a
0x0004f6d2	0x0004f7d2	unique-fid;branch:50065
0x0004fcd9	0x0004fdd9	unique-fid;branch:550b6
0x00050046	0x00050146	unique-fid;branch:5b790
0x0005015c	0x0005025c	branch:5baf4
0x00050cf9	0x00050dfa	equal-displacement-bracket
0x00050f7e	0x0005107f	unique-fid;branch:51097
0x00050fbc	0x000510bd	branch:50074;unique-fid
0x00051244	0x00051345	unique-fid
0x000513fa	0x000514fb	reloc:33399;unique-fid
0x0005140e	0x0005150f	reloc:df60;unique-fid
0x000515d9	0x000516da	branch:dc46;branch:1de95;branch:2198c;unique-fid
0x00051620	0x00051721	branch:219d4;unique-fid;branch:51962
0x000516bf	0x000517c0	branch:1b6d;branch:1e392;branch:21d86;unique-fid
0x000516d9	0x000517da	branch:256e;branch:2662;branch:273b;branch:1df16
0x000517bf	0x000518c0	branch:c8bd;branch:1a49a;branch:1dde8;unique-fid
0x00051903	0x00051a04	branch:c87d;branch:e9cc;branch:1a481;branch:21e84
0x000519d1	0x00051ad2	branch:1fbe6;unique-fid
0x00051a31	0x00051b32	branch:1fa6;branch:1143d;branch:114cf;branch:27204
0x00052934	0x00052a35	unique-fid
0x0005299f	0x00052aa0	reloc:527ff;unique-fid
0x00052b64	0x00052c65	reloc:3c03f;reloc:476e9;reloc:5286c;unique-fid
0x00052c78	0x00052d79	reloc:c304;branch:ef75;reloc:13212;reloc:32526
0x00052c94	0x00052d95	unique-fid;branch:53239;branch:533a4
0x00052e00	0x00052f01	branch:52dee
0x00052e99	0x00052f9b	unique-fid;branch:5502a
0x00052f8a	0x0005308c	branch:3687b;branch:368f0;unique-fid;branch:5a738
0x00053174	0x00053276	branch:2738c;branch:273a7;branch:291c5;branch:3ea51
0x00053948	0x00053a4a	branch:2858;branch:c281;branch:df33;branch:2efe9
0x000539dd	0x00053adf	branch:50148;unique-fid
0x00053ba8	0x00053caa	unique-fid;branch:6e05e
0x00053ff8	0x000540fa	unique-fid;branch:6e084
0x000541ef	0x000542f1	unique-fid;branch:55013
0x0005425f	0x00054361	branch:179a;unique-fid;branch:552bc
0x000542ed	0x000543ef	unique-fid;branch:554a2
0x000546bf	0x000547c1	branch:45a58;branch:460f7;unique-fid
0x0005471a	0x0005481c	unique-fid;branch:59c65;branch:59f41
0x00054748	0x0005484a	unique-fid;branch:547e8;branch:547fa;branch:5a55a
0x00054781	0x00054883	branch:52a75;unique-fid
0x0005485b	0x0005495d	branch:27359;branch:36897;unique-fid
0x00054f4f	0x00055051	branch:548d4;branch:54ac1;branch:54aec;branch:54cca
0x00054f8a	0x0005508c	branch:4661;branch:5416;branch:551a;branch:1386c
0x000550d9	0x000551db	branch:3a01d;branch:3e355;branch:45b6f;branch:464dc
0x00055123	0x00055225	unique-fid
0x000554e1	0x000555e3	branch:55453;unique-fid
0x00055592	0x00055694	branch:545a0;unique-fid;branch:56cb5;branch:571d7
0x00055759	0x0005585b	reloc:556f1;unique-fid
0x00055932	0x00055a34	branch:c6f7;branch:11a95;branch:160d0;branch:161a5
0x00055983	0x00055a85	branch:c790;branch:11ab9;branch:16127;branch:162a3
0x00055a0d	0x00055b0f	branch:1177;branch:1d5f;branch:2815;branch:7f47
0x00055a88	0x00055b8a	unique-fid
0x00055a9d	0x00055b9f	unique-fid
0x00055aaf	0x00055bb1	branch:822b;branch:2f49c;unique-fid
0x00055b8b	0x00055c8d	unique-fid;branch:5d843
0x00055bdc	0x00055cde	unique-fid
0x00055c40	0x00055d42	branch:55018;unique-fid
0x00055c94	0x00055d96	order-fid
0x00055ca4	0x00055da6	unique-fid;branch:5bfcf
0x00055d22	0x00055e24	branch:5c4ea
0x0005634b	0x0005644d	unique-fid;branch:567b0;branch:5d746
0x00056702	0x00056804	unique-fid;branch:5c1f7
0x0005679b	0x0005689d	unique-fid;branch:5c6b9
0x000567bf	0x000568c1	unique-fid;branch:5be1b
0x000567f0	0x000568f0	unique-fid;branch:57837
0x00056954	0x00056a54	unique-fid;branch:56c4a
0x00056ae4	0x00056be4	unique-fid;branch:571a3;branch:57203
0x00056d06	0x00056e06	unique-fid
0x00056e63	0x00056f63	unique-fid
0x00056f96	0x00057096	unique-fid
0x000572c9	0x000573c9	branch:57860
0x000574e1	0x000575e1	unique-fid;branch:5798d
0x00057967	0x00057a67	unique-fid
0x00057b4e	0x00057c4e	reloc:56871;order-fid
0x00057c60	0x00057d60	reloc:56b65
0x00057da9	0x00057ea9	reloc:569d5
0x00057ef2	0x00057ff2	reloc:56d87;order-fid
0x00057ff4	0x000580f4	reloc:57149;unique-fid
0x0005812d	0x0005822d	order-fid
0x0005823f	0x0005833f	reloc:56ee4;unique-fid
0x00058320	0x00058420	reloc:577e0;order-fid
0x00058422	0x00058522	branch:57c4e;branch:57fe2;branch:5811b;branch:5822d
0x00058520	0x00058620	branch:52fcf;branch:5313d;branch:53156;branch:5508e
0x000585ad	0x000586ad	unique-fid
0x00058621	0x00058721	branch:45ad6;unique-fid
0x0005869c	0x0005879c	branch:5767c;branch:578fe;unique-fid
0x00058916	0x00058a16	branch:5854c;branch:5855b;unique-fid
0x00058971	0x00058a71	unique-fid;branch:58a8b;branch:58b86
0x00058a27	0x00058b27	unique-fid;branch:58c86
0x00058aad	0x00058bad	unique-fid;branch:58dc7;branch:58dfb
0x00058c0f	0x00058d0f	unique-fid;branch:5a362;branch:5a64d;branch:5a926
0x00058d50	0x00058e50	unique-fid;branch:5a79e
0x00058e44	0x00058f44	branch:52aa9;unique-fid
0x00058fd8	0x000590d8	branch:52a9c;unique-fid
0x000591c9	0x000592c9	branch:52a82;unique-fid
0x00059267	0x00059367	branch:52a8f;unique-fid
0x00059368	0x00059468	branch:586ea;branch:586f4;unique-fid
0x00059530	0x00059630	branch:58771;unique-fid
0x00059627	0x00059727	branch:58793;unique-fid
0x000596cc	0x000597cc	branch:587c0;unique-fid
0x00059729	0x00059829	branch:59675;branch:596ee;unique-fid
0x0005979a	0x0005989a	branch:52ab6;unique-fid
0x0005982e	0x0005992e	branch:595c7;branch:59601;unique-fid
0x0005989a	0x0005999a	branch:596a3;branch:596dc;branch:59700;unique-fid
0x00059914	0x00059a14	branch:52ac3;unique-fid
0x000599f6	0x00059af6	branch:597f9;branch:5981a;branch:5986a;branch:59888
0x00059a21	0x00059b21	branch:5991a;unique-fid;branch:5a0b0
0x00059a68	0x00059b68	unique-fid
0x00059a8c	0x00059b8c	branch:58878;unique-fid
0x00059d4c	0x00059e4c	branch:52ad0;unique-fid
0x0005a062	0x0005a162	branch:58dd7;branch:59bdf;branch:59d2d;branch:59eb7
0x0005a16b	0x0005a26b	branch:58cf5;branch:59d13;branch:59fef;unique-fid
0x0005a247	0x0005a347	branch:13855;branch:45dfe;branch:45f6d;branch:4617e
0x0005a478	0x0005a578	branch:367fd;branch:462ae;branch:54798;branch:54a4f
0x0005a584	0x0005a684	branch:4f69c;unique-fid
0x0005aa82	0x0005ab82	branch:45c37;branch:45e5f;unique-fid;branch:631ef
0x0005abe0	0x0005ace0	unique-fid
0x0005ac2c	0x0005ad2c	order-fid
0x0005ac48	0x0005ad48	branch:4f8b5;unique-fid
0x0005ac72	0x0005ad72	unique-fid;rdata:8c4a8
0x0005acc5	0x0005adc5	unique-fid;rdata:8c4ac
0x0005ace4	0x0005ade4	unique-fid;rdata:8c4b0
0x0005b659	0x0005b759	unique-fid
0x0005b6f0	0x0005b7f0	unique-fid;branch:8280b
0x0005b83e	0x0005b93e	branch:5b7b4;unique-fid
0x0005bb14	0x0005bc14	branch:5b80d;unique-fid
0x0005bb45	0x0005bc45	reloc:5b957;unique-fid
0x0005c15c	0x0005c25c	unique-fid;reloc:5c419
0x0005c1ec	0x0005c2ec	branch:550bb;order-fid
0x0005c206	0x0005c306	branch:12eaf;branch:19f46;branch:26b38;branch:2a034
0x0005c2d0	0x0005c3d0	branch:4b90;branch:58fc;branch:5bea6;unique-fid
0x0005c3f7	0x0005c4f7	branch:5bf83;unique-fid;branch:7bd85
0x0005c57c	0x0005c67c	unique-fid;branch:5c6ad;branch:5c9ec
0x0005c64c	0x0005c74c	branch:11d1;branch:1edd;branch:887d;branch:2635b
0x0005c6f6	0x0005c7f6	branch:38d0;branch:49c3;branch:4b78;branch:58e4
0x0005c82b	0x0005c92b	branch:6630;branch:73cd;branch:26223;branch:26232
0x0005c8a4	0x0005c9a4	branch:5c892;unique-fid;branch:5c903
0x0005c9fe	0x0005cafe	unique-fid;branch:5cbed;branch:5cd76;branch:5ce5b
0x0005cba1	0x0005cca1	unique-fid
0x0005cdae	0x0005ceae	unique-fid;branch:5d2d7
0x0005d2d1	0x0005d3d1	branch:5006f;order-fid
0x0005d2e6	0x0005d3e6	unique-fid
0x0005d370	0x0005d470	unique-fid;branch:5d74b
0x0005d740	0x0005d840	branch:4b51;branch:3292d;branch:56cd4;branch:5bdcb
0x0005d75a	0x0005d85a	branch:50090;unique-fid
0x0005dc1f	0x0005dd1f	branch:bcad;branch:dd20;branch:e7cd;branch:2e584
0x0005dc9b	0x0005dd9b	branch:11ea;branch:12ae;branch:12bf;branch:3c63
0x0005dcb1	0x0005ddb1	branch:4732;branch:b690;branch:b6e2;branch:b7c1
0x0005dd14	0x0005de14	branch:492a9;unique-fid;branch:770d8;branch:77559
0x0005dd79	0x0005de79	branch:39d23;branch:48414;branch:48b58;unique-fid
0x0005dde0	0x0005dee0	branch:26c48;branch:27be6;branch:27c6a
0x0005ef1c	0x0005f01c	aligned-site:5ef19
0x0005fcfa	0x0005fdfa	branch:7574;branch:6256d
0x0005fed1	0x0005fff3	unique-fid
0x0005ff9e	0x000600c0	unique-fid
0x0006015d	0x0006027f	branch:28fd3
0x000603a0	0x000604c2	unique-fid;branch:60800;branch:60894;branch:60928
0x0006047e	0x000605a0	branch:20e29;branch:28f80;branch:453fd;unique-fid
0x00060527	0x00060649	branch:2237c;unique-fid;branch:6098d;branch:6199d
0x00060586	0x000606a8	branch:12484;branch:20ab3;branch:20b47;branch:27409
0x00060636	0x00060758	branch:2231c;branch:22337;branch:22352;branch:2236d
0x00060690	0x000607b2	unique-fid
0x0006077c	0x0006089e	unique-fid
0x00060a5c	0x00060b7e	unique-fid
0x00060b7a	0x00060c9c	branch:607b9;branch:6084d;branch:608e1;branch:60975
0x00060d7a	0x00060e9c	branch:60512;unique-fid;branch:61134;branch:6118e
0x00060fbd	0x000610df	branch:20b70;branch:20b9e;unique-fid;branch:62ed8
0x000611bd	0x000612df	branch:22412;unique-fid;branch:623c0;branch:623d4
0x0006123a	0x0006135c	unique-fid;branch:61e36
0x00061371	0x00061493	branch:7594;branch:61211;unique-fid
0x00061484	0x000615a6	unique-fid
0x000625c5	0x000626e7	branch:753b;unique-fid
0x0006275f	0x00062881	branch:7554;branch:61d5c;unique-fid
0x000628b1	0x000629d3	branch:368c7;unique-fid
0x00062a40	0x00062b62	branch:226a8;branch:600bd;branch:60d20;branch:60d59
0x00063006	0x00063128	branch:629b5;branch:62b4e;unique-fid
0x000632e0	0x00063402	branch:62921;branch:62be9;unique-fid
0x00063630	0x00063750	branch:8586;branch:8679;branch:871a;branch:e2d4
0x0006390e	0x00063a2e	branch:89cd;branch:8a07;branch:e21e;branch:e32f
0x00063a20	0x00063b40	branch:a729;branch:b26c;branch:b27a;unique-fid
0x00063a62	0x00063b82	branch:ad4f;branch:ad5f;branch:638a3;branch:63a31
0x00063cd0	0x00063df0	unique-fid
0x00063d07	0x00063e27	branch:8787;unique-fid
0x00063e05	0x00063f25	branch:8983;unique-fid
0x00063e48	0x00063f68	branch:1fff;branch:adc2;branch:c7ad;branch:e504
0x00063f10	0x00064030	branch:4f967;unique-fid
0x00063f7b	0x0006409b	branch:6b4c;branch:225c9;branch:60039;unique-fid
0x00063fd0	0x000640f0	branch:86cd;branch:c4db;branch:c807;branch:e422
0x000640b1	0x000641d1	branch:21ad1;unique-fid
0x0006422d	0x0006434d	branch:26cae;branch:26d57;branch:6002c;branch:6013c
0x000642d2	0x000643f2	branch:3e7bb;unique-fid
0x00064430	0x00064550	unique-fid
0x00064470	0x00064590	branch:6411;branch:648b;branch:172a7;branch:17758
0x000644c4	0x000645e4	branch:34d7d;branch:54eb8;branch:595ea;branch:5960b
0x000644e7	0x00064607	branch:700c;branch:644d5;unique-fid;branch:7496f
0x00064520	0x00064640	branch:13437;unique-fid
0x00064ca3	0x00064dc3	branch:13492;unique-fid
0x00065671	0x00065791	branch:64d20;branch:64d3b;unique-fid
0x0006573b	0x0006585b	branch:64d56;branch:64d71;unique-fid
0x000657f6	0x00065916	branch:64d8c;branch:64da7;unique-fid
0x000658cd	0x000659ed	branch:65026;branch:6508c;unique-fid;branch:65c43
0x00065980	0x00065aa0	unique-fid;branch:65c2a;branch:65fb5
0x00065a33	0x00065b53	branch:65107;unique-fid;branch:66078;branch:6627a
0x00065b3c	0x00065c5c	branch:64dd1;branch:64df4;branch:64e40;branch:64e7d
0x00065bf7	0x00065d17	branch:6518e;branch:651c1;branch:651f4;branch:65227
0x00065da7	0x00065ec7	branch:64ff7;branch:652b3;unique-fid
0x00066050	0x00066170	branch:6530a;unique-fid
0x0006625f	0x0006637f	branch:653d1;branch:65404;branch:65437;branch:66161
0x00066490	0x000665b0	branch:4b4a1;unique-fid
0x00066559	0x00066679	order-fid;branch:687a6;branch:68c90;branch:6b2d7
0x00066571	0x00066691	branch:4d108;unique-fid;branch:665f1
0x000665e2	0x00066702	branch:4d19a;branch:4d231;unique-fid
0x00066704	0x00066824	branch:4d1bb;branch:4d252;unique-fid
0x0006693b	0x00066a5b	branch:4d2c2;branch:4d307;unique-fid
0x00066a2c	0x00066b4c	branch:6e70d
0x00067281	0x000673a2	branch:165a8;branch:1667c;branch:167a4;branch:167fc
0x000672e4	0x00067405	unique-fid;branch:6a56e;branch:6a9e6
0x00067345	0x00067466	branch:6a19b;branch:6a34f
0x00067b97	0x00067cb9	unique-fid;branch:68825;branch:6b8a4
0x00068861	0x00068983	unique-fid
0x00068fc6	0x000690e8	unique-fid
0x00068ff3	0x00069115	branch:68fe2;branch:6a250;branch:6a285;branch:6a2e8
0x0006a080	0x0006a1a2	unique-fid
0x0006a0c9	0x0006a1eb	order-fid
0x0006a0f0	0x0006a212	branch:6a0e1;unique-fid;branch:6ba6d
0x0006a1ec	0x0006a30e	order-fid;branch:6b8c0
0x0006a213	0x0006a335	branch:6a204;unique-fid
0x0006a3dc	0x0006a4fe	branch:67d01;branch:68879;unique-fid
0x0006a625	0x0006a747	branch:6858c;branch:68b0e;unique-fid
0x0006a8d3	0x0006a9f5	branch:1665b;branch:174d1;branch:1790a;branch:17c1a
0x0006aa49	0x0006ab6b	branch:16665;branch:16a2d;branch:17515;branch:1794e
0x0006b2f2	0x0006b414	branch:65945;branch:659f8;branch:65bd7;unique-fid
0x0006b326	0x0006b448	branch:161de;branch:16294;branch:1654a;branch:1659e
0x0006b457	0x0006b579	branch:10bb5;branch:167b1;branch:16815;branch:16859
0x0006b509	0x0006b62b	unique-fid
0x0006b6e7	0x0006b809	branch:1395d;branch:139e6;branch:139f6;unique-fid
0x0006ba90	0x0006bbb0	branch:4f9a7;branch:645cd;unique-fid
0x0006baf8	0x0006bc18	order-fid
0x0006bb10	0x0006bc30	branch:20de9;branch:20e69;branch:3861c;branch:44684
0x0006bb6d	0x0006bc8d	branch:e08f;branch:21c0e;branch:43ab1;unique-fid
0x0006bd5a	0x0006be7a	unique-fid
0x0006bdb0	0x0006bed0	branch:3ed86;unique-fid
0x0006bea0	0x0006bfc0	branch:15f5b;branch:1b131;branch:314f6;branch:3511d
0x0006c0b7	0x0006c1d7	branch:20eb8;branch:273e2;branch:61e02;branch:6409d
0x0006c29a	0x0006c3ba	unique-fid;branch:6c8bc;branch:6e008
0x0006c2ed	0x0006c40d	branch:ac7e;branch:26d9d;branch:51484;unique-fid
0x0006c9af	0x0006cacf	unique-fid;branch:6deca
0x0006ca2b	0x0006cb4b	unique-fid;branch:6e159;branch:6e25e;branch:6e2af
0x0006cad6	0x0006cbf6	branch:6c7cf;branch:6ca40;unique-fid
0x0006cc90	0x0006cdb0	unique-fid;branch:6e038
0x0006ce3f	0x0006cf5f	branch:29089;unique-fid;branch:6e415;branch:6f624
0x0006ce89	0x0006cfa9	unique-fid;branch:6df8c
0x0006cee2	0x0006d002	branch:52d69;branch:61207;branch:6ceca;unique-fid
0x0006d334	0x0006d454	unique-fid;branch:6e0b0
0x0006d404	0x0006d524	branch:6059c;branch:60608;unique-fid;branch:6d679
0x0006d4f6	0x0006d616	branch:1282f;branch:12996;branch:20abb;branch:20afe
0x0006d645	0x0006d765	branch:12963;branch:129d2;branch:20aec;unique-fid
0x0006d663	0x0006d783	branch:4542c;branch:6014c;branch:6061f;branch:6081b
0x0006d957	0x0006da77	unique-fid
0x0006d9ae	0x0006dace	unique-fid;branch:6df5a;branch:6e382
0x0006d9e2	0x0006db02	fixup-site
0x0006dedc	0x0006dffc	reloc:6c8dd;unique-fid
0x0006e5b0	0x0006e6d0	branch:4b470;unique-fid
0x0006e5fa	0x0006e71a	unique-fid
0x0006e647	0x0006e767	unique-fid;branch:71082
0x0006e692	0x0006e7b2	unique-fid;branch:71a3f;branch:71d73
0x0006e71c	0x0006e83c	unique-fid;branch:6eb55;branch:6eb8e;branch:6ebcf
0x0006e86d	0x0006e98d	unique-fid;branch:6eb96;branch:6ebd7;branch:6ebe4
0x0006eb20	0x0006ec40	unique-fid;branch:71969;branch:71cd6
0x0006ecb0	0x0006edd0	unique-fid
0x0006ed25	0x0006ee45	branch:5ff1b;unique-fid
0x0006ed63	0x0006ee83	unique-fid;branch:6edd4;branch:6f452;branch:6f4fa
0x0006edb0	0x0006eed0	unique-fid;rdata:8c528
0x0006f085	0x0006f1a5	unique-fid;rdata:8c52c
0x0006f1a8	0x0006f2c8	unique-fid;branch:6fce4
0x0006f3c7	0x0006f4e7	unique-fid;rdata:8c530
0x0006fd73	0x0006fe93	branch:6f9b1;branch:6fb8e;unique-fid
0x0006fe18	0x0006ff38	branch:6f6ee;branch:6f87c;unique-fid
0x0006ff2a	0x0007004a	branch:6fa5a;branch:6fc37;unique-fid
0x000701b8	0x000702d8	branch:6efbb;branch:6f45a;branch:6f4e7;branch:6f543
0x0007064a	0x0007076a	branch:6fa45;branch:6fc22;unique-fid
0x000709f0	0x00070b10	branch:13317;branch:672ba;branch:6731d;branch:67d67
0x00070a4f	0x00070b6f	unique-fid
0x00070aa9	0x00070bc9	branch:1232e;branch:1367a;branch:156ad;branch:156c5
0x00070b5e	0x00070c7e	unique-fid
0x00070e51	0x00070f71	branch:15e76;branch:6889d;branch:68ca2;branch:6ac6e
0x00070f25	0x00071045	branch:4e81b;branch:4eb1f;branch:67336;branch:67cf6
0x00070f49	0x00071069	branch:17293;branch:1774e;branch:17af7;unique-fid
0x00071027	0x00071147	unique-fid;branch:71848
0x000711fb	0x0007131b	branch:1333a;branch:15f0c;branch:16fe0;branch:17021
0x00072030	0x00072150	unique-fid
0x000721f9	0x00072319	branch:5cb55;unique-fid
0x00072279	0x00072399	branch:7209e;branch:7210f;branch:72180;unique-fid
0x00072c60	0x00072d80	branch:141dc;branch:141f2;branch:153ac;unique-fid
0x00072ccb	0x00072deb	branch:13f76;branch:13fa1;branch:14044;branch:140a3
0x00072d14	0x00072e34	branch:13d98;branch:13da9;branch:13dba;unique-fid
0x00072d37	0x00073231	branch:5954c
0x0007301c	0x00073589	branch:5892d;unique-fid
0x0007312d	0x0007369a	branch:59a32
0x000731da	0x00073773	branch:59a0a;branch:59a7a
0x000732ed	0x000738ba	unique-fid
0x00073300	0x000738cd	unique-fid
0x00073366	0x00073933	branch:5a5ae
0x0007343c	0x00073a1a	branch:13c9d;branch:13e34;branch:13e6e;branch:13f06
0x00073450	0x00073a20	branch:4f75;branch:4f9d;branch:591f;branch:b427
0x000735f0	0x00073bc0	branch:12340;branch:32652;unique-fid;branch:74685
0x00073620	0x00073bf0	branch:17fac;branch:18074;branch:5af77;unique-fid
0x00073670	0x00073c40	unique-fid;branch:7437b;branch:74617
0x00073750	0x00073d20	unique-fid;branch:73fea;branch:743a3;branch:7464c
0x00073820	0x00073df0	branch:1043;branch:e452;branch:1c396;branch:1c4a9
0x00073860	0x00073e30	unique-fid
0x000738c0	0x00073e90	branch:75941;branch:7a7fd;branch:7fa11
0x000738d0	0x00073ea0	branch:79b7e
0x000738e0	0x00073eb0	unique-fid;branch:79e45
0x00073ad0	0x000740a0	branch:2b0da
0x00073d80	0x00074350	branch:550c0
0x00073d90	0x00074360	branch:100f;branch:2532;branch:2608;branch:8107
0x00073de0	0x000743b0	branch:5bce0;unique-fid
0x00073f90	0x00074560	branch:4f7e3;unique-fid
0x00073fe0	0x000745b0	unique-fid;rdata:8c5b0
0x000740a0	0x00074670	unique-fid;rdata:8c5b4
0x000740f0	0x000746c0	unique-fid;rdata:8c5b8
0x00074130	0x00074700	branch:1dd7;branch:1eb6;branch:1ed2;branch:1fc5
0x0007416c	0x0007473c	identical-padding-between-anchors
0x00074170	0x00074740	branch:1195;branch:1ded;branch:2853;branch:8499
0x00074240	0x00074810	branch:1252;branch:1f5f;branch:2867;branch:8abe
0x000742c7	0x00074897	identical-padding-between-anchors
0x000742d0	0x000748a0	branch:afa8;branch:c312;branch:df74;branch:e7f9
0x000744b0	0x00074a80	branch:1385;branch:8848;branch:939d;branch:adb4
0x000745a0	0x00074b70	branch:10ec;branch:11e5;branch:1240;branch:8891
0x00074660	0x00074c30	unique-fid;branch:7bd5a
0x000746b0	0x00074c80	branch:6958;branch:c6d0;branch:34e14;branch:357c6
0x00074740	0x00074d10	branch:6993;branch:c781;branch:34e5e;branch:35803
0x00074a60	0x00075030	unique-fid
0x00074a80	0x00075050	branch:6371a;unique-fid
0x00074b30	0x00075100	branch:1146;branch:1d2e;branch:27ea;branch:81eb
0x00074f78	0x00075548	identical-padding-between-anchors
0x00074f80	0x00075550	branch:741c3;unique-fid
0x00075020	0x000755f0	branch:7424e;unique-fid
0x000750d0	0x000756a0	branch:8469;branch:be25;branch:c170;branch:c185
0x00075220	0x000757f0	branch:8a59;branch:11747;branch:117a3;branch:2cba8
0x00075340	0x00075910	branch:1350;branch:15f9;branch:164b;branch:169c
0x000753e0	0x000759b0	branch:b20e;branch:c7b8;branch:e4f6;branch:f297
0x00075400	0x000759d0	branch:142f;branch:ad98;branch:2c71d;branch:2c99c
0x00075430	0x00075a00	branch:136c;branch:9384;branch:b3bf;branch:ec98
0x00075530	0x00075b00	branch:74fc1;unique-fid
0x000755c0	0x00075b90	branch:7504d;unique-fid
0x00075650	0x00075c20	branch:e710;branch:32ba8;unique-fid
0x00075830	0x00075e00	branch:4f82a;unique-fid
0x000758d0	0x00075ea0	branch:1117;branch:159e;branch:2febc;branch:551a7
0x00075960	0x00075f30	branch:404cc;branch:40505;unique-fid
0x000759f0	0x00075fc0	branch:17e80;unique-fid;branch:7a8de
0x00075a90	0x00076060	branch:82bf;branch:12c06;branch:4cdfa;unique-fid
0x00075b30	0x00076100	branch:7e8f;branch:12c23;branch:171de;branch:17610
0x00075b70	0x00076140	branch:16ce3;branch:63681;branch:6b382;branch:75b53
0x00075c00	0x000761d0	branch:25b01;branch:25b2a;branch:25b53;branch:44d00
0x00075ca0	0x00076270	branch:bb60;branch:2d728;branch:40485;branch:40498
0x00075d40	0x00076310	branch:2688a;branch:34968;branch:55945;branch:667e2
0x00075de0	0x000763b0	branch:7fd2;branch:8aac;branch:bb8f;branch:12f83
0x00075e70	0x00076440	branch:75a72;branch:75b12;branch:75be2;branch:75c82
0x00075ed0	0x000764a0	unique-fid;branch:76114
0x00075f60	0x00076530	branch:75a13;branch:75ab3;branch:75b83;branch:75c23
0x00075fb0	0x00076580	unique-fid;rdata:8c5c8
0x00075fd0	0x000765a0	unique-fid;rdata:8c5c0
0x00076060	0x00076630	branch:75e2f;branch:75f10;unique-fid
0x000760f0	0x000766c0	unique-fid;rdata:8c5c4
0x00076180	0x00076750	branch:75fe5;unique-fid
0x00076280	0x00076850	branch:7e05;branch:7486d;branch:74b6c;branch:758ec
0x00076380	0x00076950	unique-fid;branch:7fb3d
0x00076470	0x00076a40	unique-fid;branch:798cc;branch:7ab28;branch:7af51
0x000764a0	0x00076a70	unique-fid;branch:798ea;branch:7ab46;branch:7af6f
0x000764d0	0x00076aa0	branch:7e10;unique-fid
0x00076530	0x00076b00	branch:7e20;branch:7e2f;branch:7e3e;branch:7e4d
0x00076590	0x00076b60	unique-fid;branch:79b5c
0x000765f0	0x00076bc0	branch:7df2;branch:8561;branch:8667;branch:8708
0x00076650	0x00076c20	unique-fid;branch:798c1;branch:7ab1d;branch:7af46
0x00076680	0x00076c50	branch:7487e;branch:75925;branch:759da;branch:76665
0x000766e0	0x00076cb0	branch:4f79f;unique-fid
0x00076790	0x00076d60	unique-fid;rdata:8c5d0
0x000767e0	0x00076db0	unique-fid;rdata:8c5d4
0x000768e0	0x00076eb0	order-fid;rdata:8c5d8
0x000768f0	0x00076ec0	branch:885a;branch:1559c;branch:1560a;branch:25a6c
0x00076940	0x00076f10	branch:8b04;branch:1049f;branch:11172;branch:11341
0x00076c43	0x00077213	fixup-site
0x00076c4d	0x0007721d	fixup-site
0x00076c53	0x00077223	fixup-site
0x00076c5e	0x0007722e	fixup-site
0x00076c67	0x00077237	fixup-site
0x00076c6e	0x0007723e	fixup-site
0x00076c78	0x00077248	fixup-site
0x00076cd3	0x000772a3	fixup-site
0x00076cd9	0x000772a9	fixup-site
0x00076ce0	0x000772b0	fixup-site
0x00076ce7	0x000772b7	fixup-site
0x00076cef	0x000772bf	fixup-site
0x00076cf5	0x000772c5	fixup-site
0x00076d3b	0x0007730b	fixup-site
0x00076d46	0x00077316	fixup-site
0x00076d4c	0x0007731c	fixup-site
0x00076d52	0x00077322	fixup-site
0x00076d61	0x00077331	fixup-site
0x00076d69	0x00077339	fixup-site
0x00076dd0	0x000773a0	branch:2872;branch:8865;branch:c29b;branch:c7c3
0x00076de0	0x000773b0	branch:2840;branch:c269;branch:c48a;branch:df15
0x00076df0	0x000773c0	branch:7454f
0x00076e00	0x000773d0	branch:b444;branch:2a02f
0x00076e10	0x000773e0	branch:b3fb;branch:29e53;order-fid
0x00076e20	0x000773f0	branch:1a0ec
0x00076e30	0x00077400	branch:74589
0x00076e40	0x00077410	branch:8872;branch:2625b
0x00076e50	0x00077420	branch:3667a
0x00076e60	0x00077430	branch:b3d2;branch:1368d;branch:15928;branch:30857
0x00076ec0	0x00077490	branch:307f9;branch:30a3d;branch:30a89;branch:30ccd
0x00076ed0	0x000774a0	branch:262a2
0x00076ee0	0x000774b0	branch:2efe4;branch:2fd42;unique-fid
0x00076ef0	0x000774c0	branch:2f02d;branch:2fd85;unique-fid
0x00076f00	0x000774d0	unique-fid;branch:7721d
0x00077110	0x000776e0	unique-fid
0x000771f0	0x000777c0	branch:5bd18;unique-fid
0x000777b0	0x00077d80	branch:5bc83;unique-fid
0x00077800	0x00077dd0	branch:4f871;unique-fid
0x00077870	0x00077e40	unique-fid
0x00077970	0x00077f40	rdata:8c5e0
0x00077b30	0x00078100	unique-fid;rdata:8c5e4
0x00077cb0	0x00078280	order-fid;rdata:8c5e8
0x00077cc0	0x00078290	aligned-0:78926;aligned-1:78926;aligned-2:78926
0x00078000	0x000785d0	branch:26485;branch:411f5;branch:4d282
0x000780f0	0x000786c0	branch:346c4;branch:34882;branch:34b20
0x00078140	0x00078710	branch:34907;unique-fid;branch:78427;branch:784f2
0x00078340	0x00078910	branch:559c0;unique-fid
0x00078390	0x00078960	branch:26390;unique-fid
0x00078450	0x00078a20	unique-fid
0x000785c0	0x00078b90	aligned-0:5609b;aligned-1:5609b;aligned-2:5609b
0x000786d0	0x00078ca0	branch:81b7;branch:5b684;branch:7851b;branch:78a99
0x00078940	0x00078f10	branch:4f697;unique-fid
0x00078dc9	0x00079399	identical-padding-between-anchors
0x00078dd0	0x000793a0	bracketed-conflict:78dc4:78dd2
0x00078f80	0x00079550	branch:617c;branch:34ba9;branch:5596b;branch:67d20
0x00079170	0x00079740	branch:5c279;unique-fid
0x00079180	0x00079750	branch:529be;branch:52b73;unique-fid
0x00079280	0x00079850	branch:5f22;branch:5f8c;branch:5ff9;branch:2ac25
0x00079356	0x00079926	branch:5d92;branch:5dff;branch:5e6f;branch:2abf2
0x00079422	0x000799f2	unique-fid;branch:79f43
0x000794f8	0x00079ac8	unique-fid;branch:79f83
0x000795cc	0x00079b9c	branch:5eea;branch:2b4b3;unique-fid
0x000796a6	0x00079c76	branch:5d5a;branch:2b323;unique-fid
0x00079780	0x00079d50	branch:74c73;unique-fid
0x000797b0	0x00079d80	unique-fid;rdata:8c5f4
0x000797f0	0x00079dc0	branch:7f16;branch:6378e;branch:6383f;unique-fid
0x00079850	0x00079e20	branch:74c8a;unique-fid
0x00079920	0x00079ef0	unique-fid;rdata:8c5f8
0x00079a80	0x0007a050	unique-fid;rdata:8c5f0
0x00079b20	0x0007a0f0	branch:75bc7;unique-fid
0x00079b90	0x0007a160	unique-fid;rdata:8c5fc
0x00079bd0	0x0007a1a0	branch:8011;branch:8066;branch:808e;branch:80b8
0x00079e00	0x0007a3d0	branch:2bc70;unique-fid
0x00079e60	0x0007a430	branch:12dc8;branch:12e4a;branch:2b8b7;branch:2bc1a
0x00079fa0	0x0007a570	branch:71910;branch:71c7d
0x0007a170	0x0007a740	branch:4f714;unique-fid
0x0007a180	0x0007a750	unique-fid
0x0007a230	0x0007a800	branch:55089
0x0007a2c0	0x0007a890	branch:32d18;branch:46c8a;branch:57a71;branch:5ff55
0x0007a3d0	0x0007a9a0	branch:5b69f;branch:7a1eb;branch:7a20c;branch:7a30e
0x0007a4b0	0x0007aa80	branch:5b6d3;branch:7a395;unique-fid;branch:7a539
0x0007a530	0x0007ab00	branch:62e6b;branch:64295;unique-fid
0x0007a5a0	0x0007ab70	branch:5b6c2;branch:7a38d;branch:7a560;unique-fid
0x0007a6b0	0x0007ac80	branch:74002;unique-fid
0x0007a6e0	0x0007acb0	unique-fid;rdata:8c600
0x0007a720	0x0007acf0	branch:4ee49;branch:680ab;branch:746e9;branch:747a7
0x0007a770	0x0007ad40	branch:75af7;unique-fid
0x0007a820	0x0007adf0	branch:b373;branch:4ef34;branch:4f017;branch:68140
0x0007a860	0x0007ae30	branch:7559d;unique-fid
0x0007a880	0x0007ae50	branch:4ee97;branch:4ef5a;branch:680f5;branch:681ce
0x0007a8b0	0x0007ae80	branch:74695;unique-fid
0x0007a930	0x0007af00	branch:711e2;branch:7180d;branch:7183b;unique-fid
0x0007a9f0	0x0007afc0	branch:74cf5;unique-fid
0x0007aa20	0x0007aff0	order-fid;rdata:8c60c
0x0007aa60	0x0007b030	branch:c11c;branch:d638;branch:118b5;branch:11948
0x0007aad0	0x0007b0a0	branch:74d0c;unique-fid
0x0007aba0	0x0007b170	unique-fid;rdata:8c610
0x0007ad60	0x0007b330	unique-fid;rdata:8c608
0x0007add0	0x0007b3a0	branch:74db8;unique-fid;branch:7e103
0x0007ae10	0x0007b3e0	unique-fid;rdata:8c61c
0x0007ae60	0x0007b430	branch:bdda;branch:c08b;branch:11a00;branch:11d7f
0x0007aed0	0x0007b4a0	branch:74dcf;unique-fid
0x0007afc0	0x0007b590	unique-fid;branch:7e14a
0x0007aff0	0x0007b5c0	unique-fid;rdata:8c620
0x0007b1e0	0x0007b7b0	unique-fid;branch:7ec74;rdata:8c618
0x0007b220	0x0007b7f0	unique-fid;branch:7ea65
0x0007b2c0	0x0007b890	branch:75d07;unique-fid
0x0007b370	0x0007b940	unique-fid;rdata:8c624
0x0007b3b0	0x0007b980	branch:7b37f;unique-fid
0x0007b3f0	0x0007b9c0	branch:5b185;branch:5b42f;branch:5b495;unique-fid
0x0007b4d0	0x0007baa0	branch:1a16a;branch:406ae;branch:40865;branch:40a1f
0x0007b7a0	0x0007bd70	branch:bb7a;branch:2d73d;branch:51ab9;unique-fid
0x0007b9c0	0x0007bf90	branch:49e87;branch:49edc;branch:54bdc;unique-fid
0x0007bac8	0x0007c098	branch:391ae;branch:3977d;branch:397e1;branch:517da
0x0007baf6	0x0007c0c6	branch:c7f9;branch:21ae8;branch:39824;branch:3984d
0x0007bb16	0x0007c0e6	unique-fid
0x0007bb40	0x0007c110	branch:5bc13;unique-fid
0x0007be30	0x0007c400	branch:5bc3f;unique-fid
0x0007c0b0	0x0007c680	branch:4f75b;unique-fid
0x0007c120	0x0007c6f0	unique-fid;rdata:8c628
0x0007c1b0	0x0007c780	unique-fid;rdata:8c62c
0x0007c1f0	0x0007c7c0	order-fid;rdata:8c630
0x0007c200	0x0007c7d0	branch:26a15;branch:30879;branch:30b09;branch:49a36
0x0007c220	0x0007c7f0	branch:12ebe;branch:26ac0;branch:26b47;branch:30888
0x0007c300	0x0007c8d0	branch:54a34;branch:54ed9;unique-fid
0x0007c320	0x0007c8f0	branch:7c2a8;unique-fid;branch:7e5be
0x0007c4f0	0x0007cac0	branch:7c15b;unique-fid
0x0007c82c	0x0007cdfc	branch:12da9;branch:12e2b;branch:73617;branch:7472a
0x0007c8a0	0x0007ce70	unique-fid
0x0007c986	0x0007cf56	unique-fid;branch:7f7fc;branch:7f87a;branch:7f960
0x0007c9d2	0x0007cfa2	branch:1a147;branch:31689;branch:5ae8a;branch:5b583
0x0007ca18	0x0007cfe8	branch:16ca9;branch:6b348;branch:76600;unique-fid
0x0007ca44	0x0007d014	branch:17262;branch:2b419;branch:2b460;unique-fid
0x0007cca4	0x0007d274	branch:17288;branch:2b280;branch:2b2ca;unique-fid
0x0007cf00	0x0007d4d0	branch:17ea9;branch:4fbbd;branch:5ad67;branch:73689
0x0007cf30	0x0007d500	unique-fid;rdata:8c634
0x0007cf70	0x0007d540	branch:75a57;unique-fid
0x0007cfd0	0x0007d5a0	branch:17ee1;branch:17eea;branch:17f08;branch:1806e
0x0007cfe0	0x0007d5b0	branch:74d77;order-fid
0x0007d000	0x0007d5d0	order-fid;rdata:8c63c
0x0007d030	0x0007d600	branch:2580c;branch:2587e;branch:258ed;branch:2595c
0x0007d070	0x0007d640	branch:74d8e;order-fid
0x0007d0d0	0x0007d6a0	order-fid;rdata:8c640
0x0007d0e0	0x0007d6b0	unique-fid;rdata:8c638
0x0007d110	0x0007d6e0	branch:2aa39;branch:2ab13;branch:2ad98;branch:44d1e
0x0007d250	0x0007d820	branch:46472;unique-fid
0x0007d310	0x0007d8e0	branch:45bef;unique-fid
0x0007da60	0x0007e030	branch:7d6d9;unique-fid
0x0007dbb0	0x0007e180	branch:7d5d8;unique-fid
0x0007ddf0	0x0007e3c0	branch:7d491;branch:7d4a4;branch:7d9ac;branch:7d9f4
0x0007dfd0	0x0007e5a0	branch:7d979;branch:7d9da;unique-fid
0x0007e100	0x0007e6d0	branch:74df9;branch:74e3c;branch:74e7f;unique-fid
0x0007e130	0x0007e700	unique-fid;rdata:8c64c
0x0007e170	0x0007e740	branch:74e12;branch:74e55;branch:74e98;unique-fid
0x0007e360	0x0007e930	unique-fid;rdata:8c650
0x0007eb60	0x0007f130	unique-fid;rdata:8c648
0x0007ec90	0x0007f260	branch:7e526;branch:7e813;branch:7e970;unique-fid
0x0007ee20	0x0007f3f0	branch:74d36;order-fid
0x0007ee70	0x0007f440	branch:74d4d;order-fid
0x0007eed0	0x0007f4a0	order-fid;rdata:8c660
0x0007eee0	0x0007f4b0	rdata:8c658
0x0007eef0	0x0007f4c0	branch:74cb4;unique-fid
0x0007ef30	0x0007f500	order-fid;rdata:8c66c
0x0007ef70	0x0007f540	branch:74ccb;unique-fid
0x0007f050	0x0007f620	unique-fid;rdata:8c670
0x0007f580	0x0007fb50	branch:7f169;branch:7f2f9;branch:7f308;branch:7f386
0x0007f620	0x0007fbf0	unique-fid;rdata:8c668
0x0007f670	0x0007fc40	branch:7978f;branch:79812;branch:7a9fc;branch:7aa82
0x0007f6d0	0x0007fca0	branch:797ce;branch:7aa3a;branch:7ae36;branch:7afe6
0x0007f6e0	0x0007fcb0	branch:7511e;unique-fid
0x0007f700	0x0007fcd0	branch:7523e
0x0007f710	0x0007fce0	branch:7993b;branch:7996c;branch:7abbd;branch:7abe9
0x0007f930	0x0007ff00	unique-fid
0x0007f970	0x0007ff40	branch:75c67;unique-fid
0x0007fa20	0x0007fff0	unique-fid;rdata:8c684
0x0007fa60	0x00080030	branch:75dad;unique-fid
0x0007fbe0	0x000801b0	unique-fid;rdata:8c688
0x0007fc20	0x000801f0	branch:79b30;branch:7a6bb;branch:7a72b;branch:7a780
0x0007fc50	0x00080220	branch:79ba7;branch:7a702;branch:7b3df;branch:7cf47
0x0007fc58	0x00080228	unique-fid;branch:7ff9d;branch:7ffbc
0x0007fca5	0x00080275	unique-fid;branch:7fde0;branch:8009e
0x0007fd2a	0x000802fa	unique-fid;branch:800f8
0x0007fdf3	0x000803c3	unique-fid;branch:800c5
0x0007ff0c	0x000804dc	branch:7fe0b;unique-fid
0x0007ff2b	0x000804fb	fixup-site
0x0008005f	0x0008062f	branch:7d2ef;unique-fid
0x00080188	0x00080758	branch:5b5b2
0x0008018e	0x0008075e	branch:5b0a9;branch:5b1a9;branch:5b3b3
0x00080194	0x00080764	branch:5b021;branch:5b3a5
0x0008019a	0x0008076a	branch:5af28;branch:5b399
0x000801a0	0x00080770	branch:5aebf;branch:5af18;branch:5af3a;branch:5b38b
0x000801a6	0x00080776	branch:5af0a;branch:5b37d
0x000801ac	0x0008077c	branch:5b256
0x000801b2	0x00080782	branch:5b226
0x000801b8	0x00080788	branch:5aff8
0x000801be	0x0008078e	branch:5ae4f
0x000801c4	0x00080794	branch:5adbc
0x000801ca	0x0008079a	branch:4d61
0x000801d0	0x000807a0	branch:4d2d
0x000801d6	0x000807a6	branch:4ca1
0x000801dc	0x000807ac	branch:4eba
0x000801e2	0x000807b2	branch:5322
0x000801e8	0x000807b8	branch:52d1
0x000801f0	0x000807c0	unique-fid;branch:872fe
0x00080232	0x00080802	unique-fid;branch:83cfe;branch:8730b;branch:8734b
0x0008029a	0x0008086a	unique-fid;branch:83cd0
0x000802bd	0x0008088d	unique-fid;branch:8401e;branch:8403c
0x000802c6	0x00080896	branch:80281;unique-fid;branch:8731c
0x000802e0	0x000808b0	unique-fid;branch:83bea
0x00080320	0x000808f0	branch:83f93
0x00080330	0x00080900	branch:83f1b
0x00080340	0x00080910	branch:83efe
0x00080350	0x00080920	unique-fid;branch:805c1;branch:83b9b
0x000803b0	0x00080980	branch:1212;branch:1f30;branch:288e;branch:7f6b
0x000803f0	0x000809c0	unique-fid;branch:83c7b
0x00080490	0x00080a60	unique-fid;branch:83925
0x00080570	0x00080b40	reloc:804a3;unique-fid
0x000805e0	0x00080bb0	branch:1204;branch:126a;branch:1f22;branch:1f77
0x000805f0	0x00080bc0	branch:11c3;branch:1b7a;branch:1f0e;branch:8273
0x000805f8	0x00080bc8	branch:bac6;branch:badd;branch:bb04;branch:bb37
0x000806e0	0x00080cb0	branch:111e;branch:1ce7;branch:27a9;branch:7edd
0x000806f0	0x00080cc0	branch:10fb;branch:1527;branch:1545;branch:1582
0x00080760	0x00080d30	unique-fid;branch:80815
0x00080810	0x00080de0	branch:f08a;branch:770ec;branch:7756d;order-fid
0x00080820	0x00080df0	branch:3e7c;branch:416c;branch:fade;branch:fc8b
0x00080880	0x00080e50	branch:58c6;branch:13f8f;branch:13fba;branch:1405d
0x000808a0	0x00080e70	branch:5831;branch:58ba;branch:13f49;branch:140f0
0x000809f0	0x00080fc0	branch:5811;branch:b49f;branch:c001;branch:1199a
0x00080a10	0x00080fe0	branch:806e7;branch:809fb;unique-fid
0x00080a50	0x00081020	branch:80a2e;order-fid
0x00080a68	0x00081038	branch:6342;branch:176be;branch:1bb08;branch:1bbfb
0x00080a90	0x00081060	unique-fid
0x00080ac0	0x00081090	branch:80a90
0x00080b00	0x000810d0	unique-fid;branch:80c5f;branch:80c7a;branch:80c9d
0x00080c17	0x000811e7	branch:ffc4;branch:1aa62;branch:1aac4;branch:1ab07
0x000810b6	0x00081686	unique-fid;branch:810fa;branch:8110f;branch:81146
0x000810c9	0x00081699	unique-fid;branch:811fa;branch:8120f;branch:81246
0x000810dc	0x000816ac	branch:1c48f;branch:1de42;branch:1fd31;branch:1fd5b
0x00081128	0x000816f8	branch:1bddb;branch:1c3c9;branch:1c4dc;branch:1c5a6
0x000811dc	0x000817ac	branch:1acef;branch:1d3a7;unique-fid
0x00081228	0x000817f8	branch:1bd91;branch:2c6d0;branch:2c94f;branch:30841
0x00081890	0x00081e60	branch:ff88;branch:ff97;branch:19deb;branch:19dfc
0x000818a0	0x00081e70	branch:149e4;branch:14a23;branch:14d4b;branch:14d7e
0x00081920	0x00081ef0	branch:14d66;unique-fid
0x00081940	0x00081f10	branch:19a0c;branch:19a98;branch:19b21;branch:19bab
0x00081980	0x00081f50	branch:81967;unique-fid
0x000819e0	0x00081fb0	branch:199fd;branch:19a89;branch:19b15;branch:19b9f
0x00081a50	0x00082020	unique-fid;branch:81a9c
0x00081a90	0x00082060	branch:199cd;branch:19a46;branch:19ae9;branch:19b6f
0x00081ab0	0x00082080	branch:1d36b;branch:1d388
0x00081b00	0x000820d0	branch:24d02;branch:73e42;branch:73e80;branch:73ebe
0x00081c50	0x00082220	unique-fid
0x00081ce0	0x000822b0	branch:3b547;unique-fid
0x00081d00	0x000822d0	branch:44649;branch:5bbdc;unique-fid
0x00081d10	0x000822e0	branch:7384b;unique-fid
0x00081d40	0x00082310	unique-fid;branch:82780
0x00081d70	0x00082340	branch:500bc;branch:500e8;branch:50114;branch:50140
0x00081d90	0x00082360	unique-fid;branch:8283a;branch:892b6;branch:89437
0x00081db0	0x00082380	branch:81d79;branch:81d99;unique-fid
0x00081e40	0x00082410	branch:81db2;branch:891b1
0x00081e50	0x00082420	branch:81e27;branch:891fc;branch:89233
0x00081e60	0x00082430	branch:81d55;branch:81d67;branch:81e09;branch:81e1b
0x00081e80	0x00082450	branch:55872;branch:59c82;branch:59f5e;branch:5b788
0x00081eb0	0x00082480	branch:58600;branch:5cc38;branch:78c05;branch:78d70
0x00081ef0	0x000824c0	branch:81ecf;unique-fid
0x00082040	0x00082610	branch:585ea;branch:5865c;branch:5867b;unique-fid
0x00082080	0x00082650	branch:8205a;unique-fid
0x00082120	0x000826f0	branch:58668;branch:78593;branch:78a3b;unique-fid
0x00082150	0x00082720	branch:820ae;branch:82130;unique-fid
0x00082300	0x000828d0	branch:599bf;branch:59c19;branch:59c3e;branch:59ef3
0x00082340	0x00082910	branch:5d352;order-fid
0x00082380	0x00082950	branch:81a15;branch:8235f;unique-fid
0x00082500	0x00082ad0	branch:5da92;branch:5daaf;branch:7635e;branch:764bc
0x00082580	0x00082b50	branch:82542;unique-fid;branch:82bec;branch:82f8b
0x00082610	0x00082be0	branch:5d79c;unique-fid
0x000826c0	0x00082c90	unique-fid
0x00082860	0x00082e30	branch:82731;unique-fid;branch:83512;branch:8412b
0x00082890	0x00082e60	branch:1b43;branch:3a5d7;branch:3e72d;branch:45bac
0x00082900	0x00082ed0	branch:828c8;unique-fid
0x00082990	0x00082f60	branch:173f;branch:38e0e;branch:38e23;branch:38e38
0x00082a10	0x00082fe0	branch:829d2;unique-fid;branch:82fd7
0x00082c40	0x00083210	branch:1559;branch:39ffb;branch:3e33b;branch:45b4d
0x00082c60	0x00083230	branch:82c51;unique-fid;branch:85ade
0x000830c0	0x00083690	branch:38c16;branch:38c2b;branch:38c40;branch:38c55
0x00083140	0x00083710	branch:83102;unique-fid;branch:87635
0x00083340	0x00083910	branch:39fa5;branch:39fc3;branch:48cad;unique-fid
0x00083410	0x000839e0	branch:39f42;branch:4849b;branch:48c01;branch:76fab
0x000834c0	0x00083a90	branch:5cbc8;unique-fid
0x00083510	0x00083ae0	rdata:8c5a0;rdata:8c5a4;rdata:8c5a8;rdata:8c678
0x00083520	0x00083af0	branch:78c78;unique-fid
0x00083590	0x00083b60	branch:803d7;branch:80480;branch:805ae;unique-fid
0x00083650	0x00083c20	branch:8363d;unique-fid
0x000838f0	0x00083ec0	branch:838d1;unique-fid
0x000839d0	0x00083fa0	branch:8373b;branch:83950;unique-fid
0x00083a70	0x00084040	branch:835c6;unique-fid;branch:83bb3
0x00083b60	0x00084130	branch:83865;branch:839a5;unique-fid
0x00083c00	0x000841d0	branch:83bdc;unique-fid
0x00083d50	0x00084320	branch:83b7c;unique-fid
0x00083f50	0x00084520	branch:83892;branch:83cda;unique-fid
0x00083fd0	0x000845a0	branch:83de5;branch:83e52;branch:83e9f;branch:83ef0
0x00084000	0x000845d0	branch:8043b;branch:83ae7;unique-fid
0x00084050	0x00084620	branch:82726;unique-fid
0x000840b0	0x00084680	branch:8408e;unique-fid;branch:84110
0x000840d0	0x000846a0	branch:80517;branch:81d00;branch:81d10;branch:83696
0x00084140	0x00084710	branch:80748;branch:82487;unique-fid;branch:84c96
0x00084290	0x00084860	branch:8071f;unique-fid
0x00084c70	0x00085240	branch:8449e;branch:844c7;unique-fid;branch:84cde
0x00084cc0	0x00085290	branch:84a74;branch:84abf;branch:84b52;unique-fid
0x00084d00	0x000852d0	branch:84a93;branch:84b06;branch:84b2a;unique-fid
0x00084d40	0x00085310	branch:843a1;branch:843f4;branch:845c9;branch:8463d
0x00084d50	0x00085320	branch:84734;unique-fid
0x00084d70	0x00085340	branch:84548;unique-fid
0x00084d80	0x00085350	branch:8077c;branch:807c4;unique-fid;branch:8503b
0x00084e20	0x000853f0	branch:82721;unique-fid
0x00084e40	0x00085410	branch:80a3f;unique-fid;branch:87a6c;branch:8acd8
0x00084e80	0x00085450	branch:80a9f;unique-fid
0x00084ea0	0x00085470	unique-fid;branch:84ef7;branch:84fcc
0x00084ef0	0x000854c0	branch:80a95;unique-fid
0x00085150	0x00085720	unique-fid;branch:854fc
0x000851d0	0x000857a0	branch:851b7;unique-fid;branch:8548b
0x000852c0	0x00085890	unique-fid;branch:854c2
0x00085330	0x00085900	branch:85318;unique-fid;branch:8546d
0x000853f0	0x000859c0	unique-fid;branch:854df
0x00085510	0x00085ae0	branch:85201;branch:85388;branch:853a0;branch:853cc
0x00085540	0x00085b10	branch:84051;unique-fid
0x00085570	0x00085b40	branch:833aa;branch:83465;branch:84e42;unique-fid
0x000855e0	0x00085bb0	branch:833f6;branch:834a3;branch:84e63;branch:84e73
0x00085600	0x00085bd0	branch:8195e;branch:819fd;branch:81eb7;branch:82047
0x00085640	0x00085c10	branch:85813;branch:85bc8
0x00085670	0x00085c40	branch:81972;branch:81a2c;branch:81a7d;branch:81eda
0x000856b0	0x00085c80	branch:85868;branch:85bdf
0x000856e0	0x00085cb0	branch:8199d;unique-fid
0x00085720	0x00085cf0	unique-fid;branch:85830;branch:85849
0x00085760	0x00085d30	branch:81992;branch:820c3;branch:82420;branch:83533
0x000857e0	0x00085db0	branch:857d2;unique-fid
0x000858a0	0x00085e70	branch:81a06;unique-fid
0x00085940	0x00085f10	branch:81a23;unique-fid
0x00085980	0x00085f50	branch:81a72;unique-fid
0x00085b90	0x00086160	branch:81a52;unique-fid
0x00085e90	0x00086460	unique-fid
0x00085ece	0x0008649e	unique-fid
0x00085f0b	0x000864db	unique-fid
0x00085f53	0x00086523	branch:85f4b;unique-fid;branch:860b6
0x00085f5a	0x0008652a	branch:85eb7;branch:85efb;unique-fid
0x0008608b	0x0008665b	unique-fid
0x000860be	0x0008668e	branch:85f1b;branch:85f29;branch:8609b;unique-fid
0x00086100	0x000866d0	branch:81fbf;unique-fid
0x00086200	0x000867d0	branch:825d1;branch:826a0;branch:82958;branch:82ad1
0x00086280	0x00086850	branch:82106;branch:8220d;branch:8255a;branch:82594
0x00086290	0x00086860	branch:82565;branch:828eb;branch:829f5;branch:82aad
0x000862a0	0x00086870	branch:82740;unique-fid
0x00086480	0x00086a50	branch:82e6a;unique-fid
0x000865d0	0x00086ba0	branch:82f37;unique-fid
0x00086680	0x00086c50	branch:8294b;unique-fid
0x00086720	0x00086cf0	branch:82587;branch:82912;branch:8291e;branch:8292b
0x00086770	0x00086d40	branch:8252f;branch:828bf;branch:829bf;branch:830ef
0x000867e0	0x00086db0	branch:8254d;branch:828d3;branch:829dd;branch:82ed4
0x00086810	0x00086de0	branch:82666;unique-fid
0x000868a0	0x00086e70	branch:8282a;unique-fid
0x000869f0	0x00086fc0	branch:868b4;unique-fid
0x00086a20	0x00086ff0	branch:827b1;unique-fid
0x00086a40	0x00087010	branch:86a29;unique-fid
0x00086a80	0x00087050	branch:8277b;unique-fid
0x00086b60	0x00087130	branch:82776;unique-fid
0x00086c00	0x000871d0	branch:86b9d;branch:86bdd;unique-fid
0x00086de0	0x000873b0	branch:82755;unique-fid
0x00086f80	0x00087550	unique-fid;branch:87292
0x000871b0	0x00087780	branch:86f96;unique-fid
0x00087200	0x000877d0	branch:8707c;branch:870f3;unique-fid
0x00087260	0x00087830	branch:86fc0;branch:87173;unique-fid
0x00087290	0x00087860	branch:82745;unique-fid
0x00087361	0x00087931	unique-fid
0x00087380	0x00087950	branch:82869;unique-fid
0x000873c0	0x00087990	branch:82873;branch:8739c;branch:873b4;unique-fid
0x000875b0	0x00087b80	branch:82fec;unique-fid
0x000876f0	0x00087cc0	branch:8501a;unique-fid
0x00087740	0x00087d10	branch:833c9;branch:833d3;branch:83484;branch:8348e
0x000878d0	0x00087ea0	branch:838e1;branch:83b4e;branch:83f32;branch:83fa5
0x00087950	0x00087f20	branch:8359d;branch:83670;branch:836d0;branch:836f6
0x000879d0	0x00087fa0	branch:836c4;branch:83db5;branch:83e05;branch:83e70
0x000879f0	0x00087fc0	branch:83dc8;branch:83e18;branch:83e83;branch:83ec5
0x00087a10	0x00087fe0	branch:83ed5;branch:8789b;unique-fid
0x00087a30	0x00088000	branch:8406e;branch:840f0;unique-fid;branch:87b41
0x00087a90	0x00088060	branch:841bc;branch:86137;unique-fid
0x00087ae0	0x000880b0	branch:841af;branch:858aa;unique-fid
0x00087c00	0x000881d0	branch:84556;branch:84617;branch:84ae7;unique-fid
0x00087c30	0x00088200	branch:87c16;unique-fid
0x00087cd0	0x000882a0	branch:848af;unique-fid
0x00087d40	0x00088310	branch:84893;unique-fid
0x00087dc0	0x00088390	branch:84dec;unique-fid
0x00087ef0	0x000884c0	unique-fid;branch:87f3f
0x00087f30	0x00088500	branch:84e8a;unique-fid
0x00087f50	0x00088520	branch:87efe;unique-fid
0x00088000	0x000885d0	branch:87f17;unique-fid
0x00088090	0x00088660	unique-fid
0x000880a0	0x00088670	unique-fid;branch:881db
0x00088110	0x000886e0	unique-fid;branch:881ed
0x00088180	0x00088750	unique-fid;branch:883d5;branch:88436
0x00088230	0x00088800	unique-fid;branch:883c0;branch:88417
0x00088250	0x00088820	unique-fid;branch:883a0;branch:883f5;branch:88462
0x00088260	0x00088830	unique-fid;branch:88384
0x00088280	0x00088850	unique-fid;branch:88425;branch:8844a;branch:8847b
0x00088330	0x00088900	unique-fid
0x00088500	0x00088ad0	aligned-0:8856c;aligned-1:8856c;aligned-2:8856c
0x00088520	0x00088af0	aligned-0:885ac;aligned-1:885ac;aligned-2:885ac
0x00088540	0x00088b10	branch:85114
0x00088580	0x00088b50	branch:85136
0x000885c0	0x00088b90	branch:851a1;branch:85307;branch:85439;unique-fid
0x00088650	0x00088c20	branch:8516a;branch:852da;branch:8540c;unique-fid
0x000886e0	0x00088cb0	branch:88660;unique-fid
0x000887a0	0x00088d70	branch:85743;unique-fid
0x00088850	0x00088e20	branch:85ee8;branch:860b1;unique-fid
0x000888b7	0x00088e87	branch:85eab;branch:85f46;unique-fid
0x00088c70	0x00089240	branch:88bb2;unique-fid
0x00088cf0	0x000892c0	branch:86079;unique-fid
0x00088e10	0x000893e0	branch:8685b;branch:877ec;unique-fid
0x00089040	0x00089610	branch:88e85;unique-fid
0x00089070	0x00089640	branch:87555;unique-fid
0x00089110	0x000896e0	branch:87617;branch:87669;unique-fid
0x00089180	0x00089750	branch:875b5;unique-fid
0x000892a0	0x00089870	branch:87945;unique-fid
0x000892c0	0x00089890	branch:87bee;unique-fid
0x00089360	0x00089930	branch:892ac;unique-fid
0x00089540	0x00089b10	branch:893ad;unique-fid
0x00089580	0x00089b50	unique-fid
0x000895c0	0x00089b90	branch:88149;branch:88164;unique-fid;branch:89601
0x000895f0	0x00089bc0	unique-fid;branch:8973d;branch:8976c;branch:8a221
0x00089660	0x00089c30	unique-fid;branch:89724;branch:8972f;branch:89746
0x000896a0	0x00089c70	unique-fid;branch:8a1cf;branch:8aec8
0x000896e0	0x00089cb0	unique-fid;branch:89cee
0x000897d0	0x00089da0	unique-fid
0x00089f20	0x0008a4f0	branch:88680;unique-fid
0x0008a2c0	0x0008a890	unique-fid;branch:8a41b;branch:8a442
0x0008a300	0x0008a8d0	unique-fid;branch:8a49b
0x0008a370	0x0008a940	unique-fid;branch:8aa79
0x0008a460	0x0008aa30	branch:88c99;branch:88cc4;unique-fid
0x0008a480	0x0008aa50	branch:88c7d;unique-fid
0x0008a530	0x0008ab00	branch:88da7;unique-fid
0x0008a8a0	0x0008ae70	branch:88d48;unique-fid
0x0008ab60	0x0008b130	branch:88de0;unique-fid
0x0008ab90	0x0008b160	branch:88dd1;order-fid
0x0008aba0	0x0008b170	branch:8a651;unique-fid
0x0008abc0	0x0008b190	branch:8a7ab;unique-fid
0x0008abe0	0x0008b1b0	branch:88db9;unique-fid
0x0008ac20	0x0008b1f0	branch:8a8c4;branch:8a8e5;branch:8a90b;branch:8ab2a
0x0008ad10	0x0008b2e0	branch:8a144;unique-fid;branch:8b028
0x0008afc0	0x0008b590	branch:89d48;branch:8a127;unique-fid
0x0008b03c	0x0008b60c	branch:80203;branch:80377
0x0008b050	0x0008b620	branch:76483;unique-fid
0x0008b070	0x0008b640	branch:7fad7;unique-fid
0x0008c000	0x0008c000	reloc:1019;reloc:10b1;rdata-site
0x0008c010	0x0008c010	reloc:253c;reloc:2612;rdata-site
0x0008c028	0x0008c028	reloc:8301
0x0008c068	0x0008c068	reloc:8111;rdata-site
0x0008c0a8	0x0008c0a8	reloc:1ce70
0x0008c0ac	0x0008c0ac	reloc:1faf0
0x0008c0b0	0x0008c0b0	reloc:1dfd1
0x0008c0b4	0x0008c0b4	reloc:1fef8
0x0008c0b8	0x0008c0b8	reloc:1e662
0x0008c0bc	0x0008c0bc	reloc:1e9c3
0x0008c0c0	0x0008c0c0	reloc:1ea03;reloc:1ea37
0x0008c390	0x0008c390	reloc:348df;reloc:34b59
0x0008c3c8	0x0008c3c8	reloc:252d9;reloc:2559d;rdata-site
0x0008c3d8	0x0008c3d8	reloc:376f1;reloc:37723
0x0008c3dc	0x0008c3dc	reloc:3773f
0x0008c3e0	0x0008c3e0	reloc:3775b
0x0008c3e4	0x0008c3e4	reloc:37777
0x0008c3e8	0x0008c3e8	reloc:37793
0x0008c3ec	0x0008c3ec	reloc:377f1;reloc:3781d
0x0008c3f0	0x0008c3f0	reloc:37861
0x0008c3f4	0x0008c3f4	reloc:3787d
0x0008c3f8	0x0008c3f8	reloc:37899
0x0008c478	0x0008c478	reloc:48061;reloc:4888a;rdata-site
0x0008c498	0x0008c498	reloc:4b4b9;rdata-site
0x0008c4a8	0x0008c4a8	reloc:5ac61;rdata-site
0x0008c528	0x0008c528	reloc:6ecc9;reloc:6ed3e;rdata-site
0x0008c5a0	0x0008c5a0	reloc:73db7;rdata-site
0x0008c5b0	0x0008c5b0	reloc:73f9c;rdata-site
0x0008c5c0	0x0008c5c0	reloc:75849;rdata-site
0x0008c5d0	0x0008c5d0	reloc:766ee;rdata-site
0x0008c5e0	0x0008c5e0	reloc:77816;rdata-site
0x0008c5f0	0x0008c5f0	reloc:79798;reloc:797b6;reloc:7981d;rdata-site
0x0008c5fc	0x0008c5fc	reloc:79b38;reloc:79b96;rdata-site
0x0008c600	0x0008c600	reloc:7a6c6;reloc:7a6e6;reloc:7a737;reloc:7a788
0x0008c608	0x0008c608	reloc:7aa07;reloc:7aa26;reloc:7aa8d;rdata-site
0x0008c618	0x0008c618	reloc:7adeb;reloc:7ae16;reloc:7ae8d;reloc:7afc6
0x0008c624	0x0008c624	reloc:7b2e3;reloc:7b3c1;rdata-site
0x0008c628	0x0008c628	reloc:7c0c5;rdata-site
0x0008c634	0x0008c634	reloc:7cf17;reloc:7cf36;reloc:7cf8c;rdata-site
0x0008c638	0x0008c638	reloc:7cff8;reloc:7d003;reloc:7d05b;rdata-site
0x0008c648	0x0008c648	reloc:7e10c;reloc:7e136;rdata-site
0x0008c658	0x0008c658	reloc:7ee38;reloc:7ee43;rdata-site
0x0008c668	0x0008c668	reloc:7ef07;reloc:7ef36;rdata-site
0x0008c678	0x0008c678	reloc:7f683;rdata-site
0x0008c684	0x0008c684	reloc:7f988;reloc:7fa26;rdata-site
0x0008c688	0x0008c688	reloc:7fa9a;reloc:7fbe6;rdata-site
0x0008c68c	0x0008c68c	reloc:7fc2d;rdata-site
0x0008e170	0x0008e170	aligned-0:33dc;aligned-1:33dc;aligned-2:33dc
0x0008e178	0x0008e178	reloc:56f3;reloc:5782
0x0008e17c	0x0008e17c	reloc:5404;reloc:57a0;reloc:5c626;reloc:5ca97
0x0008e180	0x0008e180	reloc:5459;reloc:5485;reloc:554f;reloc:555e
0x0008e184	0x0008e184	reloc:4f35;reloc:54d6;reloc:550a;reloc:5b082
0x0008e188	0x0008e188	reloc:54e7;reloc:5c5a2;reloc:5c5c3;reloc:5c5e4
0x0008e18c	0x0008e18c	reloc:54f8;reloc:5ccc5;reloc:5ccdd
0x0008e190	0x0008e190	reloc:4cc7;reloc:4d82
0x0008e198	0x0008e198	reloc:3f8f;reloc:3fa6;reloc:4056;reloc:473b
0x0008e59c	0x0008e59c	reloc:3f01;reloc:3f10;reloc:4267;reloc:4274
0x0008e5a4	0x0008e5a4	reloc:525a
0x0008e5a8	0x0008e5a8	reloc:36a4;reloc:3870;reloc:39e1;reloc:3a26
0x0008e5ac	0x0008e5ac	reloc:388b;reloc:53f1;reloc:53f7
0x0008e5b0	0x0008e5b0	reloc:364b;reloc:3657;reloc:365d;reloc:37a3
0x0008e5b4	0x0008e5b4	reloc:36fd;reloc:3711;reloc:3717;reloc:3823
0x0008e5b8	0x0008e5b8	reloc:39c3;reloc:3bbf;reloc:3bc5;reloc:3cc8
0x0008e5bc	0x0008e5bc	reloc:3703;reloc:3757;reloc:375d;reloc:3768
0x0008e5c0	0x0008e5c0	reloc:4051;reloc:40e1;reloc:4111;reloc:472d
0x0008e5c4	0x0008e5c4	reloc:3676
0x0008e5e8	0x0008e5e8	reloc:373d
0x0008e60c	0x0008e60c	reloc:37c2;reloc:3803;reloc:3842
0x0008e670	0x0008e670	reloc:389f;reloc:3900;reloc:3945;reloc:398b
0x0008e674	0x0008e674	reloc:3e30
0x0008e6f8	0x0008e6f8	reloc:3be6;reloc:3d5a;reloc:3d9a;reloc:3de5
0x0008e800	0x0008e800	reloc:4080
0x0008e824	0x0008e824	reloc:4136
0x0008e848	0x0008e848	reloc:41e3;reloc:422c
0x0008e84c	0x0008e84c	reloc:4290;reloc:42a2
0x0008e8c0	0x0008e8c0	reloc:471f;reloc:476c
0x0008e904	0x0008e904	reloc:4801;reloc:48d1
0x0008e948	0x0008e948	reloc:49f3;reloc:4a4e;reloc:4a8c;reloc:4acd
0x0008e94c	0x0008e94c	reloc:4c8c;reloc:4d33;reloc:4d5c;reloc:4d90
0x0008e950	0x0008e950	reloc:4d9c;reloc:535b
0x0008e954	0x0008e954	reloc:4c12;reloc:4c20;reloc:4e99;reloc:4ec1
0x0008e9fc	0x0008e9fc	reloc:53ce;reloc:53d4;reloc:53e5;reloc:5430
0x0008eb18	0x0008eb18	reloc:5ad3;reloc:611a;reloc:6128;reloc:6e2f
0x0008eb20	0x0008eb20	reloc:6de3
0x0008eb30	0x0008eb30	reloc:6309;reloc:6df4
0x0008eb3c	0x0008eb3c	reloc:5b0b;reloc:60f3
0x0008eb40	0x0008eb40	reloc:5b15;reloc:60ee;reloc:6182
0x0008eb44	0x0008eb44	reloc:5b04;reloc:6086;reloc:608d;reloc:6094
0x0008eb48	0x0008eb48	equal-displacement-bracket
0x0008ed8c	0x0008ed8c	reloc:b67c;reloc:b6ce;reloc:b7ad;reloc:b7ff
0x0008f1e4	0x0008f1e4	reloc:14ec7;reloc:14f8d;reloc:15080;reloc:15087
0x0008f1e8	0x0008f1e8	reloc:13ccd;reloc:13d0a
0x0008f1ec	0x0008f1ec	reloc:13e7f;reloc:1401d;reloc:14024
0x0008f1f0	0x0008f1f0	reloc:13d1a;reloc:13f0e;reloc:13f38;reloc:14126
0x0008f1f4	0x0008f1f4	reloc:13d3c;reloc:13f16;reloc:14161;reloc:14250
0x0008f1fc	0x0008f1fc	reloc:149ba;reloc:149df;reloc:14a1e;reloc:14d46
0x0008f200	0x0008f200	reloc:1446a
0x0008f214	0x0008f214	reloc:148f1
0x0008f234	0x0008f234	reloc:14a68
0x0008f26c	0x0008f26c	reloc:150f2
0x0008f28c	0x0008f28c	reloc:15832;reloc:158c0;reloc:15900;reloc:15956
0x0008f2b0	0x0008f2b0	reloc:157d0;reloc:15808;reloc:15870;reloc:158b0
0x0008f4d4	0x0008f4d4	reloc:18975;reloc:189bd
0x0008f510	0x0008f510	reloc:18a6f;reloc:18ab7
0x0008f54c	0x0008f54c	reloc:35958;reloc:35c6c
0x0008f55c	0x0008f55c	reloc:1bfe8;reloc:1c013;reloc:1c047;reloc:1d56f
0x0008f560	0x0008f560	reloc:1bff2;reloc:1c01d;reloc:1c068;reloc:1c07d
0x0008f590	0x0008f590	reloc:19a3d
0x0008f594	0x0008f594	reloc:19a42
0x0008f59c	0x0008f59c	reloc:19a68
0x0008f7b8	0x0008f7b8	reloc:1f361;reloc:1f3ce;reloc:1fae0
0x0008f824	0x0008f824	aligned-0:242e4;aligned-0:24300;aligned-0:24477;aligned-1:242e4
0x0008f828	0x0008f828	bracketed-conflict:8f824:8f82c
0x0008f82c	0x0008f82c	reloc:3600e;reloc:361a9;reloc:361bc
0x0008f830	0x0008f830	reloc:1baf4
0x0008f834	0x0008f834	aligned-0:2d0e3;aligned-0:2d107;aligned-1:2d0e3;aligned-1:2d107
0x0008f838	0x0008f838	reloc:26a4c;reloc:26c3c;reloc:27b9c;reloc:27bda
0x0008f83c	0x0008f83c	reloc:26a47;reloc:26c36;reloc:27b97;reloc:27bd4
0x0008f840	0x0008f840	reloc:255d5;reloc:267f3;reloc:28cf1;reloc:2cb5a
0x0008f844	0x0008f844	reloc:2cc58
0x0008f848	0x0008f848	bracketed-conflict:8f844:8f850
0x0008f84c	0x0008f84c	bracketed-conflict:8f844:8f850
0x0008f850	0x0008f850	reloc:2c9c2;reloc:2cb34;reloc:2d267;reloc:2d640
0x0008fae8	0x0008fae8	reloc:275a7;reloc:275be;reloc:275c4
0x0008ff4c	0x0008ff4c	aligned-0:2ce0d;aligned-0:2ce23;aligned-1:2ce0d;aligned-1:2ce23
0x0008ff50	0x0008ff50	aligned-0:2ce3c;aligned-0:2ce52;aligned-1:2ce3c;aligned-1:2ce52
0x000904a4	0x000904a4	aligned-0:33b71;aligned-0:33b77;aligned-0:33bb8;aligned-1:33b71
0x00090600	0x00090600	reloc:26f2e;reloc:27c71;reloc:52fd6;reloc:53194
0x000906c0	0x000906c0	aligned-0:3bbaf;aligned-0:3be00;aligned-1:3bbaf;aligned-1:3be00
0x000909c0	0x000909c0	reloc:426c6
0x000909cc	0x000909cc	reloc:444dc;reloc:444e5;reloc:444f1;reloc:444f6
0x00090abc	0x00090abc	reloc:46ae6;reloc:46db7;reloc:4826d;reloc:485e5
0x00090cfc	0x00090cfc	reloc:4a227;reloc:4a280
0x00090d50	0x00090d50	reloc:4d449;reloc:4d456;reloc:4d465;reloc:4d507
0x00090d54	0x00090d54	reloc:4b740;reloc:4ca0b
0x00090db0	0x00090db0	reloc:4cafc;reloc:4cba2
0x00091058	0x00091058	reloc:4ce15
0x00091078	0x00091078	reloc:4ce3b
0x00091098	0x00091098	reloc:6ab86
0x000910d8	0x000910d8	reloc:6b343
0x0009113e	0x0009113e	aligned-0:23b1b;aligned-1:23b1b;aligned-2:23b1b
0x00091140	0x00091140	reloc:204b1;reloc:20f1a;reloc:3829d;reloc:432d7
0x0009117f	0x0009117f	aligned-0:23b6d;aligned-1:23b6d;aligned-2:23b6d
0x00091180	0x00091180	reloc:2043d;reloc:20457;reloc:20ece;reloc:37107
0x000911a0	0x000911a0	reloc:3db53;reloc:432a2
0x000911c0	0x000911c0	reloc:f7cd;reloc:f819;reloc:10368;reloc:1047e
0x000912d0	0x000912d0	reloc:638d
0x000912f0	0x000912f0	reloc:6372
0x00091310	0x00091310	reloc:2b963;reloc:2b9fa;reloc:2ba6f
0x00091320	0x00091320	reloc:2b982;reloc:2ba8e;reloc:2bb95;reloc:2bbb7
0x00091350	0x00091350	reloc:8329
0x00091399	0x00091399	reloc:9256;reloc:c52f;reloc:21a91;reloc:4275d
0x000913a0	0x000913a0	reloc:263a;reloc:271d;reloc:cd70;reloc:cdfa
0x000913b8	0x000913b8	reloc:b5c2;reloc:b5f6;reloc:5164e
0x00091428	0x00091428	reloc:b701;reloc:b733;reloc:51674
0x000914f0	0x000914f0	reloc:519f1
0x00091500	0x00091500	reloc:51a05
0x00091520	0x00091520	reloc:51a23
0x00091580	0x00091580	reloc:b846;reloc:b871;reloc:b8a5;reloc:516a4
0x00091820	0x00091820	equal-displacement-bracket
0x00091828	0x00091828	equal-displacement-bracket
0x00091830	0x00091830	reloc:cbf7;reloc:dfaf;reloc:eb30;reloc:ee65
0x00091838	0x00091838	equal-displacement-bracket
0x00091848	0x00091848	reloc:29e6;reloc:2ac8;reloc:2b9d;reloc:59b7
0x00091868	0x00091868	reloc:c6c5;reloc:c776
0x00091a68	0x00091a68	reloc:ba63;reloc:518c5
0x00091a98	0x00091a98	reloc:1fcbf;reloc:1fd6c
0x00091ab8	0x00091ab8	aligned-0:3d344;aligned-1:3d344;aligned-2:3d344
0x00091b28	0x00091b28	aligned-0:22b2b;aligned-1:22b2b;aligned-2:22b2b
0x00091b48	0x00091b48	reloc:1bd23;reloc:1d63e;reloc:1d73f;reloc:1e5f1
0x00091bdc	0x00091bdc	aligned-0:24547;aligned-1:24547;aligned-2:24547
0x00091be0	0x00091be0	reloc:1517;reloc:1535;reloc:39f5a;reloc:45ab7
0x00091d40	0x00091d40	reloc:5adf4;reloc:5d915;reloc:5d935;reloc:5dbc0
0x00091ea0	0x00091ea0	reloc:5d8e8;reloc:5d908;reloc:5da44;reloc:5db8b
0x00092000	0x00092000	reloc:32cca;reloc:39f7f;reloc:579fc
0x00092018	0x00092018	reloc:3e31b;reloc:46c28
0x00092030	0x00092030	reloc:6d8f;reloc:34da2;reloc:455ac
0x00092038	0x00092038	reloc:6bc19
0x00092058	0x00092058	reloc:3ea04
0x00092060	0x00092060	reloc:130bf;reloc:3f96b;reloc:5171a;reloc:6660d
0x000923c8	0x000923c8	reloc:20308;reloc:20323
0x00092470	0x00092470	reloc:2048a
0x00092514	0x00092514	reloc:20e92;reloc:64075
0x00092518	0x00092518	reloc:204ee;reloc:22462;reloc:22486
0x00092590	0x00092590	reloc:5c37;reloc:6189;reloc:19f93;reloc:1a043
0x00092598	0x00092598	reloc:6d362;reloc:6d441
0x000925f8	0x000925f8	reloc:35b3d
0x00092638	0x00092638	reloc:2a7d3
0x00092738	0x00092738	reloc:2e27d;reloc:2e2b9
0x00092758	0x00092758	reloc:542bb
0x000927c8	0x000927c8	reloc:54292
0x00092838	0x00092838	reloc:5dc6b
0x00092948	0x00092948	reloc:81a9;reloc:e829
0x00092950	0x00092950	reloc:3c2dd
0x00092c4e	0x00092c4e	reloc:3c303
0x00092c50	0x00092c50	equal-displacement-bracket
0x00092c58	0x00092c58	reloc:42b9e
0x00092c60	0x00092c60	aligned-0:3c8f4;aligned-0:3cb8a;aligned-1:3c8f4;aligned-1:3cb8a
0x00092c68	0x00092c68	reloc:6d79c;reloc:6d7c7
0x00092cf8	0x00092cf8	reloc:1e644
0x00092d00	0x00092d00	reloc:7388c;reloc:79ab6;reloc:79e24;reloc:79f2a
0x00092e00	0x00092e00	reloc:12c10;reloc:12c2d;reloc:25fb6;reloc:25fe9
0x00092e04	0x00092e04	reloc:66769;reloc:66789;reloc:6efe6;reloc:6f006
0x00092e08	0x00092e08	reloc:3b28;reloc:3b34;reloc:5230;reloc:523c
0x00092e0c	0x00092e0c	reloc:3b47;reloc:3b53;reloc:5245;reloc:5251
0x00092e10	0x00092e10	reloc:6eaf;reloc:701b;reloc:36ef8
0x00092e14	0x00092e14	reloc:6ea5;reloc:702d;reloc:70fe5;reloc:71009
0x00092e18	0x00092e18	reloc:11cc;reloc:1ed8;reloc:48837;reloc:53b2d
0x00092e1c	0x00092e1c	reloc:53b43;reloc:53b86;reloc:56757;reloc:56763
0x00092e20	0x00092e20	bracketed-conflict:92e1c:92e24
0x00092e24	0x00092e24	reloc:8878;reloc:53b6f;reloc:53b7a;reloc:56770
0x00092e28	0x00092e28	reloc:50fe2;reloc:510ed;reloc:76a07;reloc:76a55
0x00092e2c	0x00092e2c	reloc:50fec;reloc:51140;reloc:76b46
0x00092e30	0x00092e30	reloc:3784;reloc:38b9;reloc:492a;reloc:4947
0x00092e34	0x00092e34	reloc:27c88;reloc:513b1;reloc:5753b;reloc:57547
0x00092e38	0x00092e38	reloc:742d2;reloc:74489
0x00092e40	0x00092e40	reloc:5c963
0x0009302c	0x0009302c	reloc:57531;reloc:5792f;reloc:5c97a
0x00093030	0x00093030	reloc:39f8;reloc:5be02
0x00093034	0x00093034	reloc:6649;reloc:7302;reloc:3079f;reloc:3646b
0x00093038	0x00093038	reloc:5672;reloc:5b661;reloc:5b6da
0x00093040	0x00093040	reloc:1c33f;reloc:45b15;reloc:45bd5;reloc:45fc6
0x00093044	0x00093044	reloc:45a62;reloc:46152;reloc:5a835
0x00093048	0x00093048	reloc:119ab;reloc:28fe7;reloc:610b8;reloc:6dd6a
0x000930cc	0x000930cc	reloc:6d9e2
0x000930e0	0x000930e0	reloc:6ce70
0x00093178	0x00093178	aligned-0:5f24d;aligned-1:5f24d;aligned-2:5f24d
0x00093210	0x00093210	reloc:6ccd0;reloc:6cd70;reloc:6d89e
0x00093228	0x00093228	reloc:6ccc4;reloc:6cdae
0x00093240	0x00093240	reloc:deaf;reloc:dede;reloc:384ac;reloc:6c3bc
0x00093250	0x00093250	reloc:19d0;reloc:8c3b;reloc:8cb0;reloc:8d27
0x000932c0	0x000932c0	reloc:165cc;reloc:1673d;reloc:4d580;reloc:4d74e
0x0009332c	0x0009332c	aligned-0:5ef19;aligned-1:5ef19;aligned-2:5ef19
0x00093330	0x00093330	reloc:d16e;reloc:15d3b;reloc:15dca;reloc:3f210
0x000933a8	0x000933a8	reloc:bafb;reloc:515f3
0x000933c8	0x000933c8	reloc:bb2e;reloc:51612
0x00093428	0x00093428	aligned-0:2bf4d;aligned-1:2bf4d;aligned-2:2bf4d
0x00093448	0x00093448	aligned-0:1b1f8;aligned-0:2bf8d;aligned-0:5ea57;aligned-1:1b1f8
0x00093468	0x00093468	aligned-0:2c046;aligned-1:2c046;aligned-2:2c046
0x00093568	0x00093568	reloc:55b7d
0x000935f8	0x000935f8	reloc:603f0;reloc:607d0;reloc:60864;reloc:608f8
0x00093730	0x00093730	reloc:336f9
0x00093748	0x00093748	reloc:5132f
0x00093760	0x00093760	reloc:271ff
0x00093778	0x00093778	equal-displacement-bracket
0x00093798	0x00093798	equal-displacement-bracket
0x000937b8	0x000937b8	reloc:32ac2;reloc:32ae6;reloc:32b52;reloc:32b7c
0x000937e8	0x000937e8	reloc:32b0a
0x00093800	0x00093800	reloc:466dd;reloc:4673a;reloc:5303c;reloc:53265
0x00093810	0x00093810	reloc:53d1a
0x00093828	0x00093828	aligned-0:d347;aligned-0:3f2fa;aligned-1:d347;aligned-1:3f2fa
0x000938a0	0x000938a0	reloc:468ba
0x000938c8	0x000938c8	reloc:4696f
0x00093908	0x00093908	reloc:ba1f
0x00093968	0x00093968	reloc:2f1a5
0x00093998	0x00093998	reloc:6d9c4
0x000939e8	0x000939e8	reloc:e9f8
0x00093a20	0x00093a20	reloc:54024
0x00093a50	0x00093a50	reloc:55a5a
0x00093a54	0x00093a54	reloc:55a54
0x00093a58	0x00093a58	reloc:55a48
0x00093a5c	0x00093a5c	reloc:55a3c
0x00093a60	0x00093a60	reloc:3b6ff;reloc:47496;reloc:4756c
0x00093a78	0x00093a78	reloc:156a2
0x00093a98	0x00093a98	reloc:3fe6a
0x00093ab0	0x00093ab0	reloc:3fc0c
0x00093ad8	0x00093ad8	reloc:40cee
0x00093ae8	0x00093ae8	reloc:46740
0x00093b08	0x00093b08	reloc:385b9
0x00093b20	0x00093b20	reloc:38a29
0x00093b38	0x00093b38	reloc:70c58
0x00093b60	0x00093b60	reloc:6d6ad
0x00093b70	0x00093b70	aligned-0:106e6;aligned-1:106e6;aligned-2:106e6
0x00093b80	0x00093b80	reloc:8c41
0x00093bd8	0x00093bd8	equal-displacement-bracket
0x00093bf0	0x00093bf0	aligned-0:3aba1;aligned-1:3aba1;aligned-2:3aba1
0x00093d10	0x00093d10	equal-displacement-bracket
0x00093d40	0x00093d40	reloc:3b16c
0x00093d68	0x00093d68	reloc:57c3d
0x00093d80	0x00093d80	aligned-0:57ecc;aligned-1:57ecc;aligned-2:57ecc
0x00093d98	0x00093d98	aligned-0:57d83;aligned-1:57d83;aligned-2:57d83
0x00093db0	0x00093db0	aligned-0:57ea4;aligned-1:57ea4;aligned-2:57ea4
0x00093dc8	0x00093dc8	aligned-0:57d5b;aligned-1:57d5b;aligned-2:57d5b
0x00093de0	0x00093de0	reloc:57fd1
0x00093df0	0x00093df0	reloc:5810a
0x00093e00	0x00093e00	reloc:580e2
0x00093e10	0x00093e10	reloc:5821c
0x00093e28	0x00093e28	reloc:582fd
0x00093e38	0x00093e38	reloc:583ff
0x00093e48	0x00093e48	reloc:12707;reloc:12849
0x00093e78	0x00093e78	reloc:ba00
0x00093e98	0x00093e98	reloc:53bd7
0x00093ef0	0x00093ef0	reloc:47634;reloc:4a432
0x00093f00	0x00093f00	reloc:47657;reloc:4a4dc
0x00093f18	0x00093f18	reloc:3bf38
0x00093f40	0x00093f40	reloc:55233
0x00093f68	0x00093f68	reloc:3bf69
0x00093f90	0x00093f90	reloc:473e3
0x00093f9c	0x00093f9c	equal-displacement-bracket
0x00093fa0	0x00093fa0	equal-displacement-bracket
0x00093fb0	0x00093fb0	reloc:55328
0x00093fc8	0x00093fc8	reloc:3b6d7
0x00093fe0	0x00093fe0	reloc:4746e;reloc:47544
0x00093ff8	0x00093ff8	reloc:32b2e
0x00094008	0x00094008	reloc:5dc79
0x00094118	0x00094118	reloc:55a4e
0x0009411c	0x0009411c	reloc:55a42
0x00094120	0x00094120	reloc:4a3e4
0x00094124	0x00094124	reloc:4a47d
0x00094128	0x00094128	reloc:51cb7;reloc:6c31d;reloc:6c97b
0x0009412c	0x0009412c	reloc:4039c;reloc:40f26;reloc:51cc6
0x00094130	0x00094130	reloc:4f4f;reloc:71f3e;reloc:71fec
0x00094134	0x00094134	reloc:4f42;reloc:4bf3c
0x00094138	0x00094138	reloc:5af81;reloc:5b2c4;reloc:5cb50
0x0009413c	0x0009413c	reloc:5aeca;reloc:5b324;reloc:5b45f
0x00094140	0x00094140	reloc:2a0a6;reloc:2a35f;reloc:2a83a;reloc:2aa4d
0x00094144	0x00094144	reloc:368a7;reloc:62a4e;reloc:62fe4
0x00094148	0x00094148	reloc:56a13;reloc:56a2a;reloc:56a41;reloc:56a58
0x0009414c	0x0009414c	reloc:2705f;reloc:27071;reloc:27097
0x00094150	0x00094150	reloc:70ae0;reloc:70aff;reloc:70b46;reloc:71869
0x00094154	0x00094154	aligned-0:4b178;aligned-0:4b19f;aligned-0:6738f;aligned-0:673cd
0x00094158	0x00094158	reloc:70ae8;reloc:70af1;reloc:70afa;reloc:70b4e
0x0009415c	0x0009415c	reloc:71a20;reloc:71d54;reloc:79ec3
0x00094160	0x00094160	reloc:264bb;reloc:2652a;reloc:62e38;reloc:62e57
0x00094164	0x00094164	reloc:6570;reloc:134e2;reloc:13780;reloc:19fa7
0x00094168	0x00094168	reloc:52ea5
0x0009416c	0x0009416c	reloc:1a0e;reloc:5445c;reloc:5450d
0x00094170	0x00094170	reloc:1065;reloc:129b;reloc:12a9;reloc:5444d
0x00094174	0x00094174	reloc:36a49;reloc:36a5a;reloc:62e28;reloc:62e47
0x00094180	0x00094180	reloc:4f65f;reloc:4f672;reloc:4f6a3
0x0009ea98	0x0009ea98	reloc:50052
0x0009ea9c	0x0009ea9c	aligned-0:5017a;aligned-0:50190;aligned-1:5017a;aligned-1:50190
0x0009f040	0x0009f040	reloc:531a7;reloc:531ba;reloc:53939
0x0009f468	0x0009f468	reloc:54f98;reloc:54faa
0x0009f534	0x0009f534	reloc:55a16;reloc:55a29
0x0009f6b0	0x0009f6b0	reloc:57221
0x0009f808	0x0009f808	reloc:588cd;reloc:58c43;reloc:58d80;reloc:58ef2
0x0009f80c	0x0009f80c	reloc:588fc;reloc:5a2af;reloc:5a2bf;reloc:5a3bc
0x0009f824	0x0009f824	reloc:5876d
0x0009f828	0x0009f828	reloc:59bf0;reloc:59bfd;reloc:59ec8;reloc:59ed5
0x0009f82c	0x0009f82c	reloc:5a0cb;reloc:5a0d8;reloc:5a12a
0x0009f830	0x0009f830	reloc:5a087;reloc:5a091;reloc:5a0a8;reloc:5a0ec
0x0009f834	0x0009f834	reloc:5a9e6;reloc:5a9f6
0x0009f838	0x0009f838	reloc:5a3c2;reloc:5a7dc
0x0009f83c	0x0009f83c	reloc:5aa22;reloc:5aa2e;reloc:5aa3d
0x0009f840	0x0009f840	reloc:5853e;reloc:586d8;reloc:587a7;reloc:587d4
0x0009f844	0x0009f844	reloc:58a41;reloc:58bbc
0x0009f848	0x0009f848	reloc:5a5f3;reloc:5a65b
0x0009f84c	0x0009f84c	reloc:5a666;reloc:5a6bc;reloc:5a82f
0x0009f850	0x0009f850	reloc:586aa;reloc:58902;reloc:5a263;reloc:5a491
0x0009f954	0x0009f954	reloc:58e50;reloc:58e86;reloc:58edb;reloc:58f30
0x0009f958	0x0009f958	reloc:58fe4;reloc:5902e;reloc:59053;reloc:5905b
0x0009f9d0	0x0009f9d0	reloc:591d5;reloc:59203
0x0009fa6c	0x0009fa6c	reloc:59273;reloc:5929f
0x0009fa70	0x0009fa70	reloc:592e7;reloc:592ff
0x0009fc80	0x0009fc80	reloc:5a67b;reloc:5a6c7
0x0009fd08	0x0009fd08	reloc:5adee
0x0009fe50	0x0009fe50	reloc:5b93c;reloc:5ba79
0x0009fe58	0x0009fe58	reloc:5ba74
0x0009fe74	0x0009fe74	reloc:37dc;reloc:38db;reloc:3966;reloc:3b9e
0x0009fe78	0x0009fe78	reloc:36bb;reloc:40ca;reloc:4690;reloc:26fef
0x0009fe7c	0x0009fe7c	bracketed-conflict:9fe78:9fe80
0x0009fe80	0x0009fe80	reloc:55095;reloc:550a1;reloc:550ae;reloc:5b713
0x0009fef4	0x0009fef4	reloc:5bc66;reloc:5bc7f
0x0009fef8	0x0009fef8	reloc:5bc89;reloc:5bca4;reloc:5bcc4
0x0009fefc	0x0009fefc	reloc:54fb4;reloc:567c7;reloc:5bd71;reloc:5bf1c
0x0009ff2c	0x0009ff2c	reloc:5c283;reloc:5c296
0x0009ff30	0x0009ff30	reloc:5c24f;reloc:5c260
0x0009ff50	0x0009ff50	reloc:5c833;reloc:5c84f;reloc:5c884
0x000a0504	0x000a0504	reloc:62dd4;reloc:62de0;reloc:62deb
0x000a06a0	0x000a06a0	reloc:605ba;reloc:605dc
0x000a0800	0x000a0800	reloc:64479
0x000a0888	0x000a0888	reloc:687e5;reloc:68817;reloc:6882c
0x000a0a58	0x000a0a58	reloc:6c398;reloc:6c91f;reloc:6c9ba;reloc:6c9e8
0x000a0c40	0x000a10ec	reloc:73823
0x000a0c44	0x000a10f0	reloc:73834
0x000a0c7c	0x000a1128	reloc:742de;reloc:742f8;reloc:74304;reloc:74493
0x000a0c80	0x000a112c	reloc:74335;reloc:745c2
0x000a0c84	0x000a1130	reloc:7433c;reloc:745c9
0x000a0ce8	0x000a1194	reloc:74a8d
0x000a0d00	0x000a11ac	reloc:7601c
0x000a0d10	0x000a11bc	reloc:761af
0x000a0d24	0x000a11d0	reloc:7629a
0x000a0d44	0x000a11f0	reloc:76321
0x000a0dec	0x000a1298	reloc:764df
0x000a0df0	0x000a129c	reloc:764e6
0x000a0e0c	0x000a12b8	reloc:7653f
0x000a0e10	0x000a12bc	reloc:76546
0x000a0e2c	0x000a12d8	reloc:7659f
0x000a0e30	0x000a12dc	reloc:765a6
0x000a0e4c	0x000a12f8	reloc:7668f
0x000a0e50	0x000a12fc	reloc:76696
0x000a0e70	0x000a1318	reloc:769b0
0x000a0e7c	0x000a1324	reloc:76908;reloc:76914;reloc:76920;reloc:7696d
0x000a0e80	0x000a1328	reloc:76d2f
0x000a0e81	0x000a1329	reloc:76d46
0x000a0f28	0x000a13d0	reloc:7697f;reloc:7698d;reloc:76db7
0x000a0f2c	0x000a13d4	reloc:769cb;reloc:76c92;reloc:76d86
0x000a0f30	0x000a13d8	reloc:769d4
0x000a0f4c	0x000a13f4	reloc:76a5d
0x000a0f50	0x000a13f8	reloc:76a64
0x000a0f54	0x000a13fc	reloc:76a6a
0x000a0f64	0x000a140c	reloc:76a84
0x000a0f68	0x000a1410	reloc:76a8b
0x000a0f6c	0x000a1414	reloc:76a91
0x000a0f7c	0x000a1424	reloc:76aa1
0x000a0f80	0x000a1428	reloc:76aa8
0x000a0f84	0x000a142c	reloc:76aae
0x000a0f94	0x000a143c	reloc:76c9b
0x000a0fb0	0x000a1458	reloc:76d8f
0x000a0fd0	0x000a1478	reloc:78fe4;reloc:78ff5
0x000a1000	0x000a14a8	reloc:77055;reloc:7709f;reloc:770a6;reloc:774ca
0x000a1384	0x000a182c	reloc:776ec
0x000a138c	0x000a1834	reloc:770fe;reloc:77238;reloc:776dd
0x000a1390	0x000a1838	reloc:77045;reloc:7706c;reloc:7730b;reloc:774c0
0x000a14f8	0x000a19a0	reloc:77083;reloc:774fc
0x000a14fc	0x000a19a4	reloc:7708c;reloc:77505
0x000a1620	0x000a1ad0	reloc:5d876;reloc:5d87c;reloc:5d88c;reloc:5d94a
0x000a1694	0x000a1b44	aligned-0:77d75;aligned-1:77d75;aligned-2:77d75
0x000a1698	0x000a1b48	aligned-0:77d83;aligned-1:77d83;aligned-2:77d83
0x000a16c8	0x000a1b78	aligned-0:78088;aligned-1:78088;aligned-2:78088
0x000a16cc	0x000a1b7c	aligned-0:78096;aligned-1:78096;aligned-2:78096
0x000a16e8	0x000a1b98	reloc:7822b
0x000a16ec	0x000a1b9c	reloc:7823f
0x000a1708	0x000a1bb8	reloc:78576
0x000a170c	0x000a1bbc	reloc:78582
0x000a1728	0x000a1bd8	aligned-0:78774;aligned-1:78774;aligned-2:78774
0x000a172c	0x000a1bdc	aligned-0:7877f;aligned-1:7877f;aligned-2:7877f
0x000a1778	0x000a1c28	reloc:78a21;reloc:78bdb;reloc:78c5b;reloc:78d44
0x000a177c	0x000a1c2c	reloc:78a2a
0x000a1798	0x000a1c48	reloc:78be7
0x000a17b4	0x000a1c64	reloc:78c67
0x000a17d0	0x000a1c80	reloc:78d52
0x000a17ec	0x000a1c9c	reloc:78d9d
0x000a1808	0x000a1cb8	reloc:792b4;reloc:7938a;reloc:79456;reloc:7952c
0x000a180c	0x000a1cbc	reloc:792be;reloc:79394;reloc:79460;reloc:79536
0x000a1810	0x000a1cc0	reloc:79297;reloc:792db;reloc:7936d;reloc:793b1
0x000a1814	0x000a1cc4	reloc:792c8;reloc:7939e;reloc:7946a;reloc:79540
0x000a1818	0x000a1cc8	reloc:792d2;reloc:793a8;reloc:79474;reloc:7954a
0x000a1820	0x000a1cd0	reloc:7a197
0x000a1858	0x000a1d08	reloc:7a1b6
0x000a18a8	0x000a1d58	reloc:7a1d5
0x000a18c4	0x000a1d74	reloc:7a1f6
0x000a18e0	0x000a1d90	reloc:7a217
0x000a1920	0x000a1dd0	reloc:7a319
0x000a1934	0x000a1de4	reloc:7a33c
0x000a1948	0x000a1df8	reloc:7a35f
0x000a195c	0x000a1e0c	reloc:7a37d
0x000a1970	0x000a1e20	equal-displacement-bracket
0x000a1990	0x000a1e40	equal-displacement-bracket
0x000a1998	0x000a1e48	equal-displacement-bracket
0x000a19ac	0x000a1e5c	equal-displacement-bracket
0x000a19b4	0x000a1e64	equal-displacement-bracket
0x000a19e0	0x000a1e90	equal-displacement-bracket
0x000a1a00	0x000a1eb0	reloc:7a552
0x000a1a14	0x000a1ec4	reloc:7a57d
0x000a1a40	0x000a1ef0	reloc:7bf4d
0x000a1a44	0x000a1ef4	reloc:7bee6
0x000a1a5c	0x000a1f0c	reloc:7bf1e
0x000a1a74	0x000a1f24	reloc:7bf56
0x000a1aa0	0x000a1f50	reloc:79679;reloc:7974f;reloc:7c9b2
0x000a1ba0	0x000a2050	reloc:7c843;reloc:7c87b;reloc:7c8b6;reloc:7c8e8
0x000a1ba4	0x000a2054	reloc:7c864;reloc:7c881;reloc:7c99a;reloc:7c9b8
0x000a1bb4	0x000a2064	reloc:7cafd;reloc:7cb05;reloc:7cc13;reloc:7cd63
0x000a1bb8	0x000a2068	reloc:7caae;reloc:7cabf;reloc:7cb4b;reloc:7cb67
0x000a1bbc	0x000a206c	reloc:7cb23;reloc:7cb2b;reloc:7cba5;reloc:7cbb1
0x000a1bc0	0x000a2070	reloc:7cb50;reloc:7cb73;reloc:7cb83;reloc:7cb8b
0x000a1bc4	0x000a2074	reloc:7cb7d;reloc:7cb95;reloc:7cbb7;reloc:7cbc5
0x000a1bc8	0x000a2078	reloc:7d12d;reloc:7d162;reloc:7d16e;reloc:7d1ac
0x000a1bcc	0x000a207c	reloc:7d1bd;reloc:7d1f3;reloc:7d20b;reloc:7d238
0x000a1bd0	0x000a2080	reloc:7fdc1
0x000a1cd0	0x000a2180	reloc:7fdc9
0x000a1dd0	0x000a2280	reloc:7d29e;reloc:7d3a5
0x000a22b8	0x000a2768	reloc:7d2cd;reloc:7d3df
0x000a2a18	0x000a2ec8	reloc:7d2bc;reloc:7d3ce
0x000a2f00	0x000a33b0	reloc:7d7fa
0x000a2f40	0x000a33f0	reloc:7d7f4
0x000a2f80	0x000a3430	reloc:7d325;reloc:7d53d;reloc:7d555;reloc:7d584
0x000a2f84	0x000a3434	reloc:7d337;reloc:7d533;reloc:7d545;reloc:7d56a
0x000a2f88	0x000a3438	reloc:7d2f7
0x000a2f98	0x000a3448	reloc:7f0e9;reloc:7f0f4;reloc:7f1fc;reloc:7f207
0x000a2fb8	0x000a3468	reloc:ffb6;reloc:1aa54;reloc:1aab6;reloc:1aaf9
0x000a4620	0x000a4ad0	aligned-0:3158;aligned-0:3166;aligned-0:32ab;aligned-0:32b2
0x000a4624	0x000a4ad4	aligned-0:3103;aligned-0:3114;aligned-0:313b;aligned-0:3531
0x000a4628	0x000a4ad8	aligned-0:341a;aligned-0:3435;aligned-0:3466;aligned-0:359a
0x000a462c	0x000a4adc	aligned-0:3424;aligned-0:3430;aligned-0:3482;aligned-0:35d3
0x000a4630	0x000a4ae0	aligned-0:2e4a;aligned-0:2f6f;aligned-0:305e;aligned-0:3082
0x000a4634	0x000a4ae4	aligned-0:2e4f;aligned-0:2f7f;aligned-0:3059;aligned-0:307d
0x000a4638	0x000a4ae8	aligned-0:312b;aligned-0:32c9;aligned-0:3573;aligned-0:35b6
0x000a4640	0x000a4af0	aligned-0:30bb;aligned-0:316d;aligned-0:335f;aligned-0:33a6
0x000a4648	0x000a4af8	aligned-0:2c13;aligned-0:2d2f;aligned-0:33ff;aligned-1:2c13
0x000a464c	0x000a4afc	aligned-0:2cbd;aligned-0:2cd3;aligned-0:2cdd;aligned-0:2dd7
0x000a4650	0x000a4b00	aligned-0:2da2;aligned-1:2da2;aligned-2:2da2
0x000a4654	0x000a4b04	aligned-0:319e;aligned-0:3224;aligned-0:3245;aligned-0:32d8
0x000a4658	0x000a4b08	aligned-0:31a8;aligned-0:31bc;aligned-0:321d;aligned-0:324a
0x000a4660	0x000a4b10	aligned-0:30b6;aligned-0:32b8;aligned-1:30b6;aligned-1:32b8
0x000a4670	0x000a4b20	aligned-0:2cf5;aligned-0:2db6;aligned-0:2e73;aligned-0:2f5e
0x000a467c	0x000a4b2c	aligned-0:34ad;aligned-0:34d7;aligned-0:34dd;aligned-1:34ad
0x000a4680	0x000a4b30	reloc:35f1a
0x000a4684	0x000a4b34	aligned-0:2c68;aligned-0:2c8d;aligned-0:34a8;aligned-0:34c2
0x000a4688	0x000a4b38	aligned-0:2e35;aligned-0:2e57;aligned-0:2f57;aligned-0:3098
0x000a468c	0x000a4b3c	aligned-0:2e8e;aligned-0:2ec3;aligned-0:2f69;aligned-0:2fde
0x000a4690	0x000a4b40	aligned-0:347c;aligned-0:348a;aligned-0:34ea;aligned-1:347c
0x000a4694	0x000a4b44	aligned-0:3498;aligned-0:34ef;aligned-1:3498;aligned-1:34ef
0x000a4698	0x000a4b48	aligned-0:3547;aligned-0:3553;aligned-0:3564;aligned-0:3580
0x000a469c	0x000a4b4c	aligned-0:2cc7;aligned-0:2de1;aligned-0:2df3;aligned-0:337b
0x000a46a0	0x000a4b50	reloc:3bd2;reloc:3bd8;reloc:3bf4;reloc:3ce3
0x000a46a8	0x000a4b58	reloc:3b68;reloc:3c03;reloc:3c10;reloc:3ca9
0x000a46b8	0x000a4b68	reloc:3aa4;reloc:3ac5;reloc:3afa;reloc:3bb2
0x000a46c8	0x000a4b78	reloc:3c69;reloc:3e1c
0x000a46d0	0x000a4b80	reloc:3e78;reloc:3e86;reloc:3e93
0x000a4740	0x000a4bf0	reloc:4c9d;reloc:4cd2;reloc:4d4c;reloc:4d57
0x000a4b70	0x000a5020	reloc:3a40;reloc:3a63
0x000a4b80	0x000a5030	reloc:5c73;reloc:61cf
0x000a4b84	0x000a5034	reloc:5c63;reloc:61bf
0x000a4b88	0x000a5038	reloc:5c83;reloc:61df
0x000a4b8c	0x000a503c	reloc:5c53;reloc:61af
0x000a4b90	0x000a5040	reloc:5c44;reloc:619f
0x000a4b98	0x000a5048	reloc:1356d;reloc:135e3;reloc:135ef;reloc:1361a
0x000a4b9c	0x000a504c	reloc:115a8;reloc:115ce;reloc:115d3;reloc:1230e
0x000a4ba0	0x000a5050	reloc:115a2;reloc:12307;reloc:12557;reloc:12563
0x000a4ba4	0x000a5054	reloc:11293;reloc:1130e;reloc:11330;reloc:114ec
0x000a4ba8	0x000a5058	reloc:1128d;reloc:112ab;reloc:13757;reloc:13832
0x000a4bac	0x000a505c	reloc:114a9;reloc:114e7;reloc:12fe4;reloc:130fa
0x000a4bb0	0x000a5060	reloc:115da;reloc:1255d
0x000a4bc0	0x000a5070	reloc:1127a;reloc:11304;reloc:1131d;reloc:11459
0x000a4bc4	0x000a5074	reloc:13751;reloc:1383a;reloc:138e7;reloc:158d4
0x000a4bc8	0x000a5078	reloc:13db6;reloc:13f9d;reloc:141d8;reloc:147f1
0x000a4bd0	0x000a5080	reloc:13d46;reloc:1451d;reloc:1453a;reloc:14543
0x000a4bd8	0x000a5088	reloc:14c94;reloc:14d61;reloc:14d8f;reloc:15162
0x000abbd8	0x000ac088	reloc:13d6d;reloc:13f40;reloc:1426f;reloc:142a9
0x000abc48	0x000ac0f8	reloc:14883;reloc:14895;reloc:149c0;reloc:149ee
0x000acc18	0x000ad0c8	equal-displacement-bracket
0x000acc48	0x000ad0f8	reloc:13d56;reloc:1428f;reloc:142b9;reloc:142d5
0x000ace08	0x000ad2b8	reloc:13efe;reloc:14840;reloc:148a8;reloc:148c9
0x000ace48	0x000ad2f8	reloc:14a14;reloc:14aae;reloc:14c6e
0x000ace50	0x000ad300	reloc:13d94;reloc:14040;reloc:1409f;reloc:153a8
0x000ace58	0x000ad308	reloc:13da5;reloc:13f72;reloc:141ee;reloc:1480b
0x000ace60	0x000ad310	reloc:13d7a;reloc:14035;reloc:1406b;reloc:14076
0x000ace78	0x000ad328	reloc:13def;reloc:13ffc;reloc:1400d;reloc:14029
0x000acea0	0x000ad350	reloc:13d85;reloc:13f67;reloc:13fc8;reloc:13fd3
0x000aceb8	0x000ad368	reloc:13c5b;reloc:13c67;reloc:13c6e;reloc:13c92
0x000acec0	0x000ad370	reloc:19e50;reloc:19e70
0x000af740	0x000afbf0	reloc:1ad2f;reloc:1af8a
0x000af744	0x000afbf4	reloc:19f26;reloc:1a0f7
0x000af748	0x000afbf8	reloc:654e;reloc:661b;reloc:6b1c;reloc:6d98
0x000af74c	0x000afbfc	aligned-0:228f1;aligned-0:22936;aligned-0:22d75;aligned-0:22e54
0x000af750	0x000afc00	aligned-0:22890;aligned-0:2289f;aligned-0:228a5;aligned-0:228b2
0x000af754	0x000afc04	reloc:1a1d4;reloc:1a318;reloc:1a32e;reloc:1a397
0x000af758	0x000afc08	reloc:1c087;reloc:1c0b5;reloc:1c0df;reloc:1c0f7
0x000af75c	0x000afc0c	reloc:1a1de;reloc:1a35a;reloc:1a370;reloc:1a3de
0x000af760	0x000afc10	reloc:1a8b5;reloc:1acf6
0x000af764	0x000afc14	reloc:25144;reloc:2b884;reloc:31700;reloc:318c7
0x000af768	0x000afc18	reloc:20ca2;reloc:20cb3;reloc:20cca;reloc:20d93
0x000af76c	0x000afc1c	reloc:1bb33;reloc:1c5b3;reloc:21d44;reloc:21ed2
0x000af770	0x000afc20	reloc:19f01;reloc:1f5f7;reloc:1f62d;reloc:1f648
0x000af7b8	0x000afc68	aligned-0:228ec;aligned-0:22d70;aligned-0:22da1;aligned-0:22e8f
0x000af7bc	0x000afc6c	aligned-0:228e7;aligned-0:22d6b;aligned-0:23162;aligned-0:2367e
0x000af7c0	0x000afc70	aligned-0:228e2;aligned-0:22d66;aligned-0:2315d;aligned-0:23679
0x000af7c4	0x000afc74	aligned-0:228dd;aligned-0:22d61;aligned-0:23158;aligned-0:23674
0x000af7c8	0x000afc78	reloc:21790;reloc:226d8
0x000af7cc	0x000afc7c	aligned-0:228d8;aligned-0:2293c;aligned-0:22d5c;aligned-0:22ebf
0x000af7d0	0x000afc80	aligned-0:2288b;aligned-0:229c4;aligned-0:22a1e;aligned-1:2288b
0x000af7d4	0x000afc84	bracketed-conflict:af7d0:af7dc
0x000af7d8	0x000afc88	bracketed-conflict:af7d0:af7dc
0x000af7dc	0x000afc8c	reloc:1bacc;reloc:1bb3c;reloc:1c325;reloc:1c5c0
0x000af7e0	0x000afc90	aligned-0:23097;aligned-0:2317b;aligned-1:23097;aligned-1:2317b
0x000af7e8	0x000afc98	reloc:20812;reloc:20825
0x000af808	0x000afcb8	reloc:1bdf3;reloc:1bf71;reloc:1bf90
0x000b0c48	0x000b10f8	reloc:1a26e;reloc:1f55a;reloc:1f607;reloc:22754
0x000b0c4c	0x000b10fc	reloc:1c863;reloc:1cf84;reloc:20cda;reloc:20d84
0x000b0c50	0x000b1100	reloc:1f2b0;reloc:1f3d6
0x000be7a4	0x000bec54	aligned-0:2284c;aligned-0:2285b;aligned-0:229a5;aligned-1:2284c
0x000be7a8	0x000bec58	aligned-0:23e8d;aligned-0:23ec6;aligned-0:23ef5;aligned-0:23f2e
0x000be7b0	0x000bec60	bracketed-conflict:be7a8:be7b4
0x000be7cc	0x000bec7c	reloc:65a3;reloc:65e3;reloc:34d11
0x000be7d0	0x000bec80	aligned-0:1b257;aligned-0:1b52c;aligned-0:1b5a4;aligned-0:1b5b8
0x000be7d4	0x000bec84	aligned-0:23e83;aligned-0:23ebc;aligned-0:23eeb;aligned-0:23f24
0x000be7d8	0x000bec88	aligned-0:22ffb;aligned-0:23077;aligned-0:23181;aligned-0:2318c
0x000be7dc	0x000bec8c	reloc:1c85c;reloc:1cff1;reloc:1d040;reloc:1d052
0x000be7e0	0x000bec90	reloc:3a5bd;reloc:614df;reloc:614f8
0x000bfc20	0x000c00d0	aligned-0:2456d;aligned-0:24573;aligned-0:24580;aligned-1:2456d
0x000bfc28	0x000c00d8	reloc:19e1f;reloc:19e3a;reloc:1f302;reloc:1f33e
0x000c24a8	0x000c2958	reloc:1c871;reloc:1cfa2
0x000c24ac	0x000c295c	reloc:2a45e;reloc:2a490;reloc:2a4c1;reloc:2a4f3
0x000c24b0	0x000c2960	reloc:1df3;reloc:1e20;reloc:5dec;reloc:5e5c
0x000c24b8	0x000c2968	reloc:1bfc7
0x000c2548	0x000c29f8	reloc:1ad25;reloc:1af90
0x000c254c	0x000c29fc	aligned-0:2281a;aligned-0:22865;aligned-0:2287a;aligned-0:22919
0x000c2550	0x000c2a00	aligned-0:227e0;aligned-0:22f14;aligned-0:234ae;aligned-0:23583
0x000c2554	0x000c2a04	aligned-0:227ea;aligned-0:234b8;aligned-0:2389d;aligned-1:227ea
0x000c2558	0x000c2a08	aligned-0:22ff1;aligned-0:2306a;aligned-0:2306f;aligned-0:2307c
0x000c255c	0x000c2a0c	aligned-0:3af3b;aligned-0:3c4b6;aligned-0:413d0;aligned-1:3af3b
0x000c2560	0x000c2a10	reloc:1f323;reloc:1fb4c
0x000c4de0	0x000c5290	reloc:1a1e8;reloc:1bb46;reloc:1d071
0x000c4de8	0x000c5298	aligned-0:1b544;aligned-0:1b5be;aligned-1:1b544;aligned-1:1b5be
0x000c4ed8	0x000c5388	aligned-0:227fd;aligned-0:229c9;aligned-0:229d8;aligned-0:229e7
0x000c4edc	0x000c538c	aligned-0:22c65;aligned-0:22c97;aligned-0:22ce5;aligned-0:22d08
0x000c4ee0	0x000c5390	aligned-0:22fe7;aligned-0:2308a;aligned-0:23108;aligned-0:23120
0x000c4ee4	0x000c5394	reloc:1a8ab;reloc:1acfc;reloc:212aa
0x000c4ee8	0x000c5398	aligned-0:2302b;aligned-0:23030;aligned-0:2304b;aligned-0:23171
0x000c4eec	0x000c539c	reloc:1c86a;reloc:1cf93;reloc:1cfbe;reloc:1d019
0x000c4ef0	0x000c53a0	reloc:25107;reloc:25156;reloc:25196;reloc:251b0
0x000c4ef4	0x000c53a4	reloc:25074;reloc:25099;reloc:2518c;reloc:251f9
0x000c4ef8	0x000c53a8	aligned-0:24e70;aligned-0:24e96;aligned-0:24eb1;aligned-1:24e70
0x000c4efc	0x000c53ac	reloc:28b6
0x000c4f00	0x000c53b0	reloc:251a7;reloc:2528a;reloc:25293
0x000c4f04	0x000c53b4	reloc:2523e
0x000c4f08	0x000c53b8	aligned-0:24e14;aligned-0:24e30;aligned-0:2501e;aligned-1:24e14
0x000c4f0c	0x000c53bc	bracketed-conflict:c4f08:c4f10
0x000c4f10	0x000c53c0	aligned-0:24e84;aligned-0:24ec0;aligned-0:24eef;aligned-0:24f0e
0x000c4f14	0x000c53c4	reloc:25084;reloc:25204
0x000c4f18	0x000c53c8	bracketed-conflict:c4f14:c4f1c
0x000c4f1c	0x000c53cc	reloc:250b6;reloc:250c6;reloc:250f6;reloc:2512a
0x000c4f20	0x000c53d0	bracketed-conflict:c4f1c:c4f2c
0x000c4f2c	0x000c53dc	reloc:32729;reloc:3272f;reloc:32742;reloc:3277b
0x000c4f30	0x000c53e0	equal-displacement-bracket
0x000c4f34	0x000c53e4	equal-displacement-bracket
0x000c4f38	0x000c53e8	equal-displacement-bracket
0x000c4f48	0x000c53f8	reloc:2aaab;reloc:2aacb;reloc:2aad1;reloc:2ab22
0x000c4f4c	0x000c53fc	reloc:511c1
0x000c4f50	0x000c5400	reloc:2f17b;reloc:2f188
0x000c4f5c	0x000c540c	bracketed-conflict:c4f50:c4f60
0x000c4f60	0x000c5410	reloc:29ebd
0x000c4f6c	0x000c541c	reloc:326d0;reloc:32921
0x000c4f70	0x000c5420	reloc:2ad4c;reloc:2ad53;reloc:2ad66;reloc:2ad6e
0x000c4f74	0x000c5424	reloc:29eb1;reloc:29ec3;reloc:29ed5
0x000c4f77	0x000c5427	aligned-0:33d41;aligned-0:33d59;aligned-0:33d6e;aligned-0:33d87
0x000c4f78	0x000c5428	aligned-0:33bf1;aligned-0:33cad;aligned-0:33cd5;aligned-0:33d0a
0x000c509c	0x000c554c	reloc:2ab2f;reloc:2ab42;reloc:2abbd
0x000c50a0	0x000c5550	reloc:326bd;reloc:32d36
0x000c50a4	0x000c5554	reloc:2adbe;reloc:2add1;reloc:2ae10;reloc:2ae65
0x000c50a8	0x000c5558	reloc:2aa94;reloc:2ab99;reloc:2abaf
0x000c50ac	0x000c555c	reloc:2a879;reloc:2a89d;reloc:2a8b9;reloc:2a8ea
0x000c50b0	0x000c5560	equal-displacement-bracket
0x000c50c0	0x000c5570	reloc:2cc6c
0x000c50c4	0x000c5574	reloc:37070;reloc:370a0;reloc:370af;reloc:37490
0x000c50c8	0x000c5578	reloc:37368
0x000c50d0	0x000c5580	reloc:3a215;reloc:3a21c
0x000c50d4	0x000c5584	aligned-0:44768;aligned-0:44772;aligned-0:4477d;aligned-0:44834
0x000c50d8	0x000c5588	bracketed-conflict:c50d4:c50dc
0x000c50dc	0x000c558c	aligned-0:3bc03;aligned-0:3be54;aligned-1:3bc03;aligned-1:3be54
0x000c50e0	0x000c5590	aligned-0:3bbbe;aligned-0:3be12;aligned-1:3bbbe;aligned-1:3be12
0x000c50e4	0x000c5594	reloc:52fe0;reloc:53827;reloc:53847;reloc:538b3
0x000c50e8	0x000c5598	reloc:400d5;reloc:401b9;reloc:40258
0x000c50ec	0x000c559c	aligned-0:448c5;aligned-0:448d8;aligned-0:448ff;aligned-1:448c5
0x000c50f0	0x000c55a0	aligned-0:448e7;aligned-0:448fa;aligned-0:44925;aligned-1:448e7
0x000c50f4	0x000c55a4	reloc:46b5e;reloc:46b64;reloc:46c94;reloc:46d90
0x000c50f8	0x000c55a8	equal-displacement-bracket
0x000c50fc	0x000c55ac	aligned-0:4472c;aligned-0:44778;aligned-0:448a3;aligned-0:44914
0x000c5100	0x000c55b0	aligned-0:44737;aligned-0:4479d;aligned-0:448b6;aligned-0:4493a
0x000c5108	0x000c55b8	reloc:4346b;reloc:4348b;reloc:43e48
0x000c5118	0x000c55c8	reloc:46af1;reloc:49973;reloc:4998a;reloc:4a482
0x000c5128	0x000c55d8	aligned-0:3bbf9;aligned-0:3be46;aligned-1:3bbf9;aligned-1:3be46
0x000c512c	0x000c55dc	reloc:42bfe;reloc:42c25;reloc:43e71
0x000c5130	0x000c55e0	reloc:4810d;reloc:48119;reloc:497aa;reloc:49e44
0x000c5138	0x000c55e8	reloc:112e5;reloc:1351e;reloc:13536;reloc:1354e
0x000c5148	0x000c55f8	reloc:4dba3;reloc:4dea4;reloc:4def0;reloc:4df00
0x000c514c	0x000c55fc	reloc:4dbb7;reloc:4debc;reloc:4df0a;reloc:4df1a
0x000c5150	0x000c5600	reloc:55c32;reloc:55c7a
0x000c5158	0x000c5608	reloc:28d20;reloc:2c9ec;reloc:44dbb;reloc:46643
0x000c5160	0x000c5610	reloc:1747b;reloc:174b5;reloc:178b4;reloc:178ee
0x000c516c	0x000c561c	reloc:2d70b;reloc:2d82a;reloc:2d837;reloc:2d88d
0x000c5170	0x000c5620	reloc:27d0c;reloc:35ea8
0x000c5174	0x000c5624	reloc:50ffd
0x000c517c	0x000c562c	reloc:b1c5;reloc:12eba;reloc:26a11;reloc:26abc
0x000c5180	0x000c5630	reloc:c6e2;reloc:11a61;reloc:15e51;reloc:28d50
0x000c5188	0x000c5638	reloc:3e689;reloc:3e6ae;reloc:3e721;reloc:539fc
0x000c518c	0x000c563c	reloc:26364;reloc:3c0d3;reloc:3c100;reloc:53a0f
0x000c5190	0x000c5640	reloc:1113;reloc:159a;reloc:7dee;reloc:7e01
0x000c5230	0x000c56e0	reloc:7343;reloc:1a7da;reloc:44aea;reloc:44b00
0x000c6670	0x000c6b20	reloc:5c24;reloc:19fda;reloc:1a04a
0x000c6674	0x000c6b24	reloc:1815d;reloc:1821c;reloc:1a94c;reloc:1a99d
0x000c6678	0x000c6b28	reloc:44d74;reloc:51004;reloc:51226
0x000c6680	0x000c6b30	reloc:53aca;reloc:53adc;reloc:549a0;reloc:549bd
0x000c66fc	0x000c6bac	reloc:5564f;reloc:55655;reloc:55683;reloc:556ce
0x000c6700	0x000c6bb0	reloc:3a098;reloc:46968;reloc:4698f;reloc:469b8
0x000c6704	0x000c6bb4	reloc:19d3e;reloc:19d84;reloc:220e8;reloc:26f90
0x000c6708	0x000c6bb8	reloc:555d2;reloc:555e4;reloc:55851;reloc:5586d
0x000c670c	0x000c6bbc	reloc:51da3;reloc:51da9;reloc:51dec;reloc:51e1f
0x000c6710	0x000c6bc0	bracketed-conflict:c670c:c6714
0x000c6714	0x000c6bc4	reloc:283c;reloc:286e;reloc:8856;reloc:8861
0x000c6718	0x000c6bc8	reloc:55c1d;reloc:55c69
0x000c671c	0x000c6bcc	reloc:55c08;reloc:55c58
0x000c6720	0x000c6bd0	reloc:126fa;reloc:1283c;reloc:12c4c;reloc:12ce5
0x000c6728	0x000c6bd8	reloc:3c3a5;reloc:3c3b2;reloc:46aac;reloc:46cb9
0x000c6738	0x000c6be8	reloc:4db99;reloc:4de98;reloc:4dec2;reloc:4decf
0x000c673c	0x000c6bec	reloc:4dbad;reloc:4deb0;reloc:4ded9;reloc:4dee6
0x000c6740	0x000c6bf0	reloc:45af7;reloc:45b06;reloc:45bb7;reloc:45bc6
0x000c6744	0x000c6bf4	reloc:6c8d6;reloc:6da1a;reloc:6da21;reloc:6da53
0x000c6748	0x000c6bf8	reloc:6bae3;reloc:6ca67;reloc:6db44;reloc:6dbb4
0x000c674c	0x000c6bfc	reloc:3a082;reloc:46871;reloc:46959
0x000c6750	0x000c6c00	reloc:10f7;reloc:110d;reloc:157e;reloc:1594
0x000c6a50	0x000c6f00	reloc:53182;reloc:53a39;reloc:6d8d6
0x000c6a54	0x000c6f04	reloc:5928;reloc:4fbe5;reloc:4fce7;reloc:4fcf3
0x000c6a58	0x000c6f08	reloc:3a06c;reloc:4269b;reloc:426cb;reloc:427b7
0x000c6a5c	0x000c6f0c	reloc:56f21;reloc:56f2d;reloc:57186;reloc:571e6
0x000c6a60	0x000c6f10	reloc:4f8d4;reloc:4fee7;reloc:4fef3;reloc:4ff0e
0x000c6a68	0x000c6f18	reloc:3b52f;reloc:3c163;reloc:46abd;reloc:46d29
0x000c6a7c	0x000c6f2c	reloc:50fd8;reloc:510c7
0x000c6a80	0x000c6f30	reloc:11f4;reloc:12b5;reloc:12c8;reloc:6409
0x000c6a98	0x000c6f48	reloc:54465
0x000c6aa0	0x000c6f50	reloc:21ff6;reloc:22008;reloc:22052;reloc:2206c
0x000c6aa8	0x000c6f58	reloc:5986;reloc:601f;reloc:6036;reloc:6073
0x000c6be0	0x000c7090	reloc:5cd98;reloc:5d252;reloc:5d279;reloc:5d798
0x000c6d44	0x000c71f4	reloc:32c4b;reloc:49774;reloc:49e35;reloc:568ae
0x000c6d48	0x000c71f8	bracketed-conflict:c6d44:c6d4c
0x000c6d4c	0x000c71fc	reloc:10cc6;reloc:123cb;reloc:1248f;reloc:12721
0x000c6d50	0x000c7200	reloc:2491f;reloc:24939;reloc:24943;reloc:53aa3
0x000c6d60	0x000c7210	reloc:52a69;reloc:58822;reloc:5938c;reloc:593db
0x000c6d64	0x000c7214	reloc:16cbc;reloc:16cf3;reloc:4d33c;reloc:66519
0x000c6d68	0x000c7218	reloc:2637a;reloc:28cb9;reloc:28cc6;reloc:28cd5
0x000c6d70	0x000c7220	reloc:32d3e;reloc:46cb4;reloc:488d8;reloc:48a09
0x000c6ed0	0x000c7380	reloc:55bf3;reloc:55c47
0x000c6ed4	0x000c7384	reloc:27044;reloc:5111a;reloc:5c267;reloc:76f04
0x000c6ed8	0x000c7388	reloc:2d736;reloc:2d766;reloc:2d780;reloc:546f3
0x000c6f34	0x000c73e4	reloc:547e3;reloc:58700;reloc:58714;reloc:588dc
0x000c6f38	0x000c73e8	reloc:5cd86;reloc:5d28a;reloc:5d2b1;reloc:5d891
0x000c7098	0x000c7548	reloc:6bad9;reloc:6c2c1;reloc:6c37c;reloc:6c382
0x000c709c	0x000c754c	reloc:16cc9;reloc:16ce9;reloc:4d313;reloc:4d31f
0x000c70a0	0x000c7550	reloc:3e6ed;reloc:3e704;reloc:42dc6;reloc:45108
0x000c749c	0x000c794c	reloc:15506;reloc:383a4;reloc:3864e;reloc:386c8
0x000c74a0	0x000c7950	bracketed-conflict:c749c:c74a4
0x000c74a4	0x000c7954	reloc:12770;reloc:3b083;reloc:3b3e0;reloc:3b632
0x000c74a8	0x000c7958	aligned-0:4bc2a;aligned-0:66ada;aligned-0:6726f;aligned-0:79d73
0x000c74b0	0x000c7960	reloc:3e6c1;reloc:3e6d9;reloc:3e6f8
0x000c78ac	0x000c7d5c	reloc:555da;reloc:55849;reloc:5585f
0x000c78b0	0x000c7d60	reloc:115b6;reloc:115c3;reloc:115e0;reloc:115ed
0x000c78b4	0x000c7d64	reloc:16fd7;reloc:17018;reloc:66522;reloc:6ae84
0x000c78b8	0x000c7d68	reloc:32d14;reloc:46c86;reloc:4f733;reloc:5000d
0x000c78c0	0x000c7d70	reloc:6167;reloc:66e8;reloc:6abb;reloc:6be3
0x000c794c	0x000c7dfc	reloc:1074;reloc:1a33;reloc:1a54;reloc:54456
0x000c7950	0x000c7e00	reloc:5b99d;reloc:5b9ac;reloc:5b9f8;reloc:5ba6e
0x000c7954	0x000c7e04	reloc:278a4;reloc:32955;reloc:53a07
0x000c7958	0x000c7e08	reloc:3a056;reloc:42689;reloc:426b3;reloc:426d6
0x000c7960	0x000c7e10	reloc:46ad1;reloc:46d3d;reloc:4a565;reloc:51036
0x000c79dc	0x000c7e8c	reloc:511b7;reloc:75fdd
0x000c79e0	0x000c7e90	reloc:6555;reloc:6622;reloc:73bf;reloc:7502
0x000c79e8	0x000c7e98	reloc:511a9;reloc:511bb
0x000c7b48	0x000c7ff8	reloc:4f918;reloc:4fe9a;reloc:4fea6;reloc:4fedd
0x000c7b4c	0x000c7ffc	reloc:529ae;reloc:52a14;reloc:5885d;reloc:593c3
0x000c7b50	0x000c8000	reloc:1c06f;reloc:3a028;reloc:3b45f;reloc:3b466
0x000c7b58	0x000c8008	reloc:12a33;reloc:2554c
0x000c7b5c	0x000c800c	reloc:12a45;reloc:25555
0x000c7b60	0x000c8010	reloc:5b153
0x000c7c8c	0x000c813c	reloc:556e9;reloc:5576b;reloc:55779;reloc:557b2
0x000c7c90	0x000c8140	reloc:5c17;reloc:63fd;reloc:6477;reloc:66c4
0x000c7c94	0x000c8144	reloc:199b3;reloc:19a2c;reloc:19aa2;reloc:19acf
0x000c7c9c	0x000c814c	reloc:10e8;reloc:1104;reloc:1191;reloc:11e1
0x000c7ca0	0x000c8150	reloc:262ba
0x000c7ca4	0x000c8154	reloc:2d91c;reloc:546ea
0x000c7ca8	0x000c8158	reloc:6178;reloc:7194;reloc:81b3;reloc:8ae2
0x000c7cac	0x000c815c	reloc:57523;reloc:576a6;reloc:57928;reloc:579a7
0x000c7cb0	0x000c8160	reloc:488c2;reloc:489f7
0x000c7e10	0x000c82c0	reloc:1feb;reloc:1ff5;reloc:7ea7;reloc:8035
0x000c7e14	0x000c82c4	reloc:26fe1;reloc:50ff6
0x000c7e18	0x000c82c8	reloc:12480;reloc:12a26;reloc:12a38;reloc:19f74
0x000c7e1c	0x000c82cc	reloc:547d6;reloc:5a295
0x000c7e70	0x000c8320	reloc:59abc;reloc:59ac5;reloc:59c31;reloc:59ced
0x000c7e78	0x000c8328	reloc:5a527;reloc:5a56f
0x000c7f78	0x000c8428	reloc:59920;reloc:59926;reloc:5993a;reloc:5997e
0x000c7f7c	0x000c842c	reloc:5973b;reloc:597e2;reloc:597ef;reloc:59803
0x000c7f80	0x000c8430	reloc:598b3;reloc:59947;reloc:59953;reloc:59960
0x000c7f84	0x000c8434	reloc:59bdb;reloc:59ca0;reloc:59ce7;reloc:59d22
0x000c7f88	0x000c8438	reloc:571ce;reloc:5963b;reloc:59651;reloc:5967e
0x000c7fb0	0x000c8460	reloc:586c8;reloc:5a9a3;reloc:5aa29
0x000c8028	0x000c84d8	reloc:58818;reloc:59d56;reloc:59eae;reloc:5a006
0x000c8030	0x000c84e0	reloc:59c7e;reloc:59f5a
0x000c8038	0x000c84e8	reloc:58a34;reloc:58a6b;reloc:58a83;reloc:58ca6
0x000c8138	0x000c85e8	reloc:59cb4;reloc:59ccd;reloc:59cdd;reloc:59f90
0x000c8140	0x000c85f0	reloc:5a4e9;reloc:5a4f9;reloc:5a9f0
0x000c8160	0x000c8610	reloc:5a608;reloc:5a649;reloc:5a8f7;reloc:5a922
0x000c8260	0x000c8710	reloc:5974f;reloc:597ce;reloc:597f4
0x000c8288	0x000c8738	reloc:59632
0x000c828c	0x000c873c	reloc:59bcd;reloc:59bd6;reloc:59c95;reloc:59c9a
0x000c8290	0x000c8740	reloc:58728;reloc:588c2;reloc:5922d;reloc:5931c
0x000c8298	0x000c8748	reloc:598c0;reloc:599a8;reloc:599b6
0x000c82c0	0x000c8770	reloc:59bc3;reloc:59ca6;reloc:59cbe;reloc:59ce2
0x000c82c8	0x000c8778	reloc:5873c
0x000c92d8	0x000c9788	reloc:58abf;reloc:58ad9;reloc:58b7e;reloc:58bec
0x000c93d8	0x000c9888	reloc:59731;reloc:597aa;reloc:597c9
0x000c93e0	0x000c9890	reloc:5a798;reloc:5a7b6;reloc:5a91a;reloc:5aa00
0x000c94e0	0x000c9990	reloc:598a5;reloc:59959;reloc:59996;reloc:599bb
0x000c9530	0x000c99e0	reloc:586b7;reloc:5a521;reloc:5a555;reloc:5a56a
0x000c9c80	0x000ca130	reloc:58750
0x000ca488	0x000ca938	reloc:5addf;reloc:5ae1c;reloc:5aed9;reloc:5aee9
0x000ca48c	0x000ca93c	reloc:5ac80;reloc:5ad1d;reloc:5ad34
0x000ca490	0x000ca940	reloc:53b21;reloc:53b37;reloc:53b4d;reloc:53b63
0x000ca498	0x000ca948	reloc:5bd93;reloc:5bda2
0x000ca4a8	0x000ca958	reloc:3af2;reloc:3b1f;reloc:4dad;reloc:5227
0x000ca4ac	0x000ca95c	reloc:5c65d;reloc:5c66d
0x000ca4b0	0x000ca960	reloc:5be72;reloc:5be9d
0x000ca4b4	0x000ca964	reloc:5be92;reloc:5be97
0x000ca4b8	0x000ca968	reloc:5bc61;reloc:5bc6f;reloc:5bc7a;reloc:5bc94
0x000ca4c0	0x000ca970	reloc:5b862;reloc:5bba4
0x000ca8c0	0x000cad70	reloc:51043;reloc:51073;reloc:5b771;reloc:5b784
0x000ca900	0x000cadb0	reloc:3ad3;reloc:3b07;reloc:4db3;reloc:5211
0x000ca904	0x000cadb4	aligned-0:5de49;aligned-1:5de49;aligned-2:5de49
0x000ca908	0x000cadb8	reloc:6a649;reloc:6a87e
0x000ca918	0x000cadc8	reloc:7302f;reloc:73045;reloc:73057;reloc:7306d
0x000cabb8	0x000cb068	aligned-0:73b8a;aligned-0:73c9c;aligned-0:73cd1;aligned-1:73b8a
0x000cabbc	0x000cb06c	bracketed-conflict:cabb8:cabc0
0x000cabc0	0x000cb070	aligned-0:73ae5;aligned-0:73af2;aligned-0:73b4f;aligned-1:73ae5
0x000cabc4	0x000cb074	aligned-0:73bbd;aligned-0:73be5;aligned-0:73bfb;aligned-0:73c44
0x000cabc8	0x000cb078	aligned-0:73b96;aligned-0:73c36;aligned-1:73b96;aligned-1:73c36
0x000cabcc	0x000cb07c	bracketed-conflict:cabc8:cabd0
0x000cabd0	0x000cb080	aligned-0:73b20;aligned-0:73b45;aligned-0:73ba3;aligned-0:73c26
0x000cabd4	0x000cb084	aligned-0:73af8;aligned-0:73bb2;aligned-0:73bc2;aligned-0:73c0c
0x000cac18	0x000cb0c8	aligned-0:73b68;aligned-0:73b7c;aligned-0:73bf2;aligned-1:73b68
0x000cac1c	0x000cb0cc	aligned-0:73b0e;aligned-0:73b26;aligned-0:73d4a;aligned-1:73b0e
0x000cac20	0x000cb0d0	reloc:74385;reloc:74399;reloc:74621;reloc:74642
0x000cac28	0x000cb0d8	reloc:7363e;reloc:73e1e;reloc:73e23;reloc:73e3e
0x000cac88	0x000cb138	reloc:7673f;reloc:768a0;reloc:768ad;reloc:76d02
0x000cadb8	0x000cb268	reloc:76c2a
0x000cadbc	0x000cb26c	reloc:76c43
0x000cadc0	0x000cb270	reloc:76c4d
0x000cadc4	0x000cb274	reloc:76c53;reloc:76c6e
0x000cadc8	0x000cb278	reloc:76c5e
0x000cadca	0x000cb27a	reloc:76c67
0x000cadcc	0x000cb27c	reloc:76c78
0x000cb4c0	0x000cb970	reloc:7677a;reloc:76838;reloc:76845;reloc:769e8
0x000cb5f0	0x000cbaa0	reloc:7676e;reloc:7684f;reloc:76862;reloc:76a19
0x000cb720	0x000cbbd0	reloc:76cbb
0x000cb724	0x000cbbd4	reloc:76cd3
0x000cb728	0x000cbbd8	reloc:76cd9
0x000cb72c	0x000cbbdc	reloc:76cef
0x000cb730	0x000cbbe0	reloc:76ce0
0x000cb732	0x000cbbe2	reloc:76ce7
0x000cb734	0x000cbbe4	reloc:76cf5
0x000cbe28	0x000cc2d8	reloc:76762;reloc:7686c;reloc:7687f;reloc:76a10
0x000cbf58	0x000cc408	reloc:76d12
0x000cbf5c	0x000cc40c	reloc:76d3b
0x000cbf60	0x000cc410	reloc:76d4c
0x000cbf64	0x000cc414	reloc:76d52
0x000cbf68	0x000cc418	reloc:76d61;reloc:76d69
0x000cc538	0x000cc9e8	reloc:76756;reloc:76889;reloc:76896;reloc:76c8b
0x000cc668	0x000ccb18	reloc:76f3a;reloc:76f5a;reloc:76f67;reloc:76fa7
0x000cc768	0x000ccc18	reloc:76f46;reloc:76fdb;reloc:7715a;reloc:771cd
0x000cc770	0x000ccc20	reloc:7780c;reloc:78207;reloc:782a6;reloc:790a9
0x000cc7b0	0x000ccc60	reloc:76f23;reloc:76f3f;reloc:76f62;reloc:76fc1
0x000cc8b0	0x000ccd60	reloc:771a2;reloc:771b2
0x000cc8e0	0x000ccd90	reloc:778eb;reloc:7790a
0x000cc8f0	0x000ccda0	reloc:7d41e;reloc:7df15;reloc:7df23;reloc:7df45
0x000ce8f4	0x000ceda4	reloc:7d2e5;reloc:80073
0x000ce900	0x000cedb0	reloc:7de13;reloc:7de51;reloc:7df31;reloc:7df4d
0x000d0906	0x000d0db6	reloc:7ff2b
0x000d0908	0x000d0db8	reloc:7d2a3;reloc:7d356;reloc:7d3af;reloc:7d76e
0x000d0df0	0x000d12a0	reloc:7d2d2;reloc:7d348;reloc:7d3e4;reloc:7d523
0x000d1554	0x000d1a04	reloc:7d25f;reloc:8007f;reloc:800d4;reloc:8015d
0x000d1558	0x000d1a08	reloc:7d42e;reloc:7d4e8;reloc:7d98f;reloc:7ddfe
0x000d2598	0x000d2a48	reloc:7d403;reloc:7de1d;reloc:7de3d;reloc:7df0c
0x000d479c	0x000d4c4c	reloc:7d31e;reloc:7d593;reloc:7d5ad;reloc:7d5cf
0x000d47a0	0x000d4c50	reloc:7d297;reloc:7d318;reloc:7fcb2;reloc:7fcbd
0x000d47a8	0x000d4c58	reloc:7d2c1;reloc:7d33c;reloc:7d3d3;reloc:7d6fc
0x000d4c90	0x000d5140	reloc:7d2ae;reloc:7d330;reloc:7fca7;reloc:7fccb
0x000d4c94	0x000d5144	reloc:7d264;reloc:7d26f;reloc:7d279;reloc:7d288
0x000d4c98	0x000d5148	reloc:7d7e2;reloc:7deaf;reloc:7ded5;reloc:7def6
0x000d4c9c	0x000d514c	reloc:7d4af;reloc:7d4c8;reloc:7d4cf;reloc:7d4e0
0x000d4ca0	0x000d5150	reloc:7d2eb;reloc:8006c
