old_rva	new_rva	evidence
0x00001000	0x00065ec0	unique-body>=80
0x000010a0	0x00065f60	references:1
0x000010bf	0x00065f7f	unique-body>=80
0x00001228	0x000660e8	unique-body>=80
0x00001285	0x00066145	unique-body>=80
0x000014ee	0x000663ae	references:2
0x00001b60	0x000669b0	references:1
0x00001cc4	0x00066b14	unique-body>=80
0x00001f46	0x00066d96	unique-body>=80
0x00002017	0x00066e67	unique-body>=80
0x0000213e	0x00066f8e	paired-pointer-array:0x8c010
0x00002523	0x00067373	references:1
0x000025f9	0x00067449	references:1
0x000026ed	0x0006753d	references:1
0x000028b0	0x0006e4f0	unique-body>=80
0x00002af0	0x0006e730	unique-body>=80
0x00002be0	0x0006e820	references:1
0x00003640	0x00034f60	unique-body>=80
0x00003699	0x00034fb9	references:1
0x000036df	0x00034fff	unique-body>=80
0x0000377a	0x0003509a	unique-body>=80
0x00003865	0x00035185	unique-body>=80
0x000039d6	0x000352f6	references:1
0x00003f68	0x00035888	references:1
0x000040a8	0x000359c8	unique-body>=80
0x0000415b	0x00035a7b	references:2
0x00004285	0x00035ba5	unique-body>=80
0x00004673	0x00035f93	unique-body>=80
0x0000478f	0x000360af	unique-body>=80
0x0000490e	0x0003622e	references:1
0x00004bf8	0x00036518	unique-body>=80
0x00004c81	0x000365a1	unique-body>=80
0x00004dd2	0x000366f2	references:1
0x00004faf	0x000368cf	references:1
0x00005184	0x00036aa4	references:1
0x00005344	0x00036c64	unique-body>=80
0x000053bc	0x00036cdc	unique-body>=80
0x00005428	0x00036d48	references:1
0x00005451	0x00036d71	local-order-body
0x0000547d	0x00036d9d	references:2
0x000054ab	0x00036dcb	unique-body>=80
0x0000552c	0x00036e4c	unique-body>=80
0x0000558c	0x00036eac	references:1
0x000055d3	0x00036ef3	references:2
0x000055ff	0x00036f1f	references:3
0x00005639	0x00036f59	references:1
0x0000566a	0x00036f8a	unique-body>=80
0x00005723	0x00037043	references:1
0x00005754	0x00037074	references:1
0x00005950	0x00039ee0	references:1
0x00005ab9	0x0003a049	unique-body>=80
0x00005c09	0x0003a199	references:1
0x000061ed	0x0003a77d	unique-body>=80
0x00006275	0x0003a805	references:1
0x000064d6	0x0003aa66	references:1
0x0000660c	0x0003ab9c	references:1
0x0000742a	0x0003b9ba	unique-body>=80
0x000075ab	0x0003bb3b	adjacent-to-exact-body:0x742a
0x000077b5	0x0003bd45	references:1
0x00007a58	0x0003bfe8	unique-body>=80
0x00007d90	0x0003fe40	references:1
0x00007f81	0x00040031	compiler-control:SOURCE-TOWNMGR-vc41.obj
0x00007fe1	0x00040091	compiler-control:SOURCE-TOWNMGR-vc41.obj
0x000080f8	0x000401a8	compiler-control:SOURCE-TOWNMGR-vc41.obj
0x0000816c	0x0004021c	paired-pointer-array:0x8c068
0x00008958	0x00040a08	compiler-control:SOURCE-TOWNMGR-vc41.obj
0x00008b1c	0x00040bcc	compiler-control:SOURCE-TOWNMGR-vc41.obj
0x00008ed2	0x00040f82	compiler-control:SOURCE-TOWNMGR-vc41.obj
0x0000933a	0x000413ea	compiler-control:SOURCE-TOWNMGR-vc41.obj
0x000093ae	0x0004145e	paired-pointer-array:0x8c068
0x0000a6cd	0x0004277d	reviewed-packed-boundary
0x0000ad2c	0x00042ddc	compiler-control:SOURCE-TOWNMGR-vc41.obj
0x0000add1	0x00042e81	adjacent-to-exact-body:0xad2c
0x0000b14f	0x000431ff	compiler-control:SOURCE-TOWNMGR-vc41.obj
0x0000b21d	0x000432cd	compiler-control:SOURCE-TOWNMGR-vc41.obj
0x0000b2c8	0x00043378	compiler-control:SOURCE-TOWNMGR-vc41.obj
0x0000b35d	0x0004340d	compiler-control:SOURCE-TOWNMGR-vc41.obj
0x0000b455	0x00043505	references:1
0x0000c478	0x00044402	compiler-control:SOURCE-TOWNMGR-vc41.obj
0x0000c818	0x000447a2	adjacent-to-exact-body:0xc478
0x0000cccd	0x00044c57	references:1
0x0000cf1a	0x00044ea4	references:1
0x0000d24b	0x000451d5	references:1
0x0000d3d1	0x0004535b	references:1
0x0000d6bd	0x00045647	references:1
0x0000db41	0x00045acb	compiler-control:SOURCE-TOWNMGR-vc40.obj
0x0000dc2b	0x00045bb5	compiler-control:SOURCE-TOWNMGR-vc41.obj
0x0000dc5a	0x00045be4	adjacent-to-exact-body:0xdc2b
0x0000e5db	0x00046565	compiler-control:SOURCE-TOWNMGR-vc41.obj
0x0000e730	0x000466ba	compiler-control:SOURCE-TOWNMGR-vc41.obj
0x0000e866	0x000467f0	adjacent-to-exact-body:0xe730
0x0000ef8c	0x00046f16	references:1
0x0000f2c0	0x00049d70	paired-pointer-array:0x8c498
0x0000f5d1	0x0004a081	unique-body>=80
0x0000f6a7	0x0004a157	references:1
0x0000fe90	0x0004a940	references:1
0x000104b0	0x0004af4c	references:1
0x000104e4	0x0004af80	references:1
0x00010aa0	0x0004b53c	unique-body>=80
0x00010bd9	0x0004b675	unique-body>=80
0x00010d36	0x0004b7d2	references:1
0x0001104c	0x0004bae8	references:1
0x00011228	0x0004bcc4	unique-body>=80
0x0001155b	0x0004bff7	unique-body>=80
0x000116fe	0x0004c19a	unique-body>=80
0x0001180e	0x0004c2aa	references:1
0x00011b08	0x0004c5a4	references:1
0x000122d8	0x0004cd7d	references:1
0x00012a79	0x0004d51e	references:1
0x00012fc2	0x0004da67	references:1
0x00013288	0x0004dd2d	unique-body>=80
0x0001334a	0x0004ddef	unique-body>=80
0x00013429	0x0004dece	unique-body>=80
0x000134a2	0x0004df47	unique-body>=80
0x0001360c	0x0004e0b1	references:2
0x000136e7	0x0004e18c	references:1
0x00013c40	0x000515d0	unique-body>=80
0x00013ce8	0x00051678	references:2
0x00013e9a	0x0005182a	references:1
0x0001408a	0x00051a1a	unique-body>=80
0x0001411a	0x00051aaa	unique-body>=80
0x0001421e	0x00051bae	references:1
0x00014714	0x000520a4	references:2
0x00014732	0x000520c2	references:1
0x000149a1	0x0005236a	unique-body>=80
0x00014a5c	0x00052425	unique-body>=80
0x00014c28	0x000525f1	unique-body>=80
0x00014ce0	0x000526a9	unique-body>=80
0x00014e26	0x000527ef	unique-body>=80
0x00014eec	0x000528b5	unique-body>=80
0x00014fb2	0x0005297b	unique-body>=80
0x000150e6	0x00052aaf	unique-body>=80
0x00015234	0x00052bfd	unique-body>=80
0x000152f3	0x00052cbc	unique-body>=80
0x00015469	0x00052e32	unique-body>=80
0x000154f0	0x0000db10	unique-body>=80
0x00015637	0x0000dc57	unique-body>=80
0x00015797	0x0000ddb7	unique-body>=80
0x00015a2c	0x0000e04c	references:1
0x00015d1c	0x0000e33c	unique-body>=80
0x00015e44	0x0000e464	references:1
0x00016bad	0x0000f1cd	unique-body>=80
0x00016c78	0x0000f298	references:1
0x0001707f	0x0000f69f	references:1
0x000171ad	0x0000f7cd	references:1
0x000175df	0x0000fbff	references:1
0x00017a18	0x00010038	references:1
0x00017d0b	0x0001032b	references:1
0x000180f0	0x0006f280	references:2
0x00018242	0x0006f3d2	references:1
0x000182e0	0x0006f470	references:1
0x0001835b	0x0006f4eb	references:1
0x0001841a	0x0006f5aa	local-order-body
0x00018447	0x0006f5d7	references:1
0x00018643	0x0006f7d3	unique-body>=80
0x000188d8	0x0006fa68	unique-body>=80
0x000189f6	0x0006fb86	unique-body>=80
0x00018aee	0x0006fc7e	adjacent-to-exact-body:0x189f6
0x00018fb0	0x00070140	unique-body>=80
0x00019008	0x00070198	references:1
0x00019990	0x00027d90	reviewed-packed-boundary
0x000199a5	0x00027da5	references:1
0x00019a1e	0x00027e15	references:6
0x00019ac4	0x00027eb2	references:1
0x00019b4a	0x00027f38	references:1
0x00019bd4	0x00027fc2	references:2
0x00019c7f	0x00028064	references:1
0x00019d32	0x0002810e	references:3
0x00019d51	0x0002812d	local-order-body
0x00019d9f	0x0002817b	unique-body>=80
0x00019f16	0x000282f2	references:1
0x0001a105	0x000284e1	local-order-body
0x0001a115	0x000284f1	unique-body>=80
0x0001a1a1	0x0002857d	unique-body>=80
0x0001a1ff	0x000285db	unique-body>=80
0x0001a2af	0x0002868b	adjacent-to-exact-body:0x1a1ff
0x0001a6f4	0x00028ad0	references:1
0x0001a89d	0x00028c79	references:1
0x0001ad10	0x0002905e	references:1
0x0001afa4	0x000292de	references:1
0x0001b144	0x0002947e	references:1
0x0001ba30	0x00029d6e	references:1
0x0001ba7b	0x00029db9	adjacent-to-exact-body:0x1ba30
0x0001c11b	0x0002a40d	references:1
0x0001c71b	0x0002a9dd	references:1
0x0001c837	0x0002aaf9	references:1
0x0001d169	0x0002b42b	references:1
0x0001d7b6	0x0002ba65	local-order-body
0x0001d7d4	0x0002ba83	adjacent-to-exact-body:0x1d7b6
0x0001dd6f	0x0002bff5	references:1
0x0001def4	0x0002c164	references:1
0x0001e1e9	0x0002c445	references:1
0x0001e3fa	0x0002c63a	local-order-body
0x0001e442	0x0002c682	unique-body>=80
0x0001e4a1	0x0002c6e1	references:2
0x0001e53c	0x0002c77c	references:1
0x0001e6f8	0x0002c924	references:1
0x0001e898	0x0002caa8	unique-body>=80
0x0001e8fd	0x0002cb0d	local-order-body
0x0001e917	0x0002cb27	references:1
0x0001eaea	0x0002cc6e	references:1
0x0001ebd7	0x0002cd5b	references:1
0x0001ec7d	0x0002ce01	references:1
0x0001ed47	0x0002cecb	references:1
0x0001f2a5	0x0002d3ed	local-order-body
0x0001f2bf	0x0002d407	adjacent-to-exact-body:0x1f2a5
0x0001fb7c	0x0002dcb0	references:1
0x0001fc2d	0x0002dd61	references:1
0x0001fda3	0x0002de9a	references:1
0x0001fed7	0x0002dfb8	references:1
0x0001ff28	0x0002e009	references:1
0x0002068c	0x0002e76d	unique-body>=80
0x00020866	0x0002e947	references:1
0x00020c0d	0x0002eca6	references:1
0x000217bb	0x0002f82c	references:1
0x0002181c	0x0002f88d	references:1
0x000218e3	0x0002f954	unique-body>=80
0x0002194c	0x0002f9bd	local-order-body
0x00021969	0x0002f9da	adjacent-to-exact-body:0x2194c
0x00021afd	0x0002fb6e	reviewed-packed-boundary
0x00021d59	0x0002fdca	references:1
0x00021e59	0x0002feca	references:1
0x00021fe1	0x00030052	references:1
0x00022158	0x000301c9	references:1
0x000223c2	0x00030433	unique-body>=80
0x00022435	0x000304a6	unique-body>=80
0x0002249b	0x0003050c	unique-body>=80
0x00022566	0x000305d7	adjacent-to-exact-body:0x2249b
0x00022787	0x000307f8	references:1
0x00024810	0x0004e6e0	references:1
0x00024820	0x0004e6f0	references:1
0x00024850	0x0004e720	unique-body>=80
0x000248a0	0x0004e770	unique-body>=80
0x00024900	0x0004e7d0	references:2
0x00024950	0x0004e820	unique-body>=80
0x00024c50	0x0004eb20	unique-body>=80
0x00024d90	0x0004ec60	unique-body>=80
0x00025040	0x0004ef10	unique-body>=80
0x000252c0	0x00052ec0	unique-body>=80
0x0002558c	0x0005318c	references:1
0x000255ab	0x000531ab	paired-pointer-array:0x8c3c8
0x00026451	0x00054051	unique-body>=80
0x0002680e	0x0005440e	references:1
0x000268d5	0x000544d5	references:1
0x00026eee	0x00054aee	paired-pointer-array:0x8c3c8
0x00027cfe	0x000558fe	references:1
0x00027d20	0x00055920	adjacent-to-exact-body:0x27cfe
0x00028b59	0x00056759	unique-body>=80
0x00028d43	0x00056943	references:1
0x000291de	0x00056dde	references:1
0x00029e40	0x00057a40	unique-body>=80
0x0002a0a5	0x00057ca5	unique-body>=80
0x0002a3fe	0x00057ffe	references:6
0x0002a438	0x00058038	unique-body>=80
0x0002a845	0x00058445	references:1
0x0002b72d	0x0005932d	unique-body>=80
0x0002b7aa	0x000593aa	references:3
0x0002bd28	0x00059928	references:1
0x0002c2be	0x00059eac	references:1
0x0002c686	0x0005a274	references:6
0x0002c78e	0x0005a360	references:4
0x0002ca0d	0x0005a5c3	unique-body>=80
0x0002cbac	0x0005a762	unique-body>=80
0x0002ccde	0x0005a894	references:1
0x0002d29d	0x0005ae53	unique-body>=80
0x0002d67d	0x0005b233	references:1
0x0002da77	0x0005b62d	references:1
0x0002de45	0x0005b9fb	references:1
0x0002e471	0x0005c027	references:1
0x0002f1b7	0x0005cd58	unique-body>=80
0x0002f299	0x0005ce3a	adjacent-to-exact-body:0x2f1b7
0x0002feea	0x0005da85	unique-body>=80
0x0002ffd2	0x0005db6d	references:2
0x0002fff1	0x0005db8c	references:3
0x00030018	0x0005dbb3	unique-body>=80
0x00030071	0x0005dc0c	references:5
0x0003020a	0x0005dda5	references:1
0x0003045f	0x0005dffa	references:4
0x00030845	0x0005e3e0	references:1
0x00030ad5	0x0005e63e	references:1
0x00030d65	0x0005e89c	references:1
0x0003113f	0x0005ec76	references:1
0x00031375	0x0005eeac	unique-body>=80
0x00031567	0x0005f09e	references:1
0x0003268e	0x000601f5	references:1
0x000326cf	0x00060236	references:1
0x000329f0	0x00060557	unique-body>=80
0x00032c17	0x0006077e	references:1
0x00032e49	0x000609b0	references:1
0x00033394	0x00060efb	unique-body>=80
0x0003343f	0x00060fa6	references:1
0x00033652	0x000611b9	unique-body>=80
0x00033825	0x0006138c	references:1
0x00033b70	0x000616d7	references:1
0x00034665	0x000621ce	references:1
0x0003469f	0x00062208	references:1
0x0003497c	0x000624e5	unique-body>=80
0x000349e5	0x0006254e	unique-body>=80
0x00034c36	0x0006279f	references:2
0x00034f76	0x00062adf	references:1
0x000351bc	0x00062d25	references:1
0x00035462	0x00062fcb	references:1
0x0003597e	0x000634e7	references:1
0x00035c99	0x00063802	unique-body>=80
0x00035d9f	0x00063908	unique-body>=80
0x00035e30	0x00063999	unique-body>=80
0x00035e9e	0x00063a07	unique-body>=80
0x00035ff0	0x00063b59	references:1
0x0003603f	0x00063ba8	adjacent-to-exact-body:0x35ff0
0x000361f5	0x00063d5e	references:1
0x000363d6	0x00063f3f	unique-body>=80
0x00036479	0x00063fe2	unique-body>=80
0x000366fc	0x00064265	unique-body>=80
0x00036859	0x000643c2	unique-body>=80
0x000369d1	0x0006453a	unique-body>=80
0x00036aa5	0x0006460e	references:1
0x00036c67	0x000647d0	unique-body>=80
0x00036d37	0x000648a0	unique-body>=80
0x00036e07	0x00064970	references:1
0x00036f3f	0x00064aa8	references:1
0x00037080	0x00064be0	references:1
0x0003723d	0x00064d9d	references:1
0x000376f1	0x00065251	references:1
0x000379e7	0x00065531	unique-body>=80
0x00037a4a	0x00065594	references:1
0x00037a8a	0x000655d4	unique-body>=80
0x00037b11	0x0006565b	adjacent-to-exact-body:0x37a8a
0x00037d84	0x000658ce	reviewed-packed-boundary
0x00037e7d	0x000659c7	reviewed-packed-boundary
0x00038380	0x00010710	references:1
0x000388ed	0x00010c7d	references:1
0x00038b0f	0x00010e9f	references:1
0x00038c70	0x00011000	unique-body>=80
0x00038e68	0x000111f8	unique-body>=80
0x00039050	0x000113e0	references:2
0x0003917c	0x0001150c	unique-body>=80
0x000391e4	0x00011574	references:2
0x00039243	0x000115d3	unique-body>=80
0x00039314	0x000116a4	references:1
0x000393ad	0x0001173d	references:1
0x00039733	0x00011ac3	references:1
0x000398e3	0x00011c73	unique-body>=80
0x00039996	0x00011d26	references:1
0x000399b4	0x00011d44	adjacent-to-exact-body:0x39996
0x00039a8d	0x00011e1d	unique-body>=80
0x00039aec	0x00011e7c	unique-body>=80
0x00039b60	0x00011ef0	references:1
0x00039c6e	0x00011ffe	unique-body>=80
0x00039cfd	0x0001208d	unique-body>=80
0x00039d84	0x00012114	references:1
0x00039ead	0x0001223d	references:1
0x0003a65f	0x000129f2	references:4
0x0003b012	0x000132ca	unique-body>=80
0x0003b593	0x0001384b	references:1
0x0003b856	0x00013b0e	references:1
0x0003bb19	0x00013dd1	unique-body>=80
0x0003bf67	0x0001421f	references:1
0x0003c214	0x000144cc	unique-body>=80
0x0003c293	0x0001454b	references:1
0x0003c51f	0x000147d7	references:1
0x0003d528	0x000157e0	unique-body>=80
0x0003d597	0x0001584f	references:1
0x0003d77b	0x00015a33	references:1
0x0003e3de	0x00016696	references:1
0x0003e818	0x00016ad0	references:1
0x0003eb39	0x00016df1	references:1
0x0003ee02	0x000170ba	unique-body>=80
0x0003f099	0x00017351	unique-body>=80
0x0003f154	0x0001740c	references:1
0x0003f334	0x000175ec	references:1
0x0003f82c	0x00017ae4	unique-body>=80
0x0003f9a1	0x00017c59	references:1
0x00040282	0x0001853a	references:1
0x0004043a	0x000186f2	references:1
0x0004102c	0x000192e7	unique-body>=80
0x000412b7	0x00019572	references:1
0x000412f4	0x000195af	references:1
0x00041319	0x000195d4	references:1
0x00041827	0x00019ae2	references:1
0x00041aa7	0x00019d62	references:1
0x00041efe	0x0001a1b9	references:1
0x00042749	0x0001aa04	references:1
0x00042a2a	0x0001ace5	references:1
0x000430a9	0x0001b364	references:1
0x0004345d	0x0001b718	references:1
0x00043ab6	0x0001bd71	unique-body>=80
0x00043b2f	0x0001bdea	unique-body>=80
0x00043c31	0x0001beec	references:1
0x00043f11	0x0001c1cc	references:1
0x000441de	0x0001c499	references:1
0x00044437	0x0001c6f2	references:1
0x00044533	0x0001c7ee	unique-body>=80
0x000445bf	0x0001c87a	references:1
0x00044651	0x0001c90b	unique-body>=80
0x000446a3	0x0001c95d	unique-body>=80
0x0004472c	0x0001c9e6	references:1
0x00044750	0x0001ca0a	unique-body>=80
0x0004480f	0x0001cac9	unique-body>=80
0x00044b5d	0x0001ce17	references:3
0x00044c3b	0x0001cef5	unique-body>=80
0x00044c9c	0x0001cf56	unique-body>=80
0x00044db1	0x0001d06b	unique-body>=80
0x00044e59	0x0001d113	unique-body>=80
0x00044fae	0x0001d268	references:1
0x00045060	0x0001d31a	references:1
0x00045189	0x0001d443	references:1
0x0004539c	0x0001d657	references:1
0x000456e3	0x0001d99f	references:1
0x00045a98	0x0001dd54	references:1
0x00046181	0x0001e48b	references:2
0x000466fa	0x0001ea28	unique-body>=80
0x00046b25	0x0001ee53	unique-body>=80
0x00046b7d	0x0001eeab	references:1
0x00046eec	0x0001f247	unique-body>=80
0x00046f84	0x0001f2df	unique-body>=80
0x00047294	0x0001f5ef	unique-body>=80
0x000473cc	0x0001f727	references:1
0x0004781a	0x0001fb75	unique-body>=80
0x00047969	0x0001fcc4	unique-body>=80
0x00047a10	0x00067700	references:3
0x00047a4c	0x0006773c	local-order-body
0x00047a64	0x00067754	references:1
0x00047b7f	0x0006786f	references:1
0x00047bb0	0x000678a0	unique-body>=80
0x00047c09	0x000678f9	references:1
0x00047d5c	0x00067a4c	unique-body>=80
0x00047db0	0x00067aa0	unique-body>=80
0x00047e09	0x00067af9	unique-body>=80
0x00047f3b	0x00067c2b	unique-body>=80
0x00047fb8	0x00067ca8	references:1
0x00048110	0x00067e00	references:1
0x0004812c	0x00067e1c	references:1
0x00048969	0x00068641	references:1
0x00048988	0x00068660	unique-body>=80
0x00048ab4	0x0006878c	paired-pointer-array:0x8c478
0x00048ee5	0x00068bbd	unique-body>=80
0x00048f6f	0x00068c47	paired-pointer-array:0x8c478
0x000499fb	0x000696cd	unique-body>=80
0x00049a98	0x0006976a	adjacent-to-exact-body:0x499fb
0x00049d4a	0x000699ea	references:3
0x0004a2a8	0x00069edb	unique-body>=80
0x0004a325	0x00069f58	unique-body>=80
0x0004a464	0x0006a097	references:1
0x0004a6d0	0x0001fd70	unique-body>=80
0x0004a937	0x0001ffd7	references:1
0x0004ad9f	0x0002043f	local-order-body
0x0004adc6	0x00020466	references:1
0x0004b530	0x0006a300	unique-body>=80
0x0004b6e8	0x0006a4b8	unique-body>=80
0x0004b820	0x0006a5f0	unique-body>=80
0x0004bbfb	0x0006a9cb	paired-pointer-array:0x8c498
0x0004c014	0x0006ade4	unique-body>=80
0x0004c1fe	0x0006afce	unique-body>=80
0x0004c35f	0x0006b12f	adjacent-to-exact-body:0x4c1fe
0x0004cb1d	0x0006b8ed	unique-body>=80
0x0004ccab	0x0006ba7b	references:1
0x0004ce92	0x0006bc62	unique-body>=80
0x0004d069	0x0006be39	unique-body>=80
0x0004d0e4	0x0006beb4	unique-body>=80
0x0004d36b	0x0006c13b	unique-body>=80
0x0004d447	0x0006c217	local-order-body
0x0004d45f	0x0006c22f	unique-body>=80
0x0004d51d	0x0006c2ed	adjacent-to-exact-body:0x4d45f
0x0004d6f6	0x0006c4c6	references:1
0x0004d8bc	0x0006c68c	references:1
0x0004dac5	0x0006c895	references:1
0x0004db98	0x0006c968	references:1
0x0004e8ed	0x0006d6bd	local-order-body
0x0004e93b	0x0006d70b	references:1
0x0004f4c6	0x0006e26e	unique-body>=80
0x0004f5da	0x0006e382	unique-body>=80
0x0004f652	0x0006e3fa	references:5
0x0004f682	0x0006e42a	unique-body>=80
0x0004f6e6	0x0006e48e	unique-body>=80
0x0004f740	0x00020bd0	compiler-control:SOURCE-KB-vc41.obj
0x0004f7b2	0x00020c42	compiler-control:SOURCE-KB-vc41.obj
0x0004f7d2	0x00020c62	compiler-control:SOURCE-KB-vc41.obj
0x0004fdd9	0x00021269	compiler-control:SOURCE-KB-vc41.obj
0x00050146	0x000215d6	compiler-control:SOURCE-KB-vc41.obj
0x0005025c	0x000216ec	references:1
0x0005107f	0x0002250f	compiler-control:SOURCE-KB-vc41.obj
0x000510bd	0x0002254d	references:1
0x00051345	0x000227d5	compiler-control:SOURCE-KB-vc41.obj
0x000514fb	0x0002298b	references:1
0x0005150f	0x0002299f	adjacent-to-exact-body:0x514fb
0x000516da	0x00022b6a	compiler-control:SOURCE-KB-vc41.obj
0x00051721	0x00022bb1	compiler-control:SOURCE-KB-vc41.obj
0x000517c0	0x00022c50	compiler-control:SOURCE-KB-vc41.obj
0x000517da	0x00022c6a	compiler-control:SOURCE-KB-vc41.obj
0x000518c0	0x00022d50	compiler-control:SOURCE-KB-vc41.obj
0x00051a04	0x00022e94	compiler-control:SOURCE-KB-vc41.obj
0x00051ad2	0x00022f62	compiler-control:SOURCE-KB-vc41.obj
0x00051b32	0x00022fc2	references:22
0x00052a35	0x00023ebf	compiler-control:SOURCE-KB-vc41.obj
0x00052aa0	0x00023f2a	compiler-control:SOURCE-KB-vc41.obj
0x00052c65	0x000240ef	compiler-control:SOURCE-KB-vc41.obj
0x00052d79	0x00024203	compiler-control:SOURCE-KB-vc41.obj
0x00052d95	0x0002421f	compiler-control:SOURCE-KB-vc41.obj
0x00052f01	0x0002438b	compiler-control:SOURCE-KB-vc41.obj
0x00052f9b	0x00024425	compiler-control:SOURCE-KB-vc41.obj
0x0005308c	0x00024516	compiler-control:SOURCE-KB-vc41.obj
0x00053276	0x00024700	references:1
0x00053a4a	0x00024f04	compiler-control:SOURCE-KB-vc41.obj
0x00053adf	0x00024f99	compiler-control:SOURCE-KB-vc41.obj
0x00053caa	0x00025164	references:1
0x000540fa	0x00025590	references:1
0x000542f1	0x00025781	compiler-control:SOURCE-KB-vc41.obj
0x00054361	0x000257f1	compiler-control:SOURCE-KB-vc41.obj
0x000543ef	0x0002587f	adjacent-to-exact-body:0x54361
0x000547c1	0x00025c5a	compiler-control:SOURCE-KB-vc41.obj
0x0005481c	0x00025cb5	compiler-control:SOURCE-KB-vc41.obj
0x0005484a	0x00025ce3	compiler-control:SOURCE-KB-vc41.obj
0x00054883	0x00025d1c	compiler-control:SOURCE-KB-vc41.obj
0x0005495d	0x00025df6	references:2
0x00055051	0x000264ed	compiler-control:SOURCE-KB-vc41.obj
0x0005508c	0x00026528	compiler-control:SOURCE-KB-vc41.obj
0x000551db	0x00026677	compiler-control:SOURCE-KB-vc41.obj
0x00055225	0x000266c1	adjacent-to-exact-body:0x551db
0x000555e3	0x00026a7f	references:1
0x00055694	0x00026b30	references:2
0x0005585b	0x00026d00	compiler-control:SOURCE-KB-vc41.obj
0x00055a34	0x00026ed9	compiler-control:SOURCE-KB-vc41.obj
0x00055a85	0x00026f2a	compiler-control:SOURCE-KB-vc41.obj
0x00055b0f	0x00026fb4	compiler-control:SOURCE-KB-vc41.obj
0x00055b8a	0x0002702f	local-order-body
0x00055b9f	0x00027044	references:1
0x00055bb1	0x00027056	compiler-control:SOURCE-KB-vc41.obj
0x00055c8d	0x00027132	compiler-control:SOURCE-KB-vc41.obj
0x00055cde	0x00027183	compiler-control:SOURCE-KB-vc41.obj
0x00055d42	0x000271e7	compiler-control:SOURCE-KB-vc41.obj
0x00055d96	0x0002723b	references:1
0x00055da6	0x0002724b	compiler-control:SOURCE-KB-vc41.obj
0x00055e24	0x000272c9	compiler-control:SOURCE-KB-vc41.obj
0x0005644d	0x000278f2	compiler-control:SOURCE-KB-vc41.obj
0x00056804	0x00027ca9	compiler-control:SOURCE-KB-vc41.obj
0x0005689d	0x00027d42	compiler-control:SOURCE-KB-vc41.obj
0x000568c1	0x00027d65	compiler-control:SOURCE-KB-vc41.obj
0x000568f0	0x0000bde0	unique-body>=80
0x00056a54	0x0000bf44	unique-body>=80
0x00056be4	0x0000c0d4	unique-body>=80
0x00056e06	0x0000c2f6	unique-body>=80
0x00056f63	0x0000c453	unique-body>=80
0x00057096	0x0000c586	unique-body>=80
0x000573c9	0x0000c8b9	references:1
0x000575e1	0x0000cad1	unique-body>=80
0x00057a67	0x0000cf57	unique-body>=80
0x00057c4e	0x0000d13e	references:1
0x00057d60	0x0000d250	references:1
0x00057ea9	0x0000d399	references:1
0x00057ff2	0x0000d4e2	references:1
0x000580f4	0x0000d5e4	unique-body>=80
0x0005822d	0x0000d71d	references:1
0x0005833f	0x0000d82f	unique-body>=80
0x00058420	0x0000d910	references:1
0x00058522	0x0000da12	unique-body>=80
0x00058620	0x00070b20	unique-body>=80
0x000586ad	0x00070bad	unique-body>=80
0x00058721	0x00070c21	references:1
0x0005879c	0x00070c9c	unique-body>=80
0x00058a16	0x00070f16	unique-body>=80
0x00058a71	0x00070f71	references:1
0x00058b27	0x00071027	unique-body>=80
0x00058bad	0x000710ad	references:1
0x00058d0f	0x0007120f	references:1
0x00058e50	0x00071350	unique-body>=80
0x00058f44	0x00071444	references:1
0x000590d8	0x000715d8	references:1
0x000592c9	0x000717c9	unique-body>=80
0x00059367	0x00071867	unique-body>=80
0x00059468	0x00071968	unique-body>=80
0x00059630	0x00071b30	unique-body>=80
0x00059727	0x00071c27	unique-body>=80
0x000597cc	0x00071ccc	unique-body>=80
0x00059829	0x00071d29	unique-body>=80
0x0005989a	0x00071d9a	unique-body>=80
0x0005992e	0x00071e2e	unique-body>=80
0x0005999a	0x00071e9a	unique-body>=80
0x00059a14	0x00071f14	unique-body>=80
0x00059af6	0x00071ff6	references:2
0x00059b21	0x00072021	references:2
0x00059b68	0x00072068	local-order-body
0x00059b8c	0x0007208c	references:1
0x00059e4c	0x0007234c	unique-body>=80
0x0005a162	0x00072662	unique-body>=80
0x0005a26b	0x0007276b	references:1
0x0005a347	0x00072847	references:3
0x0005a578	0x00072a6f	unique-body>=80
0x0005a684	0x00072b7b	unique-body>=80
0x0005ab82	0x00073079	references:1
0x0005ad48	0x0003d3f0	references:1
0x0005ad72	0x0003d41a	unique-body>=80
0x0005adc5	0x0003d4b9	paired-pointer-array:0x8c4a8
0x0005ade4	0x0003d4d8	paired-pointer-array:0x8c4a8
0x0005b759	0x0003dde6	unique-body>=80
0x0005b7f0	0x00032870	references:1
0x0005b93e	0x000329be	unique-body>=80
0x0005bc14	0x00032c94	references:1
0x0005bc45	0x00032cc5	unique-body>=80
0x0005c25c	0x000332dc	adjacent-to-exact-body:0x5bc45
0x0005c2ec	0x0003336c	references:1
0x0005c306	0x00033386	unique-body>=80
0x0005c3d0	0x00033450	unique-body>=80
0x0005c4f7	0x00033577	references:2
0x0005c67c	0x000336fc	unique-body>=80
0x0005c74c	0x000337cc	unique-body>=80
0x0005c7f6	0x00033876	references:2
0x0005c92b	0x000339ab	unique-body>=80
0x0005c9a4	0x00033a24	references:1
0x0005cafe	0x00033b7e	references:1
0x0005cca1	0x00033d21	reviewed-packed-boundary
0x0005ceae	0x00033f2e	references:1
0x0005d3d1	0x00034453	references:1
0x0005d3e6	0x00034468	adjacent-to-exact-body:0x5d3d1
0x0005d470	0x000344f2	references:1
0x0005d840	0x000348b9	references:7
0x0005d85a	0x000348d3	references:1
0x0005dd1f	0x00034d9e	references:2
0x0005dd9b	0x00034e1a	references:23
0x0005ddb1	0x00034e30	unique-body>=80
0x0005de14	0x00034e93	references:1
0x0005de79	0x00034ef8	references:1
0x0005dee0	0x00001000	references:1
0x0005fdfa	0x00002f1a	references:1
0x0005fff3	0x00003113	unique-body>=80
0x000600c0	0x000031e0	references:1
0x0006027f	0x0000339f	references:2
0x000604c2	0x000035e2	references:3
0x000605a0	0x000036bd	unique-body>=80
0x00060649	0x00003766	unique-body>=80
0x000606a8	0x000037c5	unique-body>=80
0x00060758	0x00003875	unique-body>=80
0x000607b2	0x000038cf	references:1
0x0006089e	0x000039bb	unique-body>=80
0x00060b7e	0x00003c9b	unique-body>=80
0x00060c9c	0x00003db9	references:2
0x00060e9c	0x00003fb9	unique-body>=80
0x000610df	0x000041fc	unique-body>=80
0x000612df	0x000043fc	unique-body>=80
0x0006135c	0x00004479	references:1
0x00061493	0x000045b0	unique-body>=80
0x000615a6	0x000046c3	adjacent-to-exact-body:0x61493
0x000626e7	0x00005804	unique-body>=80
0x00062881	0x0000599e	references:1
0x000629d3	0x00005af0	references:1
0x00062b62	0x00005c7f	references:2
0x00063128	0x00006245	unique-body>=80
0x00063402	0x0000651f	references:1
0x00063750	0x00037ed0	unique-body>=80
0x00063a2e	0x000381ae	unique-body>=80
0x00063b40	0x000382c0	references:1
0x00063b82	0x00038302	unique-body>=80
0x00063df0	0x00038570	local-order-body
0x00063e27	0x000385a7	unique-body>=80
0x00063f25	0x000386a5	references:1
0x00063f68	0x000386e8	references:4
0x00064030	0x0003c320	unique-body>=80
0x0006409b	0x0003c38b	unique-body>=80
0x000640f0	0x0003c3e0	references:1
0x000641d1	0x0003c4c1	unique-body>=80
0x0006434d	0x0003c63d	unique-body>=80
0x000643f2	0x0003c6e2	references:1
0x00064550	0x00039df0	reviewed-packed-boundary
0x00064590	0x00039e30	unique-body>=80
0x000645e4	0x00039e84	references:3
0x00064607	0x00039ea7	references:1
0x00064640	0x0003de80	references:1
0x00064dc3	0x0003e65b	references:1
0x00065791	0x0003f029	references:1
0x0006585b	0x0003f0f3	references:1
0x00065916	0x0003f1ae	references:1
0x000659ed	0x0003f285	references:1
0x00065aa0	0x0003f338	references:1
0x00065b53	0x0003f3eb	references:1
0x00065c5c	0x0003f4f4	references:1
0x00065d17	0x0003f5af	unique-body>=80
0x00065ec7	0x0003f75f	references:1
0x00066170	0x0003fa08	references:1
0x0006637f	0x0003fc17	references:1
0x000665b0	0x00006870	compiler-control:SOURCE-ARMY-vc41.obj
0x00066679	0x00006939	references:1
0x00066691	0x00006951	compiler-control:SOURCE-ARMY-vc41.obj
0x00066702	0x000069c2	compiler-control:SOURCE-ARMY-vc41.obj
0x00066824	0x00006ae4	references:1
0x00066a5b	0x00006d1b	compiler-control:SOURCE-ARMY-vc41.obj
0x00066b4c	0x00006e0c	references:1
0x000673a2	0x00007662	compiler-control:SOURCE-ARMY-vc41.obj
0x00067405	0x000076c5	compiler-control:SOURCE-ARMY-vc41.obj
0x00067466	0x00007726	references:2
0x00067cb9	0x00007f77	references:1
0x00068983	0x00008bf6	references:1
0x000690e8	0x0000935b	compiler-control:SOURCE-ARMY-vc41.obj
0x00069115	0x00009388	references:1
0x0006a1a2	0x0000a415	compiler-control:SOURCE-ARMY-vc41.obj
0x0006a1eb	0x0000a45e	local-order-body
0x0006a212	0x0000a485	compiler-control:SOURCE-ARMY-vc40.obj
0x0006a30e	0x0000a581	local-order-body
0x0006a335	0x0000a5a8	compiler-control:SOURCE-ARMY-vc40.obj
0x0006a4fe	0x0000a771	compiler-control:SOURCE-ARMY-vc41.obj
0x0006a747	0x0000a9ba	references:1
0x0006a9f5	0x0000ac26	references:1
0x0006ab6b	0x0000ad9c	references:1
0x0006b414	0x0000b645	compiler-control:SOURCE-ARMY-vc41.obj
0x0006b448	0x0000b679	references:2
0x0006b579	0x0000b7aa	compiler-control:SOURCE-ARMY-vc41.obj
0x0006b62b	0x0000b85c	adjacent-to-exact-body:0x6b579
0x0006b809	0x0000ba3a	references:1
0x0006bbb0	0x00047250	compiler-control:SOURCE-HERO-vc41.obj
0x0006bc18	0x000472b8	local-order-body
0x0006bc30	0x000472d0	compiler-control:SOURCE-HERO-vc41.obj
0x0006bc8d	0x0004732d	references:1
0x0006be7a	0x0004751a	compiler-control:SOURCE-HERO-vc41.obj
0x0006bed0	0x00047570	references:1
0x0006bfc0	0x00047660	compiler-control:SOURCE-HERO-vc41.obj
0x0006c1d7	0x00047877	compiler-control:SOURCE-HERO-vc41.obj
0x0006c3ba	0x00047a5a	compiler-control:SOURCE-HERO-vc41.obj
0x0006c40d	0x00047aad	references:1
0x0006cacf	0x0004816f	compiler-control:SOURCE-HERO-vc41.obj
0x0006cb4b	0x000481eb	compiler-control:SOURCE-HERO-vc41.obj
0x0006cbf6	0x00048296	compiler-control:SOURCE-HERO-vc41.obj
0x0006cdb0	0x00048450	compiler-control:SOURCE-HERO-vc41.obj
0x0006cf5f	0x000485ff	compiler-control:SOURCE-HERO-vc41.obj
0x0006cfa9	0x00048649	compiler-control:SOURCE-HERO-vc41.obj
0x0006d002	0x000486a2	references:3
0x0006d454	0x00048af4	references:1
0x0006d524	0x00048bc4	references:1
0x0006d616	0x00048cb6	compiler-control:SOURCE-HERO-vc41.obj
0x0006d765	0x00048e05	compiler-control:SOURCE-HERO-vc41.obj
0x0006d783	0x00048e23	references:2
0x0006da77	0x00049117	compiler-control:SOURCE-HERO-vc41.obj
0x0006dace	0x0004916e	compiler-control:SOURCE-HERO-vc41.obj
0x0006dffc	0x0004969c	references:1
0x0006e6d0	0x0004f190	references:1
0x0006e71a	0x0004f1da	references:2
0x0006e767	0x0004f227	references:1
0x0006e7b2	0x0004f272	unique-body>=80
0x0006e83c	0x0004f2fc	unique-body>=80
0x0006e98d	0x0004f44d	references:1
0x0006ec40	0x0004f700	unique-body>=80
0x0006edd0	0x0004f890	unique-body>=80
0x0006ee45	0x0004f905	references:1
0x0006ee83	0x0004f943	local-order-body
0x0006eed0	0x0004f990	paired-pointer-array:0x8c528
0x0006f1a5	0x0004fc65	unique-body>=80
0x0006f2c8	0x0004fd88	adjacent-to-exact-body:0x6f1a5
0x0006f4e7	0x0004ffa7	paired-pointer-array:0x8c528
0x0006fe93	0x00050953	unique-body>=80
0x0006ff38	0x000509f8	unique-body>=80
0x0007004a	0x00050b0a	adjacent-to-exact-body:0x6ff38
0x000702d8	0x00050d98	references:2
0x0007076a	0x0005122a	references:1
0x00070b10	0x000387b0	unique-body>=80
0x00070b6f	0x0003880f	unique-body>=80
0x00070bc9	0x00038869	references:4
0x00070c7e	0x0003891e	references:1
0x00070f71	0x00038c11	unique-body>=80
0x00071045	0x00038ce5	references:1
0x00071069	0x00038d09	unique-body>=80
0x00071147	0x00038de7	unique-body>=80
0x0007131b	0x00038fbb	references:2
0x00072150	0x0003c840	reviewed-packed-boundary
0x00072319	0x0003c985	references:1
0x00072399	0x0003ca0c	unique-body>=80
0x00072d80	0x00037270	unique-body>=80
0x00072deb	0x000372db	references:2
0x00072e34	0x00037324	references:1
0x00072e57	0x00037347	references:2
0x00073231	0x000376dc	references:1
0x00073589	0x00037a34	unique-body>=80
0x0007369a	0x00037b45	references:1
0x00073773	0x00037c1e	references:1
0x000738ba	0x00037d65	local-order-body
0x000738cd	0x00037d78	unique-body>=80
0x00073933	0x00037dde	references:1
0x00073a1a	0x000731d0	references:10
0x00073a20	0x00075c40	unique-body>=80
0x00073bc0	0x00075de0	references:4
0x00073bf0	0x00075e10	references:1
0x00073c40	0x00075e60	unique-body>=80
0x00073d20	0x00075f40	unique-body>=80
0x00073df0	0x00076010	references:6
0x00073e30	0x00076050	unique-body>=80
0x00073e90	0x000760b0	references:3
0x00073ea0	0x000760c0	references:1
0x00073eb0	0x000760d0	unique-body>=80
0x000740a0	0x000762c0	references:1
0x00074350	0x00076570	references:1
0x00074360	0x0007dbe0	references:9
0x000743b0	0x00076580	unique-body>=80
0x00074560	0x00076730	references:1
0x000745b0	0x00076780	unique-body>=80
0x00074670	0x00076840	paired-pointer-array:0x8c5b0
0x000746c0	0x00076890	paired-pointer-array:0x8c5b0
0x00074700	0x000768d0	references:8
0x00074740	0x00076910	unique-body>=80
0x00074810	0x000769e0	unique-body>=80
0x000748a0	0x00076a70	references:12
0x00074a80	0x00076c60	unique-body>=80
0x00074b70	0x00076d50	unique-body>=80
0x00074c30	0x00076e10	references:1
0x00074c80	0x00076e60	unique-body>=80
0x00074d10	0x00076ef0	unique-body>=80
0x00075030	0x00077210	references:1
0x00075050	0x00077230	unique-body>=80
0x00075100	0x000772e0	references:14
0x00075550	0x00077730	unique-body>=80
0x000755f0	0x000777d0	unique-body>=80
0x000756a0	0x00077880	unique-body>=80
0x000757f0	0x000779d0	unique-body>=80
0x00075910	0x00077af0	unique-body>=80
0x000759b0	0x00077b90	references:5
0x000759d0	0x00077bb0	references:5
0x00075a00	0x00077be0	unique-body>=80
0x00075b00	0x00077ce0	unique-body>=80
0x00075b90	0x00077d70	unique-body>=80
0x00075c20	0x00077e00	references:2
0x00075e00	0x00079400	unique-body>=80
0x00075ea0	0x000794a0	unique-body>=80
0x00075f30	0x00079530	references:1
0x00075fc0	0x000795c0	unique-body>=80
0x00076060	0x00079660	references:3
0x00076100	0x00079700	references:9
0x00076140	0x00079740	unique-body>=80
0x000761d0	0x000797d0	references:1
0x00076270	0x00079870	unique-body>=80
0x00076310	0x00079910	references:2
0x000763b0	0x000799b0	unique-body>=80
0x00076440	0x00079a40	unique-body>=80
0x000764a0	0x00079aa0	references:1
0x00076530	0x00079b30	references:3
0x00076580	0x00079b80	paired-pointer-array:0x8c5c0
0x000765a0	0x00079ba0	unique-body>=80
0x00076630	0x00079c30	unique-body>=80
0x000766c0	0x00079cc0	unique-body>=80
0x00076750	0x00079d50	references:1
0x00076850	0x00079e50	unique-body>=80
0x00076950	0x00079f50	unique-body>=80
0x00076a40	0x0007a040	references:5
0x00076a70	0x0007a070	references:5
0x00076aa0	0x0007a0a0	unique-body>=80
0x00076b00	0x0007a100	unique-body>=80
0x00076b60	0x0007a160	unique-body>=80
0x00076bc0	0x0007a1c0	unique-body>=80
0x00076c20	0x0007a220	references:6
0x00076c50	0x0007a250	unique-body>=80
0x00076cb0	0x00073200	unique-body>=80
0x00076d60	0x000732b0	paired-pointer-array:0x8c5d0
0x00076db0	0x00073300	unique-body>=80
0x00076eb0	0x00073400	paired-pointer-array:0x8c5d0
0x00076ec0	0x00073410	references:3
0x00076f10	0x00073460	unique-body>=80
0x000773a0	0x000738f0	references:9
0x000773b0	0x00073900	references:8
0x000773c0	0x00073910	references:1
0x000773d0	0x00073920	references:1
0x000773e0	0x00073930	references:1
0x000773f0	0x00073940	references:1
0x00077400	0x00073950	references:1
0x00077410	0x00073960	local-order-body
0x00077420	0x00073970	references:1
0x00077430	0x00073980	unique-body>=80
0x00077490	0x000739e0	adjacent-to-exact-body:0x77430
0x000774a0	0x000739f0	adjacent-to-exact-body:0x77490
0x000774b0	0x00073a00	adjacent-to-exact-body:0x774a0
0x000774c0	0x00073a10	adjacent-to-exact-body:0x774b0
0x000774d0	0x00073a20	unique-body>=80
0x000776e0	0x00073c30	unique-body>=80
0x000777c0	0x00073d10	references:1
0x00077d80	0x000742d0	references:1
0x00077dd0	0x00074320	unique-body>=80
0x00077e40	0x00074390	adjacent-to-exact-body:0x77dd0
0x00077f40	0x00074490	paired-pointer-array:0x8c5e0
0x00078100	0x00074650	paired-pointer-array:0x8c5e0
0x00078280	0x000747d0	paired-pointer-array:0x8c5e0
0x00078290	0x000747e0	references:1
0x000785d0	0x00074a90	references:2
0x000786c0	0x00074b80	references:1
0x00078710	0x00074ba0	unique-body>=80
0x00078910	0x00074da0	references:1
0x00078960	0x00074df0	unique-body>=80
0x00078a20	0x00074eb0	references:1
0x00078b90	0x00075020	references:1
0x00078ca0	0x000750f0	references:2
0x00078f10	0x00075330	references:2
0x000793a0	0x000757c0	unique-body>=80
0x00079550	0x00075970	references:2
0x00079740	0x00075b30	references:1
0x00079750	0x00075b40	unique-body>=80
0x00079850	0x0007d6e0	unique-body>=80
0x00079926	0x0007d7b6	unique-body>=80
0x000799f2	0x0007d882	unique-body>=80
0x00079ac8	0x0007d958	unique-body>=80
0x00079b9c	0x0007da2c	unique-body>=80
0x00079c76	0x0007db06	unique-body>=80
0x00079d50	0x0007d340	references:1
0x00079d80	0x0007d370	paired-pointer-array:0x8c5f0
0x00079dc0	0x0007d3b0	unique-body>=80
0x00079e20	0x0007d410	unique-body>=80
0x00079ef0	0x0007d4e0	unique-body>=80
0x0007a050	0x0007d640	unique-body>=80
0x0007a0f0	0x0007a2b0	unique-body>=80
0x0007a160	0x0007a320	paired-pointer-array:0x8c5fc
0x0007a1a0	0x0007a360	references:8
0x0007a3d0	0x0007a590	unique-body>=80
0x0007a430	0x0007a5f0	unique-body>=80
0x0007a570	0x0007a730	references:2
0x0007a740	0x00077fe0	references:1
0x0007a750	0x00077ff0	unique-body>=80
0x0007a800	0x000780a0	references:1
0x0007a890	0x00078130	unique-body>=80
0x0007a9a0	0x00078240	unique-body>=80
0x0007aa80	0x00078320	unique-body>=80
0x0007ab00	0x000783a0	unique-body>=80
0x0007ab70	0x00078410	unique-body>=80
0x0007ac80	0x0007b110	references:1
0x0007acb0	0x0007b140	paired-pointer-array:0x8c600
0x0007acf0	0x0007b180	references:3
0x0007ad40	0x0007b1d0	unique-body>=80
0x0007adf0	0x0007b280	references:2
0x0007ae30	0x0007b2c0	references:1
0x0007ae50	0x0007b2e0	references:2
0x0007ae80	0x0007b310	unique-body>=80
0x0007af00	0x0007b390	unique-body>=80
0x0007afc0	0x0007ba90	references:1
0x0007aff0	0x0007bac0	paired-pointer-array:0x8c608
0x0007b030	0x0007bb00	unique-body>=80
0x0007b0a0	0x0007bb70	unique-body>=80
0x0007b170	0x0007bc40	unique-body>=80
0x0007b330	0x0007be00	unique-body>=80
0x0007b3a0	0x0007ce50	references:1
0x0007b3e0	0x0007ce90	paired-pointer-array:0x8c618
0x0007b430	0x0007cee0	unique-body>=80
0x0007b4a0	0x0007cf50	unique-body>=80
0x0007b590	0x0007d040	local-order-body
0x0007b5c0	0x0007d070	unique-body>=80
0x0007b7b0	0x0007d260	references:1
0x0007b7f0	0x0007d2a0	unique-body>=80
0x0007b890	0x0007a900	unique-body>=80
0x0007b940	0x0007a9b0	paired-pointer-array:0x8c624
0x0007b980	0x0007a9f0	local-order-body
0x0007b9c0	0x0007aa30	unique-body>=80
0x0007baa0	0x0007ab10	references:3
0x0007bd70	0x0007ade0	references:1
0x0007bf90	0x0007b000	references:2
0x0007c098	0x0007ba14	references:1
0x0007c0c6	0x0007ba42	references:1
0x0007c0e6	0x0007ba62	adjacent-to-exact-body:0x7c0c6
0x0007c110	0x00078520	unique-body>=80
0x0007c400	0x00078810	unique-body>=80
0x0007c680	0x00078a90	unique-body>=80
0x0007c6f0	0x00078b00	unique-body>=80
0x0007c780	0x00078b90	paired-pointer-array:0x8c628
0x0007c7c0	0x00078bd0	paired-pointer-array:0x8c628
0x0007c7d0	0x00078be0	references:1
0x0007c7f0	0x00078c00	unique-body>=80
0x0007c8d0	0x00078ce0	references:1
0x0007c8f0	0x00078d00	unique-body>=80
0x0007cac0	0x00078ed0	unique-body>=80
0x0007cdfc	0x0007920c	unique-body>=80
0x0007ce70	0x00079280	unique-body>=80
0x0007cf56	0x00079366	references:1
0x0007cfa2	0x000793b2	references:2
0x0007cfe8	0x0007b450	references:1
0x0007d014	0x0007b47c	unique-body>=80
0x0007d274	0x0007b6dc	unique-body>=80
0x0007d4d0	0x0007b940	references:3
0x0007d500	0x0007b970	paired-pointer-array:0x8c634
0x0007d540	0x0007b9b0	unique-body>=80
0x0007d5a0	0x0007ba10	references:1
0x0007d5b0	0x0007dc30	references:1
0x0007d5d0	0x0007dc50	paired-pointer-array:0x8c638
0x0007d600	0x0007dc80	local-order-body
0x0007d640	0x0007dcc0	local-order-body
0x0007d6a0	0x0007dd20	paired-pointer-array:0x8c638
0x0007d6b0	0x0007dd30	paired-pointer-array:0x8c638
0x0007d6e0	0x0007be68	unique-body>=80
0x0007d820	0x0007bfa0	unique-body>=80
0x0007d8e0	0x0007c060	unique-body>=80
0x0007e030	0x0007c7b0	unique-body>=80
0x0007e180	0x0007c900	unique-body>=80
0x0007e3c0	0x0007cb40	unique-body>=80
0x0007e5a0	0x0007cd20	unique-body>=80
0x0007e6d0	0x0007dd60	references:1
0x0007e700	0x0007dd90	paired-pointer-array:0x8c648
0x0007e740	0x0007ddd0	unique-body>=80
0x0007e930	0x0007dfc0	unique-body>=80
0x0007f130	0x0007e7c0	unique-body>=80
0x0007f260	0x0007e8f0	unique-body>=80
0x0007f3f0	0x0007ea80	references:1
0x0007f410	0x0007eaa0	vtable and deleting-destructor body; absent from old census
0x0007f440	0x0007ead0	local-order-body
0x0007f4a0	0x0007eb30	paired-pointer-array:0x8c658
0x0007f4b0	0x0007eb40	paired-pointer-array:0x8c658
0x0007f4c0	0x0007eb50	references:1
0x0007f500	0x0007eb90	paired-pointer-array:0x8c668
0x0007f540	0x0007ebd0	unique-body>=80
0x0007f620	0x0007ecb0	paired-pointer-array:0x8c668
0x0007fb50	0x0007f1e0	unique-body>=80
0x0007fbf0	0x0007f280	paired-pointer-array:0x8c668
0x0007fc40	0x0007f2d0	unique-body>=80
0x0007fca0	0x0007f330	references:1
0x0007fcb0	0x0007f340	references:1
0x0007fcd0	0x0007f360	references:1
0x0007fce0	0x0007f370	unique-body>=80
0x0007ff00	0x0007f590	adjacent-to-exact-body:0x7fce0
0x0007ff40	0x0007f5d0	unique-body>=80
0x0007fff0	0x0007f680	paired-pointer-array:0x8c678
0x00080030	0x0007f6c0	unique-body>=80
0x000801b0	0x0007f840	paired-pointer-array:0x8c678
0x000801f0	0x0007f880	references:6
0x00080220	0x0007f8b0	adjacent-to-exact-body:0x801f0
0x00080228	0x0007f8b8	references:1
0x00080275	0x0007f905	unique-body>=80
0x000802fa	0x0007f98a	unique-body>=80
0x000803c3	0x0007fa53	unique-body>=80
0x000804dc	0x0007fb6c	unique-body>=80
0x0008062f	0x0007fcbf	unique-body>=80
0x0008079a	0x000731d6	references:1
0x000807a0	0x000731dc	references:1
0x000807a6	0x000731e2	references:1
0x000807ac	0x000731e8	references:1
0x000807b2	0x000731ee	references:1
0x000807b8	0x000731f4	references:1
0x000807c0	0x0007fde8	references:1
0x00080802	0x0007fe2a	unique-body>=80
0x0008086a	0x0007fe92	references:1
0x0008088d	0x0007feb5	references:1
0x00080896	0x0007febe	references:2
0x000808b0	0x0007fee0	references:1
0x000808f0	0x0007ff20	references:1
0x00080900	0x0007ff30	references:1
0x00080910	0x0007ff40	references:1
0x00080920	0x0007ff50	references:1
0x00080980	0x0007ffb0	references:19
0x000809c0	0x0007fff0	unique-body>=80
0x00080a60	0x00080090	references:1
0x00080b40	0x00080170	unique-body>=80
0x00080bb0	0x000801e0	references:28
0x00080bc0	0x00080270	references:22
0x00080bc8	0x00080280	unique-body>=80
0x00080cb0	0x00080360	references:28
0x00080cc0	0x000801f0	unique-body>=80
0x00080d30	0x000811b0	unique-body>=80
0x00080de0	0x00081260	references:1
0x00080df0	0x00080370	unique-body>=80
0x00080e50	0x00080440	references:16
0x00080e70	0x00080460	references:18
0x00080fc0	0x000805b0	references:21
0x00080fe0	0x000805d0	references:2
0x00081020	0x00080610	references:1
0x00081038	0x00080628	references:3
0x00081060	0x000803d0	paired-pointer-array:0xa346c
0x00081090	0x00080400	references:1
0x000810d0	0x00087d40	unique-body>=80
0x000811e7	0x00087e57	unique-body>=80
0x00081686	0x000882f6	references:1
0x00081699	0x00088309	references:1
0x000816ac	0x0008831c	local-order-body
0x000816f8	0x00088368	unique-body>=80
0x000817ac	0x0008841c	local-order-body
0x000817f8	0x00088468	unique-body>=80
0x00081e60	0x00080260	references:1
0x00081e70	0x00080650	references:7
0x00081ef0	0x000813c0	references:1
0x00081f10	0x00080ae0	references:1
0x00081f50	0x00080b20	unique-body>=80
0x00081fb0	0x00080b80	unique-body>=80
0x00082020	0x00080bf0	references:1
0x00082060	0x00080c30	references:1
0x00082080	0x00080c50	references:1
0x000820d0	0x00081270	references:5
0x00082220	0x000806d0	unique-body>=80
0x000822b0	0x00080770	references:1
0x000822d0	0x00080830	references:1
0x000822e0	0x00080840	references:1
0x00082310	0x00080870	references:1
0x00082340	0x000808a0	references:3
0x00082360	0x000808c0	references:2
0x00082380	0x000808e0	references:2
0x00082410	0x000809a0	local-order-body
0x00082420	0x000809b0	references:1
0x00082430	0x000809c0	references:1
0x00082450	0x000809e0	references:3
0x00082480	0x00080ca0	references:1
0x000824c0	0x00080ce0	unique-body>=80
0x00082610	0x00081470	references:1
0x00082650	0x000814b0	unique-body>=80
0x000826f0	0x00081550	references:2
0x00082720	0x00081580	references:1
0x000828d0	0x00081730	references:2
0x00082910	0x00080e30	references:1
0x00082950	0x00080e70	references:1
0x00082ad0	0x00080ff0	references:4
0x00082b50	0x00081070	unique-body>=80
0x00082be0	0x00081100	unique-body>=80
0x00082c90	0x00081770	unique-body>=80
0x00082e30	0x00081910	references:4
0x00082e60	0x00081e70	unique-body>=80
0x00082ed0	0x00081ee0	unique-body>=80
0x00082f60	0x00081bc0	VC4.1 LIBCMT read.obj whole body and caller identity
0x00082fe0	0x00081c40	references:1
0x00083210	0x00081f70	references:1
0x00083230	0x00081f90	unique-body>=80
0x00083690	0x00081940	references:4
0x00083710	0x000819c0	references:1
0x00083910	0x000823f0	references:1
0x000839e0	0x000824f0	references:3
0x00083a90	0x000825c0	references:1
0x00083ae0	0x00082680	vtable purecall targets and VC4.1 purevirt.obj body
0x00083af0	0x00082610	unique-body>=80
0x00083b60	0x00082690	unique-body>=80
0x00083c20	0x00082750	references:1
0x00083ec0	0x000829f0	references:1
0x00083fa0	0x00082ad0	references:1
0x00084040	0x00082b70	unique-body>=80
0x00084130	0x00082c60	references:1
0x000841d0	0x00082d00	references:1
0x00084320	0x00082e50	references:1
0x00084520	0x00083050	unique-body>=80
0x000845a0	0x000830d0	references:1
0x000845d0	0x00083100	references:2
0x00084620	0x00083150	unique-body>=80
0x00084680	0x000831b0	references:2
0x000846a0	0x000831d0	unique-body>=80
0x00084710	0x00083240	unique-body>=80
0x00084860	0x00083390	references:1
0x00085240	0x00083d70	references:1
0x00085290	0x00083dc0	references:1
0x000852d0	0x00083e00	references:1
0x00085310	0x00083e40	references:1
0x00085320	0x00083e50	references:1
0x00085340	0x00083e70	references:1
0x00085350	0x00085930	unique-body>=80
0x000853f0	0x00084570	references:1
0x00085410	0x00084590	references:1
0x00085450	0x00083e80	references:1
0x00085470	0x00083ea0	references:1
0x000854c0	0x00083ef0	references:1
0x00085720	0x00084180	unique-body>=80
0x000857a0	0x00084200	references:2
0x00085890	0x000842f0	unique-body>=80
0x00085900	0x00084360	references:2
0x000859c0	0x00084420	unique-body>=80
0x00085ae0	0x00084540	references:2
0x00085b10	0x000845d0	references:1
0x00085b40	0x00084600	unique-body>=80
0x00085bb0	0x00084670	references:3
0x00085bd0	0x00084690	references:2
0x00085c10	0x000846d0	references:1
0x00085c40	0x00084700	references:2
0x00085c80	0x00084740	references:1
0x00085cb0	0x00084770	references:1
0x00085cf0	0x000847b0	references:1
0x00085d30	0x000847f0	unique-body>=80
0x00085db0	0x00084870	references:1
0x00085e70	0x00084940	unique-body>=80
0x00085f10	0x000849e0	references:1
0x00085f50	0x00084a20	unique-body>=80
0x00086160	0x00084c30	references:1
0x00086460	0x00084f30	references:1
0x0008649e	0x00084f6e	references:1
0x000864db	0x00084fab	references:1
0x00086523	0x00084ff3	references:2
0x0008652a	0x00084ffa	unique-body>=80
0x0008665b	0x0008512b	references:1
0x0008668e	0x0008515e	references:2
0x000866d0	0x000851a0	unique-body>=80
0x000867d0	0x000852a0	unique-body>=80
0x00086850	0x00085320	references:7
0x00086860	0x00085330	references:4
0x00086870	0x000856c0	references:1
0x00086a50	0x00085340	references:1
0x00086ba0	0x00085480	references:1
0x00086c50	0x00085530	references:1
0x00086cf0	0x000855d0	references:3
0x00086d40	0x00085620	unique-body>=80
0x00086db0	0x00085690	references:2
0x00086de0	0x000858a0	unique-body>=80
0x00086e70	0x000859d0	unique-body>=80
0x00086fc0	0x00085b20	references:1
0x00086ff0	0x00085b50	references:1
0x00087010	0x00085b70	references:1
0x00087050	0x00085bb0	references:1
0x00087130	0x00085c90	unique-body>=80
0x000871d0	0x00085d30	references:1
0x000873b0	0x00085f00	references:1
0x00087550	0x000860a0	references:1
0x00087780	0x000862d0	references:1
0x000877d0	0x00086320	unique-body>=80
0x00087830	0x00086380	references:1
0x00087860	0x000863b0	unique-body>=80
0x00087931	0x00086481	local-order-body
0x00087950	0x000864a0	references:1
0x00087990	0x000864e0	references:1
0x00087b80	0x000866d0	unique-body>=80
0x00087cc0	0x00086820	references:1
0x00087d10	0x00086890	unique-body>=80
0x00087ea0	0x00086a20	references:3
0x00087f20	0x00086aa0	references:2
0x00087fa0	0x00086b20	references:1
0x00087fc0	0x00086b40	references:1
0x00087fe0	0x00086b60	references:1
0x00088000	0x00086b80	references:3
0x00088060	0x00086be0	references:2
0x000880b0	0x00086c30	references:2
0x000881d0	0x00086d50	references:1
0x00088200	0x00086db0	unique-body>=80
0x000882a0	0x00086e50	unique-body>=80
0x00088310	0x00086ec0	unique-body>=80
0x00088390	0x00089010	unique-body>=80
0x000884c0	0x00086f40	references:1
0x00088500	0x00086f80	references:1
0x00088520	0x00086fa0	unique-body>=80
0x000885d0	0x00087050	unique-body>=80
0x00088660	0x000870e0	paired-pointer-array:0xa38e8
0x00088670	0x000870f0	unique-body>=80
0x000886e0	0x00087160	unique-body>=80
0x00088750	0x000871d0	unique-body>=80
0x00088800	0x00087280	references:1
0x00088820	0x000872a0	references:1
0x00088830	0x000872b0	references:1
0x00088850	0x000872d0	references:1
0x00088900	0x00087380	unique-body>=80
0x00088ad0	0x00087550	references:1
0x00088af0	0x00087570	references:1
0x00088b10	0x00087590	references:1
0x00088b50	0x000875d0	references:1
0x00088b90	0x00087610	unique-body>=80
0x00088c20	0x000876a0	unique-body>=80
0x00088cb0	0x00087730	references:1
0x00088d70	0x000877f0	references:1
0x00088e20	0x000878a0	unique-body>=80
0x00088e87	0x00087907	unique-body>=80
0x00089240	0x00087cc0	unique-body>=80
0x000892c0	0x00088ad0	unique-body>=80
0x000893e0	0x00088bf0	references:2
0x00089610	0x00088e20	references:1
0x00089640	0x00089140	references:1
0x000896e0	0x000891e0	references:1
0x00089750	0x00089250	references:1
0x00089870	0x0008a390	local-order-body
0x00089890	0x0008a3b0	references:1
0x00089930	0x0008a450	unique-body>=80
0x00089b10	0x0008a630	references:1
0x00089b90	0x0008a670	references:2
0x00089bc0	0x0008a6a0	unique-body>=80
0x00089c30	0x0008a710	references:1
0x00089c70	0x0008a750	references:1
0x00089cb0	0x0008a790	references:1
0x00089da0	0x0008a880	references:2
0x0008a4f0	0x0008afd0	references:1
0x0008a890	0x0008b370	references:1
0x0008a8d0	0x0008b3b0	unique-body>=80
0x0008a940	0x0008b420	unique-body>=80
0x0008aa30	0x0008b510	references:1
0x0008aa50	0x0008b530	unique-body>=80
0x0008ab00	0x0008b5e0	unique-body>=80
0x0008ae70	0x0008b950	unique-body>=80
0x0008b130	0x0008bc10	references:1
0x0008b160	0x0008bc40	references:1
0x0008b170	0x0008bc50	references:1
0x0008b190	0x0008bc70	references:1
0x0008b1b0	0x0008bc90	references:1
0x0008b1f0	0x0008bcd0	references:1
0x0008b2e0	0x0008c1f0	references:1
0x0008b590	0x0008c4a0	references:1
0x0008b60c	0x0008c550	references:2
0x0008b620	0x0008c590	references:1
0x0008b640	0x0008c560	references:1
0x0008c000	0x0008d538	references:1
0x0008c010	0x0008d548	references:1
0x0008c020	0x0008d358	references:1
0x0008c028	0x0008d428	references:1
0x0008c068	0x0008d468	references:1
0x0008c078	0x0008d480	references:1
0x0008c080	0x0008d488	references:1
0x0008c088	0x0008d490	references:1
0x0008c090	0x0008d498	references:1
0x0008c098	0x0008d4a0	references:1
0x0008c0a0	0x0008d018	references:1
0x0008c0a8	0x0008d070	references:1
0x0008c0ac	0x0008d074	references:1
0x0008c0b0	0x0008d078	references:1
0x0008c0b4	0x0008d07c	references:1
0x0008c0b8	0x0008d080	references:1
0x0008c0bc	0x0008d084	references:1
0x0008c0c0	0x0008d088	references:1
0x0008c0c4	0x0008d08c	references:1
0x0008c0c8	0x0008d090	references:2
0x0008c0cc	0x0008d094	references:1
0x0008c0d0	0x0008d098	references:1
0x0008c0d8	0x0008d0a0	references:1
0x0008c0e0	0x0008d0a8	references:2
0x0008c0e8	0x0008d0b0	references:1
0x0008c0f0	0x0008d0b8	references:1
0x0008c0f8	0x0008d0c0	references:1
0x0008c100	0x0008d0c8	references:1
0x0008c110	0x0008d0d8	references:1
0x0008c118	0x0008d0e0	references:1
0x0008c130	0x0008d0f8	references:1
0x0008c138	0x0008d100	references:1
0x0008c140	0x0008d108	references:1
0x0008c150	0x0008d118	references:1
0x0008c158	0x0008d120	references:1
0x0008c160	0x0008d128	references:1
0x0008c170	0x0008d138	references:2
0x0008c178	0x0008d140	references:1
0x0008c180	0x0008d148	references:1
0x0008c188	0x0008d150	references:1
0x0008c198	0x0008d160	references:1
0x0008c1a0	0x0008d168	references:1
0x0008c1b4	0x0008d17c	references:1
0x0008c1b8	0x0008d180	references:1
0x0008c1c0	0x0008d188	references:1
0x0008c1c8	0x0008d190	references:1
0x0008c1d0	0x0008d198	references:1
0x0008c1d8	0x0008d1a0	references:1
0x0008c1e0	0x0008d1a8	references:1
0x0008c1e8	0x0008d1b0	references:1
0x0008c1f0	0x0008d1b8	references:1
0x0008c200	0x0008d1c8	references:1
0x0008c208	0x0008d1d0	references:2
0x0008c210	0x0008d1d8	references:1
0x0008c218	0x0008d1e0	references:1
0x0008c220	0x0008d1e8	references:1
0x0008c228	0x0008d1f0	references:1
0x0008c230	0x0008d1f8	references:1
0x0008c240	0x0008d208	references:1
0x0008c250	0x0008d218	references:1
0x0008c278	0x0008d240	references:1
0x0008c280	0x0008d248	references:1
0x0008c284	0x0008d24c	references:1
0x0008c290	0x0008d258	references:1
0x0008c2a0	0x0008d268	references:1
0x0008c2a8	0x0008d270	references:1
0x0008c2e8	0x0008d2b0	references:1
0x0008c2f0	0x0008d2b8	references:1
0x0008c2f8	0x0008d2c0	references:1
0x0008c300	0x0008d2c8	references:1
0x0008c308	0x0008d2d0	references:1
0x0008c310	0x0008d2d8	references:1
0x0008c318	0x0008d2e0	references:1
0x0008c328	0x0008d2f0	references:2
0x0008c32c	0x0008d2f4	references:2
0x0008c330	0x0008d2f8	references:1
0x0008c338	0x0008d300	references:1
0x0008c340	0x0008d308	references:1
0x0008c344	0x0008d30c	references:1
0x0008c348	0x0008d310	references:1
0x0008c350	0x0008d318	references:1
0x0008c354	0x0008d31c	references:1
0x0008c358	0x0008d320	references:1
0x0008c35c	0x0008d324	references:1
0x0008c360	0x0008d328	references:1
0x0008c368	0x0008d330	references:1
0x0008c370	0x0008d338	references:1
0x0008c378	0x0008d340	references:1
0x0008c37c	0x0008d344	references:1
0x0008c388	0x0008d350	references:1
0x0008c390	0x0008d4b8	references:1
0x0008c3b8	0x0008d4e0	references:2
0x0008c3c8	0x0008d4f0	references:1
0x0008c3d8	0x0008d500	references:1
0x0008c3dc	0x0008d504	references:1
0x0008c3e0	0x0008d508	references:1
0x0008c3e4	0x0008d50c	references:1
0x0008c3e8	0x0008d510	references:1
0x0008c3ec	0x0008d514	references:1
0x0008c3f0	0x0008d518	references:1
0x0008c3f4	0x0008d51c	references:1
0x0008c3f8	0x0008d520	references:1
0x0008c3fc	0x0008d524	references:1
0x0008c408	0x0008d530	references:1
0x0008c410	0x0008d020	references:1
0x0008c418	0x0008d028	references:1
0x0008c420	0x0008d030	references:1
0x0008c428	0x0008d038	references:1
0x0008c430	0x0008d040	references:1
0x0008c438	0x0008d048	references:1
0x0008c440	0x0008d050	references:1
0x0008c448	0x0008d058	references:1
0x0008c450	0x0008d060	references:1
0x0008c458	0x0008d068	references:1
0x0008c460	0x0008d558	references:1
0x0008c468	0x0008d560	references:1
0x0008c470	0x0008d568	references:1
0x0008c478	0x0008d570	references:2
0x0008c490	0x0008d588	references:1
0x0008c498	0x0008d590	references:1
0x0008c4a8	0x0008d3c8	references:1
0x0008c4b8	0x0008d000	references:1
0x0008c4c0	0x0008d3d8	references:1
0x0008c4c8	0x0008d3e0	references:1
0x0008c500	0x0008d418	references:1
0x0008c520	0x0008d478	references:1
0x0008c528	0x0008d4a8	references:1
0x0008c550	0x0008d378	references:1
0x0008c558	0x0008d380	references:1
0x0008c568	0x0008d390	references:1
0x0008c570	0x0008d398	references:1
0x0008c580	0x0008d3a8	references:1
0x0008c588	0x0008d3b0	references:1
0x0008c590	0x0008d3b8	references:1
0x0008c598	0x0008d3c0	references:1
0x0008c5a0	0x0008d630	references:1
0x0008c5b0	0x0008d5c0	references:1
0x0008c5c0	0x0008d5e0	references:1
0x0008c5d0	0x0008d5a0	references:1
0x0008c5e0	0x0008d5b0	references:1
0x0008c5f0	0x0008d620	references:1
0x0008c5fc	0x0008d5ec	references:1
0x0008c600	0x0008d5f4	references:1
0x0008c608	0x0008d600	references:1
0x0008c618	0x0008d610	references:1
0x0008c624	0x0008d5f0	references:1
0x0008c628	0x0008d5d0	references:1
0x0008c634	0x0008d5f8	references:1
0x0008c638	0x0008d640	references:1
0x0008c648	0x0008d650	references:1
0x0008c658	0x0008d660	references:1
0x0008c668	0x0008d670	references:1
0x0008c678	0x0008d680	references:1
0x0008c684	0x0008d68c	references:1
0x0008c688	0x0008d690	references:1
0x0008c68c	0x0008d694	references:1
0x0008c690	0x0008d698	references:1
0x0008c6a0	0x0008d6a8	references:1
0x0008c6b0	0x0008d6b8	references:1
0x0008c6c8	0x0008d6e8	references:1
0x0008c6d8	0x0008d6e0	references:1
0x0008c6e8	0x0008d708	references:1
0x0008c770	0x0008d800	references:1
0x0008c778	0x0008d808	references:1
0x0008c780	0x0008d810	references:1
0x0008c788	0x0008d818	references:1
0x0008c790	0x0008d820	references:1
0x0008c798	0x0008d828	references:1
0x0008c7a0	0x0008db40	references:1
0x0008c7b8	0x0008db58	references:1
0x0008c7e0	0x0008db80	references:1
0x0008c840	0x0008f090	references:1
0x0008c868	0x0008f0b8	references:1
0x0008c890	0x0008f0e0	references:1
0x0008c8b8	0x0008e9c0	references:1
0x0008c8e0	0x0008e9e8	references:1
0x0008c990	0x0008ea98	references:1
0x0008c9b8	0x0008eac0	references:1
0x0008c9f8	0x0008eb00	references:1
0x0008ca20	0x0008eb28	references:1
0x0008ca58	0x0008eb60	references:1
0x0008ca80	0x0008ebd8	references:1
0x0008cab8	0x0008ec10	references:1
0x0008cb00	0x0008ec58	references:1
0x0008cb28	0x0008ec80	references:1
0x0008cb50	0x0008eca8	references:1
0x0008cb78	0x0008e5f0	references:1
0x0008cba0	0x0008e910	references:1
0x0008cbc8	0x0008ed20	references:1
0x0008cc28	0x0008ed80	references:1
0x0008cc50	0x0008eda8	references:1
0x0008cc98	0x0008edf0	references:1
0x0008ccd8	0x0008ee30	references:1
0x0008cd18	0x0008ee70	references:1
0x0008cd50	0x0008eea8	references:1
0x0008cd98	0x0008eef0	references:1
0x0008cdf8	0x0008ef50	references:1
0x0008ce48	0x0008efa0	references:1
0x0008ce70	0x0008efc8	references:1
0x0008ce98	0x0008eff0	references:1
0x0008cec0	0x0008f018	references:1
0x0008cf10	0x0008f068	references:1
0x0008cf38	0x0008e618	references:1
0x0008cf60	0x0008e640	references:1
0x0008cf88	0x0008e668	references:1
0x0008cfb0	0x0008e690	references:1
0x0008cfe0	0x0008e6c0	references:1
0x0008d010	0x0008e6f0	references:1
0x0008d038	0x0008e718	references:1
0x0008d068	0x0008e748	references:1
0x0008d090	0x0008f108	references:1
0x0008d0c0	0x0008f138	references:1
0x0008d0f0	0x0008f168	references:1
0x0008d118	0x0008e770	references:1
0x0008d238	0x0008e890	references:1
0x0008d260	0x0008e8b8	references:1
0x0008d290	0x0008e8e8	references:1
0x0008d2b8	0x0008e470	references:1
0x0008d2e0	0x0008e498	references:1
0x0008d308	0x0008e4c0	references:1
0x0008d330	0x0008e4e8	references:1
0x0008d358	0x0008e510	references:1
0x0008d380	0x0008e538	references:1
0x0008d3e8	0x0008e5a0	references:1
0x0008d410	0x0008e5c8	references:1
0x0008d438	0x0008e998	references:1
0x0008d488	0x0008e3f8	references:1
0x0008d4b0	0x0008e420	references:1
0x0008d4d8	0x0008e938	references:1
0x0008d510	0x0008e970	references:1
0x0008d538	0x0008e448	references:1
0x0008d560	0x0008eb88	references:1
0x0008d588	0x0008ebb0	references:1
0x0008d5b0	0x0008ecd0	references:1
0x0008d5d8	0x0008ecf8	references:1
0x0008e000	0x00090000	references:1
0x0008e00c	0x0009000c	references:1
0x0008e010	0x00090010	references:1
0x0008e01c	0x0009001c	references:1
0x0008e020	0x00090020	references:1
0x0008e028	0x00090028	references:1
0x0008e02c	0x0009002c	references:1
0x0008e030	0x00090030	references:1
0x0008e040	0x000a2544	references:1
0x0008e04c	0x000a2550	references:1
0x0008e058	0x000a255c	references:1
0x0008e06c	0x000a2570	references:1
0x0008e07c	0x000a2580	references:1
0x0008e08c	0x000a2590	references:1
0x0008e098	0x000a259c	references:1
0x0008e09c	0x000a25a0	references:1
0x0008e0a0	0x000a25a4	references:1
0x0008e0b4	0x000a25b8	references:1
0x0008e0b8	0x000a25bc	references:1
0x0008e0bc	0x000a25c0	references:1
0x0008e0c8	0x000a25cc	references:1
0x0008e0d0	0x000a25d4	references:1
0x0008e0e0	0x000a25e4	references:1
0x0008e0f0	0x000a25f4	references:1
0x0008e100	0x000a2604	references:1
0x0008e130	0x000a2634	references:1
0x0008e13c	0x000a2640	references:1
0x0008e144	0x000a2648	references:1
0x0008e148	0x000a264c	references:1
0x0008e14c	0x000a2650	references:1
0x0008e150	0x000a2654	references:1
0x0008e160	0x000a2664	references:1
0x0008e170	0x000a2b80	references:1
0x0008e178	0x0009fe60	references:1
0x0008e17c	0x0009fe64	references:2
0x0008e180	0x0009fe68	references:3
0x0008e184	0x0009fe6c	references:2
0x0008e188	0x0009fe70	references:2
0x0008e18c	0x0009fe74	references:1
0x0008e190	0x0009fe78	references:1
0x0008e198	0x0009fe80	references:1
0x0008e19c	0x0009fe84	references:1
0x0008e19d	0x0009fe85	references:1
0x0008e19e	0x0009fe86	references:1
0x0008e19f	0x0009fe87	references:1
0x0008e59c	0x000a0284	references:2
0x0008e5a4	0x000a028c	references:1
0x0008e5a8	0x000a0290	references:3
0x0008e5ac	0x000a0294	references:2
0x0008e5b0	0x000a0298	references:6
0x0008e5b4	0x000a029c	references:4
0x0008e5b8	0x000a02a0	references:2
0x0008e5bc	0x000a02a4	references:3
0x0008e5c0	0x000a02a8	references:3
0x0008e5c4	0x000a02ac	references:1
0x0008e5c8	0x000a02b0	references:1
0x0008e5e8	0x000a02d0	references:1
0x0008e5ec	0x000a02d4	references:1
0x0008e60c	0x000a02f4	references:1
0x0008e610	0x000a02f8	references:1
0x0008e630	0x000a0318	references:1
0x0008e650	0x000a0338	references:1
0x0008e670	0x000a0358	references:1
0x0008e674	0x000a035c	references:1
0x0008e678	0x000a0360	references:1
0x0008e698	0x000a0380	references:1
0x0008e6b8	0x000a03a0	references:1
0x0008e6d8	0x000a03c0	references:1
0x0008e6f8	0x000a03e0	references:1
0x0008e6fc	0x000a03e4	references:1
0x0008e71c	0x000a0404	references:1
0x0008e724	0x000a040c	references:1
0x0008e72c	0x000a0414	references:1
0x0008e740	0x000a0428	references:1
0x0008e760	0x000a0448	references:1
0x0008e780	0x000a0468	references:1
0x0008e7a0	0x000a0488	references:1
0x0008e7c0	0x000a04a8	references:1
0x0008e7e0	0x000a04c8	references:1
0x0008e800	0x000a04e8	references:1
0x0008e804	0x000a04ec	references:1
0x0008e824	0x000a050c	references:1
0x0008e828	0x000a0510	references:1
0x0008e848	0x000a0530	references:1
0x0008e84c	0x000a0534	references:1
0x0008e850	0x000a0538	references:1
0x0008e870	0x000a0558	references:1
0x0008e890	0x000a0578	references:1
0x0008e8c0	0x000a05a8	references:1
0x0008e8c4	0x000a05ac	references:1
0x0008e8e4	0x000a05cc	references:1
0x0008e904	0x000a05ec	references:1
0x0008e908	0x000a05f0	references:1
0x0008e928	0x000a0610	references:1
0x0008e948	0x000a0630	references:1
0x0008e94c	0x000a0634	references:2
0x0008e950	0x000a0638	references:2
0x0008e954	0x000a063c	references:2
0x0008e958	0x000a0640	references:1
0x0008e978	0x000a0660	references:1
0x0008e998	0x000a0680	references:1
0x0008e9b8	0x000a06a0	references:1
0x0008e9d8	0x000a06c0	references:1
0x0008e9fc	0x000a06e4	references:1
0x0008ea00	0x000a06e8	references:1
0x0008ea0c	0x000a06f4	references:1
0x0008ea20	0x000a0708	references:1
0x0008ea38	0x000a0720	references:1
0x0008eb18	0x000a0d28	references:1
0x0008eb20	0x000a0d30	references:1
0x0008eb30	0x000a0d40	references:1
0x0008eb3c	0x000a0d4c	references:1
0x0008eb40	0x000a0d50	references:1
0x0008eb44	0x000a0d54	references:1
0x0008eb48	0x000a0d58	interior-data-references
0x0008eb4a	0x000a0d5a	references:1
0x0008eb50	0x000a0e88	references:1
0x0008eb58	0x000a0e90	references:1
0x0008eb60	0x000a0e98	references:1
0x0008eb70	0x000a0ea8	references:1
0x0008eb7c	0x000a0eb4	references:1
0x0008eb8c	0x000a0ec4	references:1
0x0008eb94	0x000a0ecc	references:1
0x0008eba4	0x000a0edc	references:1
0x0008ebb4	0x000a0eec	references:1
0x0008ebc0	0x000a0ef8	references:1
0x0008ebcc	0x000a0f04	references:1
0x0008ebd8	0x000a0f10	references:1
0x0008ebe8	0x000a0f20	references:1
0x0008ec84	0x000a0fbc	references:1
0x0008ec90	0x000a0fc8	references:1
0x0008eca0	0x000a0fd8	references:1
0x0008ecb0	0x000a0fe8	references:1
0x0008ed20	0x000a1058	references:1
0x0008ed30	0x000a1068	references:1
0x0008ed3c	0x000a1074	references:1
0x0008ed48	0x000a1080	references:1
0x0008ed54	0x000a108c	references:1
0x0008ed60	0x000a1098	references:1
0x0008ed88	0x000a10c0	references:1
0x0008ed8c	0x000a10c4	references:1
0x0008ed90	0x000a10c8	references:1
0x0008edb0	0x000a10e8	references:1
0x0008edd0	0x000a1108	references:1
0x0008edf0	0x000a1128	references:1
0x0008ee10	0x000a1148	references:1
0x0008ee1c	0x000a1154	references:1
0x0008ee28	0x000a1160	references:1
0x0008ee2c	0x000a1164	references:1
0x0008ee30	0x000a1168	references:1
0x0008ee3c	0x000a1174	references:1
0x0008ee4c	0x000a1184	references:1
0x0008ee64	0x000a119c	references:1
0x0008ee74	0x000a11ac	references:1
0x0008ee84	0x000a11bc	references:1
0x0008ee94	0x000a11cc	references:1
0x0008eea4	0x000a11dc	references:1
0x0008eec8	0x000a1200	references:1
0x0008eeec	0x000a1224	references:1
0x0008ef14	0x000a124c	references:1
0x0008ef24	0x000a125c	references:1
0x0008ef34	0x000a126c	references:1
0x0008ef44	0x000a127c	references:1
0x0008ef54	0x000a128c	references:1
0x0008ef64	0x000a129c	references:1
0x0008ef74	0x000a12ac	references:1
0x0008ef80	0x000a12b8	references:1
0x0008ef84	0x000a1390	references:1
0x0008efa8	0x000a13b4	references:1
0x0008efd4	0x000a13e0	references:1
0x0008eff8	0x000a1404	references:1
0x0008f014	0x000a1420	references:1
0x0008f03c	0x000a1448	references:1
0x0008f04c	0x000a1458	references:1
0x0008f05c	0x000a1468	references:1
0x0008f06c	0x000a1478	references:1
0x0008f094	0x000a14a0	references:1
0x0008f0a4	0x000a14b0	references:1
0x0008f0b0	0x000a14bc	references:1
0x0008f0bc	0x000a14c8	references:1
0x0008f0d4	0x000a14e0	references:1
0x0008f0e4	0x000a14f0	references:1
0x0008f0f4	0x000a1500	references:1
0x0008f104	0x000a1510	references:1
0x0008f108	0x000a1514	references:1
0x0008f114	0x000a1520	references:1
0x0008f124	0x000a1530	references:1
0x0008f134	0x000a1540	references:1
0x0008f144	0x000a1550	references:1
0x0008f154	0x000a1560	references:1
0x0008f164	0x000a1570	references:1
0x0008f1d4	0x000a15e0	references:1
0x0008f1d8	0x000a15e4	references:1
0x0008f1e4	0x000a16c4	references:3
0x0008f1e8	0x000a16c8	references:1
0x0008f1ec	0x000a16cc	references:1
0x0008f1f0	0x000a16d0	references:5
0x0008f1f4	0x000a16d4	references:5
0x0008f1fc	0x000a16dc	references:2
0x0008f200	0x000a16e0	references:1
0x0008f214	0x000a16f4	references:1
0x0008f218	0x000a1720	references:1
0x0008f234	0x000a1754	references:1
0x0008f238	0x000a1758	references:1
0x0008f254	0x000a1778	references:1
0x0008f26c	0x000a1790	references:1
0x0008f270	0x000a1794	references:1
0x0008f28c	0x00090690	references:2
0x0008f290	0x00090694	references:1
0x0008f2a0	0x000906a4	references:1
0x0008f2b0	0x000906b4	references:1
0x0008f2b4	0x000906b8	references:1
0x0008f2d4	0x000906d8	references:1
0x0008f2e8	0x000906ec	references:1
0x0008f308	0x0009070c	references:1
0x0008f310	0x00090714	references:1
0x0008f320	0x00090724	references:1
0x0008f330	0x00090734	references:1
0x0008f340	0x00090744	references:1
0x0008f364	0x00090768	references:1
0x0008f398	0x0009079c	references:1
0x0008f3a8	0x000907ac	references:1
0x0008f3b4	0x000907b8	references:1
0x0008f3e4	0x000907e8	references:1
0x0008f400	0x00090804	references:1
0x0008f41c	0x00090820	references:1
0x0008f42c	0x00090830	references:1
0x0008f44c	0x00090850	references:1
0x0008f458	0x0009085c	references:1
0x0008f47c	0x00090880	references:1
0x0008f488	0x0009088c	references:1
0x0008f4ac	0x000908b0	references:1
0x0008f4cc	0x000908d0	references:1
0x0008f4d4	0x000a2b84	references:1
0x0008f4d8	0x000a2b88	references:1
0x0008f4f4	0x000a2ba4	references:1
0x0008f510	0x000a2bc0	references:1
0x0008f514	0x000a2bc4	references:1
0x0008f530	0x000a2be0	references:1
0x0008f54c	0x0009f4c8	references:1
0x0008f55c	0x0009f4d8	references:1
0x0008f560	0x0009f4dc	references:1
0x0008f564	0x0009f4e0	references:1
0x0008f568	0x0009f4e4	references:1
0x0008f590	0x0009f50c	references:1
0x0008f594	0x0009f510	references:1
0x0008f59c	0x0009f518	references:1
0x0008f5a0	0x0009f51c	references:1
0x0008f5a4	0x0009f520	references:1
0x0008f5ac	0x0009f528	references:1
0x0008f5b8	0x0009f534	references:1
0x0008f5bc	0x0009f538	references:1
0x0008f5c4	0x0009f540	references:1
0x0008f5d8	0x0009f554	references:1
0x0008f5dc	0x0009f558	references:1
0x0008f5e4	0x0009f560	references:1
0x0008f608	0x0009f584	references:1
0x0008f60c	0x0009f588	references:1
0x0008f614	0x0009f590	references:1
0x0008f63c	0x0009f5b8	references:1
0x0008f64c	0x0009f5c8	references:1
0x0008f65c	0x0009f5d8	references:1
0x0008f664	0x0009f5e0	references:1
0x0008f66c	0x0009f5e8	references:1
0x0008f680	0x0009f5fc	references:1
0x0008f688	0x0009f604	references:1
0x0008f6ac	0x0009f628	references:1
0x0008f6c4	0x0009f640	references:1
0x0008f6c8	0x0009f644	references:1
0x0008f6d4	0x0009f650	references:1
0x0008f6e0	0x0009f65c	references:1
0x0008f6f0	0x0009f66c	references:1
0x0008f6f8	0x0009f674	references:1
0x0008f738	0x0009f6b4	references:1
0x0008f778	0x0009f6f4	references:1
0x0008f7b8	0x0009f734	references:1
0x0008f7bc	0x0009f738	references:1
0x0008f7dc	0x0009f758	references:1
0x0008f800	0x0009f77c	references:1
0x0008f824	0x0009f7a0	references:1
0x0008f828	0x000a17b4	references:2
0x0008f82c	0x000a17b8	references:1
0x0008f830	0x000a17bc	references:1
0x0008f834	0x000a17c0	references:1
0x0008f838	0x000a17c4	references:1
0x0008f83c	0x000a17c8	references:1
0x0008f840	0x000a17cc	references:4
0x0008f844	0x000a17d0	references:1
0x0008f848	0x000a17d4	references:2
0x0008f84c	0x000a17d8	references:1
0x0008f850	0x000a17dc	references:2
0x0008f854	0x000a17e0	references:1
0x0008f864	0x000a17f0	references:1
0x0008f870	0x000a17fc	references:1
0x0008f87c	0x000a1808	references:1
0x0008f888	0x000a1814	references:1
0x0008f894	0x000a1820	references:1
0x0008f8a4	0x000a1830	references:1
0x0008f8b0	0x000a183c	references:1
0x0008f8bc	0x000a1848	references:1
0x0008f8c8	0x000a1854	references:1
0x0008f8d8	0x000a1864	references:1
0x0008f8e8	0x000a1874	references:1
0x0008f8f8	0x000a1884	references:1
0x0008f908	0x000a1894	references:1
0x0008f918	0x000a18a4	references:1
0x0008f928	0x000a18b4	references:1
0x0008f938	0x000a18c4	references:1
0x0008f948	0x000a18d4	references:1
0x0008f954	0x000a18e0	references:1
0x0008f960	0x000a18ec	references:1
0x0008f96c	0x000a18f8	references:1
0x0008f978	0x000a1904	references:1
0x0008f984	0x000a1910	references:1
0x0008f990	0x000a191c	references:1
0x0008f99c	0x000a1928	references:1
0x0008f9ac	0x000a1938	references:1
0x0008f9bc	0x000a1948	references:1
0x0008f9c8	0x000a1954	references:1
0x0008f9d4	0x000a1960	references:1
0x0008f9e4	0x000a1970	references:1
0x0008f9f0	0x000a197c	references:1
0x0008f9fc	0x000a1988	references:1
0x0008fa08	0x000a1994	references:1
0x0008fa14	0x000a19a0	references:1
0x0008fa20	0x000a19ac	references:1
0x0008fa2c	0x000a19b8	references:1
0x0008fa3c	0x000a19c8	references:1
0x0008fa4c	0x000a19d8	references:1
0x0008fa5c	0x000a19e8	references:1
0x0008fa6c	0x000a19f8	references:1
0x0008fa7c	0x000a1a08	references:1
0x0008fa8c	0x000a1a18	references:1
0x0008fa9c	0x000a1a28	references:1
0x0008faac	0x000a1a38	references:1
0x0008fabc	0x000a1a48	references:1
0x0008fac8	0x000a1a54	references:1
0x0008fad4	0x000a1a60	references:1
0x0008fae8	0x000a1a74	references:1
0x0008faf0	0x000a1a7c	references:1
0x0008fb34	0x000a1ac0	references:1
0x0008fb80	0x000a1b0c	references:1
0x0008fba0	0x000a1b2c	references:1
0x0008fc6c	0x000a1bf8	references:1
0x0008fcb8	0x000a1c44	references:1
0x0008fcf8	0x000a1c84	references:1
0x0008fd18	0x000a1ca4	references:1
0x0008fd30	0x000a1cbc	references:1
0x0008fd40	0x000a1ccc	references:1
0x0008fd6c	0x000a1cf8	references:1
0x0008fdc0	0x000a1d4c	references:1
0x0008fdc8	0x000a1d54	references:1
0x0008fe18	0x000a1da4	references:1
0x0008fe78	0x000a1e04	references:1
0x0008fe9c	0x000a1e28	references:1
0x0008feac	0x000a1e38	references:1
0x0008feb4	0x000a1e40	references:1
0x0008febc	0x000a1e48	references:1
0x0008fed0	0x000a1e5c	references:1
0x0008fed8	0x000a1e64	references:1
0x0008fee4	0x000a1e70	references:1
0x0008feec	0x000a1e78	references:1
0x0008fef4	0x000a1e80	references:1
0x0008fefc	0x000a1e88	references:1
0x0008ff04	0x000a1e90	references:1
0x0008ff0c	0x000a1e98	references:1
0x0008ff14	0x000a1ea0	references:1
0x0008ff1c	0x000a1ea8	references:1
0x0008ff24	0x000a1eb0	references:1
0x0008ff4c	0x000a1ed8	references:1
0x0008ff50	0x000a1edc	references:1
0x0008ff54	0x000a1ee0	references:1
0x0008ff64	0x000a1ef0	references:1
0x0008ff74	0x000a1f00	references:1
0x0008ff84	0x000a1f10	references:1
0x0008ff90	0x000a1f1c	references:1
0x0008ffa0	0x000a1f2c	references:1
0x0008ffb0	0x000a1f3c	references:1
0x0008ffbc	0x000a1f48	references:1
0x0008ffc4	0x000a1f50	references:1
0x0008ffcc	0x000a1f58	references:1
0x0008ffdc	0x000a1f68	references:1
0x0008ffec	0x000a1f78	references:1
0x0008fff0	0x000a1f7c	references:1
0x0008fff8	0x000a1f84	references:1
0x00090004	0x000a1f90	references:1
0x00090014	0x000a1fa0	references:1
0x00090024	0x000a1fb0	references:1
0x00090034	0x000a1fc0	references:1
0x00090044	0x000a1fd0	references:1
0x00090048	0x000a1fd4	references:1
0x00090058	0x000a1fe4	references:1
0x00090068	0x000a1ff4	references:1
0x00090078	0x000a2004	references:1
0x00090080	0x000a200c	references:1
0x00090084	0x000a2010	references:1
0x00090094	0x000a2020	references:1
0x000900a4	0x000a2030	references:1
0x000900b0	0x000a203c	references:1
0x000900c0	0x000a204c	references:1
0x000900c4	0x000a2050	references:1
0x000900d0	0x000a205c	references:1
0x000900e0	0x000a206c	references:1
0x000900ec	0x000a2078	references:1
0x000900f8	0x000a2084	references:1
0x000900fc	0x000a2088	references:1
0x00090100	0x000a208c	references:1
0x0009010c	0x000a2098	references:1
0x00090110	0x000a209c	references:1
0x00090120	0x000a20ac	references:1
0x0009012c	0x000a20b8	references:1
0x0009013c	0x000a20c8	references:1
0x00090148	0x000a20d4	references:1
0x00090158	0x000a20e4	references:1
0x0009015c	0x000a20e8	references:1
0x00090170	0x000a20fc	references:1
0x00090178	0x000a2104	references:1
0x00090188	0x000a2114	references:1
0x00090194	0x000a2120	references:1
0x00090198	0x000a2124	references:1
0x0009019c	0x000a2128	references:1
0x000901ac	0x000a2138	references:1
0x000901b8	0x000a2144	references:1
0x000901bc	0x000a2148	references:1
0x000901c0	0x000a214c	references:1
0x000901d0	0x000a215c	references:1
0x000901dc	0x000a2168	references:1
0x000901e8	0x000a2174	references:1
0x000901f4	0x000a2180	references:1
0x00090204	0x000a2190	references:1
0x00090230	0x000a21bc	references:1
0x00090278	0x000a2204	references:1
0x00090284	0x000a2210	references:1
0x00090290	0x000a2228	references:1
0x0009029c	0x000a2234	references:1
0x000902c0	0x000a2240	references:1
0x000902cc	0x000a224c	references:1
0x000902d8	0x000a2264	references:1
0x000902e8	0x000a2274	references:1
0x000902f4	0x000a2280	references:1
0x00090300	0x000a228c	references:1
0x0009030c	0x000a2298	references:1
0x00090314	0x000a22a0	references:1
0x0009031c	0x000a22a8	references:1
0x00090324	0x000a22b0	references:1
0x0009032c	0x000a22b8	references:1
0x00090480	0x000a240c	references:1
0x0009048c	0x000a2418	references:1
0x00090498	0x000a2424	references:1
0x000904a4	0x000a2430	references:1
0x000904a8	0x000a2434	references:1
0x000904b8	0x000a2444	references:1
0x000904c4	0x000a2450	references:1
0x000904e0	0x000a246c	references:1
0x00090524	0x000a24b0	references:1
0x0009054c	0x000a24d8	references:1
0x00090578	0x000a2504	references:1
0x00090590	0x000a251c	references:1
0x0009059c	0x000a2528	references:1
0x000905a8	0x000a2534	references:1
0x000905b8	0x000908d8	references:1
0x000905c4	0x000908e4	references:1
0x000905d4	0x000908f4	references:1
0x000905e0	0x00090900	references:1
0x00090600	0x00090920	references:1
0x00090604	0x00090924	references:1
0x00090608	0x00090928	references:1
0x00090610	0x00090930	references:1
0x00090618	0x00090938	references:1
0x00090624	0x00090944	references:1
0x0009062c	0x0009094c	references:1
0x00090634	0x00090954	references:1
0x00090640	0x00090960	references:1
0x0009064c	0x0009096c	references:1
0x00090658	0x00090978	references:1
0x00090660	0x00090980	references:1
0x00090668	0x00090988	references:1
0x00090670	0x00090990	references:1
0x0009067c	0x0009099c	references:1
0x000906a4	0x000909c4	references:1
0x000906b8	0x000909d8	references:1
0x000906c0	0x000909e0	references:1
0x000906c4	0x000909e4	references:1
0x000906d4	0x000909f4	references:1
0x000906e0	0x00090a00	references:1
0x000906e8	0x00090a08	references:1
0x000906f8	0x00090a18	references:1
0x00090708	0x00090a28	references:1
0x00090750	0x00090a70	references:1
0x00090760	0x00090a80	references:1
0x00090770	0x00090a90	references:1
0x000907a8	0x00090ac8	references:1
0x000907b4	0x00090ad4	references:1
0x000907c4	0x00090ae4	references:1
0x000907f4	0x00090b14	references:1
0x00090804	0x00090b24	references:1
0x00090808	0x00090b28	references:1
0x00090818	0x00090b38	references:1
0x00090824	0x00090b44	references:1
0x0009082c	0x00090b4c	references:1
0x00090840	0x00090b60	references:1
0x00090850	0x00090b70	references:1
0x00090860	0x00090b80	references:1
0x00090868	0x00090b88	references:1
0x00090874	0x00090b94	references:1
0x00090894	0x00090bb4	references:1
0x0009089c	0x00090bbc	references:1
0x000908a4	0x00090bc4	references:1
0x000908ac	0x00090bcc	references:1
0x000908b4	0x00090bd4	references:1
0x000908bc	0x00090bdc	references:1
0x000908c4	0x00090be4	references:1
0x000908cc	0x00090bec	references:1
0x000908d0	0x00090bf0	references:1
0x000908d8	0x00090bf8	references:1
0x000908e0	0x00090c00	references:1
0x000908e8	0x00090c08	references:1
0x000908f0	0x00090c10	references:1
0x000908f4	0x00090c14	references:1
0x00090920	0x00090c40	references:1
0x0009092c	0x00090c4c	references:1
0x00090938	0x00090c58	references:1
0x00090948	0x00090c68	references:1
0x00090958	0x00090c78	references:1
0x00090968	0x00090c88	references:1
0x00090978	0x00090c98	references:1
0x0009097c	0x00090c9c	references:1
0x00090980	0x00090ca0	references:1
0x00090984	0x00090ca4	references:1
0x00090988	0x00090ca8	references:1
0x00090998	0x00090cb8	references:1
0x0009099c	0x00090cbc	references:1
0x000909a0	0x00090cc0	references:1
0x000909ac	0x00090ccc	references:1
0x000909c0	0x00090ce0	references:1
0x000909cc	0x00090cec	references:2
0x000909d0	0x00090cf0	references:1
0x000909e0	0x00090d00	references:1
0x000909f4	0x00090d14	references:1
0x00090a04	0x00090d24	references:1
0x00090a14	0x00090d34	references:1
0x00090a20	0x00090d40	references:1
0x00090a2c	0x00090d4c	references:1
0x00090a34	0x00090d54	references:1
0x00090a40	0x00090d60	references:1
0x00090a48	0x00090d68	references:1
0x00090a54	0x00090d74	references:1
0x00090a64	0x00090d84	references:1
0x00090a74	0x00090d94	references:1
0x00090a9c	0x00090dbc	references:1
0x00090aa8	0x00090dc8	references:1
0x00090ab0	0x00090dd0	references:1
0x00090abc	0x00090ddc	references:1
0x00090ac0	0x00090de0	references:1
0x00090ac4	0x00090de4	references:1
0x00090ad4	0x00090df4	references:1
0x00090ae4	0x00090e04	references:1
0x00090af4	0x00090e14	references:1
0x00090b04	0x00090e24	references:1
0x00090b14	0x00090e34	references:1
0x00090b1c	0x00090e3c	references:1
0x00090b2c	0x00090e4c	references:1
0x00090b30	0x00090e50	references:1
0x00090b34	0x00090e54	references:1
0x00090b38	0x00090e58	references:1
0x00090b3c	0x00090e5c	references:1
0x00090b40	0x00090e60	references:1
0x00090b44	0x00090e64	references:1
0x00090b4c	0x000a2674	references:1
0x00090b54	0x000a267c	references:1
0x00090b58	0x000a2680	references:1
0x00090b5c	0x000a2684	references:1
0x00090b64	0x000a268c	references:1
0x00090b6c	0x000a2694	references:1
0x00090b70	0x000a2698	references:1
0x00090b74	0x000a269c	references:1
0x00090b78	0x000a26a0	references:1
0x00090b84	0x000a26ac	references:1
0x00090b90	0x000a26b8	references:1
0x00090ba0	0x000a26c8	references:1
0x00090bb0	0x000a26d8	references:1
0x00090bc0	0x000a26e8	references:1
0x00090bf8	0x000a2720	references:1
0x00090cf8	0x000a2820	references:1
0x00090cfc	0x000a2824	references:2
0x00090d00	0x000a2828	references:1
0x00090d0c	0x000a2834	references:1
0x00090d10	0x000a2838	references:1
0x00090d28	0x000a2850	references:1
0x00090d2c	0x000a2854	references:1
0x00090d34	0x000a285c	references:1
0x00090d3c	0x000a2864	references:1
0x00090d44	0x000a286c	references:1
0x00090d4c	0x000a2874	references:1
0x00090d50	0x000a2878	references:1
0x00090d54	0x000a287c	references:1
0x00090d58	0x000a2880	references:1
0x00090d68	0x000a2890	references:1
0x00090d78	0x000a28a0	references:1
0x00090d84	0x000a28ac	references:1
0x00090d94	0x000a28bc	references:1
0x00090d9c	0x000a28c4	references:1
0x00090da0	0x000a28c8	references:1
0x00090db0	0x000a28d8	references:1
0x00090db4	0x000a28dc	references:1
0x00090db8	0x000a28e0	references:1
0x00090dbc	0x000a28e4	references:1
0x00090dc0	0x000a28e8	references:1
0x00090dc4	0x000a28ec	references:1
0x00090dc8	0x000a28f0	references:1
0x00090dcc	0x000a28f4	references:1
0x00090dd0	0x000a28f8	references:1
0x00090dd4	0x000a28fc	references:1
0x00090dd8	0x000a2900	references:1
0x00090e7c	0x000a29a4	references:1
0x00090e88	0x000a29b0	references:1
0x00090e94	0x000a29bc	references:1
0x00090ea0	0x000a29c8	references:1
0x00090eac	0x000a29d4	references:1
0x00090ebc	0x000a29e4	references:1
0x00090ecc	0x000a29f4	references:1
0x00090edc	0x000a2a04	references:1
0x00090eec	0x000a2a14	references:1
0x00090f18	0x000a2a40	references:1
0x00090f44	0x000a2a6c	references:1
0x00090f50	0x000a2a78	references:1
0x00090f80	0x000a2aa8	references:1
0x00090fb0	0x000a2ad8	references:1
0x00090fbc	0x000a2ae4	references:1
0x00090fcc	0x000a2af4	references:1
0x00090fdc	0x000a2b04	references:1
0x00090fe8	0x000a2b10	references:1
0x00090ff4	0x000a2b1c	references:1
0x00091000	0x000a2b28	references:1
0x00091010	0x000a2b38	references:1
0x00091020	0x000a2b48	references:1
0x00091034	0x000a2b5c	references:1
0x0009103c	0x000a2b64	references:1
0x0009104c	0x000a2b74	references:1
0x00091058	0x00090e70	references:1
0x00091078	0x00090e90	references:1
0x00091098	0x00090eb0	references:1
0x000910d8	0x00090ef0	references:1
0x0009110c	0x00090f24	references:1
0x0009113e	0x00090f56	references:1
0x00091140	0x00090f58	references:2
0x0009117f	0x00090f97	references:1
0x00091180	0x00090f98	references:3
0x000911a0	0x00090fb8	references:1
0x000911a8	0x00090fc0	references:1
0x000911b0	0x00090fc8	references:1
0x000911c0	0x00090fd8	references:2
0x000911c2	0x00090fda	references:1
0x000911c3	0x00090fdb	references:1
0x000911c5	0x00090fdd	references:1
0x000912d0	0x000910e8	references:1
0x000912f0	0x00091108	references:1
0x00091310	0x00091128	references:1
0x00091320	0x00091138	references:1
0x00091350	0x00091168	references:1
0x00091360	0x00091178	references:1
0x00091364	0x0009117c	references:1
0x00091399	0x000911b1	references:2
0x000913a0	0x000911b8	references:1
0x000913a1	0x000911b9	references:1
0x000913b8	0x000911d0	references:1
0x00091428	0x00091240	references:1
0x000914f0	0x00091308	references:1
0x00091500	0x00091318	references:1
0x00091520	0x00091338	references:1
0x00091580	0x00091398	references:1
0x00091820	0x00091638	unique-data-bytes
0x00091828	0x00091640	data-layout-between-two-anchors
0x00091830	0x00091648	references:3
0x00091838	0x00091650	unique-data-bytes
0x00091848	0x00091660	references:4
0x00091849	0x00091661	references:4
0x00091868	0x00091680	references:1
0x0009186a	0x00091682	references:1
0x0009186c	0x00091684	references:1
0x0009186e	0x00091686	references:1
0x00091a68	0x00091880	references:1
0x00091a98	0x000918b0	references:1
0x00091ab8	0x000918d0	references:1
0x00091b28	0x00091940	references:1
0x00091b48	0x00091960	references:1
0x00091bdc	0x000919f4	references:1
0x00091be0	0x000919f8	references:6
0x00091d40	0x00091b58	references:1
0x00091ea0	0x00091cb8	references:1
0x00092000	0x00091e18	references:1
0x00092018	0x00091e30	references:1
0x00092030	0x00091e48	references:1
0x00092038	0x00091e50	references:1
0x00092058	0x00091e70	references:1
0x00092060	0x00091e78	references:2
0x00092062	0x00091e7a	references:2
0x00092066	0x00091e7e	references:1
0x00092067	0x00091e7f	references:1
0x00092068	0x00091e80	references:2
0x0009206d	0x00091e85	references:2
0x0009207b	0x00091e93	references:1
0x000923c8	0x000921e0	references:1
0x00092468	0x00092280	references:1
0x00092470	0x00092288	references:1
0x000924c0	0x000922d8	references:1
0x00092510	0x00092328	references:1
0x00092514	0x0009232c	references:2
0x00092518	0x00092330	references:1
0x00092568	0x00092380	references:1
0x00092590	0x000923a8	references:1
0x00092598	0x000923b0	references:1
0x000925ac	0x000923c4	references:1
0x000925ae	0x000923c6	references:1
0x000925f8	0x00092410	references:1
0x00092638	0x00092450	references:1
0x00092738	0x00092550	references:1
0x00092758	0x00092570	references:1
0x0009275a	0x00092572	references:1
0x000927c8	0x000925e0	references:1
0x000927ca	0x000925e2	references:1
0x00092838	0x00092650	interior-data-references
0x0009283a	0x00092652	references:1
0x00092948	0x00092760	references:1
0x00092950	0x00092768	references:1
0x00092951	0x00092769	references:1
0x00092952	0x0009276a	references:1
0x00092953	0x0009276b	references:1
0x00092963	0x0009277b	references:1
0x00092967	0x0009277f	references:1
0x0009296d	0x00092785	references:1
0x00092c4e	0x00092a66	references:1
0x00092c50	0x00092a68	unique-data-bytes
0x00092c58	0x00092a70	references:1
0x00092c60	0x00092a78	references:1
0x00092c68	0x00092a80	references:1
0x00092c69	0x00092a81	references:1
0x00092c6a	0x00092a82	references:1
0x00092cf8	0x00092b10	references:1
0x00092d00	0x00092b18	references:4
0x00092e00	0x00092c18	references:1
0x00092e04	0x00092c1c	references:1
0x00092e08	0x00092c20	references:1
0x00092e0c	0x00092c24	references:1
0x00092e10	0x00092c28	references:1
0x00092e14	0x00092c2c	references:3
0x00092e18	0x00092c30	references:5
0x00092e1c	0x00092c34	references:2
0x00092e20	0x00092c38	references:4
0x00092e24	0x00092c3c	references:2
0x00092e28	0x00092c40	references:1
0x00092e2c	0x00092c44	references:1
0x00092e30	0x00092c48	references:14
0x00092e34	0x00092c4c	references:3
0x00092e38	0x00092c50	references:1
0x00092e40	0x00092c58	interior-data-references
0x00092e44	0x00092c5c	references:1
0x00092e45	0x00092c5d	references:1
0x0009302c	0x00092e44	references:1
0x00093030	0x00092e48	references:1
0x00093034	0x00092e4c	references:2
0x00093038	0x00092e50	references:2
0x00093040	0x00092e58	references:1
0x00093044	0x00092e5c	references:1
0x00093048	0x00092e60	references:2
0x000930cc	0x00092ee4	references:1
0x000930e0	0x00092ef8	references:1
0x00093178	0x00092f90	references:1
0x00093210	0x00093028	references:1
0x00093228	0x00093040	references:1
0x00093240	0x00093058	references:1
0x00093250	0x00093068	references:5
0x000932c0	0x000930d8	references:2
0x0009332c	0x00093144	references:1
0x00093330	0x00093148	references:1
0x00093354	0x0009316c	references:1
0x000933a8	0x000931c0	references:1
0x000933c8	0x000931e0	references:1
0x00093428	0x00093240	references:1
0x00093448	0x00093260	references:2
0x00093450	0x00093268	references:1
0x00093468	0x00093280	references:1
0x00093568	0x00093380	references:1
0x000935f8	0x00093410	references:1
0x000935fc	0x00093414	references:1
0x000936b8	0x000934d0	references:1
0x000936d0	0x000934e8	references:1
0x000936dc	0x000934f4	references:1
0x00093714	0x0009352c	references:1
0x00093720	0x00093538	references:1
0x00093728	0x00093540	references:1
0x00093730	0x00093548	references:1
0x00093748	0x00093560	references:1
0x00093760	0x00093578	references:1
0x00093778	0x00093590	interior-data-references
0x00093784	0x0009359c	references:2
0x00093798	0x000935b0	interior-data-references
0x000937a4	0x000935bc	references:2
0x000937b8	0x000935d0	references:1
0x000937e8	0x00093600	references:1
0x00093800	0x00093618	references:2
0x00093810	0x00093628	references:1
0x00093828	0x00093640	references:1
0x000938a0	0x000936b8	references:1
0x000938c8	0x000936e0	references:1
0x00093908	0x00093720	pointer-array-content
0x00093968	0x00093780	references:1
0x00093970	0x00093788	references:1
0x00093978	0x00093790	references:1
0x00093980	0x00093798	references:1
0x00093988	0x000937a0	references:1
0x00093990	0x000937a8	references:1
0x00093998	0x000937b0	references:1
0x0009399c	0x000937b4	references:1
0x000939a0	0x000937b8	references:1
0x000939a4	0x000937bc	references:1
0x000939a8	0x000937c0	references:1
0x000939ac	0x000937c4	references:1
0x000939b0	0x000937c8	references:1
0x000939b4	0x000937cc	references:1
0x000939b8	0x000937d0	references:1
0x000939bc	0x000937d4	references:1
0x000939c0	0x000937d8	references:1
0x000939c4	0x000937dc	references:1
0x000939c8	0x000937e0	references:1
0x000939cc	0x000937e4	references:1
0x000939d0	0x000937e8	references:1
0x000939d4	0x000937ec	references:1
0x000939d8	0x000937f0	references:1
0x000939dc	0x000937f4	references:1
0x000939e0	0x000937f8	references:1
0x000939e8	0x00093800	references:1
0x000939f8	0x00093810	references:1
0x000939fc	0x00093814	references:1
0x00093a00	0x00093818	references:1
0x00093a04	0x0009381c	references:1
0x00093a08	0x00093820	references:1
0x00093a0c	0x00093824	references:1
0x00093a10	0x00093828	references:1
0x00093a14	0x0009382c	references:1
0x00093a18	0x00093830	references:1
0x00093a1c	0x00093834	references:1
0x00093a20	0x00093838	references:1
0x00093a24	0x0009383c	references:1
0x00093a28	0x00093840	references:1
0x00093a2c	0x00093844	references:1
0x00093a30	0x00093848	references:1
0x00093a34	0x0009384c	references:1
0x00093a38	0x00093850	references:1
0x00093a3c	0x00093854	references:1
0x00093a40	0x00093858	references:1
0x00093a44	0x0009385c	references:1
0x00093a48	0x00093860	references:1
0x00093a50	0x00093868	references:1
0x00093a54	0x0009386c	references:1
0x00093a58	0x00093870	references:1
0x00093a5c	0x00093874	references:1
0x00093a60	0x00093878	references:1
0x00093a78	0x00093890	references:2
0x00093a7c	0x00093894	references:2
0x00093a80	0x00093898	references:1
0x00093a84	0x0009389c	references:1
0x00093a88	0x000938a0	references:2
0x00093a8c	0x000938a4	references:1
0x00093a90	0x000938a8	references:1
0x00093a94	0x000938ac	references:1
0x00093a98	0x000938b0	references:1
0x00093ab0	0x000938c8	references:1
0x00093ab4	0x000938cc	references:1
0x00093ab8	0x000938d0	references:1
0x00093abc	0x000938d4	references:1
0x00093ac0	0x000938d8	references:1
0x00093ac4	0x000938dc	references:1
0x00093ac8	0x000938e0	references:1
0x00093acc	0x000938e4	references:1
0x00093ad0	0x000938e8	references:1
0x00093ad8	0x000938f0	references:1
0x00093adc	0x000938f4	references:1
0x00093ae0	0x000938f8	references:1
0x00093ae8	0x00093900	references:1
0x00093aec	0x00093904	references:1
0x00093af0	0x00093908	references:1
0x00093af4	0x0009390c	references:1
0x00093af8	0x00093910	references:1
0x00093afc	0x00093914	references:1
0x00093b00	0x00093918	references:1
0x00093b08	0x00093920	references:1
0x00093b0c	0x00093924	references:1
0x00093b10	0x00093928	references:1
0x00093b14	0x0009392c	references:1
0x00093b18	0x00093930	references:1
0x00093b1c	0x00093934	references:1
0x00093b20	0x00093938	references:1
0x00093b38	0x00093950	references:1
0x00093b3c	0x00093954	references:1
0x00093b40	0x00093958	references:1
0x00093b44	0x0009395c	references:1
0x00093b48	0x00093960	references:1
0x00093b4c	0x00093964	references:1
0x00093b50	0x00093968	references:1
0x00093b54	0x0009396c	references:1
0x00093b58	0x00093970	references:1
0x00093b60	0x00093978	references:1
0x00093b64	0x0009397c	references:1
0x00093b68	0x00093980	references:1
0x00093b70	0x00093988	references:1
0x00093b74	0x0009398c	references:1
0x00093b78	0x00093990	references:1
0x00093b80	0x00093998	references:1
0x00093b84	0x0009399c	references:1
0x00093b88	0x000939a0	references:1
0x00093b8c	0x000939a4	references:1
0x00093b90	0x000939a8	references:1
0x00093b94	0x000939ac	references:1
0x00093b98	0x000939b0	references:1
0x00093b9c	0x000939b4	references:1
0x00093ba0	0x000939b8	references:1
0x00093ba4	0x000939bc	references:1
0x00093ba8	0x000939c0	references:1
0x00093bac	0x000939c4	references:1
0x00093bb0	0x000939c8	references:1
0x00093bb4	0x000939cc	references:1
0x00093bb8	0x000939d0	references:1
0x00093bbc	0x000939d4	references:1
0x00093bc0	0x000939d8	references:1
0x00093bc4	0x000939dc	references:1
0x00093bc8	0x000939e0	references:1
0x00093bcc	0x000939e4	references:1
0x00093bd0	0x000939e8	references:1
0x00093bd4	0x000939ec	references:1
0x00093bd8	0x000939f0	pointer-array-content
0x00093bf0	0x00093a08	pointer-array-content
0x00093d10	0x00093b28	pointer-array-content
0x00093d40	0x00093b58	references:1
0x00093d68	0x00093b80	pointer-array-content
0x00093d80	0x00093b98	references:1
0x00093d98	0x00093bb0	references:1
0x00093db0	0x00093bc8	references:1
0x00093dc8	0x00093be0	references:1
0x00093de0	0x00093bf8	references:1
0x00093df0	0x00093c08	references:1
0x00093e00	0x00093c18	references:1
0x00093e10	0x00093c28	references:1
0x00093e28	0x00093c40	references:1
0x00093e38	0x00093c50	references:1
0x00093e48	0x00093c60	references:1
0x00093e4c	0x00093c64	references:1
0x00093e50	0x00093c68	references:1
0x00093e54	0x00093c6c	references:1
0x00093e58	0x00093c70	references:1
0x00093e5c	0x00093c74	references:1
0x00093e60	0x00093c78	references:1
0x00093e64	0x00093c7c	references:1
0x00093e68	0x00093c80	references:1
0x00093e6c	0x00093c84	references:1
0x00093e70	0x00093c88	references:1
0x00093e78	0x00093c90	references:1
0x00093e98	0x00093cb0	references:1
0x00093e9c	0x00093cb4	references:1
0x00093ea0	0x00093cb8	references:1
0x00093ea4	0x00093cbc	references:1
0x00093ea8	0x00093cc0	references:1
0x00093eac	0x00093cc4	references:1
0x00093eb0	0x00093cc8	references:1
0x00093eb4	0x00093ccc	references:1
0x00093eb8	0x00093cd0	references:1
0x00093ebc	0x00093cd4	references:1
0x00093ec0	0x00093cd8	references:1
0x00093ec4	0x00093cdc	references:1
0x00093ec8	0x00093ce0	references:1
0x00093ecc	0x00093ce4	references:1
0x00093ed0	0x00093ce8	references:1
0x00093ed4	0x00093cec	references:1
0x00093ed8	0x00093cf0	references:1
0x00093edc	0x00093cf4	references:1
0x00093ee0	0x00093cf8	references:1
0x00093ee4	0x00093cfc	references:1
0x00093ee8	0x00093d00	references:1
0x00093ef0	0x00093d08	references:1
0x00093f00	0x00093d18	references:1
0x00093f18	0x00093d30	references:1
0x00093f40	0x00093d58	references:1
0x00093f68	0x00093d80	references:1
0x00093f90	0x00093da8	reviewed-data-user-and-layout
0x00093fa0	0x00093db8	pointer-array-content
0x00093fb0	0x00093dc8	references:1
0x00093fc8	0x00093de0	references:1
0x00093fe0	0x00093df8	references:1
0x00093fe4	0x00093dfc	references:1
0x00093ff8	0x00093e10	references:1
0x00094008	0x00093e20	pointer-array-content
0x00094118	0x00093f30	references:1
0x0009411c	0x00093f34	references:1
0x00094120	0x00093f38	references:2
0x00094124	0x00093f3c	references:2
0x00094128	0x00093f40	references:1
0x0009412c	0x00093f44	references:2
0x00094130	0x00093f48	references:1
0x00094134	0x00093f4c	references:1
0x00094138	0x00093f50	references:1
0x0009413c	0x00093f54	references:1
0x00094140	0x00093f58	references:4
0x00094144	0x00093f5c	references:1
0x00094148	0x00093f60	references:7
0x0009414c	0x00093f64	references:1
0x00094150	0x00093f68	references:5
0x00094154	0x00093f6c	references:3
0x00094158	0x00093f70	references:1
0x0009415c	0x00093f74	references:1
0x00094160	0x00093f78	references:2
0x00094164	0x00093f7c	references:11
0x00094168	0x00093f80	references:1
0x0009416c	0x00093f84	references:1
0x00094170	0x00093f88	references:2
0x00094174	0x00093f8c	references:1
0x00094180	0x00093f98	references:1
0x0009a368	0x0009a180	pointer-array-member
0x0009a38c	0x0009a1a4	pointer-array-member
0x0009a3b0	0x0009a1c8	pointer-array-member
0x0009a3d4	0x0009a1ec	pointer-array-member
0x0009a3f4	0x0009a20c	pointer-array-member
0x0009a41c	0x0009a234	pointer-array-member
0x0009a440	0x0009a258	pointer-array-member
0x0009a460	0x0009a278	pointer-array-member
0x0009a480	0x0009a298	pointer-array-member
0x0009a4a4	0x0009a2bc	pointer-array-member
0x0009a4c0	0x0009a2d8	pointer-array-member
0x0009a4e8	0x0009a300	pointer-array-member
0x0009a508	0x0009a320	pointer-array-member
0x0009a524	0x0009a33c	pointer-array-member
0x0009a544	0x0009a35c	pointer-array-member
0x0009a560	0x0009a378	pointer-array-member
0x0009a57c	0x0009a394	pointer-array-member
0x0009a598	0x0009a3b0	pointer-array-member
0x0009a5b8	0x0009a3d0	pointer-array-member
0x0009a5d4	0x0009a3ec	pointer-array-member
0x0009a5f4	0x0009a40c	pointer-array-member
0x0009a610	0x0009a428	pointer-array-member
0x0009a630	0x0009a448	pointer-array-member
0x0009a64c	0x0009a464	pointer-array-member
0x0009b2dc	0x0009b0f4	pointer-array-member
0x0009b318	0x0009b130	pointer-array-member
0x0009b354	0x0009b16c	pointer-array-member
0x0009b3c4	0x0009b1dc	pointer-array-member
0x0009b3dc	0x0009b1f4	pointer-array-member
0x0009b40c	0x0009b224	pointer-array-member
0x0009b41c	0x0009b234	pointer-array-member
0x0009b424	0x0009b23c	pointer-array-member
0x0009b430	0x0009b248	pointer-array-member
0x0009b438	0x0009b250	pointer-array-member
0x0009b444	0x0009b25c	pointer-array-member
0x0009b44c	0x0009b264	pointer-array-member
0x0009b458	0x0009b270	pointer-array-member
0x0009b464	0x0009b27c	pointer-array-member
0x0009b46c	0x0009b284	pointer-array-member
0x0009b474	0x0009b28c	pointer-array-member
0x0009b47c	0x0009b294	pointer-array-member
0x0009b484	0x0009b29c	pointer-array-member
0x0009b48c	0x0009b2a4	pointer-array-member
0x0009b494	0x0009b2ac	pointer-array-member
0x0009b49c	0x0009b2b4	pointer-array-member
0x0009b4a4	0x0009b2bc	pointer-array-member
0x0009b4ac	0x0009b2c4	pointer-array-member
0x0009b4b4	0x0009b2cc	pointer-array-member
0x0009b4bc	0x0009b2d4	pointer-array-member
0x0009b4c4	0x0009b2dc	pointer-array-member
0x0009b4cc	0x0009b2e4	pointer-array-member
0x0009b4d4	0x0009b2ec	pointer-array-member
0x0009b4dc	0x0009b2f4	pointer-array-member
0x0009b4e4	0x0009b2fc	pointer-array-member
0x0009b4ec	0x0009b304	pointer-array-member
0x0009b4f4	0x0009b30c	pointer-array-member
0x0009b500	0x0009b318	pointer-array-member
0x0009b508	0x0009b320	pointer-array-member
0x0009b510	0x0009b328	pointer-array-member
0x0009b518	0x0009b330	pointer-array-member
0x0009b520	0x0009b338	pointer-array-member
0x0009b528	0x0009b340	pointer-array-member
0x0009b52c	0x0009b344	pointer-array-member
0x0009b530	0x0009b348	pointer-array-member
0x0009b538	0x0009b350	pointer-array-member
0x0009b540	0x0009b358	pointer-array-member
0x0009b548	0x0009b360	pointer-array-member
0x0009b550	0x0009b368	pointer-array-member
0x0009b558	0x0009b370	pointer-array-member
0x0009b560	0x0009b378	pointer-array-member
0x0009b568	0x0009b380	pointer-array-member
0x0009b570	0x0009b388	pointer-array-member
0x0009b578	0x0009b390	pointer-array-member
0x0009b580	0x0009b398	pointer-array-member
0x0009b588	0x0009b3a0	pointer-array-member
0x0009b590	0x0009b3a8	pointer-array-member
0x0009b598	0x0009b3b0	pointer-array-member
0x0009b5a0	0x0009b3b8	pointer-array-member
0x0009b5a8	0x0009b3c0	pointer-array-member
0x0009b5b0	0x0009b3c8	pointer-array-member
0x0009b5b4	0x0009b3cc	pointer-array-member
0x0009b5b8	0x0009b3d0	pointer-array-member
0x0009b5c0	0x0009b3d8	pointer-array-member
0x0009b5c8	0x0009b3e0	pointer-array-member
0x0009b5d0	0x0009b3e8	pointer-array-member
0x0009b5d8	0x0009b3f0	pointer-array-member
0x0009b5e0	0x0009b3f8	pointer-array-member
0x0009b5e8	0x0009b400	pointer-array-member
0x0009b5f0	0x0009b408	pointer-array-member
0x0009b5f8	0x0009b410	pointer-array-member
0x0009b600	0x0009b418	pointer-array-member
0x0009b608	0x0009b420	pointer-array-member
0x0009b610	0x0009b428	pointer-array-member
0x0009b618	0x0009b430	pointer-array-member
0x0009b620	0x0009b438	pointer-array-member
0x0009b628	0x0009b440	pointer-array-member
0x0009b630	0x0009b448	pointer-array-member
0x0009b638	0x0009b450	pointer-array-member
0x0009b644	0x0009b45c	pointer-array-member
0x0009b64c	0x0009b464	pointer-array-member
0x0009b654	0x0009b46c	pointer-array-member
0x0009b65c	0x0009b474	pointer-array-member
0x0009b684	0x0009b49c	pointer-array-member
0x0009b6a4	0x0009b4bc	pointer-array-member
0x0009b6e4	0x0009b4fc	pointer-array-member
0x0009b70c	0x0009b524	pointer-array-member
0x0009b724	0x0009b53c	pointer-array-member
0x0009b740	0x0009b558	pointer-array-member
0x0009b760	0x0009b578	pointer-array-member
0x0009b79c	0x0009b5b4	pointer-array-member
0x0009b898	0x0009b6b0	pointer-array-member
0x0009b974	0x0009b78c	pointer-array-member
0x0009ba58	0x0009b870	pointer-array-member
0x0009bdb0	0x0009bbc8	pointer-array-member
0x0009bdd0	0x0009bbe8	pointer-array-member
0x0009bdf0	0x0009bc08	pointer-array-member
0x0009be10	0x0009bc28	pointer-array-member
0x0009be30	0x0009bc48	pointer-array-member
0x0009e528	0x0009e340	pointer-array-member
0x0009e538	0x0009e350	pointer-array-member
0x0009e544	0x0009e35c	pointer-array-member
0x0009e554	0x0009e36c	pointer-array-member
0x0009e650	0x0009e468	pointer-array-member
0x0009e660	0x0009e478	pointer-array-member
0x0009e670	0x0009e488	pointer-array-member
0x0009e684	0x0009e49c	pointer-array-member
0x0009e6b4	0x0009e4cc	pointer-array-member
0x0009e6c0	0x0009e4d8	pointer-array-member
0x0009e6d0	0x0009e4e8	pointer-array-member
0x0009e6d8	0x0009e4f0	pointer-array-member
0x0009e6e4	0x0009e4fc	pointer-array-member
0x0009e6ec	0x0009e504	pointer-array-member
0x0009e6fc	0x0009e514	pointer-array-member
0x0009e704	0x0009e51c	pointer-array-member
0x0009e70c	0x0009e524	pointer-array-member
0x0009e71c	0x0009e534	pointer-array-member
0x0009e724	0x0009e53c	pointer-array-member
0x0009e730	0x0009e548	pointer-array-member
0x0009e744	0x0009e55c	pointer-array-member
0x0009e768	0x0009e580	pointer-array-member
0x0009e778	0x0009e590	pointer-array-member
0x0009e788	0x0009e5a0	pointer-array-member
0x0009e794	0x0009e5ac	pointer-array-member
0x0009e7a0	0x0009e5b8	pointer-array-member
0x0009e7d0	0x0009e5e8	pointer-array-member
0x0009e7e8	0x0009e600	pointer-array-member
0x0009e7f0	0x0009e608	pointer-array-member
0x0009e7f8	0x0009e610	pointer-array-member
0x0009e800	0x0009e618	pointer-array-member
0x0009e808	0x0009e620	pointer-array-member
0x0009e820	0x0009e638	pointer-array-member
0x0009e828	0x0009e640	pointer-array-member
0x0009e830	0x0009e648	pointer-array-member
0x0009e838	0x0009e650	pointer-array-member
0x0009e848	0x0009e660	pointer-array-member
0x0009e85c	0x0009e674	pointer-array-member
0x0009e870	0x0009e688	pointer-array-member
0x0009e878	0x0009e690	pointer-array-member
0x0009e880	0x0009e698	pointer-array-member
0x0009e888	0x0009e6a0	pointer-array-member
0x0009e890	0x0009e6a8	pointer-array-member
0x0009e89c	0x0009e6b4	pointer-array-member
0x0009e8b0	0x0009e6c8	pointer-array-member
0x0009e8b8	0x0009e6d0	pointer-array-member
0x0009e8c4	0x0009e6dc	pointer-array-member
0x0009e8d4	0x0009e6ec	pointer-array-member
0x0009e8e0	0x0009e6f8	pointer-array-member
0x0009e8ec	0x0009e704	pointer-array-member
0x0009e8fc	0x0009e714	pointer-array-member
0x0009e910	0x0009e728	pointer-array-member
0x0009e920	0x0009e738	pointer-array-member
0x0009e930	0x0009e748	pointer-array-member
0x0009e940	0x0009e758	pointer-array-member
0x0009e94c	0x0009e764	pointer-array-member
0x0009e958	0x0009e770	pointer-array-member
0x0009e960	0x0009e778	pointer-array-member
0x0009e99c	0x0009e7b4	pointer-array-member
0x0009e9bc	0x0009e7d4	pointer-array-member
0x0009e9c4	0x0009e7dc	pointer-array-member
0x0009e9cc	0x0009e7e4	pointer-array-member
0x0009e9d4	0x0009e7ec	pointer-array-member
0x0009e9dc	0x0009e7f4	pointer-array-member
0x0009e9f0	0x0009e808	pointer-array-member
0x0009ea04	0x0009e81c	pointer-array-member
0x0009ea18	0x0009e830	pointer-array-member
0x0009ea2c	0x0009e844	pointer-array-member
0x0009ea44	0x0009e85c	pointer-array-member
0x0009ea5c	0x0009e874	pointer-array-member
0x0009ea74	0x0009e88c	pointer-array-member
0x0009ea8c	0x0009e8a4	pointer-array-member
0x0009ea98	0x0009e8b0	references:1
0x0009ea9c	0x0009e8b4	references:1
0x0009eaa0	0x0009e8b8	references:1
0x0009eab0	0x0009e8c8	references:1
0x0009eacc	0x0009e8e4	references:1
0x0009eadc	0x0009e8f4	references:1
0x0009eb60	0x0009e978	references:1
0x0009eb70	0x0009e988	references:1
0x0009ebc0	0x0009e9d8	references:1
0x0009ebd0	0x0009e9e8	references:1
0x0009ec1c	0x0009ea34	references:1
0x0009ec34	0x0009ea4c	references:1
0x0009ec3c	0x0009ea54	references:1
0x0009ec4c	0x0009ea64	references:1
0x0009ec58	0x0009ea70	references:1
0x0009ec98	0x0009eab0	references:1
0x0009eca4	0x0009eabc	references:1
0x0009ecb0	0x0009eac8	references:1
0x0009ecbc	0x0009ead4	references:1
0x0009ecd0	0x0009eae8	references:1
0x0009ecdc	0x0009eaf4	references:1
0x0009eed4	0x0009ecec	references:1
0x0009eee4	0x0009ecfc	references:1
0x0009eef4	0x0009ed0c	references:1
0x0009ef3c	0x0009ed54	references:1
0x0009ef48	0x0009ed60	references:1
0x0009ef50	0x0009ed68	references:1
0x0009ef74	0x0009ed8c	references:1
0x0009ef7c	0x0009ed94	references:1
0x0009ef8c	0x0009eda4	references:1
0x0009ef90	0x0009eda8	references:1
0x0009ef9c	0x0009edb4	references:1
0x0009efa0	0x0009edb8	references:1
0x0009efa4	0x0009edbc	references:1
0x0009efb0	0x0009edc8	references:1
0x0009efb4	0x0009edcc	references:1
0x0009efb8	0x0009edd0	references:1
0x0009efcc	0x0009ede4	references:1
0x0009efdc	0x0009edf4	references:1
0x0009efe0	0x0009edf8	references:1
0x0009f040	0x0009ee58	references:1
0x0009f044	0x0009ee5c	references:1
0x0009f070	0x0009ee88	references:1
0x0009f07c	0x0009ee94	references:1
0x0009f09c	0x0009eeb4	references:1
0x0009f14c	0x0009ef64	references:1
0x0009f1f0	0x0009f008	references:1
0x0009f210	0x0009f028	references:1
0x0009f288	0x0009f0a0	references:1
0x0009f2d4	0x0009f0ec	references:1
0x0009f3a4	0x0009f1bc	references:1
0x0009f3a8	0x0009f1c0	references:1
0x0009f3ac	0x0009f1c4	references:1
0x0009f3b4	0x0009f1cc	references:1
0x0009f3bc	0x0009f1d4	references:1
0x0009f3c4	0x0009f1dc	references:1
0x0009f3cc	0x0009f1e4	references:1
0x0009f3d8	0x0009f1f0	references:1
0x0009f3e8	0x0009f200	references:1
0x0009f3f8	0x0009f210	references:1
0x0009f428	0x0009f240	references:1
0x0009f434	0x0009f24c	references:1
0x0009f444	0x0009f25c	references:1
0x0009f468	0x0009f280	references:1
0x0009f46c	0x0009f284	references:1
0x0009f48c	0x0009f2a4	references:1
0x0009f498	0x0009f2b0	references:1
0x0009f4b0	0x0009f2c8	references:1
0x0009f4c0	0x0009f2d8	references:1
0x0009f4d0	0x0009f2e8	references:1
0x0009f4e0	0x0009f2f8	references:1
0x0009f4f4	0x0009f30c	references:1
0x0009f4f8	0x0009f310	references:1
0x0009f4fc	0x0009f314	references:1
0x0009f504	0x0009f31c	references:1
0x0009f508	0x0009f320	references:1
0x0009f50c	0x0009f324	references:1
0x0009f510	0x0009f328	references:1
0x0009f51c	0x0009f334	references:1
0x0009f520	0x0009f338	references:1
0x0009f530	0x0009f348	references:1
0x0009f534	0x0009f34c	references:1
0x0009f538	0x0009f350	references:1
0x0009f548	0x0009f360	references:1
0x0009f55c	0x0009f374	references:1
0x0009f560	0x0009f378	references:1
0x0009f570	0x0009f388	references:1
0x0009f57c	0x0009f394	references:1
0x0009f588	0x0009f3a0	references:1
0x0009f598	0x0009f3b0	references:1
0x0009f5dc	0x0009f3f4	references:1
0x0009f628	0x0009f440	references:1
0x0009f6b0	0x00090538	references:1
0x0009f6b4	0x0009053c	references:1
0x0009f6c4	0x0009054c	references:1
0x0009f6d0	0x00090558	references:1
0x0009f6dc	0x00090564	references:1
0x0009f6e0	0x00090568	references:1
0x0009f6e4	0x0009056c	references:1
0x0009f754	0x000905dc	references:1
0x0009f764	0x000905ec	references:1
0x0009f770	0x000905f8	references:1
0x0009f77c	0x00090604	references:1
0x0009f78c	0x00090614	references:1
0x0009f79c	0x00090624	references:1
0x0009f7a8	0x00090630	references:1
0x0009f7cc	0x00090654	references:1
0x0009f7d8	0x00090660	references:1
0x0009f7e8	0x00090670	references:1
0x0009f7f0	0x00090678	references:1
0x0009f7f8	0x00090680	references:1
0x0009f800	0x00090688	references:1
0x0009f808	0x000a2c00	references:4
0x0009f80c	0x000a2c04	references:1
0x0009f824	0x000a2c1c	references:1
0x0009f828	0x000a2c20	references:2
0x0009f82c	0x000a2c24	references:1
0x0009f830	0x000a2c28	references:1
0x0009f834	0x000a2c2c	references:1
0x0009f838	0x000a2c30	references:1
0x0009f83c	0x000a2c34	references:1
0x0009f840	0x000a2c38	references:4
0x0009f844	0x000a2c3c	references:1
0x0009f848	0x000a2c40	references:1
0x0009f84c	0x000a2c44	references:1
0x0009f850	0x000a2c48	references:3
0x0009f854	0x000a2c4c	references:1
0x0009f894	0x000a2c8c	references:1
0x0009f898	0x000a2c90	references:1
0x0009f8f0	0x000a2ce8	references:1
0x0009f910	0x000a2d08	references:1
0x0009f920	0x000a2d18	references:1
0x0009f954	0x000a2d4c	references:1
0x0009f958	0x000a2d50	references:1
0x0009f95c	0x000a2d54	references:1
0x0009f974	0x000a2d6c	references:1
0x0009f97c	0x000a2d74	references:1
0x0009f99c	0x000a2d94	references:1
0x0009f9d0	0x000a2dc8	references:1
0x0009f9d4	0x000a2dcc	references:1
0x0009f9ec	0x000a2de4	references:1
0x0009f9f8	0x000a2df0	references:1
0x0009fa18	0x000a2e10	references:1
0x0009fa4c	0x000a2e44	references:1
0x0009fa6c	0x000a2e64	references:1
0x0009fa70	0x000a2e68	references:1
0x0009fa78	0x000a2e70	references:1
0x0009faac	0x000a2ea4	references:1
0x0009fadc	0x000a2ed4	references:1
0x0009fb10	0x000a2f08	references:1
0x0009fb40	0x000a2f38	references:1
0x0009fb44	0x000a2f3c	references:1
0x0009fb48	0x000a2f40	references:1
0x0009fb50	0x000a2f48	references:1
0x0009fb5c	0x000a2f54	references:1
0x0009fb64	0x000a2f5c	references:1
0x0009fb70	0x000a2f68	references:1
0x0009fb78	0x000a2f70	references:1
0x0009fb80	0x000a2f78	references:1
0x0009fb88	0x000a2f80	references:1
0x0009fb9c	0x000a2f94	references:1
0x0009fba0	0x000a2f98	references:1
0x0009fbb8	0x000a2fb0	references:1
0x0009fbc0	0x000a2fb8	references:1
0x0009fbdc	0x000a2fd4	references:1
0x0009fbe0	0x000a2fd8	references:1
0x0009fbe4	0x000a2fdc	references:1
0x0009fbe8	0x000a2fe0	references:1
0x0009fc18	0x000a3010	references:1
0x0009fc20	0x000a3018	references:1
0x0009fc24	0x000a301c	references:1
0x0009fc54	0x000a304c	references:1
0x0009fc5c	0x000a3054	references:1
0x0009fc80	0x000a3078	references:1
0x0009fc84	0x000a307c	references:1
0x0009fce0	0x000a30d8	references:1
0x0009fd08	0x000a0d60	references:1
0x0009fd17	0x000a0d6f	references:1
0x0009fd18	0x000a0d70	references:1
0x0009fd19	0x000a0d71	references:1
0x0009fd1a	0x000a0d72	references:1
0x0009fdb8	0x000a0e10	references:1
0x0009fdd0	0x000a0e20	references:1
0x0009fde4	0x000a0e2c	references:1
0x0009fdec	0x000a0e34	references:1
0x0009fe04	0x000a0e40	references:1
0x0009fe10	0x000a0e4c	references:1
0x0009fe1c	0x000a0e58	references:1
0x0009fe38	0x000a0e74	references:1
0x0009fe50	0x0009f7a8	references:1
0x0009fe58	0x0009f7b0	references:1
0x0009fe74	0x0009f7cc	references:16
0x0009fe78	0x0009f7d0	references:4
0x0009fe7c	0x0009f7d4	references:4
0x0009fe80	0x0009f7d8	references:1
0x0009fe84	0x0009f7dc	references:1
0x0009fe8c	0x0009f7e4	references:1
0x0009fea8	0x0009f800	references:1
0x0009fed0	0x0009f828	references:1
0x0009fee0	0x0009f838	references:1
0x0009feec	0x0009f844	references:1
0x0009fef4	0x0009f84c	references:1
0x0009fef8	0x0009f850	references:1
0x0009fefc	0x0009f854	references:2
0x0009ff08	0x0009f860	references:1
0x0009ff0c	0x0009f864	references:1
0x0009ff2c	0x0009f884	references:1
0x0009ff30	0x0009f888	references:1
0x0009ff34	0x0009f88c	references:1
0x0009ff3c	0x0009f894	references:1
0x0009ff50	0x0009f8a8	references:1
0x0009ff54	0x0009f8ac	references:1
0x0009ff60	0x0009f8b8	references:1
0x0009ff64	0x0009f8bc	references:1
0x0009ff68	0x0009f8c0	references:1
0x0009ff6c	0x0009f8c4	references:1
0x0009ff70	0x0009f8c8	references:1
0x0009ff74	0x0009f8cc	references:1
0x0009ffb0	0x0009f908	references:1
0x0009ffc0	0x0009f918	references:1
0x0009ffd0	0x0009f928	references:1
0x0009ffe0	0x0009f938	references:1
0x0009ffec	0x0009f944	references:1
0x0009fff8	0x0009f950	references:1
0x000a000c	0x0009f964	references:1
0x000a001c	0x0009f974	references:1
0x000a0034	0x0009f98c	references:1
0x000a0050	0x0009f9a8	references:1
0x000a0060	0x0009f9b8	references:1
0x000a0070	0x0009f9c8	references:1
0x000a0084	0x0009f9dc	references:1
0x000a0090	0x0009f9e8	references:1
0x000a009c	0x0009f9f4	references:1
0x000a00a8	0x0009fa00	references:1
0x000a00bc	0x0009fa14	references:1
0x000a00d0	0x0009fa28	references:1
0x000a00e4	0x0009fa3c	references:1
0x000a00f0	0x0009fa48	references:1
0x000a00fc	0x0009fa54	references:1
0x000a010c	0x0009fa64	references:1
0x000a0120	0x0009fa78	references:1
0x000a0138	0x0009fa90	references:1
0x000a014c	0x0009faa4	references:1
0x000a0158	0x0009fab0	references:1
0x000a0164	0x0009fabc	references:1
0x000a0174	0x0009facc	references:1
0x000a0184	0x0009fadc	references:1
0x000a0198	0x0009faf0	references:1
0x000a01a0	0x0009fb04	references:1
0x000a01b0	0x0009fb08	references:1
0x000a01bc	0x0009fb14	references:1
0x000a01c0	0x0009fb18	references:1
0x000a01c4	0x0009fb1c	references:1
0x000a0204	0x0009fb5c	references:1
0x000a0214	0x0009fb6c	references:1
0x000a0224	0x0009fb7c	references:1
0x000a0230	0x0009fb88	references:1
0x000a023c	0x0009fb94	references:1
0x000a0250	0x0009fba8	references:1
0x000a0260	0x0009fbb8	references:1
0x000a0278	0x0009fbd0	references:1
0x000a0294	0x0009fbec	references:1
0x000a02a4	0x0009fbfc	references:1
0x000a02b4	0x0009fc0c	references:1
0x000a02c8	0x0009fc20	references:1
0x000a02d4	0x0009fc2c	references:1
0x000a02e0	0x0009fc38	references:1
0x000a02ec	0x0009fc44	references:1
0x000a0300	0x0009fc58	references:1
0x000a0314	0x0009fc6c	references:1
0x000a0328	0x0009fc80	references:1
0x000a0334	0x0009fc8c	references:1
0x000a0340	0x0009fc98	references:1
0x000a0350	0x0009fca8	references:1
0x000a0364	0x0009fcbc	references:1
0x000a037c	0x0009fcd4	references:1
0x000a0390	0x0009fce8	references:1
0x000a039c	0x0009fcf4	references:1
0x000a03a8	0x0009fd00	references:1
0x000a03b8	0x0009fd10	references:1
0x000a03c8	0x0009fd20	references:1
0x000a03dc	0x0009fd34	references:1
0x000a03f0	0x0009fd48	references:1
0x000a0408	0x0009fd60	references:1
0x000a040c	0x0009fd64	references:1
0x000a0410	0x0009fd68	references:1
0x000a0450	0x0009fda8	references:1
0x000a046c	0x0009fdc4	references:1
0x000a04a8	0x0009fe00	references:1
0x000a04ac	0x0009fe04	references:1
0x000a04b4	0x0009fe0c	references:1
0x000a04bc	0x0009fe14	references:1
0x000a04c4	0x0009fe1c	references:1
0x000a04f4	0x0009fe4c	references:1
0x000a0504	0x00090040	references:2
0x000a0508	0x00090044	references:1
0x000a050c	0x00090048	references:1
0x000a0510	0x0009004c	references:1
0x000a0514	0x00090050	references:1
0x000a0518	0x00090054	references:1
0x000a051c	0x00090058	references:1
0x000a0520	0x0009005c	references:1
0x000a0524	0x00090060	references:1
0x000a0528	0x00090064	references:1
0x000a052c	0x00090068	references:1
0x000a0530	0x0009006c	references:1
0x000a0534	0x00090070	references:1
0x000a0538	0x00090074	references:1
0x000a053c	0x00090078	references:1
0x000a0540	0x0009007c	references:1
0x000a0544	0x00090080	references:1
0x000a0548	0x00090084	references:1
0x000a054c	0x00090088	references:1
0x000a0550	0x0009008c	references:1
0x000a055c	0x00090098	references:1
0x000a0560	0x0009009c	references:1
0x000a0568	0x000900a4	references:1
0x000a056c	0x000900a8	references:1
0x000a0570	0x000900ac	references:1
0x000a0574	0x000900b0	references:1
0x000a0578	0x000900b4	references:1
0x000a057c	0x000900b8	references:1
0x000a0580	0x000900bc	references:1
0x000a0584	0x000900c0	references:1
0x000a0588	0x000900c4	references:1
0x000a058c	0x000900c8	references:1
0x000a0590	0x000900cc	references:1
0x000a0594	0x000900d0	references:1
0x000a0598	0x000900d4	references:1
0x000a059c	0x000900d8	references:1
0x000a05a0	0x000900dc	references:1
0x000a05a4	0x000900e0	references:1
0x000a05b4	0x000900f0	references:1
0x000a05d0	0x0009010c	references:1
0x000a05d8	0x00090114	references:1
0x000a061c	0x00090158	references:1
0x000a065c	0x00090198	references:1
0x000a0660	0x0009019c	references:1
0x000a0664	0x000901a0	references:1
0x000a0668	0x000901a4	references:1
0x000a066c	0x000901a8	references:1
0x000a0670	0x000901ac	references:1
0x000a0674	0x000901b0	references:1
0x000a0678	0x000901b4	references:1
0x000a067c	0x000901b8	references:1
0x000a0680	0x000901bc	references:1
0x000a0684	0x000901c0	references:1
0x000a0688	0x000901c4	references:1
0x000a068c	0x000901c8	references:1
0x000a0690	0x000901cc	references:1
0x000a0694	0x000901d0	references:1
0x000a06a0	0x000901dc	references:1
0x000a06a4	0x000901e0	references:1
0x000a06c0	0x00090200	references:1
0x000a06dc	0x00090220	references:1
0x000a06e0	0x00090224	references:1
0x000a06e4	0x00090228	references:1
0x000a06e8	0x0009022c	references:1
0x000a06ec	0x00090230	references:1
0x000a06f0	0x00090234	references:1
0x000a06f4	0x00090238	references:1
0x000a06f8	0x0009023c	references:1
0x000a0730	0x00090274	references:1
0x000a0740	0x00090284	references:1
0x000a0750	0x00090294	references:1
0x000a0754	0x00090298	references:1
0x000a075c	0x000902a0	references:1
0x000a0764	0x000902a8	references:1
0x000a0784	0x000902c8	references:1
0x000a07ac	0x000902f0	references:1
0x000a07bc	0x000a0cb4	references:1
0x000a07c8	0x000a0cc0	references:1
0x000a07d8	0x000a0cd0	references:1
0x000a07e8	0x000a0ce0	references:1
0x000a07ec	0x000a0ce4	references:1
0x000a07f8	0x000a0cf0	references:1
0x000a07fc	0x000a0cf4	references:1
0x000a0800	0x000a0d04	references:1
0x000a0804	0x000a0d08	references:1
0x000a0820	0x00090300	references:1
0x000a082c	0x0009030c	references:1
0x000a0834	0x00090314	references:1
0x000a083c	0x0009031c	references:1
0x000a084c	0x0009032c	references:1
0x000a085c	0x0009033c	references:1
0x000a086c	0x0009034c	references:1
0x000a0874	0x00090354	references:1
0x000a0884	0x00090364	references:1
0x000a0888	0x00090368	references:1
0x000a088c	0x0009036c	references:1
0x000a0898	0x00090378	references:1
0x000a08a8	0x00090388	references:1
0x000a08b0	0x00090390	references:1
0x000a08b4	0x00090394	references:1
0x000a08cc	0x000903ac	references:1
0x000a08d4	0x000903b4	references:1
0x000a08dc	0x000903bc	references:1
0x000a08e0	0x000903c0	references:1
0x000a08f0	0x000903d0	references:1
0x000a08fc	0x000903dc	references:1
0x000a0904	0x000903e4	references:1
0x000a0910	0x000903f0	references:1
0x000a0924	0x00090404	references:1
0x000a092c	0x0009040c	references:1
0x000a0930	0x00090410	references:1
0x000a0948	0x00090428	references:1
0x000a0950	0x00090430	references:1
0x000a0958	0x00090438	references:1
0x000a095c	0x0009043c	references:1
0x000a096c	0x0009044c	references:1
0x000a0978	0x00090458	references:1
0x000a0980	0x00090460	references:1
0x000a09a0	0x00090480	references:1
0x000a09ac	0x0009048c	references:1
0x000a09bc	0x0009049c	references:1
0x000a09c4	0x000904a4	references:1
0x000a09c8	0x000904a8	references:1
0x000a09e0	0x000904c0	references:1
0x000a09e8	0x000904c8	references:1
0x000a09f0	0x000904d0	references:1
0x000a09f4	0x000904d4	references:1
0x000a0a04	0x000904e4	references:1
0x000a0a10	0x000904f0	references:1
0x000a0a20	0x00090500	references:1
0x000a0a3c	0x0009051c	references:1
0x000a0a58	0x000a12bc	references:1
0x000a0a5c	0x000a12c0	references:1
0x000a0a6c	0x000a12d0	references:1
0x000a0a7c	0x000a12e0	references:1
0x000a0a88	0x000a12ec	references:1
0x000a0a98	0x000a12fc	references:1
0x000a0a9c	0x000a1300	references:1
0x000a0aa0	0x000a1304	references:1
0x000a0ab0	0x000a1314	references:1
0x000a0ab4	0x000a1318	references:1
0x000a0abc	0x000a1320	references:1
0x000a0ac8	0x000a132c	references:1
0x000a0af4	0x000a1358	references:1
0x000a0afc	0x000a1360	references:1
0x000a0b2c	0x000a15f0	references:1
0x000a0b38	0x000a15fc	references:1
0x000a0b48	0x000a160c	references:1
0x000a0b58	0x000a161c	references:1
0x000a0b64	0x000a1628	references:1
0x000a0b70	0x000a1634	references:1
0x000a0b7c	0x000a1640	references:1
0x000a0b98	0x000a165c	references:1
0x000a0bb4	0x000a1678	references:1
0x000a0bb8	0x000a167c	references:1
0x000a0bbc	0x000a1680	references:1
0x000a0bc0	0x000a1684	references:1
0x000a0bc4	0x000a1688	references:1
0x000a0bd4	0x000a1698	references:1
0x000a0bfc	0x000a16c0	references:1
0x000a0c00	0x000a0cf8	references:1
0x000a0c04	0x000a0cfc	references:1
0x000a0c08	0x000a0d00	references:1
0x000a0c0c	0x000a0800	references:1
0x000a0c28	0x000a081c	references:1
0x000a0c44	0x000a0838	references:1
0x000a0c60	0x000a0854	references:1
0x000a0c7c	0x000a0870	references:1
0x000a0c98	0x000a088c	references:1
0x000a0cb4	0x000a08a8	references:1
0x000a0cd0	0x000a08c4	references:1
0x000a0cec	0x000a08e0	references:1
0x000a0d08	0x000a08fc	references:1
0x000a0d24	0x000a0918	references:1
0x000a0d40	0x000a0934	references:1
0x000a0d5c	0x000a0950	references:1
0x000a0d78	0x000a096c	references:1
0x000a0d94	0x000a0988	references:1
0x000a0db0	0x000a09a4	references:1
0x000a0dcc	0x000a09c0	references:1
0x000a0de8	0x000a09dc	references:1
0x000a0e04	0x000a09f8	references:1
0x000a0e20	0x000a0a14	references:1
0x000a0e78	0x000a0a6c	references:1
0x000a0e90	0x000a0a84	references:1
0x000a0ec4	0x000a0ab8	references:1
0x000a0edc	0x000a0ad0	references:1
0x000a0f6c	0x000a0b60	references:1
0x000a0fb0	0x000a0ba4	references:1
0x000a0fb8	0x000a0bac	references:1
0x000a102c	0x000a0c20	references:1
0x000a1050	0x000a0c44	references:1
0x000a106c	0x000a0c60	references:1
0x000a1088	0x000a0c7c	references:1
0x000a10a4	0x000a0c98	references:1
0x000a10c0	0x000a3ad4	references:1
0x000a10d8	0x000a3aec	references:1
0x000a10ec	0x000a3b00	references:1
0x000a10f0	0x000a3b04	references:1
0x000a110c	0x000a54b8	references:1
0x000a1114	0x000a3b20	references:1
0x000a1128	0x000a3b34	references:1
0x000a112c	0x000a3b38	references:1
0x000a1130	0x000a3b3c	references:1
0x000a114c	0x000a3b58	references:1
0x000a1170	0x000a3b7c	references:1
0x000a1194	0x000a3ba0	references:1
0x000a11a8	0x000a3f40	references:1
0x000a11ac	0x000a3f44	references:1
0x000a11bc	0x000a3f54	references:1
0x000a11d0	0x000a3f68	references:1
0x000a11f0	0x000a3f88	references:1
0x000a123c	0x000a3fd4	references:1
0x000a1298	0x000a4030	references:1
0x000a129c	0x000a4034	references:1
0x000a12b8	0x000a4050	references:1
0x000a12bc	0x000a4054	references:1
0x000a12d8	0x000a4070	references:1
0x000a12dc	0x000a4074	references:1
0x000a12f8	0x000a4090	references:1
0x000a12fc	0x000a4094	references:1
0x000a1318	0x000a3100	references:1
0x000a1324	0x000a310c	references:1
0x000a1328	0x000a3110	references:1
0x000a1329	0x000a3111	references:1
0x000a13c0	0x000a31a8	references:1
0x000a13d0	0x000a31b8	references:1
0x000a13d4	0x000a31bc	references:1
0x000a13d8	0x000a31c0	references:1
0x000a13f4	0x000a31e0	references:1
0x000a13f8	0x000a31e4	references:1
0x000a13fc	0x000a31e8	references:1
0x000a140c	0x000a31f8	references:1
0x000a1410	0x000a31fc	references:1
0x000a1414	0x000a3200	references:1
0x000a1424	0x000a3210	references:1
0x000a1428	0x000a3214	references:1
0x000a142c	0x000a3218	references:1
0x000a143c	0x000a3228	references:1
0x000a1458	0x000a3248	references:1
0x000a1478	0x000a3268	references:1
0x000a147c	0x000a326c	references:1
0x000a14a8	0x000a3298	references:1
0x000a182c	0x000a361c	references:1
0x000a1834	0x000a3624	references:1
0x000a1838	0x000a3628	references:1
0x000a189c	0x000a368c	references:3
0x000a19a0	0x000a3790	references:1
0x000a19a4	0x000a3794	references:1
0x000a19c0	0x000a37b4	references:1
0x000a19d0	0x000a37c4	references:1
0x000a19d8	0x000a37cc	references:1
0x000a19ec	0x000a37e0	references:2
0x000a19fc	0x000a37f0	references:2
0x000a1a04	0x000a37f8	references:1
0x000a1a30	0x000a3824	references:1
0x000a1a38	0x000a382c	references:1
0x000a1a44	0x000a3838	references:1
0x000a1a5c	0x000a3850	references:1
0x000a1a6c	0x000a3860	references:1
0x000a1a74	0x000a3868	references:1
0x000a1a88	0x000a387c	references:1
0x000a1a90	0x000a3884	references:1
0x000a1a94	0x000a3888	references:1
0x000a1aac	0x000a38a0	references:1
0x000a1ab4	0x000a38a8	references:1
0x000a1ab8	0x000a38ac	references:1
0x000a1ad0	0x000a38c4	references:1
0x000a1ad4	0x000a38c8	references:1
0x000a1ae4	0x000a38d8	references:1
0x000a1b18	0x000a390c	references:1
0x000a1b34	0x000a3928	references:1
0x000a1b44	0x000a3938	references:1
0x000a1b48	0x000a393c	references:1
0x000a1b64	0x000a395c	references:1
0x000a1b6c	0x000a3964	references:1
0x000a1b74	0x000a396c	references:1
0x000a1b78	0x000a3970	references:1
0x000a1b7c	0x000a3974	references:1
0x000a1b98	0x000a3994	references:1
0x000a1b9c	0x000a3998	references:1
0x000a1bb8	0x000a39b8	references:1
0x000a1bbc	0x000a39bc	references:1
0x000a1bd8	0x000a39dc	references:1
0x000a1bdc	0x000a39e0	references:1
0x000a1bf8	0x000a3a00	references:1
0x000a1c08	0x000a3a10	references:1
0x000a1c18	0x000a3a20	references:1
0x000a1c28	0x000a3a30	references:1
0x000a1c2c	0x000a3a34	references:1
0x000a1c48	0x000a3a54	references:1
0x000a1c64	0x000a3a74	references:1
0x000a1c80	0x000a3a94	references:1
0x000a1c9c	0x000a3ab4	references:1
0x000a1cb8	0x000a54a0	references:8
0x000a1cbc	0x000a54a4	references:8
0x000a1cc0	0x000a54a8	references:8
0x000a1cc4	0x000a54ac	references:8
0x000a1cc8	0x000a54b0	references:8
0x000a1cd0	0x000a3bb4	references:1
0x000a1d08	0x000a3bec	references:1
0x000a1d58	0x000a3c3c	references:1
0x000a1d74	0x000a3c58	references:1
0x000a1d90	0x000a3c74	references:1
0x000a1dd0	0x000a3cb4	references:1
0x000a1de4	0x000a3cc8	references:1
0x000a1df8	0x000a3cdc	references:1
0x000a1e0c	0x000a3cf0	references:1
0x000a1e20	0x000a3d04	unique-data-bytes
0x000a1e40	0x000a3d24	data-layout-between-two-anchors
0x000a1e48	0x000a3d2c	unique-data-bytes
0x000a1e5c	0x000a3d40	data-layout-between-two-anchors
0x000a1e64	0x000a3d48	unique-data-bytes
0x000a1e90	0x000a3d74	unique-data-bytes
0x000a1eb0	0x000a3d94	references:1
0x000a1ec4	0x000a3da8	references:1
0x000a1ee4	0x000a40b0	references:1
0x000a1ef0	0x000a3dc8	references:1
0x000a1ef4	0x000a3dcc	references:1
0x000a1f0c	0x000a3de4	references:1
0x000a1f24	0x000a3dfc	references:1
0x000a1f40	0x000a3e1c	references:1
0x000a1f50	0x000a3e2c	references:2
0x000a2050	0x000a3f2c	references:2
0x000a2054	0x000a3f30	references:1
0x000a2064	0x000a40bc	references:2
0x000a2068	0x000a40c0	references:2
0x000a206c	0x000a40c4	references:2
0x000a2070	0x000a40c8	references:2
0x000a2074	0x000a40cc	references:2
0x000a2078	0x000a40d0	references:1
0x000a207c	0x000a40d4	references:1
0x000a2080	0x000a40d8	references:1
0x000a2180	0x000a41d8	references:1
0x000a2280	0x000a42d8	references:2
0x000a2768	0x000a47c0	references:2
0x000a2ec8	0x000a4f20	references:2
0x000a33b0	0x000a5408	references:1
0x000a33f0	0x000a5448	references:1
0x000a3430	0x000a5488	references:1
0x000a3434	0x000a548c	references:1
0x000a3438	0x000a5490	references:1
0x000a3448	0x000a54c0	references:1
0x000a344c	0x000a54c4	references:1
0x000a3464	0x000a54e8	references:1
0x000a3468	0x000a54ec	references:1
0x000a346c	0x000a54f0	references:1
0x000a3480	0x000a62e0	references:1
0x000a3490	0x000a62f0	references:1
0x000a3494	0x000a62f4	references:1
0x000a3498	0x000a62f8	references:1
0x000a349c	0x000a62fc	references:1
0x000a34b4	0x000a6314	references:1
0x000a34bc	0x000a631c	references:1
0x000a34cc	0x000a632c	references:1
0x000a34d4	0x000a6334	references:1
0x000a34de	0x000a633e	references:1
0x000a35e0	0x000a5500	references:1
0x000a35e4	0x000a5504	references:1
0x000a35e5	0x000a5505	references:1
0x000a35e8	0x000a5508	references:1
0x000a35ec	0x000a550c	references:1
0x000a35f0	0x000a5510	references:1
0x000a35f4	0x000a5514	references:1
0x000a35f8	0x000a5518	references:1
0x000a3600	0x000a5520	references:1
0x000a3610	0x000a5530	references:1
0x000a3618	0x000a5538	references:1
0x000a3620	0x000a5550	references:1
0x000a3628	0x000a5558	references:1
0x000a362c	0x000a555c	references:1
0x000a3630	0x000a5560	references:2
0x000a3638	0x000a5580	references:2
0x000a3654	0x000a5584	references:1
0x000a3658	0x000a5588	references:1
0x000a3660	0x000a5900	references:3
0x000a366a	0x000a590a	references:1
0x000a386c	0x000a5b0c	references:3
0x000a3870	0x000a5b10	references:2
0x000a387c	0x000a55ac	references:2
0x000a38e8	0x000a5590	references:1
0x000a38ec	0x000a5594	references:1
0x000a38f0	0x000a5598	references:1
0x000a38f4	0x000a559c	references:1
0x000a38f8	0x000a55a0	references:1
0x000a38fc	0x000a55a4	references:1
0x000a3908	0x000a55b0	references:1
0x000a390c	0x000a55b4	references:1
0x000a392c	0x000a55d4	references:1
0x000a393c	0x000a55e4	references:1
0x000a394c	0x000a55f4	references:1
0x000a39c8	0x000a5670	references:1
0x000a39d0	0x000a5680	references:1
0x000a39da	0x000a568a	references:1
0x000a39ee	0x000a569e	references:1
0x000a3a02	0x000a56b2	references:1
0x000a3a0a	0x000a56ba	references:1
0x000a3a5a	0x000a570a	references:1
0x000a3a7a	0x000a572a	references:1
0x000a3a9a	0x000a574a	references:1
0x000a3ac0	0x000a5770	references:1
0x000a3ac4	0x000a5774	references:1
0x000a3c28	0x000a58d8	references:4
0x000a3c50	0x000a5b18	references:1
0x000a3cd4	0x000a5b9c	references:2
0x000a3cdc	0x000a5ba4	references:1
0x000a3ce0	0x000a5ba8	references:1
0x000a3ce1	0x000a5ba9	references:1
0x000a3de4	0x000a5cac	references:1
0x000a3de8	0x000a5cb0	references:1
0x000a3df0	0x000a5cb8	references:1
0x000a3dfc	0x000a5cc4	references:1
0x000a3e00	0x000a5cc8	references:1
0x000a3e08	0x000a5cd0	references:1
0x000a3e0c	0x000a5cd4	references:1
0x000a3e10	0x000a5cd8	references:1
0x000a3e18	0x000a5ce0	references:1
0x000a3ef8	0x000a5dc0	references:1
0x000a4164	0x000a5dc4	references:1
0x000a41e8	0x000a5e48	references:1
0x000a4250	0x000a5e4c	references:1
0x000a4258	0x000a5e50	references:2
0x000a4260	0x000a5e58	references:3
0x000a4270	0x000a5e68	references:2
0x000a4274	0x000a5fdc	references:1
0x000a4278	0x000a5fe0	references:3
0x000a4298	0x000a6000	references:2
0x000a42b8	0x000a6020	references:2
0x000a44d8	0x000a6240	references:2
0x000a44f8	0x000a6260	references:2
0x000a4500	0x000a644c	references:1
0x000a4548	0x000a6270	references:1
0x000a4560	0x000a6288	references:1
0x000a4578	0x000a62a0	references:1
0x000a4580	0x000a62b0	references:1
0x000a4594	0x000a62c4	references:1
0x000a459c	0x000a62cc	references:2
0x000a45b0	0x000a6444	references:1
0x000a45b4	0x000a6450	references:1
0x000a45b8	0x000a6454	references:1
0x000a45bc	0x000a6458	references:1
0x000a45fc	0x000a6c9c	references:1
0x000a4600	0x000a6ca0	references:1
0x000a4604	0x000a6ca4	references:1
0x000a4608	0x000a6ca8	references:1
0x000a4630	0x000a6cb0	references:2
0x000a4634	0x000a6cb4	references:2
0x000a4638	0x000a6cb8	references:1
0x000a463c	0x000a6cbc	references:1
0x000a4640	0x000a6cc0	references:1
0x000a4644	0x000a6cc4	references:1
0x000a4650	0x000a6cd0	references:1
0x000a4654	0x000a6cd4	references:1
0x000a47e8	0x000a6db0	references:1
0x000a47f0	0x000a6db8	references:1
0x000a4800	0x000a6dc8	references:1
0x000a4ad0	0x000cb194	references:1
0x000a4ad4	0x000cb1dc	references:1
0x000a4ad8	0x000cb18c	references:1
0x000a4adc	0x000cb190	references:1
0x000a4ae0	0x000cb204	references:1
0x000a4ae4	0x000cb208	references:1
0x000a4ae8	0x000cb1e8	references:1
0x000a4aec	0x000cb1ec	references:1
0x000a4af0	0x000cb1a8	references:1
0x000a4af8	0x000cb1c0	references:1
0x000a4afc	0x000cb1d8	references:1
0x000a4b00	0x000cb188	references:1
0x000a4b04	0x000cb198	references:1
0x000a4b08	0x000cb19c	references:1
0x000a4b10	0x000cb1f8	references:1
0x000a4b20	0x000cb1c8	references:1
0x000a4b21	0x000cb1c9	references:1
0x000a4b22	0x000cb1ca	references:1
0x000a4b24	0x000cb1cc	references:1
0x000a4b25	0x000cb1cd	references:1
0x000a4b26	0x000cb1ce	references:1
0x000a4b27	0x000cb1cf	references:1
0x000a4b28	0x000cb1d0	references:1
0x000a4b2c	0x000cb1bc	references:1
0x000a4b30	0x000cb1f4	references:1
0x000a4b34	0x000cb1a0	references:1
0x000a4b38	0x000cb1b8	references:1
0x000a4b3c	0x000cb1b0	references:1
0x000a4b40	0x000cb1e0	references:1
0x000a4b44	0x000cb1e4	references:1
0x000a4b48	0x000cb200	references:1
0x000a4b4c	0x000cb1f0	references:1
0x000a4b50	0x000c24e8	references:1
0x000a4b58	0x000c2500	references:1
0x000a4b5c	0x000c2504	references:1
0x000a4b60	0x000c2508	references:1
0x000a4b64	0x000c250c	references:1
0x000a4b68	0x000c24d8	references:1
0x000a4b6c	0x000c24dc	references:1
0x000a4b70	0x000c24e0	references:1
0x000a4b74	0x000c24e4	references:1
0x000a4b78	0x000c29ac	references:1
0x000a4b80	0x000c2510	references:1
0x000a4ba4	0x000c2534	references:1
0x000a4bf0	0x000c2580	references:1
0x000a4bf4	0x000c2584	references:1
0x000a4bf8	0x000c2588	references:1
0x000a4bfc	0x000c258c	references:1
0x000a4bfe	0x000c258e	references:1
0x000a4c00	0x000c2590	references:1
0x000a4c04	0x000c2594	references:1
0x000a4c10	0x000c25a0	references:1
0x000a4c14	0x000c25a4	references:1
0x000a4c18	0x000c25a8	references:1
0x000a5018	0x000c29a8	references:1
0x000a5020	0x000c24f0	references:1
0x000a5030	0x000c2c5c	references:1
0x000a5034	0x000c2c50	references:1
0x000a5038	0x000c2c60	references:1
0x000a503c	0x000c2c54	references:1
0x000a5040	0x000c2c58	references:1
0x000a5048	0x000c2c7c	references:1
0x000a504c	0x000c2c98	references:1
0x000a5050	0x000c2ca4	references:1
0x000a5054	0x000c2c78	references:2
0x000a5058	0x000c2c9c	references:3
0x000a505c	0x000c2ca8	references:1
0x000a5060	0x000c2c88	references:1
0x000a5070	0x000c2ca0	references:4
0x000a5074	0x000c2c80	references:1
0x000a5078	0x000c2ce8	references:1
0x000a5080	0x000c2d28	references:3
0x000a5088	0x000c2d38	references:4
0x000ac088	0x000caf50	references:6
0x000ac0f8	0x000c9d50	references:1
0x000ad0f8	0x000cad50	references:9
0x000ad0f9	0x000cad51	references:4
0x000ad0fa	0x000cad52	references:2
0x000ad0fb	0x000cad53	references:1
0x000ad0fc	0x000cad54	references:2
0x000ad100	0x000cad58	references:3
0x000ad124	0x000cad7c	references:3
0x000ad128	0x000cad80	references:3
0x000ad129	0x000cad81	references:4
0x000ad134	0x000cad8c	references:1
0x000ad2b8	0x000caf10	references:1
0x000ad2ba	0x000caf12	references:1
0x000ad2bb	0x000caf13	references:1
0x000ad2bc	0x000caf14	references:1
0x000ad2c0	0x000caf18	references:1
0x000ad2e8	0x000caf40	references:1
0x000ad2e9	0x000caf41	references:1
0x000ad2f8	0x000c2cf0	references:3
0x000ad300	0x000c2d20	references:2
0x000ad308	0x000c2d30	references:1
0x000ad310	0x000c9d38	references:2
0x000ad328	0x000c2cf8	references:1
0x000ad330	0x000c2d00	references:1
0x000ad350	0x000cafc0	references:1
0x000ad368	0x000c2d1c	references:6
0x000ad370	0x000af300	references:1
0x000afbf0	0x000aca74	references:1
0x000afbf4	0x000c0b90	references:1
0x000afbf8	0x000ac968	references:13
0x000afbfc	0x000aca64	references:1
0x000afc00	0x000aa034	references:1
0x000afc04	0x000c2040	references:1
0x000afc08	0x000c2048	references:1
0x000afc0c	0x000aca68	references:1
0x000afc10	0x000aa0cc	references:1
0x000afc14	0x000c0ba8	references:1
0x000afc18	0x000aa030	references:1
0x000afc1c	0x000c0ba0	references:1
0x000afc20	0x000c0bb0	references:1
0x000afc68	0x000b2fec	references:1
0x000afc6c	0x000b2ff0	references:1
0x000afc70	0x000b2ff4	references:1
0x000afc74	0x000b2ff8	references:1
0x000afc78	0x000aa0d8	references:1
0x000afc7c	0x000b2ffc	references:1
0x000afc80	0x000b3000	references:1
0x000afc84	0x000b3004	reviewed-data-user-and-layout
0x000afc88	0x000b3008	reviewed-data-user-and-layout
0x000afc8c	0x000c0b9c	references:2
0x000afc90	0x000c0b8c	references:1
0x000afc98	0x000b2fd0	references:1
0x000afcb8	0x000b1b90	references:1
0x000b10f8	0x000aa0dc	references:1
0x000b10fc	0x000b1b80	references:1
0x000b1100	0x000b3038	references:1
0x000bec54	0x000c2038	references:1
0x000bec58	0x000aa0d4	references:1
0x000bec60	0x000b3010	reviewed-data-user-and-layout
0x000bec64	0x000b3014	reviewed-data-user-and-layout
0x000bec68	0x000b3018	reviewed-data-user-and-layout
0x000bec6c	0x000b301c	reviewed-data-user-and-layout
0x000bec70	0x000b3020	reviewed-data-user-and-layout
0x000bec74	0x000b3024	reviewed-data-user-and-layout
0x000bec78	0x000b3028	reviewed-data-user-and-layout
0x000bec7c	0x000af2f8	references:3
0x000bec80	0x000c2044	references:1
0x000bec84	0x000c0ba4	references:1
0x000bec88	0x000c2058	references:1
0x000bec8c	0x000aa0e0	references:1
0x000bec90	0x000c0bf8	references:3
0x000c00d0	0x000b302c	references:1
0x000c00d8	0x000aa0e8	references:1
0x000c2958	0x000c205c	references:1
0x000c295c	0x000b1b88	references:1
0x000c2960	0x000aca70	references:16
0x000c2968	0x000aa038	references:1
0x000c29f8	0x000c203c	references:1
0x000c29fc	0x000c0b94	references:1
0x000c2a00	0x000aca60	references:1
0x000c2a04	0x000c2050	references:1
0x000c2a08	0x000c2060	references:1
0x000c2a0c	0x000c2054	references:3
0x000c2a10	0x000aca78	references:1
0x000c5290	0x000b1b84	references:1
0x000c5298	0x000ac970	references:1
0x000c529c	0x000ac974	references:1
0x000c5388	0x000aa0c8	references:1
0x000c538c	0x000b3030	references:1
0x000c5390	0x000aa0d0	references:1
0x000c5394	0x000c0b98	references:1
0x000c5398	0x000aca6c	references:1
0x000c539c	0x000c204c	references:1
0x000c53a0	0x000c2cbc	references:1
0x000c53a4	0x000c2cdc	references:1
0x000c53a8	0x000c2cb0	references:1
0x000c53ac	0x000c2cd0	references:2
0x000c53b0	0x000c2cd4	references:1
0x000c53b4	0x000c2cc0	references:1
0x000c53b8	0x000c2cb4	references:1
0x000c53bc	0x000c2cb8	references:1
0x000c53c0	0x000c2cac	references:1
0x000c53c4	0x000c2cc4	references:1
0x000c53c8	0x000c2cd8	references:1
0x000c53cc	0x000c2cc8	references:1
0x000c53d0	0x000c2ccc	references:1
0x000c53dc	0x000cb168	references:1
0x000c53f8	0x000cb000	references:1
0x000c53fc	0x000cafe4	references:1
0x000c5400	0x000cb170	references:1
0x000c540c	0x000cb014	references:1
0x000c5410	0x000cb018	references:1
0x000c541c	0x000cb01c	references:1
0x000c5420	0x000cb150	references:1
0x000c5424	0x000cb14c	references:1
0x000c5427	0x000cb027	references:1
0x000c5428	0x000cb028	references:1
0x000c5429	0x000cb029	references:1
0x000c5436	0x000cb036	references:1
0x000c5493	0x000cb093	references:1
0x000c54a4	0x000cb0a4	references:1
0x000c54b5	0x000cb0b5	references:1
0x000c554c	0x000cb16c	references:1
0x000c5550	0x000cb004	references:1
0x000c5554	0x000cafdc	references:1
0x000c5558	0x000cb00c	references:1
0x000c555c	0x000cb020	references:1
0x000c5570	0x000cafe0	references:1
0x000c5574	0x000cb180	references:1
0x000c5578	0x000cb17c	reviewed-data-user-and-layout
0x000c5580	0x000a7318	references:2
0x000c5584	0x000a72dc	references:1
0x000c5588	0x000a72e0	references:1
0x000c558c	0x000a72e4	references:1
0x000c5590	0x000a72f8	references:1
0x000c5594	0x000a7338	references:1
0x000c5598	0x000a731c	references:1
0x000c559c	0x000a72f0	references:1
0x000c55a0	0x000a72f4	references:1
0x000c55a4	0x000a72ec	references:2
0x000c55a8	0x000a72d8	interior-data-references
0x000c55a9	0x000a72d9	references:1
0x000c55aa	0x000a72da	references:1
0x000c55ab	0x000a72db	references:1
0x000c55ac	0x000a7314	references:1
0x000c55b0	0x000a7310	references:1
0x000c55b8	0x000a7300	references:1
0x000c55c8	0x000a7328	references:1
0x000c55d8	0x000a7320	references:1
0x000c55dc	0x000a72e8	references:1
0x000c55e0	0x000cb184	references:1
0x000c55e8	0x000a9b60	references:9
0x000c55f8	0x000a82b4	references:1
0x000c55fc	0x000a82b8	references:1
0x000c5600	0x000a7c00	references:2
0x000c5608	0x000a82f8	references:5
0x000c5610	0x000aa020	references:1
0x000c561c	0x000a7be4	references:1
0x000c5620	0x000a9b50	references:1
0x000c5624	0x000a82f0	references:1
0x000c562c	0x000a82d4	references:9
0x000c5630	0x000a7868	references:4
0x000c5634	0x000a786c	references:4
0x000c5638	0x000a7d54	references:2
0x000c563c	0x000a7f74	references:2
0x000c5640	0x000a7bf8	references:42
0x000c56e0	0x000a8708	references:2
0x000c6b20	0x000a7bec	references:1
0x000c6b24	0x000a7bcc	references:5
0x000c6b28	0x000a82bc	references:1
0x000c6b30	0x000a7f78	references:1
0x000c6bac	0x000a82dc	references:1
0x000c6bb0	0x000a7bf0	references:1
0x000c6bb4	0x000a7c04	references:5
0x000c6bb8	0x000a82f4	references:1
0x000c6bbc	0x000a7c10	references:1
0x000c6bc0	0x000a7b88	references:3
0x000c6bc4	0x000a7870	references:27
0x000c6bc8	0x000a7b78	references:2
0x000c6bcc	0x000a8700	references:2
0x000c6bd0	0x000a7bb4	references:1
0x000c6bd8	0x000a82c0	references:1
0x000c6bdc	0x000a82c4	references:1
0x000c6bdd	0x000a82c5	references:1
0x000c6bde	0x000a82c6	references:1
0x000c6bdf	0x000a82c7	references:1
0x000c6be8	0x000a9cb0	references:1
0x000c6bec	0x000a9cb4	references:1
0x000c6bf0	0x000a82e0	references:2
0x000c6bf4	0x000a86fc	references:1
0x000c6bf8	0x000a7b90	references:2
0x000c6bfc	0x000a7bb0	references:1
0x000c6c00	0x000a7878	references:33
0x000c6c01	0x000a7879	references:2
0x000c6c02	0x000a787a	references:1
0x000c6f00	0x000a7bfc	references:1
0x000c6f04	0x000a7f70	references:5
0x000c6f08	0x000a7ba8	references:1
0x000c6f0c	0x000a7bc0	references:3
0x000c6f10	0x000a7f68	references:3
0x000c6f18	0x000a7bd0	references:2
0x000c6f2c	0x000a7d48	references:2
0x000c6f30	0x000aa000	references:5
0x000c6f34	0x000aa004	references:1
0x000c6f38	0x000aa008	references:1
0x000c6f40	0x000aa010	references:1
0x000c6f44	0x000aa014	references:1
0x000c6f48	0x000a8704	references:1
0x000c6f50	0x000a9b4c	references:2
0x000c6f58	0x000a9b70	references:4
0x000c6f5c	0x000a9b74	references:4
0x000c6f60	0x000a9b78	references:4
0x000c6f64	0x000a9b7c	references:1
0x000c6f68	0x000a9b80	references:2
0x000c6f6c	0x000a9b84	references:3
0x000c6f70	0x000a9b88	references:5
0x000c6f74	0x000a9b8c	references:3
0x000c6f78	0x000a9b90	references:3
0x000c6f7c	0x000a9b94	references:3
0x000c6f80	0x000a9b98	references:3
0x000c6f84	0x000a9b9c	references:9
0x000c6fa0	0x000a9bb8	references:1
0x000c6fa4	0x000a9bbc	references:1
0x000c700c	0x000a9c24	references:1
0x000c7010	0x000a9c28	references:6
0x000c7014	0x000a9c2c	references:3
0x000c701c	0x000a9c34	references:2
0x000c7088	0x000a9ca0	references:1
0x000c7090	0x000a8150	references:1
0x000c71f4	0x000a9b58	references:4
0x000c71f8	0x000a82e4	references:55
0x000c71fc	0x000a7f58	references:2
0x000c7200	0x000a7b98	references:1
0x000c7201	0x000a7b99	references:1
0x000c7210	0x000a82d0	references:5
0x000c7214	0x000a7c08	references:2
0x000c7218	0x000a7d44	references:5
0x000c7220	0x000a7df8	references:2
0x000c7380	0x000a7b84	references:2
0x000c7384	0x000a7c0c	references:7
0x000c7388	0x000a9cc0	references:1
0x000c73e4	0x000a7bf4	references:3
0x000c73e8	0x000a9e98	references:1
0x000c7548	0x000a7d50	references:2
0x000c754c	0x000a9b48	references:2
0x000c7550	0x000a8300	references:2
0x000c794c	0x000a9ff8	references:1
0x000c7950	0x000a82b0	references:5
0x000c7954	0x000a7bbc	references:9
0x000c7958	0x000a9cac	references:2
0x000c7960	0x000a73c8	references:1
0x000c7d5c	0x000a9d20	references:1
0x000c7d60	0x000a7f64	references:16
0x000c7d64	0x000a7b8c	references:1
0x000c7d68	0x000a9d1c	references:7
0x000c7d70	0x000a7d68	references:5
0x000c7dfc	0x000a7d4c	references:1
0x000c7e00	0x000a9e8c	references:2
0x000c7e04	0x000a7b7c	references:1
0x000c7e08	0x000a9e90	references:1
0x000c7e10	0x000a7348	references:1
0x000c7e8c	0x000a7bb8	references:1
0x000c7e90	0x000a82d8	references:13
0x000c7e98	0x000a7ff0	references:1
0x000c7ff8	0x000a7d60	references:2
0x000c7ffc	0x000a77c4	references:5
0x000c8000	0x000a82ec	references:3
0x000c8008	0x000a7f5c	references:1
0x000c800c	0x000a7f60	references:1
0x000c8010	0x000a7c18	references:1
0x000c813c	0x000a7bac	references:1
0x000c8140	0x000aa01c	references:8
0x000c8144	0x000a7340	references:4
0x000c814c	0x000a7bc8	references:82
0x000c8150	0x000a7bc4	references:3
0x000c8154	0x000a9ca8	references:1
0x000c8158	0x000a7d5c	references:21
0x000c815c	0x000a7be8	references:3
0x000c8160	0x000a9d28	references:1
0x000c82c0	0x000a9b54	references:8
0x000c82c4	0x000a7f6c	references:1
0x000c82c8	0x000a7b94	references:24
0x000c82cc	0x000a82fc	references:1
0x000c8320	0x000cd858	references:1
0x000c8321	0x000cd859	references:1
0x000c8322	0x000cd85a	references:1
0x000c8323	0x000cd85b	references:1
0x000c8324	0x000cd85c	references:1
0x000c8325	0x000cd85d	references:1
0x000c8326	0x000cd85e	references:1
0x000c8328	0x000cd758	references:1
0x000c8428	0x000cc47c	references:1
0x000c842c	0x000cc450	references:2
0x000c8430	0x000cc448	references:2
0x000c8434	0x000cb300	references:1
0x000c8438	0x000cb210	references:2
0x000c8460	0x000cd6e0	references:2
0x000c84d8	0x000cc580	references:2
0x000c84e0	0x000cb310	references:1
0x000c84e8	0x000cc5d8	references:1
0x000c84e9	0x000cc5d9	references:1
0x000c84ea	0x000cc5da	references:1
0x000c84eb	0x000cc5db	references:1
0x000c84ec	0x000cc5dc	references:1
0x000c85e8	0x000cb30c	reviewed-data-user-and-layout
0x000c85f0	0x000cc460	references:2
0x000c8610	0x000cc480	references:1
0x000c8611	0x000cc481	references:1
0x000c8615	0x000cc485	references:1
0x000c8616	0x000cc486	references:1
0x000c8617	0x000cc487	references:1
0x000c8619	0x000cc489	references:1
0x000c8710	0x000cb2d8	references:2
0x000c8738	0x000cb308	references:1
0x000c873c	0x000cc44c	references:1
0x000c8740	0x000cc454	references:4
0x000c8748	0x000cc320	references:2
0x000c8770	0x000cb304	reviewed-data-user-and-layout
0x000c8778	0x000cb318	references:1
0x000c877c	0x000cb31c	references:2
0x000c9788	0x000cc348	references:3
0x000c9789	0x000cc349	references:1
0x000c978b	0x000cc34b	references:1
0x000c978c	0x000cc34c	references:1
0x000c9791	0x000cc351	references:1
0x000c9888	0x000cc45c	references:2
0x000c9890	0x000cc6d8	references:1
0x000c9891	0x000cc6d9	references:1
0x000c9895	0x000cc6dd	references:1
0x000c9896	0x000cc6de	references:1
0x000c9897	0x000cc6df	references:1
0x000c9899	0x000cc6e1	references:1
0x000c9990	0x000cc588	references:2
0x000c99a1	0x000cc599	references:1
0x000c99e0	0x000ccfe0	references:3
0x000c99e1	0x000ccfe1	references:1
0x000c99e5	0x000ccfe5	references:2
0x000ca130	0x000cc7d8	references:1
0x000ca134	0x000cc7dc	references:1
0x000ca938	0x000c2c6c	references:1
0x000ca93c	0x000c2c70	references:1
0x000ca940	0x000c2088	references:2
0x000ca948	0x000c2068	references:1
0x000ca94c	0x000c206c	references:1
0x000ca958	0x000c207c	references:5
0x000ca95c	0x000c2490	references:1
0x000ca960	0x000c2080	references:1
0x000ca964	0x000c2084	references:1
0x000ca968	0x000c2078	references:1
0x000ca96b	0x000c207b	references:1
0x000ca970	0x000c2090	references:2
0x000ca971	0x000c2091	references:1
0x000ca972	0x000c2092	references:1
0x000ca973	0x000c2093	references:1
0x000ca975	0x000c2095	references:1
0x000ca97f	0x000c209f	references:1
0x000ca980	0x000c20a0	references:1
0x000ca982	0x000c20a2	references:1
0x000ca984	0x000c20a4	references:1
0x000ca98c	0x000c20ac	references:1
0x000caa70	0x000c2190	references:1
0x000caa71	0x000c2191	references:1
0x000caa81	0x000c21a1	references:1
0x000caa83	0x000c21a3	references:1
0x000cab70	0x000c2290	references:1
0x000cab71	0x000c2291	references:1
0x000cab72	0x000c2292	references:1
0x000cab73	0x000c2293	references:1
0x000cab74	0x000c2294	references:1
0x000cab75	0x000c2295	references:1
0x000cab76	0x000c2296	references:1
0x000cac7f	0x000c239f	references:1
0x000cac81	0x000c23a1	references:1
0x000cad29	0x000c2449	references:1
0x000cad70	0x000c2498	references:2
0x000cad71	0x000c2499	references:1
0x000cad72	0x000c249a	references:1
0x000cadb0	0x000c2494	references:5
0x000cadb4	0x000a72d0	references:1
0x000cadb8	0x000a72d4	references:1
0x000cadc8	0x000c29b0	references:2
0x000cadd0	0x000c29b8	references:1
0x000cb068	0x000cf524	references:1
0x000cb06c	0x000cf518	references:1
0x000cb070	0x000cf4c8	references:1
0x000cb074	0x000cf4cc	references:1
0x000cb078	0x000cf530	references:1
0x000cb07c	0x000cf4d0	references:1
0x000cb080	0x000cf52c	references:1
0x000cb084	0x000cf51c	references:1
0x000cb0c8	0x000cf528	references:1
0x000cb0cc	0x000cf520	references:1
0x000cb0d0	0x000cf538	references:1
0x000cb0d8	0x000cf540	references:1
0x000cb0db	0x000cf543	references:1
0x000cb0e1	0x000cf549	references:1
0x000cb0e4	0x000cf54c	references:1
0x000cb0e7	0x000cf54f	references:1
0x000cb0ed	0x000cf555	references:1
0x000cb108	0x000cf570	references:1
0x000cb10b	0x000cf573	references:1
0x000cb114	0x000cf57c	references:1
0x000cb117	0x000cf57f	references:1
0x000cb11a	0x000cf582	references:1
0x000cb11d	0x000cf585	references:1
0x000cb120	0x000cf588	references:1
0x000cb126	0x000cf58e	references:1
0x000cb138	0x000cea00	references:3
0x000cb268	0x000cd860	references:1
0x000cb26c	0x000cd864	references:1
0x000cb270	0x000cd868	references:1
0x000cb274	0x000cd86c	references:1
0x000cb278	0x000cd870	references:1
0x000cb27a	0x000cd872	references:1
0x000cb27c	0x000cd874	references:1
0x000cb970	0x000ce670	references:3
0x000cbaa0	0x000cf110	references:3
0x000cbbd0	0x000cdf68	references:1
0x000cbbd4	0x000cdf6c	references:1
0x000cbbd8	0x000cdf70	references:1
0x000cbbdc	0x000cdf74	references:1
0x000cbbe0	0x000cdf78	references:1
0x000cbbe2	0x000cdf7a	references:1
0x000cbbe4	0x000cdf7c	references:1
0x000cc2d8	0x000ce8d0	references:3
0x000cc408	0x000ceb30	references:1
0x000cc40c	0x000ceb34	references:1
0x000cc410	0x000ceb38	references:1
0x000cc414	0x000ceb3c	references:1
0x000cc418	0x000ceb40	references:1
0x000cc9e8	0x000ce7a0	references:3
0x000ccb18	0x000cf348	references:4
0x000ccc18	0x000cf240	references:4
0x000ccc20	0x000cf448	references:2
0x000ccc22	0x000cf44a	references:1
0x000ccc60	0x000cf248	references:4
0x000ccd60	0x000cf498	references:1
0x000ccd88	0x000cf4c0	references:1
0x000ccd90	0x000cf488	interior-data-references
0x000ccd92	0x000cf48a	references:1
0x000ccd94	0x000cf48c	references:1
0x000ccd98	0x000cf490	references:1
0x000ccda0	0x000cfa88	references:3
0x000ceda4	0x000d1a90	references:2
0x000cedb0	0x000d1f88	references:2
0x000d0db6	0x000d1a96	references:1
0x000d0db8	0x000d1a98	references:7
0x000d0dba	0x000d1a9a	references:2
0x000d129c	0x000d1f7c	references:1
0x000d12a0	0x000d3f98	references:6
0x000d12a2	0x000d3f9a	references:5
0x000d1786	0x000d447e	references:3
0x000d1a04	0x000d4700	references:2
0x000d1a08	0x000d6910	references:3
0x000d29cc	0x000d78d4	references:1
0x000d2a08	0x000d7910	references:1
0x000d2a48	0x000d4708	references:3
0x000d4c4c	0x000d3f90	references:1
0x000d4c50	0x000d46fc	references:4
0x000d4c58	0x000cf5a0	references:6
0x000d4c5a	0x000cf5a2	references:3
0x000d513c	0x000cfa84	references:3
0x000d5140	0x000d690c	references:4
0x000d5144	0x000d1f84	references:4
0x000d5148	0x000d46f8	references:2
0x000d514c	0x000d4704	references:2
0x000d5150	0x000d46f4	references:2
0x000d5154	0x000d7950	references:1
0x000d51b8	0x000d79b8	references:1
0x000d52bc	0x000d7abc	references:1
0x000d52c0	0x000d8b80	references:1
0x000d52c4	0x000d7b7c	references:2
0x000d62d0	0x000d8c90	references:1
0x000d62e0	0x000d8b90	references:8
0x000d62e4	0x000d8b94	references:1
0x000d63e0	0x000d8c94	references:3
0x000d63e4	0x000d8c98	references:2
0x000d63ec	0x000a6460	references:1
0x000d7410	0x000d942c	references:1
0x000d7414	0x000d9430	references:1
0x000d7418	0x000d9434	references:1
0x000d741c	0x000d9438	references:1
0x000d7424	0x000d945c	references:2
0x000d7428	0x000d946c	references:1
0x000d742c	0x000d944c	references:1
0x000d7430	0x000d9444	references:2
0x000d7434	0x000d9448	references:1
0x000d7438	0x000d9458	references:1
0x000d743c	0x000d9450	references:1
0x000d7440	0x000d9454	references:2
0x000d7444	0x000d9464	references:2
0x000d7448	0x000d9460	references:1
0x000d744c	0x000d9440	references:1
0x000d7450	0x000d9468	references:1
0x000d7458	0x000d94bc	references:1
0x000d745c	0x000d94c0	references:1
0x000d7460	0x000d94c4	references:1
0x000d7464	0x000d94c8	references:1
0x000d7468	0x000d959c	references:1
0x000d746c	0x000d94f8	references:6
0x000d7470	0x000d94ec	references:1
0x000d7478	0x000d94d8	references:1
0x000d747c	0x000d94d4	references:1
0x000d7480	0x000d9598	references:1
0x000d7484	0x000d94e4	references:2
0x000d7488	0x000d9474	references:1
0x000d748c	0x000d94a0	references:1
0x000d7490	0x000d9478	references:1
0x000d7494	0x000d947c	references:1
0x000d7498	0x000d9480	references:1
0x000d749c	0x000d9484	references:1
0x000d74a0	0x000d9488	references:1
0x000d74a4	0x000d948c	references:1
0x000d74a8	0x000d9490	references:2
0x000d74ac	0x000d94b8	references:1
0x000d74b0	0x000d94b4	references:1
0x000d74b4	0x000d95a0	references:4
0x000d74b8	0x000d94b0	references:1
0x000d74bc	0x000d94ac	references:5
0x000d74c0	0x000d94a8	references:3
0x000d74c4	0x000d94a4	references:1
0x000d74cc	0x000d94d0	references:1
0x000d74d0	0x000d9594	references:1
0x000d74d4	0x000d95d4	references:1
0x000d74d8	0x000d9528	references:1
0x000d74dc	0x000d952c	references:1
0x000d74e0	0x000d9530	references:1
0x000d74e4	0x000d9534	references:1
0x000d74e8	0x000d9538	references:1
0x000d74ec	0x000d953c	references:1
0x000d74f0	0x000d9548	references:2
0x000d74f4	0x000d9540	references:1
0x000d74f8	0x000d9544	references:1
0x000d74fc	0x000d954c	references:1
0x000d7500	0x000d9550	references:1
0x000d7504	0x000d9554	references:1
0x000d7508	0x000d9558	references:1
0x000d750c	0x000d955c	references:2
0x000d7510	0x000d9560	references:2
0x000d7514	0x000d9564	references:1
0x000d7518	0x000d9568	references:1
0x000d751c	0x000d94fc	references:1
0x000d7520	0x000d956c	references:1
0x000d7524	0x000d9570	references:1
0x000d7528	0x000d9574	references:1
0x000d752c	0x000d9578	references:1
0x000d7530	0x000d957c	references:1
0x000d7534	0x000d9580	references:1
0x000d7538	0x000d9584	references:1
0x000d7540	0x000d95a4	references:1
0x000d7544	0x000d95a8	references:1
0x000d7550	0x000d9520	references:1
0x000d7554	0x000d951c	references:1
0x000d7558	0x000d9518	references:1
0x000d755c	0x000d9514	references:1
0x000d7560	0x000d94dc	references:1
0x000d7564	0x000d9508	references:1
0x000d7568	0x000d9504	references:1
0x000d756c	0x000d9500	references:1
0x000d7570	0x000d94f0	references:1
0x000d7574	0x000d94f4	references:2
0x000d7578	0x000d95bc	references:1
0x000d757c	0x000d9498	references:1
0x000d7580	0x000d94cc	references:1
0x000d7584	0x000d95c8	references:1
0x000d7588	0x000d94e0	references:1
0x000d7590	0x000d950c	references:1
0x000d7598	0x000d9510	references:1
0x000d759c	0x000d95c0	references:1
0x000d75a0	0x000d95b8	references:1
0x000d75a4	0x000d95b0	references:1
0x000d75b4	0x000d965c	references:1
0x000d75b8	0x000d9658	references:1
0x000d75bc	0x000d9654	references:2
0x000d75c0	0x000d95ec	references:1
0x000d75c4	0x000d9650	references:2
0x000d75c8	0x000d964c	references:2
0x000d75cc	0x000d960c	references:3
0x000d75d0	0x000d9608	references:1
0x000d75d4	0x000d9604	references:1
0x000d75d8	0x000d95fc	references:1
0x000d75dc	0x000d95f8	references:2
0x000d75e0	0x000d95f4	references:1
0x000d75e4	0x000d95f0	references:1
0x000d75e8	0x000d95e4	references:2
0x000d75ec	0x000d9644	references:1
0x000d75f0	0x000d9640	references:2
0x000d75f4	0x000d9664	references:5
0x000d75f8	0x000d9668	references:1
0x000d75fc	0x000d966c	references:1
0x000d7600	0x000d9670	references:1
0x000d7604	0x000d9674	references:1
0x000d7608	0x000d9678	references:1
0x000d760c	0x000d967c	references:1
0x000d7610	0x000d9680	references:1
0x000d7614	0x000d9684	references:1
0x000d7618	0x000d9688	references:1
0x000d761c	0x000d968c	references:1
0x000d7620	0x000d9690	references:1
0x000d7624	0x000d9694	references:2
0x000d7628	0x000d9698	references:1
0x000d762c	0x000d969c	references:1
0x000d7630	0x000d96a0	references:1
0x000d7634	0x000d96a4	references:1
0x000d7638	0x000d96a8	references:1
0x000d763c	0x000d96ac	references:1
0x000d7640	0x000d96b0	references:2
0x000d7644	0x000d95e8	references:1
0x000d7648	0x000d9648	references:1
0x000d764c	0x000d96b4	references:1
0x000d7650	0x000d963c	references:2
0x000d7654	0x000d9638	references:3
0x000d7658	0x000d9634	references:1
0x000d765c	0x000d9630	references:1
0x000d7660	0x000d962c	references:1
0x000d7664	0x000d9628	references:1
0x000d7668	0x000d9624	references:2
0x000d766c	0x000d9620	references:1
0x000d7670	0x000d961c	references:1
0x000d7674	0x000d9614	references:1
0x000d7678	0x000d9610	references:1
0x000d767c	0x000d9660	references:2
0x000d7680	0x000d9600	references:1
0x000d7684	0x000d9618	references:1
0x000d768c	0x000d96c8	references:1
0x000d7690	0x000d96cc	references:1
0x000d7694	0x000d96bc	references:3
0x000d7698	0x000d96c4	references:2
0x000d769c	0x000d96c0	references:1
0x000d76a0	0x000d96d4	references:1
0x000d76a4	0x000d96d0	references:4
0x000d76dc	0x000d9720	references:1
0x000d76e0	0x000d972c	references:1
0x000d76e8	0x000d96e0	references:1
0x000d76ec	0x000d96ec	references:1
0x000d76f0	0x000d96e4	references:1
0x000d76f4	0x000d971c	references:2
0x000d76f8	0x000d9700	references:1
0x000d76fc	0x000d96fc	references:1
0x000d7704	0x000d9718	references:2
0x000d7708	0x000d96f0	references:3
0x000d770c	0x000d9714	references:1
0x000d7710	0x000d9710	references:1
0x000d7714	0x000d970c	references:1
0x000d7718	0x000d9708	references:1
0x000d771c	0x000d9704	references:3
0x000d7720	0x000d96f4	references:1
