old_rva	new_rva	unit	symbol	body_class	mapping_evidence	review
0x00001000	0x00065ec0	SOURCE/HISCORE	??0highScoreManager@@QAE@XZ	same-masked-body	unique-body>=80	Discovery classification; masked operands do not prove referent equivalence.
0x000010a0	0x00065f60	SOURCE/HISCORE	??1highScoreManager@@QAE@XZ	same-masked-body	references:1	Discovery classification; masked operands do not prove referent equivalence.
0x000010bf	0x00065f7f	SOURCE/HISCORE	?Open@highScoreManager@@UAEFF@Z	same-masked-body	unique-body>=80	Discovery classification; masked operands do not prove referent equivalence.
0x00001228	0x000660e8	SOURCE/HISCORE	?Close@highScoreManager@@UAEXXZ	same-masked-body	unique-body>=80	Discovery classification; masked operands do not prove referent equivalence.
0x00001285	0x00066145	SOURCE/HISCORE	?Main@highScoreManager@@UAEFAAUtag_message@@@Z	same-masked-body	unique-body>=80	Discovery classification; masked operands do not prove referent equivalence.
0x000014ee	0x000663ae	SOURCE/HISCORE	?Update@highScoreManager@@QAEXXZ	changed-body	references:2	Compiler, layout or source difference; see behavior notes and strict comparison.
0x00001b60	0x000669b0	SOURCE/RECRUIT	?SetupRecruitWin@@YAXPAVheroWindow@@HHHHH@Z	changed-body	references:1	Compiler, layout or source difference; see behavior notes and strict comparison.
0x00001cc4	0x00066b14	SOURCE/RECRUIT	?Open@recruitUnit@@UAEFF@Z	same-masked-body	unique-body>=80	Discovery classification; masked operands do not prove referent equivalence.
0x00001f46	0x00066d96	SOURCE/RECRUIT	?Close@recruitUnit@@UAEXXZ	same-masked-body	unique-body>=80	Discovery classification; masked operands do not prove referent equivalence.
0x00002017	0x00066e67	SOURCE/RECRUIT	?Update@recruitUnit@@QAEXXZ	same-masked-body	unique-body>=80	Discovery classification; masked operands do not prove referent equivalence.
0x0000213e	0x00066f8e	SOURCE/RECRUIT	?Main@recruitUnit@@UAEFAAUtag_message@@@Z	changed-body	paired-pointer-array:0x8c010	Compiler, layout or source difference; see behavior notes and strict comparison.
0x00002523	0x00067373	SOURCE/RECRUIT	??0recruitUnit@@QAE@PAVarmyGroup@@HPAF@Z	changed-body	references:1	Compiler, layout or source difference; see behavior notes and strict comparison.
0x000025f9	0x00067449	SOURCE/RECRUIT	??0recruitUnit@@QAE@PAVtown@@C@Z	changed-body	references:1	Compiler, layout or source difference; see behavior notes and strict comparison.
0x000026ed	0x0006753d	SOURCE/RECRUIT	?QuickViewRecruit@@YAXPAVtown@@C@Z	changed-body	references:1	Compiler, layout or source difference; see behavior notes and strict comparison.
0x000028b0	0x0006e4f0	SOURCE/SEARCH	?FindNearestObject@searchArray@@QAEFFFFFE@Z	same-masked-body	unique-body>=80	Discovery classification; masked operands do not prove referent equivalence.
0x00002af0	0x0006e730	SOURCE/SEARCH	?BuildPath@searchArray@@QAEHFFFFF@Z	same-masked-body	unique-body>=80	Discovery classification; masked operands do not prove referent equivalence.
0x00002be0	0x0006e820	SOURCE/SEARCH	?SeedPosition@searchArray@@QAEXFFFFHHHHHHHH@Z	changed-body	references:1	Compiler, layout or source difference; see behavior notes and strict comparison.
0x00003640	0x00034f60	SOURCE/wingraph	?DDRestoreDisplayMode@@YAXXZ	same-masked-body	unique-body>=80	Discovery classification; masked operands do not prove referent equivalence.
0x00003699	0x00034fb9	SOURCE/wingraph	?DDQueryNewPalette@@YAHXZ	same-masked-body	references:1	Discovery classification; masked operands do not prove referent equivalence.
0x000036df	0x00034fff	SOURCE/wingraph	?CreatePrimary@@YAXXZ	same-masked-body	unique-body>=80	Discovery classification; masked operands do not prove referent equivalence.
0x0000377a	0x0003509a	SOURCE/wingraph	?SetupClipper@@YAXXZ	same-masked-body	unique-body>=80	Discovery classification; masked operands do not prove referent equivalence.
0x00003865	0x00035185	SOURCE/wingraph	?DDInitGraphics@@YAXXZ	same-masked-body	unique-body>=80	Discovery classification; masked operands do not prove referent equivalence.
0x000039d6	0x000352f6	SOURCE/wingraph	?DDAppPaint@@YAHPAX0@Z	changed-body	references:1	Compiler, layout or source difference; see behavior notes and strict comparison.
0x00003f68	0x00035888	SOURCE/wingraph	?DDInitializePalette@@YAXXZ	changed-body	references:1	Compiler, layout or source difference; see behavior notes and strict comparison.
0x000040a8	0x000359c8	SOURCE/wingraph	?DDSetPalette@@YAHXZ	same-masked-body	unique-body>=80	Discovery classification; masked operands do not prove referent equivalence.
0x0000415b	0x00035a7b	SOURCE/wingraph	?DDCreateSurface@@YAPAUIDirectDrawSurface@@IIH@Z	changed-body	references:2	Compiler, layout or source difference; see behavior notes and strict comparison.
0x00004285	0x00035ba5	SOURCE/wingraph	?DDSD@@YAXHPADH@Z	same-masked-body	unique-body>=80	Discovery classification; masked operands do not prove referent equivalence.
0x00004673	0x00035f93	SOURCE/wingraph	?DDUpdatePalette@@YAXPAC@Z	same-masked-body	unique-body>=80	Discovery classification; masked operands do not prove referent equivalence.
0x0000478f	0x000360af	SOURCE/wingraph	?DDCleanUpWinGraphics@@YAXXZ	same-masked-body	unique-body>=80	Discovery classification; masked operands do not prove referent equivalence.
0x0000490e	0x0003622e	SOURCE/wingraph	?DDSetFullScreenStatus@@YAXH@Z	changed-body	references:1	Compiler, layout or source difference; see behavior notes and strict comparison.
0x00004bf8	0x00036518	SOURCE/wingraph	?WGQueryNewPalette@@YAHXZ	same-masked-body	unique-body>=80	Discovery classification; masked operands do not prove referent equivalence.
0x00004c81	0x000365a1	SOURCE/wingraph	?WGInitGraphics@@YAXXZ	same-masked-body	unique-body>=80	Discovery classification; masked operands do not prove referent equivalence.
0x00004dd2	0x000366f2	SOURCE/wingraph	?WGUpdatePalette@@YAXPAC@Z	changed-body	references:1	Compiler, layout or source difference; see behavior notes and strict comparison.
0x00004faf	0x000368cf	SOURCE/wingraph	?WGInitializePalette@@YAXXZ	changed-body	references:1	Compiler, layout or source difference; see behavior notes and strict comparison.
0x00005184	0x00036aa4	SOURCE/wingraph	?WGAppPaint@@YAHPAX0@Z	changed-body	references:1	Compiler, layout or source difference; see behavior notes and strict comparison.
0x00005344	0x00036c64	SOURCE/wingraph	?WGCleanUpWinGraphics@@YAXXZ	same-masked-body	unique-body>=80	Discovery classification; masked operands do not prove referent equivalence.
0x000053bc	0x00036cdc	SOURCE/wingraph	?ConnectToDLLs@@YAXXZ	same-masked-body	unique-body>=80	Discovery classification; masked operands do not prove referent equivalence.
0x00005428	0x00036d48	SOURCE/wingraph	?DisconnectDLLs@@YAXXZ	same-masked-body	references:1	Discovery classification; masked operands do not prove referent equivalence.
0x00005451	0x00036d71	SOURCE/wingraph	?RestoreDisplayMode@@YAXXZ	same-masked-body	local-order-body	Discovery classification; masked operands do not prove referent equivalence.
0x0000547d	0x00036d9d	SOURCE/wingraph	?SetPalette@@YAHXZ	same-masked-body	references:2	Discovery classification; masked operands do not prove referent equivalence.
0x000054ab	0x00036dcb	SOURCE/wingraph	?GetGraphicsInfo@@YAXXZ	same-masked-body	unique-body>=80	Discovery classification; masked operands do not prove referent equivalence.
0x0000552c	0x00036e4c	SOURCE/wingraph	?InitGraphics@@YAXXZ	same-masked-body	unique-body>=80	Discovery classification; masked operands do not prove referent equivalence.
0x0000558c	0x00036eac	SOURCE/wingraph	?AppPaint@@YAHPAX0@Z	same-masked-body	references:1	Discovery classification; masked operands do not prove referent equivalence.
0x000055d3	0x00036ef3	SOURCE/wingraph	?InitializePalette@@YAXXZ	same-masked-body	references:2	Discovery classification; masked operands do not prove referent equivalence.
0x000055ff	0x00036f1f	SOURCE/wingraph	?UpdatePalette@@YAXPAC@Z	same-masked-body	references:3	Discovery classification; masked operands do not prove referent equivalence.
0x00005639	0x00036f59	SOURCE/wingraph	?CleanUpWinGraphics@@YAXXZ	same-masked-body	references:1	Discovery classification; masked operands do not prove referent equivalence.
0x0000566a	0x00036f8a	SOURCE/wingraph	?SetFullScreenStatus@@YAXH@Z	same-masked-body	unique-body>=80	Discovery classification; masked operands do not prove referent equivalence.
0x00005723	0x00037043	SOURCE/wingraph	?QueryNewPalette@@YAHXZ	same-masked-body	references:1	Discovery classification; masked operands do not prove referent equivalence.
0x00005754	0x00037074	SOURCE/wingraph	?SetGraphicsType@@YAHH@Z	changed-body	references:1	Compiler, layout or source difference; see behavior notes and strict comparison.
0x00005950	0x00039ee0	SOURCE/CURSOR	?StartCursor@advManager@@QAEXC@Z	changed-body	references:1	Compiler, layout or source difference; see behavior notes and strict comparison.
0x00005ab9	0x0003a049	SOURCE/CURSOR	?StopCursor@advManager@@QAEXC@Z	same-masked-body	unique-body>=80	Discovery classification; masked operands do not prove referent equivalence.
0x00005c09	0x0003a199	SOURCE/CURSOR	?DrawCursor@advManager@@QAEXXZ	changed-body	references:1	Compiler, layout or source difference; see behavior notes and strict comparison.
0x000061ed	0x0003a77d	SOURCE/CURSOR	?GetCursorBaseFrame@advManager@@QAEFF@Z	identical-bytes	unique-body>=80	Same complete census body after alignment padding removal.
0x00006275	0x0003a805	SOURCE/CURSOR	?TurnTo@advManager@@QAEXC@Z	changed-body	references:1	Compiler, layout or source difference; see behavior notes and strict comparison.
0x000064d6	0x0003aa66	SOURCE/CURSOR	?GetMoveShowIt@advManager@@QAEHC@Z	changed-body	references:1	Compiler, layout or source difference; see behavior notes and strict comparison.
0x0000660c	0x0003ab9c	SOURCE/CURSOR	?MoveHero@advManager@@QAEPAVmapCell@@CCPAH00CPAC@Z	changed-body	references:1	Compiler, layout or source difference; see behavior notes and strict comparison.
0x0000742a	0x0003b9ba	SOURCE/CURSOR	?CheckAdjacentMon@advManager@@QAEXPAC@Z	same-masked-body	unique-body>=80	Discovery classification; masked operands do not prove referent equivalence.
0x000075ab	0x0003bb3b	SOURCE/CURSOR	?ValidMoveWithEvent@advManager@@QAEFPAVhero@@F@Z	changed-body	adjacent-to-exact-body:0x742a	Compiler, layout or source difference; see behavior notes and strict comparison.
0x000077b5	0x0003bd45	SOURCE/CURSOR	?ValidMove@advManager@@QAEFF@Z	changed-body	references:1	Compiler, layout or source difference; see behavior notes and strict comparison.
0x00007a58	0x0003bfe8	SOURCE/CURSOR	?MoveOrigin@advManager@@QAEXFF@Z	identical-bytes	unique-body>=80	Same complete census body after alignment padding removal.
0x00007d90	0x0003fe40	SOURCE/TOWNMGR	??0townObject@@QAE@PAD@Z	changed-body	references:1	Compiler, layout or source difference; see behavior notes and strict comparison.
0x00007f81	0x00040031	SOURCE/TOWNMGR	??1townObject@@QAE@XZ	same-masked-body	compiler-control:SOURCE-TOWNMGR-vc41.obj	Discovery classification; masked operands do not prove referent equivalence.
0x00007fe1	0x00040091	SOURCE/TOWNMGR	?Draw@townObject@@QAEXC@Z	same-masked-body	compiler-control:SOURCE-TOWNMGR-vc41.obj	Discovery classification; masked operands do not prove referent equivalence.
0x000080f8	0x000401a8	SOURCE/TOWNMGR	??0townManager@@QAE@XZ	same-masked-body	compiler-control:SOURCE-TOWNMGR-vc41.obj	Discovery classification; masked operands do not prove referent equivalence.
0x0000816c	0x0004021c	SOURCE/TOWNMGR	?Open@townManager@@UAEFF@Z	changed-body	paired-pointer-array:0x8c068	Compiler, layout or source difference; see behavior notes and strict comparison.
0x00008958	0x00040a08	SOURCE/TOWNMGR	?Close@townManager@@UAEXXZ	same-masked-body	compiler-control:SOURCE-TOWNMGR-vc41.obj	Discovery classification; masked operands do not prove referent equivalence.
0x00008b1c	0x00040bcc	SOURCE/TOWNMGR	?SetArmyCommand@townManager@@QAEXF@Z	changed-body	compiler-control:SOURCE-TOWNMGR-vc41.obj	Compiler, layout or source difference; see behavior notes and strict comparison.
0x00008ed2	0x00040f82	SOURCE/TOWNMGR	?SetCommandAndText@townManager@@QAEXAAUtag_message@@@Z	same-masked-body	compiler-control:SOURCE-TOWNMGR-vc41.obj	Discovery classification; masked operands do not prove referent equivalence.
0x0000933a	0x000413ea	SOURCE/TOWNMGR	?ShowText@townManager@@QAEXPAD@Z	same-masked-body	compiler-control:SOURCE-TOWNMGR-vc41.obj	Discovery classification; masked operands do not prove referent equivalence.
0x000093ae	0x0004145e	SOURCE/TOWNMGR	?Main@townManager@@UAEFAAUtag_message@@@Z	changed-body	paired-pointer-array:0x8c068	Compiler, layout or source difference; see behavior notes and strict comparison.
0x0000a6cd	0x0004277d	SOURCE/TOWNMGR	?DoCommand@townManager@@QAEXC@Z	changed-body	reviewed-packed-boundary	Compiler, layout or source difference; see behavior notes and strict comparison.
0x0000ad2c	0x00042ddc	SOURCE/TOWNMGR	?RedrawTownScreen@townManager@@QAEXXZ	same-masked-body	compiler-control:SOURCE-TOWNMGR-vc41.obj	Discovery classification; masked operands do not prove referent equivalence.
0x0000add1	0x00042e81	SOURCE/TOWNMGR	?SplitArmy@townManager@@QAEXXZ	changed-body	adjacent-to-exact-body:0xad2c	Compiler, layout or source difference; see behavior notes and strict comparison.
0x0000b14f	0x000431ff	SOURCE/TOWNMGR	?ShiftQualChange@townManager@@QAEXXZ	same-masked-body	compiler-control:SOURCE-TOWNMGR-vc41.obj	Discovery classification; masked operands do not prove referent equivalence.
0x0000b21d	0x000432cd	SOURCE/TOWNMGR	?ResetStrips@townManager@@QAEXXZ	same-masked-body	compiler-control:SOURCE-TOWNMGR-vc41.obj	Discovery classification; masked operands do not prove referent equivalence.
0x0000b2c8	0x00043378	SOURCE/TOWNMGR	?Toggle@townManager@@QAEXC@Z	identical-bytes	compiler-control:SOURCE-TOWNMGR-vc41.obj	Same complete census body after alignment padding removal.
0x0000b35d	0x0004340d	SOURCE/TOWNMGR	?DrawTown@townManager@@QAEXCH@Z	changed-body	compiler-control:SOURCE-TOWNMGR-vc41.obj	Compiler, layout or source difference; see behavior notes and strict comparison.
0x0000b455	0x00043505	SOURCE/TOWNMGR	?BuyBuild@townManager@@QAEFFCC@Z	changed-body	references:1	Compiler, layout or source difference; see behavior notes and strict comparison.
0x0000c478	0x00044402	SOURCE/TOWNMGR	?BuildObj@townManager@@QAEXF@Z	same-masked-body	compiler-control:SOURCE-TOWNMGR-vc41.obj	Discovery classification; masked operands do not prove referent equivalence.
0x0000c818	0x000447a2	SOURCE/TOWNMGR	?SetupCastle@townManager@@QAEXPAVheroWindow@@@Z	changed-body	adjacent-to-exact-body:0xc478	Compiler, layout or source difference; see behavior notes and strict comparison.
0x0000cccd	0x00044c57	SOURCE/TOWNMGR	?SetupWell@townManager@@QAEXPAVheroWindow@@@Z	changed-body	references:1	Compiler, layout or source difference; see behavior notes and strict comparison.
0x0000cf1a	0x00044ea4	SOURCE/TOWNMGR	?SetupMage@townManager@@QAEXPAVheroWindow@@@Z	changed-body	references:1	Compiler, layout or source difference; see behavior notes and strict comparison.
0x0000d24b	0x000451d5	SOURCE/TOWNMGR	?MageGuildHandler@@YAFAAUtag_message@@@Z	changed-body	references:1	Compiler, layout or source difference; see behavior notes and strict comparison.
0x0000d3d1	0x0004535b	SOURCE/TOWNMGR	?SetupThievesGuild@townManager@@QAEXPAVheroWindow@@F@Z	changed-body	references:1	Compiler, layout or source difference; see behavior notes and strict comparison.
0x0000d6bd	0x00045647	SOURCE/TOWNMGR	?GetCategoryStats@townManager@@QAEXCQAHQAC@Z	changed-body	references:1	Compiler, layout or source difference; see behavior notes and strict comparison.
0x0000db41	0x00045acb	SOURCE/TOWNMGR	?SortStats@townManager@@QAEXQAHQAC@Z	same-masked-body	compiler-control:SOURCE-TOWNMGR-vc40.obj	Discovery classification; masked operands do not prove referent equivalence.
0x0000dc2b	0x00045bb5	SOURCE/TOWNMGR	?GetBuildingName@townManager@@QAEPADF@Z	same-masked-body	compiler-control:SOURCE-TOWNMGR-vc41.obj	Discovery classification; masked operands do not prove referent equivalence.
0x0000dc5a	0x00045be4	SOURCE/TOWNMGR	?RecruitHero@townManager@@QAECC@Z	changed-body	adjacent-to-exact-body:0xdc2b	Compiler, layout or source difference; see behavior notes and strict comparison.
0x0000e5db	0x00046565	SOURCE/TOWNMGR	?TavernHandler@@YAFAAUtag_message@@@Z	same-masked-body	compiler-control:SOURCE-TOWNMGR-vc41.obj	Discovery classification; masked operands do not prove referent equivalence.
0x0000e730	0x000466ba	SOURCE/TOWNMGR	?DoTavern@townManager@@QAEXXZ	same-masked-body	compiler-control:SOURCE-TOWNMGR-vc41.obj	Discovery classification; masked operands do not prove referent equivalence.
0x0000e866	0x000467f0	SOURCE/TOWNMGR	?CastleHandler@@YAFAAUtag_message@@@Z	changed-body	adjacent-to-exact-body:0xe730	Compiler, layout or source difference; see behavior notes and strict comparison.
0x0000ef8c	0x00046f16	SOURCE/TOWNMGR	?SplitArmyHandler@@YAFAAUtag_message@@@Z	changed-body	references:1	Compiler, layout or source difference; see behavior notes and strict comparison.
0x0000f2c0	0x00049d70	SOURCE/COMMAND	?Main@combatManager@@UAEFAAUtag_message@@@Z	changed-body	paired-pointer-array:0x8c498	Compiler, layout or source difference; see behavior notes and strict comparison.
0x0000f5d1	0x0004a081	SOURCE/COMMAND	?ValidHexToStandOn@combatManager@@QAECH@Z	identical-bytes	unique-body>=80	Same complete census body after alignment padding removal.
0x0000f6a7	0x0004a157	SOURCE/COMMAND	?SetCombatDirections@combatManager@@QAEXH@Z	changed-body	references:1	Compiler, layout or source difference; see behavior notes and strict comparison.
0x0000fe90	0x0004a940	SOURCE/COMMAND	?CheckSetMouseDirection@combatManager@@QAEXHHH@Z	changed-body	references:1	Compiler, layout or source difference; see behavior notes and strict comparison.
0x000104b0	0x0004af4c	SOURCE/COMMAND	?GetPointer@combatManager@@QAEHH@Z	identical-bytes	references:1	Same complete census body after alignment padding removal.
0x000104e4	0x0004af80	SOURCE/COMMAND	?ProcessCombatMsg@combatManager@@QAEHAAUtag_message@@@Z	changed-body	references:1	Compiler, layout or source difference; see behavior notes and strict comparison.
0x00010aa0	0x0004b53c	SOURCE/COMMAND	?ResetRound@combatManager@@QAEXXZ	same-masked-body	unique-body>=80	Discovery classification; masked operands do not prove referent equivalence.
0x00010bd9	0x0004b675	SOURCE/COMMAND	?CheckWin@combatManager@@QAEHPAUtag_message@@@Z	same-masked-body	unique-body>=80	Discovery classification; masked operands do not prove referent equivalence.
0x00010d36	0x0004b7d2	SOURCE/COMMAND	?GetCommand@combatManager@@QAECF@Z	changed-body	references:1	Compiler, layout or source difference; see behavior notes and strict comparison.
0x0001104c	0x0004bae8	SOURCE/COMMAND	?RightClick@combatManager@@QAECC@Z	changed-body	references:1	Compiler, layout or source difference; see behavior notes and strict comparison.
0x00011228	0x0004bcc4	SOURCE/COMMAND	?DoCommand@combatManager@@QAEXC@Z	same-masked-body	unique-body>=80	Discovery classification; masked operands do not prove referent equivalence.
0x0001155b	0x0004bff7	SOURCE/COMMAND	?WinCombatHandler@@YAFAAUtag_message@@@Z	same-masked-body	unique-body>=80	Discovery classification; masked operands do not prove referent equivalence.
0x000116fe	0x0004c19a	SOURCE/COMMAND	?ClearWinLoseBottom@combatManager@@QAEXPAVheroWindow@@@Z	same-masked-body	unique-body>=80	Discovery classification; masked operands do not prove referent equivalence.
0x0001180e	0x0004c2aa	SOURCE/COMMAND	?ShowWinLoseArtifact@combatManager@@QAEXPAVheroWindow@@H@Z	changed-body	references:1	Compiler, layout or source difference; see behavior notes and strict comparison.
0x00011b08	0x0004c5a4	SOURCE/COMMAND	?ShowDeadArmies@combatManager@@QAEXPAVheroWindow@@@Z	changed-body	references:1	Compiler, layout or source difference; see behavior notes and strict comparison.
0x000122d8	0x0004cd7d	SOURCE/COMMAND	?DoVictory@combatManager@@QAEXC@Z	changed-body	references:1	Compiler, layout or source difference; see behavior notes and strict comparison.
0x00012a79	0x0004d51e	SOURCE/COMMAND	?DoLoseWindow@combatManager@@QAEXXZ	changed-body	references:1	Compiler, layout or source difference; see behavior notes and strict comparison.
0x00012fc2	0x0004da67	SOURCE/COMMAND	?DoSurrender@combatManager@@QAEFXZ	changed-body	references:1	Compiler, layout or source difference; see behavior notes and strict comparison.
0x00013288	0x0004dd2d	SOURCE/COMMAND	?CheckChangeSelector@combatManager@@QAEXXZ	same-masked-body	unique-body>=80	Discovery classification; masked operands do not prove referent equivalence.
0x0001334a	0x0004ddef	SOURCE/COMMAND	?CheckCastleAttack@combatManager@@QAEXXZ	same-masked-body	unique-body>=80	Discovery classification; masked operands do not prove referent equivalence.
0x00013429	0x0004dece	SOURCE/COMMAND	?CheckGetAIMove@combatManager@@QAEXXZ	same-masked-body	unique-body>=80	Discovery classification; masked operands do not prove referent equivalence.
0x000134a2	0x0004df47	SOURCE/COMMAND	?GetControl@combatManager@@QAEXXZ	same-masked-body	unique-body>=80	Discovery classification; masked operands do not prove referent equivalence.
0x0001360c	0x0004e0b1	SOURCE/COMMAND	?ResetMouse@combatManager@@QAEXXZ	changed-body	references:2	Compiler, layout or source difference; see behavior notes and strict comparison.
0x000136e7	0x0004e18c	SOURCE/COMMAND	?ProcessNextAction@combatManager@@QAEFAAUtag_message@@@Z	changed-body	references:1	Compiler, layout or source difference; see behavior notes and strict comparison.
0x00013c40	0x000515d0	SOURCE/netwin	?is_netbios_avail@@YAHXZ	same-masked-body	unique-body>=80	Discovery classification; masked operands do not prove referent equivalence.
0x00013ce8	0x00051678	SOURCE/netwin	_nb_init	changed-body	references:2	Reviewed runtime/CPU/logging unit; see docs/versions/win95-1.2.md for per-function behavior and retained code.
0x00013e9a	0x0005182a	SOURCE/netwin	_nb_term	changed-body	references:1	Reviewed runtime/CPU/logging unit; see docs/versions/win95-1.2.md for per-function behavior and retained code.
0x0001408a	0x00051a1a	SOURCE/netwin	_nb_rcv	same-masked-body	unique-body>=80	Discovery classification; masked operands do not prove referent equivalence.
0x0001411a	0x00051aaa	SOURCE/netwin	_nb_snd	same-masked-body	unique-body>=80	Discovery classification; masked operands do not prove referent equivalence.
0x0001421e	0x00051bae	SOURCE/netwin	_nb_sess	changed-body	references:1	Reviewed runtime/CPU/logging unit; see docs/versions/win95-1.2.md for per-function behavior and retained code.
0x00014714	0x000520a4	SOURCE/netwin	_nb_stat	same-masked-body	references:2	Discovery classification; masked operands do not prove referent equivalence.
0x00014732	0x000520c2	SOURCE/netwin	?nb_thr_ctl@@YAXXZ	changed-body	references:1	Reviewed runtime/CPU/logging unit; see docs/versions/win95-1.2.md for per-function behavior and retained code.
0x000149a1	0x0005236a	SOURCE/netwin	?nb_add_name@@YAXXZ	same-masked-body	unique-body>=80	Discovery classification; masked operands do not prove referent equivalence.
0x00014a5c	0x00052425	SOURCE/netwin	?nb_add_name_done@@YGXPAU_NCB@@@Z	same-masked-body	unique-body>=80	Discovery classification; masked operands do not prove referent equivalence.
0x00014c28	0x000525f1	SOURCE/netwin	?nb_recv_any@@YAGH@Z	same-masked-body	unique-body>=80	Discovery classification; masked operands do not prove referent equivalence.
0x00014ce0	0x000526a9	SOURCE/netwin	?nb_recv_any_done@@YGXPAU_NCB@@@Z	same-masked-body	unique-body>=80	Discovery classification; masked operands do not prove referent equivalence.
0x00014e26	0x000527ef	SOURCE/netwin	?nb_call@@YAGHPAX@Z	same-masked-body	unique-body>=80	Discovery classification; masked operands do not prove referent equivalence.
0x00014eec	0x000528b5	SOURCE/netwin	?nb_listen@@YAGHPAX@Z	same-masked-body	unique-body>=80	Discovery classification; masked operands do not prove referent equivalence.
0x00014fb2	0x0005297b	SOURCE/netwin	?nb_call_done@@YGXPAU_NCB@@@Z	same-masked-body	unique-body>=80	Discovery classification; masked operands do not prove referent equivalence.
0x000150e6	0x00052aaf	SOURCE/netwin	?nb_arm_recv@@YAXH@Z	same-masked-body	unique-body>=80	Discovery classification; masked operands do not prove referent equivalence.
0x00015234	0x00052bfd	SOURCE/netwin	?nb_close_session@@YAXH@Z	same-masked-body	unique-body>=80	Discovery classification; masked operands do not prove referent equivalence.
0x000152f3	0x00052cbc	SOURCE/netwin	?nb_recv_complete@@YAXH@Z	same-masked-body	unique-body>=80	Discovery classification; masked operands do not prove referent equivalence.
0x00015469	0x00052e32	SOURCE/netwin	?nb_format_name@@YAXPADPAE@Z	same-masked-body	unique-body>=80	Discovery classification; masked operands do not prove referent equivalence.
0x000154f0	0x0000db10	SOURCE/SPELLS	?ViewSpells@combatManager@@QAECH@Z	same-masked-body	unique-body>=80	Discovery classification; masked operands do not prove referent equivalence.
0x00015637	0x0000dc57	SOURCE/SPELLS	?CombatSpecialHandler@@YAFAAUtag_message@@@Z	changed-body	unique-body>=80	Compiler, layout or source difference; see behavior notes and strict comparison.
0x00015797	0x0000ddb7	SOURCE/SPELLS	?HandleCastSpell@@YAFAAUtag_message@@@Z	same-masked-body	unique-body>=80	Discovery classification; masked operands do not prove referent equivalence.
0x00015a2c	0x0000e04c	SOURCE/SPELLS	?ValidSpellTarget@combatManager@@QAECCC@Z	changed-body	references:1	Compiler, layout or source difference; see behavior notes and strict comparison.
0x00015d1c	0x0000e33c	SOURCE/SPELLS	?SpellMessage@combatManager@@QAEXCC@Z	same-masked-body	unique-body>=80	Discovery classification; masked operands do not prove referent equivalence.
0x00015e44	0x0000e464	SOURCE/SPELLS	?CastSpell@combatManager@@QAEXCCCC@Z	changed-body	references:1	Compiler, layout or source difference; see behavior notes and strict comparison.
0x00016bad	0x0000f1cd	SOURCE/SPELLS	?DefaultSpell@combatManager@@QAEXC@Z	same-masked-body	unique-body>=80	Discovery classification; masked operands do not prove referent equivalence.
0x00016c78	0x0000f298	SOURCE/SPELLS	?CastMassSpell@combatManager@@QAEXCC@Z	changed-body	references:1	Compiler, layout or source difference; see behavior notes and strict comparison.
0x0001707f	0x0000f69f	SOURCE/SPELLS	?CancelSideSpells@combatManager@@QAEXCC@Z	changed-body	references:1	Compiler, layout or source difference; see behavior notes and strict comparison.
0x000171ad	0x0000f7cd	SOURCE/SPELLS	?Fireball@combatManager@@QAEXC@Z	changed-body	references:1	Compiler, layout or source difference; see behavior notes and strict comparison.
0x000175df	0x0000fbff	SOURCE/SPELLS	?MeteorShower@combatManager@@QAEXC@Z	changed-body	references:1	Compiler, layout or source difference; see behavior notes and strict comparison.
0x00017a18	0x00010038	SOURCE/SPELLS	?ElementalStorm@combatManager@@QAEXXZ	changed-body	references:1	Compiler, layout or source difference; see behavior notes and strict comparison.
0x00017d0b	0x0001032b	SOURCE/SPELLS	?Armageddon@combatManager@@QAEXXZ	changed-body	references:1	Compiler, layout or source difference; see behavior notes and strict comparison.
0x000180f0	0x0006f280	SOURCE/PATH	?FindPath@army@@QAEFFFCCC@Z	changed-body	references:2	Compiler, layout or source difference; see behavior notes and strict comparison.
0x00018242	0x0006f3d2	SOURCE/PATH	?ValidPath@army@@QAEFFC@Z	changed-body	references:1	Compiler, layout or source difference; see behavior notes and strict comparison.
0x000182e0	0x0006f470	SOURCE/PATH	?GetMoveMask@army@@QAEFF@Z	changed-body	references:1	Compiler, layout or source difference; see behavior notes and strict comparison.
0x0001835b	0x0006f4eb	SOURCE/PATH	?GetAttackMask@army@@QAEFFCC@Z	changed-body	references:1	Compiler, layout or source difference; see behavior notes and strict comparison.
0x0001841a	0x0006f5aa	SOURCE/PATH	?ValidMove@army@@QAEFF@Z	identical-bytes	local-order-body	Same complete census body after alignment padding removal.
0x00018447	0x0006f5d7	SOURCE/PATH	?ValidMove@army@@QAEFFF@Z	changed-body	references:1	Compiler, layout or source difference; see behavior notes and strict comparison.
0x00018643	0x0006f7d3	SOURCE/PATH	?ValidAttack@army@@QAEFFFFFPAF@Z	same-masked-body	unique-body>=80	Discovery classification; masked operands do not prove referent equivalence.
0x000188d8	0x0006fa68	SOURCE/PATH	?GetAdjacentCellIndex@army@@QAEFFF@Z	same-masked-body	unique-body>=80	Discovery classification; masked operands do not prove referent equivalence.
0x000189f6	0x0006fb86	SOURCE/PATH	?GetAdjacentCellIndexNoArmy@@YAFFF@Z	same-masked-body	unique-body>=80	Discovery classification; masked operands do not prove referent equivalence.
0x00018aee	0x0006fc7e	SOURCE/PATH	?ValidRange@army@@QAEFF@Z	changed-body	adjacent-to-exact-body:0x189f6	Compiler, layout or source difference; see behavior notes and strict comparison.
0x00018fb0	0x00070140	SOURCE/PATH	?OppositeDirection@@YAFF@Z	identical-bytes	unique-body>=80	Same complete census body after alignment padding removal.
0x00019008	0x00070198	SOURCE/PATH	?GetBestDirection@army@@QAEFFFF@Z	changed-body	references:1	Compiler, layout or source difference; see behavior notes and strict comparison.
0x00019990	0x00027d90	SOURCE/PHILAI	-	same-masked-body	reviewed-packed-boundary	Discovery classification; masked operands do not prove referent equivalence.
0x000199a5	0x00027da5	SOURCE/PHILAI	?LogTruncate@@YAXXZ	changed-body	references:1	Compiler, layout or source difference; see behavior notes and strict comparison.
0x00019a1e	0x00027e15	SOURCE/PHILAI	?LogStr@@YAXPAD@Z	changed-body	references:6	Compiler, layout or source difference; see behavior notes and strict comparison.
0x00019ac4	0x00027eb2	SOURCE/PHILAI	?LogInt@@YAXPADH@Z	changed-body	references:1	Compiler, layout or source difference; see behavior notes and strict comparison.
0x00019b4a	0x00027f38	SOURCE/PHILAI	?LogStr@@YAXPADHH@Z	changed-body	references:1	Compiler, layout or source difference; see behavior notes and strict comparison.
0x00019bd4	0x00027fc2	SOURCE/PHILAI	?LogStr@@YAXPADHHHHH@Z	changed-body	references:2	Compiler, layout or source difference; see behavior notes and strict comparison.
0x00019c7f	0x00028064	SOURCE/PHILAI	?LogStr@@YAXPADHHHHHHH@Z	changed-body	references:1	Compiler, layout or source difference; see behavior notes and strict comparison.
0x00019d32	0x0002810e	SOURCE/PHILAI	?AiPrint@@YAXPAD@Z	same-masked-body	references:3	Discovery classification; masked operands do not prove referent equivalence.
0x00019d51	0x0002812d	SOURCE/PHILAI	?AbsAiPrint@@YAXPAD@Z	same-masked-body	local-order-body	Discovery classification; masked operands do not prove referent equivalence.
0x00019d9f	0x0002817b	SOURCE/PHILAI	?ResetHeroRVs@@YAXHHH@Z	same-masked-body	unique-body>=80	Discovery classification; masked operands do not prove referent equivalence.
0x00019f16	0x000282f2	SOURCE/PHILAI	?CheckDoMain@@YAXHH@Z	changed-body	references:1	Compiler, layout or source difference; see behavior notes and strict comparison.
0x0001a105	0x000284e1	SOURCE/PHILAI	?ShowStatus@@YAXXZ	identical-bytes	local-order-body	Same complete census body after alignment padding removal.
0x0001a115	0x000284f1	SOURCE/PHILAI	?ShowDebugText@philAI@@QAEXPAD@Z	same-masked-body	unique-body>=80	Discovery classification; masked operands do not prove referent equivalence.
0x0001a1a1	0x0002857d	SOURCE/PHILAI	??0philAI@@QAE@XZ	same-masked-body	unique-body>=80	Discovery classification; masked operands do not prove referent equivalence.
0x0001a1ff	0x000285db	SOURCE/PHILAI	?DoAllHeroInteractions@philAI@@QAEXXZ	same-masked-body	unique-body>=80	Discovery classification; masked operands do not prove referent equivalence.
0x0001a2af	0x0002868b	SOURCE/PHILAI	?CheckBuyStuff@philAI@@QAEXXZ	changed-body	adjacent-to-exact-body:0x1a1ff	Compiler, layout or source difference; see behavior notes and strict comparison.
0x0001a6f4	0x00028ad0	SOURCE/PHILAI	?GoodAdjacent@philAI@@QAEHPAVhero@@PAH@Z	changed-body	references:1	Compiler, layout or source difference; see behavior notes and strict comparison.
0x0001a89d	0x00028c79	SOURCE/PHILAI	?CheckReload@philAI@@QAEXPAVhero@@@Z	changed-body	references:1	Compiler, layout or source difference; see behavior notes and strict comparison.
0x0001ad10	0x0002905e	SOURCE/PHILAI	?CheckBerserk@philAI@@QAEXPAVhero@@@Z	changed-body	references:1	Compiler, layout or source difference; see behavior notes and strict comparison.
0x0001afa4	0x000292de	SOURCE/PHILAI	?DoDimensionDoor@philAI@@QAECPAVhero@@@Z	changed-body	references:1	Compiler, layout or source difference; see behavior notes and strict comparison.
0x0001b144	0x0002947e	SOURCE/PHILAI	?DoAI@philAI@@QAEXH@Z	changed-body	references:1	Compiler, layout or source difference; see behavior notes and strict comparison.
0x0001ba30	0x00029d6e	SOURCE/PHILAI	?GetGameAIVars@philAI@@QAEXXZ	same-masked-body	references:1	Discovery classification; masked operands do not prove referent equivalence.
0x0001ba7b	0x00029db9	SOURCE/PHILAI	?GetTurnAIVars@philAI@@QAEXH@Z	changed-body	adjacent-to-exact-body:0x1ba30	Compiler, layout or source difference; see behavior notes and strict comparison.
0x0001c11b	0x0002a40d	SOURCE/PHILAI	?GetBestBHC@philAI@@QAEXHAAUBHC@@@Z	changed-body	references:1	Compiler, layout or source difference; see behavior notes and strict comparison.
0x0001c71b	0x0002a9dd	SOURCE/PHILAI	?DetermineHeroToMove@philAI@@QAEPAVhero@@H@Z	changed-body	references:1	Compiler, layout or source difference; see behavior notes and strict comparison.
0x0001c837	0x0002aaf9	SOURCE/PHILAI	?DetermineTargetPosition@philAI@@QAEXPAVhero@@AAC1F@Z	changed-body	references:1	Compiler, layout or source difference; see behavior notes and strict comparison.
0x0001d169	0x0002b42b	SOURCE/PHILAI	?ProbableOutcomeOfBattle@philAI@@QAEXPAVarmyGroup@@PAVhero@@010CCHAAMAAH3333@Z	changed-body	references:1	Compiler, layout or source difference; see behavior notes and strict comparison.
0x0001d7b6	0x0002ba65	SOURCE/PHILAI	?GetOddsOfWinning@philAI@@QAEMH@Z	same-masked-body	local-order-body	Discovery classification; masked operands do not prove referent equivalence.
0x0001d7d4	0x0002ba83	SOURCE/PHILAI	?ValueOfBuyingBuilding@philAI@@QAEXPAVtown@@HAAHAAM@Z	changed-body	adjacent-to-exact-body:0x1d7b6	Compiler, layout or source difference; see behavior notes and strict comparison.
0x0001dd6f	0x0002bff5	SOURCE/PHILAI	?GetBestBuilding@philAI@@QAEXPAVtown@@AAUBHC@@AAM@Z	changed-body	references:1	Compiler, layout or source difference; see behavior notes and strict comparison.
0x0001def4	0x0002c164	SOURCE/PHILAI	?ValueOfBuyingCreature@philAI@@QAEXPAVtown@@HAAHHAAM@Z	changed-body	references:1	Compiler, layout or source difference; see behavior notes and strict comparison.
0x0001e1e9	0x0002c445	SOURCE/PHILAI	?GetBestCreature@philAI@@QAEXPAVtown@@AAUBHC@@AAM@Z	changed-body	references:1	Compiler, layout or source difference; see behavior notes and strict comparison.
0x0001e3fa	0x0002c63a	SOURCE/PHILAI	?CreaturesToBuy@philAI@@QAEHPAVtown@@H@Z	same-masked-body	local-order-body	Discovery classification; masked operands do not prove referent equivalence.
0x0001e442	0x0002c682	SOURCE/PHILAI	?CreaturesToBuy@philAI@@QAEHHH@Z	identical-bytes	unique-body>=80	Same complete census body after alignment padding removal.
0x0001e4a1	0x0002c6e1	SOURCE/PHILAI	?MaxBuyableCreatures@philAI@@QAEHH@Z	changed-body	references:2	Compiler, layout or source difference; see behavior notes and strict comparison.
0x0001e53c	0x0002c77c	SOURCE/PHILAI	?ValueOfBuyingHero@philAI@@QAEXPAVtown@@PAVhero@@AAHAAM@Z	changed-body	references:1	Compiler, layout or source difference; see behavior notes and strict comparison.
0x0001e6f8	0x0002c924	SOURCE/PHILAI	?GetBestHero@philAI@@QAEXPAVtown@@AAUBHC@@AAM@Z	changed-body	references:1	Compiler, layout or source difference; see behavior notes and strict comparison.
0x0001e898	0x0002caa8	SOURCE/PHILAI	?LikelihoodOfEnemyAttacking@philAI@@QAEXPAVtown@@PAVhero@@AAM2AAH332@Z	same-masked-body	unique-body>=80	Discovery classification; masked operands do not prove referent equivalence.
0x0001e8fd	0x0002cb0d	SOURCE/PHILAI	?MeanRVOfUnexploredTerritory@philAI@@QAEHH@Z	identical-bytes	local-order-body	Same complete census body after alignment padding removal.
0x0001e917	0x0002cb27	SOURCE/PHILAI	?GetGameAttentionValue@philAI@@QAEXH@Z	changed-body	references:1	Compiler, layout or source difference; see behavior notes and strict comparison.
0x0001eaea	0x0002cc6e	SOURCE/PHILAI	?GetTurnAttentionValue@philAI@@QAEXH@Z	changed-body	references:1	Compiler, layout or source difference; see behavior notes and strict comparison.
0x0001ebd7	0x0002cd5b	SOURCE/PHILAI	?RVConversion@philAI@@QAEHQAH@Z	changed-body	references:1	Compiler, layout or source difference; see behavior notes and strict comparison.
0x0001ec7d	0x0002ce01	SOURCE/PHILAI	?TurnsToBuy@philAI@@QAEMQAH@Z	changed-body	references:1	Compiler, layout or source difference; see behavior notes and strict comparison.
0x0001ed47	0x0002cecb	SOURCE/PHILAI	?RVOfPosition@philAI@@QAEHPAVhero@@FFCFFCFFH@Z	changed-body	references:1	Compiler, layout or source difference; see behavior notes and strict comparison.
0x0001f2a5	0x0002d3ed	SOURCE/PHILAI	-	same-masked-body	local-order-body	Discovery classification; masked operands do not prove referent equivalence.
0x0001f2bf	0x0002d407	SOURCE/PHILAI	?StrategicValueOfPosition@philAI@@QAEHPAVhero@@FFCPAH@Z	changed-body	adjacent-to-exact-body:0x1f2a5	Compiler, layout or source difference; see behavior notes and strict comparison.
0x0001fb7c	0x0002dcb0	SOURCE/PHILAI	?ValueOfTown@philAI@@QAEHPAVtown@@@Z	changed-body	references:1	Compiler, layout or source difference; see behavior notes and strict comparison.
0x0001fc2d	0x0002dd61	SOURCE/PHILAI	?TurnCostResource@philAI@@QAEXH@Z	changed-body	references:1	Compiler, layout or source difference; see behavior notes and strict comparison.
0x0001fda3	0x0002de9a	SOURCE/PHILAI	?TurnValueOfObelisk@philAI@@QAEMH@Z	changed-body	references:1	Compiler, layout or source difference; see behavior notes and strict comparison.
0x0001fed7	0x0002dfb8	SOURCE/PHILAI	?FutureDeflator@philAI@@QAEMQAH@Z	changed-body	references:1	Compiler, layout or source difference; see behavior notes and strict comparison.
0x0001ff28	0x0002e009	SOURCE/PHILAI	?FightValueOfStack@philAI@@QAEHPAVarmyGroup@@PAVhero@@HCC@Z	changed-body	references:1	Compiler, layout or source difference; see behavior notes and strict comparison.
0x0002068c	0x0002e76d	SOURCE/PHILAI	?EvaluateOneTimeCreaturePurchase@philAI@@QAEXPAVhero@@HHHAAH11@Z	same-masked-body	unique-body>=80	Discovery classification; masked operands do not prove referent equivalence.
0x00020866	0x0002e947	SOURCE/PHILAI	?QuickCombat@philAI@@QAEHPAVarmyGroup@@PAVhero@@01CCAAM2@Z	changed-body	references:1	Compiler, layout or source difference; see behavior notes and strict comparison.
0x00020c0d	0x0002eca6	SOURCE/PHILAI	?HeroInteractionAtTown@philAI@@QAEXPAVhero@@PAVtown@@HPAH@Z	changed-body	references:1	Compiler, layout or source difference; see behavior notes and strict comparison.
0x000217bb	0x0002f82c	SOURCE/PHILAI	?ChooseGoldOrExperience@philAI@@QAEHPAVhero@@HH@Z	changed-body	references:1	Compiler, layout or source difference; see behavior notes and strict comparison.
0x0002181c	0x0002f88d	SOURCE/PHILAI	?ChooseEvaluateBattle@philAI@@QAEXPAVarmyGroup@@PAVhero@@01HHHAAH2@Z	changed-body	references:1	Compiler, layout or source difference; see behavior notes and strict comparison.
0x000218e3	0x0002f954	SOURCE/PHILAI	?ChooseToBuyArtifact@philAI@@QAEHPAVhero@@HH@Z	same-masked-body	unique-body>=80	Discovery classification; masked operands do not prove referent equivalence.
0x0002194c	0x0002f9bd	SOURCE/PHILAI	?ChooseToPayRansomOnHero@philAI@@QAEHPAVhero@@H@Z	identical-bytes	local-order-body	Same complete census body after alignment padding removal.
0x00021969	0x0002f9da	SOURCE/PHILAI	?BuildBuilding@philAI@@QAEXPAVtown@@F@Z	changed-body	adjacent-to-exact-body:0x2194c	Compiler, layout or source difference; see behavior notes and strict comparison.
0x00021afd	0x0002fb6e	SOURCE/PHILAI	?BuildHero@philAI@@QAEXPAVtown@@F@Z	changed-body	reviewed-packed-boundary	Compiler, layout or source difference; see behavior notes and strict comparison.
0x00021d59	0x0002fdca	SOURCE/PHILAI	?BuildCreature@philAI@@QAEXPAVtown@@HH@Z	changed-body	references:1	Compiler, layout or source difference; see behavior notes and strict comparison.
0x00021e59	0x0002feca	SOURCE/PHILAI	?CanBuyBHC@philAI@@QAEHAAUBHC@@@Z	changed-body	references:1	Compiler, layout or source difference; see behavior notes and strict comparison.
0x00021fe1	0x00030052	SOURCE/PHILAI	?CombatMonsterEvent@philAI@@QAECPAVhero@@CPAHPAVmapCell@@@Z	changed-body	references:1	Compiler, layout or source difference; see behavior notes and strict comparison.
0x00022158	0x000301c9	SOURCE/PHILAI	?FightEvent@philAI@@QAEXPAVhero@@PAVmapCell@@@Z	changed-body	references:1	Compiler, layout or source difference; see behavior notes and strict comparison.
0x000223c2	0x00030433	SOURCE/PHILAI	?DamageGroup@philAI@@QAEHPAVarmyGroup@@PAVhero@@1M@Z	same-masked-body	unique-body>=80	Discovery classification; masked operands do not prove referent equivalence.
0x00022435	0x000304a6	SOURCE/PHILAI	?StatChangeValue@philAI@@QAEMHH@Z	same-masked-body	unique-body>=80	Discovery classification; masked operands do not prove referent equivalence.
0x0002249b	0x0003050c	SOURCE/PHILAI	?IncrementHourGlass@philAI@@QAEXXZ	same-masked-body	unique-body>=80	Discovery classification; masked operands do not prove referent equivalence.
0x00022566	0x000305d7	SOURCE/PHILAI	?TownEvent@philAI@@QAEXPAVmapCell@@PAVhero@@HH@Z	changed-body	adjacent-to-exact-body:0x2249b	Compiler, layout or source difference; see behavior notes and strict comparison.
0x00022787	0x000307f8	SOURCE/PHILAI	?ValueOfEventAtPosition@philAI@@QAEHPAVhero@@FFHPAH@Z	changed-body	references:1	Compiler, layout or source difference; see behavior notes and strict comparison.
0x00024810	0x0004e6e0	SOURCE/FINDPATH	??0searchArray@@QAE@XZ	identical-bytes	references:1	Same complete census body after alignment padding removal.
0x00024820	0x0004e6f0	SOURCE/FINDPATH	?Clear@searchArray@@QAEXXZ	identical-bytes	references:1	Same complete census body after alignment padding removal.
0x00024850	0x0004e720	SOURCE/FINDPATH	?QuickDistance@searchArray@@QAEFFFFF@Z	identical-bytes	unique-body>=80	Same complete census body after alignment padding removal.
0x000248a0	0x0004e770	SOURCE/FINDPATH	?TerrainStepCost@@YAFCC@Z	same-masked-body	unique-body>=80	Discovery classification; masked operands do not prove referent equivalence.
0x00024900	0x0004e7d0	SOURCE/FINDPATH	?CalcTerrainCost@@YAHHHHH@Z	same-masked-body	references:2	Discovery classification; masked operands do not prove referent equivalence.
0x00024950	0x0004e820	SOURCE/FINDPATH	?FindCombatPath@searchArray@@QAEFFFPAVarmy@@C@Z	same-masked-body	unique-body>=80	Discovery classification; masked operands do not prove referent equivalence.
0x00024c50	0x0004eb20	SOURCE/FINDPATH	?PushCombatPoint@searchArray@@QAEXFFGG@Z	same-masked-body	unique-body>=80	Discovery classification; masked operands do not prove referent equivalence.
0x00024d90	0x0004ec60	SOURCE/FINDPATH	?PushPoint@searchArray@@QAEXFFGGGCCCCCCC@Z	same-masked-body	unique-body>=80	Discovery classification; masked operands do not prove referent equivalence.
0x00025040	0x0004ef10	SOURCE/FINDPATH	?TestPossibleDirections@searchArray@@QAEXFFQAC0FH@Z	same-masked-body	unique-body>=80	Discovery classification; masked operands do not prove referent equivalence.
0x000252c0	0x00052ec0	SOURCE/ADVMGR	??0advManager@@QAE@XZ	same-masked-body	unique-body>=80	Discovery classification; masked operands do not prove referent equivalence.
0x0002558c	0x0005318c	SOURCE/ADVMGR	??1advManager@@QAE@XZ	same-masked-body	references:1	Discovery classification; masked operands do not prove referent equivalence.
0x000255ab	0x000531ab	SOURCE/ADVMGR	?Open@advManager@@UAEFF@Z	changed-body	paired-pointer-array:0x8c3c8	Compiler, layout or source difference; see behavior notes and strict comparison.
0x00026451	0x00054051	SOURCE/ADVMGR	?Close@advManager@@UAEXXZ	same-masked-body	unique-body>=80	Discovery classification; masked operands do not prove referent equivalence.
0x0002680e	0x0005440e	SOURCE/ADVMGR	?GetCursorSampleSet@advManager@@QAEXH@Z	changed-body	references:1	Compiler, layout or source difference; see behavior notes and strict comparison.
0x000268d5	0x000544d5	SOURCE/ADVMGR	?DoAdvCommand@advManager@@QAEPAVmapCell@@XZ	changed-body	references:1	Compiler, layout or source difference; see behavior notes and strict comparison.
0x00026eee	0x00054aee	SOURCE/ADVMGR	?Main@advManager@@UAEFAAUtag_message@@@Z	changed-body	paired-pointer-array:0x8c3c8	Compiler, layout or source difference; see behavior notes and strict comparison.
0x00027cfe	0x000558fe	SOURCE/ADVMGR	?Reseed@advManager@@QAEXHH@Z	same-masked-body	references:1	Discovery classification; masked operands do not prove referent equivalence.
0x00027d20	0x00055920	SOURCE/ADVMGR	?ProcessSelect@advManager@@QAEHPAUtag_message@@PAPAVmapCell@@@Z	changed-body	adjacent-to-exact-body:0x27cfe	Compiler, layout or source difference; see behavior notes and strict comparison.
0x00028b59	0x00056759	SOURCE/ADVMGR	?ProcessDeSelect@advManager@@QAEHPAUtag_message@@PAHPAPAVmapCell@@@Z	same-masked-body	unique-body>=80	Discovery classification; masked operands do not prove referent equivalence.
0x00028d43	0x00056943	SOURCE/ADVMGR	?ProcessSearch@advManager@@QAEHHH@Z	changed-body	references:1	Compiler, layout or source difference; see behavior notes and strict comparison.
0x000291de	0x00056dde	SOURCE/ADVMGR	?ProcessHover@advManager@@QAEHPAUtag_message@@@Z	changed-body	references:1	Compiler, layout or source difference; see behavior notes and strict comparison.
0x00029e40	0x00057a40	SOURCE/ADVMGR	?UpdateScreen@advManager@@QAEXCC@Z	same-masked-body	unique-body>=80	Discovery classification; masked operands do not prove referent equivalence.
0x0002a0a5	0x00057ca5	SOURCE/ADVMGR	?CompleteDraw@advManager@@QAEXFFH@Z	same-masked-body	unique-body>=80	Discovery classification; masked operands do not prove referent equivalence.
0x0002a3fe	0x00057ffe	SOURCE/ADVMGR	?CompleteDraw@advManager@@QAEXH@Z	identical-bytes	references:6	Same complete census body after alignment padding removal.
0x0002a438	0x00058038	SOURCE/ADVMGR	?GetCloudLookup@advManager@@QAEHHH@Z	same-masked-body	unique-body>=80	Discovery classification; masked operands do not prove referent equivalence.
0x0002a845	0x00058445	SOURCE/ADVMGR	?DrawCell@advManager@@QAEXFFFFCCC@Z	changed-body	references:1	Compiler, layout or source difference; see behavior notes and strict comparison.
0x0002b72d	0x0005932d	SOURCE/ADVMGR	?GetCell@advManager@@QAEPAVmapCell@@FF@Z	identical-bytes	unique-body>=80	Same complete census body after alignment padding removal.
0x0002b7aa	0x000593aa	SOURCE/ADVMGR	?UpdateRadar@advManager@@QAEXCH@Z	changed-body	references:3	Compiler, layout or source difference; see behavior notes and strict comparison.
0x0002bd28	0x00059928	SOURCE/ADVMGR	?QuickInfo@advManager@@QAEXFF@Z	changed-body	references:1	Compiler, layout or source difference; see behavior notes and strict comparison.
0x0002c2be	0x00059eac	SOURCE/ADVMGR	?UpdateHeroLocator@advManager@@QAEXHCC@Z	changed-body	references:1	Compiler, layout or source difference; see behavior notes and strict comparison.
0x0002c686	0x0005a274	SOURCE/ADVMGR	?UpdateHeroLocators@advManager@@QAEXCC@Z	changed-body	references:6	Compiler, layout or source difference; see behavior notes and strict comparison.
0x0002c78e	0x0005a360	SOURCE/ADVMGR	?UpdateTownLocators@advManager@@QAEXCC@Z	changed-body	references:4	Compiler, layout or source difference; see behavior notes and strict comparison.
0x0002ca0d	0x0005a5c3	SOURCE/ADVMGR	?UpdBottomView@advManager@@QAEXCCC@Z	same-masked-body	unique-body>=80	Discovery classification; masked operands do not prove referent equivalence.
0x0002cbac	0x0005a762	SOURCE/ADVMGR	?ClearBottomView@advManager@@QAEXXZ	same-masked-body	unique-body>=80	Discovery classification; masked operands do not prove referent equivalence.
0x0002ccde	0x0005a894	SOURCE/ADVMGR	?UpdBottomViewEnemyTurn@advManager@@QAECXZ	changed-body	references:1	Compiler, layout or source difference; see behavior notes and strict comparison.
0x0002d29d	0x0005ae53	SOURCE/ADVMGR	?UpdBottomViewNewTurn@advManager@@QAECXZ	same-masked-body	unique-body>=80	Discovery classification; masked operands do not prove referent equivalence.
0x0002d67d	0x0005b233	SOURCE/ADVMGR	?UpdBottomViewResMsg@advManager@@QAECXZ	changed-body	references:1	Compiler, layout or source difference; see behavior notes and strict comparison.
0x0002da77	0x0005b62d	SOURCE/ADVMGR	?UpdBottomViewKingdom@advManager@@QAECXZ	changed-body	references:1	Compiler, layout or source difference; see behavior notes and strict comparison.
0x0002de45	0x0005b9fb	SOURCE/ADVMGR	?UpdBottomViewHero@advManager@@QAECXZ	changed-body	references:1	Compiler, layout or source difference; see behavior notes and strict comparison.
0x0002e471	0x0005c027	SOURCE/ADVMGR	?HeroQuickView@advManager@@QAEXCCFF@Z	changed-body	references:1	Compiler, layout or source difference; see behavior notes and strict comparison.
0x0002f1b7	0x0005cd58	SOURCE/ADVMGR	?GetArmySizeName@advManager@@QAEPADFC@Z	same-masked-body	unique-body>=80	Discovery classification; masked operands do not prove referent equivalence.
0x0002f299	0x0005ce3a	SOURCE/ADVMGR	?TownQuickView@advManager@@QAEXCCFF@Z	changed-body	adjacent-to-exact-body:0x2f1b7	Compiler, layout or source difference; see behavior notes and strict comparison.
0x0002feea	0x0005da85	SOURCE/ADVMGR	?RedrawAdvScreen@advManager@@QAEXH@Z	same-masked-body	unique-body>=80	Discovery classification; masked operands do not prove referent equivalence.
0x0002ffd2	0x0005db6d	SOURCE/ADVMGR	?DeactivateCurrTown@advManager@@QAEXXZ	same-masked-body	references:2	Discovery classification; masked operands do not prove referent equivalence.
0x0002fff1	0x0005db8c	SOURCE/ADVMGR	?DeactivateCurrHero@advManager@@QAEXXZ	same-masked-body	references:3	Discovery classification; masked operands do not prove referent equivalence.
0x00030018	0x0005dbb3	SOURCE/ADVMGR	?MobilizeCurrHero@advManager@@QAEXH@Z	same-masked-body	unique-body>=80	Discovery classification; masked operands do not prove referent equivalence.
0x00030071	0x0005dc0c	SOURCE/ADVMGR	?DemobilizeCurrHero@advManager@@QAEXXZ	changed-body	references:5	Compiler, layout or source difference; see behavior notes and strict comparison.
0x0003020a	0x0005dda5	SOURCE/ADVMGR	?SetTownContext@advManager@@QAEXC@Z	changed-body	references:1	Compiler, layout or source difference; see behavior notes and strict comparison.
0x0003045f	0x0005dffa	SOURCE/ADVMGR	?SetHeroContext@advManager@@QAEXCC@Z	changed-body	references:4	Compiler, layout or source difference; see behavior notes and strict comparison.
0x00030845	0x0005e3e0	SOURCE/ADVMGR	?DoHeroKnob@advManager@@QAEXXZ	changed-body	references:1	Compiler, layout or source difference; see behavior notes and strict comparison.
0x00030ad5	0x0005e63e	SOURCE/ADVMGR	?DoTownKnob@advManager@@QAEXXZ	changed-body	references:1	Compiler, layout or source difference; see behavior notes and strict comparison.
0x00030d65	0x0005e89c	SOURCE/ADVMGR	?ViewPuzzle@advManager@@QAEXXZ	changed-body	references:1	Compiler, layout or source difference; see behavior notes and strict comparison.
0x0003113f	0x0005ec76	SOURCE/ADVMGR	?PuzzleDraw@advManager@@QAEXHHHH@Z	changed-body	references:1	Compiler, layout or source difference; see behavior notes and strict comparison.
0x00031375	0x0005eeac	SOURCE/ADVMGR	?CastSpell@advManager@@QAEXC@Z	changed-body	unique-body>=80	Compiler, layout or source difference; see behavior notes and strict comparison.
0x00031567	0x0005f09e	SOURCE/ADVMGR	?ViewWorld@advManager@@QAEXCCC@Z	changed-body	references:1	Compiler, layout or source difference; see behavior notes and strict comparison.
0x0003268e	0x000601f5	SOURCE/ADVMGR	?GrabScreen@advManager@@QAEXXZ	same-masked-body	references:1	Discovery classification; masked operands do not prove referent equivalence.
0x000326cf	0x00060236	SOURCE/ADVMGR	?ControlPanel@advManager@@QAEFXZ	changed-body	references:1	Compiler, layout or source difference; see behavior notes and strict comparison.
0x000329f0	0x00060557	SOURCE/ADVMGR	?UpdateCPanel@@YAXC@Z	same-masked-body	unique-body>=80	Discovery classification; masked operands do not prove referent equivalence.
0x00032c17	0x0006077e	SOURCE/ADVMGR	?SaveGame@@YACXZ	changed-body	references:1	Compiler, layout or source difference; see behavior notes and strict comparison.
0x00032e49	0x000609b0	SOURCE/ADVMGR	?CPanelHandler@@YAFAAUtag_message@@@Z	changed-body	references:1	Compiler, layout or source difference; see behavior notes and strict comparison.
0x00033394	0x00060efb	SOURCE/ADVMGR	?CheckCastSpell@advManager@@QAEXXZ	same-masked-body	unique-body>=80	Discovery classification; masked operands do not prove referent equivalence.
0x0003343f	0x00060fa6	SOURCE/ADVMGR	?AdvPanel@advManager@@QAEXXZ	changed-body	references:1	Compiler, layout or source difference; see behavior notes and strict comparison.
0x00033652	0x000611b9	SOURCE/ADVMGR	?APanelHandler@@YAFAAUtag_message@@@Z	changed-body	unique-body>=80	Compiler, layout or source difference; see behavior notes and strict comparison.
0x00033825	0x0006138c	SOURCE/ADVMGR	?DimensionDoorHandler@@YAFAAUtag_message@@@Z	changed-body	references:1	Compiler, layout or source difference; see behavior notes and strict comparison.
0x00033b70	0x000616d7	SOURCE/ADVMGR	?ComboDraw@advManager@@QAECFFC@Z	changed-body	references:1	Compiler, layout or source difference; see behavior notes and strict comparison.
0x00034665	0x000621ce	SOURCE/ADVMGR	?ComboDraw@advManager@@QAECH@Z	same-masked-body	references:1	Discovery classification; masked operands do not prove referent equivalence.
0x0003469f	0x00062208	SOURCE/ADVMGR	?SetEnvironmentOrigin@advManager@@QAEXFFF@Z	changed-body	references:1	Compiler, layout or source difference; see behavior notes and strict comparison.
0x0003497c	0x000624e5	SOURCE/ADVMGR	?CheckLoadSample@advManager@@QAEXH@Z	same-masked-body	unique-body>=80	Discovery classification; masked operands do not prove referent equivalence.
0x000349e5	0x0006254e	SOURCE/ADVMGR	?InsertSound@advManager@@QAEXFFFC@Z	same-masked-body	unique-body>=80	Discovery classification; masked operands do not prove referent equivalence.
0x00034c36	0x0006279f	SOURCE/ADVMGR	?TeleportTo@advManager@@QAEXHHH@Z	changed-body	references:2	Compiler, layout or source difference; see behavior notes and strict comparison.
0x00034f76	0x00062adf	SOURCE/ADVMGR	?DimensionDoor@advManager@@QAEXXZ	changed-body	references:1	Compiler, layout or source difference; see behavior notes and strict comparison.
0x000351bc	0x00062d25	SOURCE/ADVMGR	?TownGate@advManager@@QAEXXZ	changed-body	references:1	Compiler, layout or source difference; see behavior notes and strict comparison.
0x00035462	0x00062fcb	SOURCE/ADVMGR	?SummonBoat@advManager@@QAEXXZ	changed-body	references:1	Compiler, layout or source difference; see behavior notes and strict comparison.
0x0003597e	0x000634e7	SOURCE/ADVMGR	?ShowRoute@advManager@@QAEXHHH@Z	changed-body	references:1	Compiler, layout or source difference; see behavior notes and strict comparison.
0x00035c99	0x00063802	SOURCE/ADVMGR	?HideRoute@advManager@@QAEXHHH@Z	same-masked-body	unique-body>=80	Discovery classification; masked operands do not prove referent equivalence.
0x00035d9f	0x00063908	SOURCE/ADVMGR	?CheckDimHero@advManager@@QAEXXZ	same-masked-body	unique-body>=80	Discovery classification; masked operands do not prove referent equivalence.
0x00035e30	0x00063999	SOURCE/ADVMGR	?CheckDimNextHeroBut@advManager@@QAEXXZ	same-masked-body	unique-body>=80	Discovery classification; masked operands do not prove referent equivalence.
0x00035e9e	0x00063a07	SOURCE/ADVMGR	?SeedTo@advManager@@QAEXHH@Z	same-masked-body	unique-body>=80	Discovery classification; masked operands do not prove referent equivalence.
0x00035ff0	0x00063b59	SOURCE/ADVMGR	?ForceNewHover@advManager@@QAEXXZ	same-masked-body	references:1	Discovery classification; masked operands do not prove referent equivalence.
0x0003603f	0x00063ba8	SOURCE/ADVMGR	?ScreenScroll@advManager@@QAEXCH@Z	changed-body	adjacent-to-exact-body:0x35ff0	Compiler, layout or source difference; see behavior notes and strict comparison.
0x000361f5	0x00063d5e	SOURCE/ADVMGR	?CheckScreenScroll@advManager@@QAEXXZ	changed-body	references:1	Compiler, layout or source difference; see behavior notes and strict comparison.
0x000363d6	0x00063f3f	SOURCE/ADVMGR	?MouseInScrollZone@advManager@@QAEHXZ	same-masked-body	unique-body>=80	Discovery classification; masked operands do not prove referent equivalence.
0x00036479	0x00063fe2	SOURCE/ADVMGR	?SetInitialMapOrigin@advManager@@QAEXXZ	same-masked-body	unique-body>=80	Discovery classification; masked operands do not prove referent equivalence.
0x000366fc	0x00064265	SOURCE/ADVMGR	?LoadRemote@advManager@@QAEXXZ	same-masked-body	unique-body>=80	Discovery classification; masked operands do not prove referent equivalence.
0x00036859	0x000643c2	SOURCE/ADVMGR	?CheckHandleNet@advManager@@QAEPADXZ	same-masked-body	unique-body>=80	Discovery classification; masked operands do not prove referent equivalence.
0x000369d1	0x0006453a	SOURCE/ADVMGR	?CheckHandleNetPlayerWait@advManager@@QAEFAAUtag_message@@C@Z	same-masked-body	unique-body>=80	Discovery classification; masked operands do not prove referent equivalence.
0x00036aa5	0x0006460e	SOURCE/ADVMGR	?TrimLoopingSounds@advManager@@QAEXH@Z	changed-body	references:1	Compiler, layout or source difference; see behavior notes and strict comparison.
0x00036c67	0x000647d0	SOURCE/ADVMGR	?DisableButtons@advManager@@QAEXXZ	same-masked-body	unique-body>=80	Discovery classification; masked operands do not prove referent equivalence.
0x00036d37	0x000648a0	SOURCE/ADVMGR	?EnableButtons@advManager@@QAEXXZ	same-masked-body	unique-body>=80	Discovery classification; masked operands do not prove referent equivalence.
0x00036e07	0x00064970	SOURCE/ADVMGR	?SaveAdventureBorder@advManager@@QAEXXZ	changed-body	references:1	Compiler, layout or source difference; see behavior notes and strict comparison.
0x00036f3f	0x00064aa8	SOURCE/ADVMGR	?DrawAdventureBorder@advManager@@QAEXXZ	changed-body	references:1	Compiler, layout or source difference; see behavior notes and strict comparison.
0x00037080	0x00064be0	SOURCE/SPELLAI	?DoSpellAI@combatManager@@QAEHC@Z	changed-body	references:1	Compiler, layout or source difference; see behavior notes and strict comparison.
0x0003723d	0x00064d9d	SOURCE/SPELLAI	?DetermineEffectOfSpell@combatManager@@QAEXHPAH0@Z	changed-body	references:1	Compiler, layout or source difference; see behavior notes and strict comparison.
0x000376f1	0x00065251	SOURCE/SPELLAI	?RawEffectSpellInfluence@combatManager@@QAEHPAVarmy@@H@Z	changed-body	references:1	Compiler, layout or source difference; see behavior notes and strict comparison.
0x000379e7	0x00065531	SOURCE/SPELLAI	?ClearEffects@combatManager@@QAEXXZ	same-masked-body	unique-body>=80	Discovery classification; masked operands do not prove referent equivalence.
0x00037a4a	0x00065594	SOURCE/SPELLAI	?NextPos@combatManager@@QAEXPAH@Z	identical-bytes	references:1	Same complete census body after alignment padding removal.
0x00037a8a	0x000655d4	SOURCE/SPELLAI	?FirstArmy@combatManager@@QAEHHHPAH@Z	identical-bytes	unique-body>=80	Same complete census body after alignment padding removal.
0x00037b11	0x0006565b	SOURCE/SPELLAI	?EffectSpellCure@combatManager@@QAEXPAHHC@Z	changed-body	adjacent-to-exact-body:0x37a8a	Compiler, layout or source difference; see behavior notes and strict comparison.
0x00037d84	0x000658ce	SOURCE/SPELLAI	?EffectSpellResurrect@combatManager@@QAEXPAHH@Z	changed-body	reviewed-packed-boundary	Compiler, layout or source difference; see behavior notes and strict comparison.
0x00037e7d	0x000659c7	SOURCE/SPELLAI	?EffectSpellDamage@combatManager@@QAEXPAHHHH@Z	changed-body	reviewed-packed-boundary	Compiler, layout or source difference; see behavior notes and strict comparison.
0x00038380	0x00010710	SOURCE/VIEW	?ViewGeneral@combatManager@@QAECHHH@Z	changed-body	references:1	Compiler, layout or source difference; see behavior notes and strict comparison.
0x000388ed	0x00010c7d	SOURCE/VIEW	?HandleViewGeneral@@YAFAAUtag_message@@@Z	changed-body	references:1	Compiler, layout or source difference; see behavior notes and strict comparison.
0x00038b0f	0x00010e9f	SOURCE/VIEW	?ViewArmy@combatManager@@QAEXPAVarmy@@HH@Z	changed-body	references:1	Compiler, layout or source difference; see behavior notes and strict comparison.
0x00038c70	0x00011000	SOURCE/GAME	?Write@playerData@@QAEXH@Z	same-masked-body	unique-body>=80	Discovery classification; masked operands do not prove referent equivalence.
0x00038e68	0x000111f8	SOURCE/GAME	?Read@playerData@@QAEXH@Z	same-masked-body	unique-body>=80	Discovery classification; masked operands do not prove referent equivalence.
0x00039050	0x000113e0	SOURCE/GAME	?NextHero@playerData@@QAECH@Z	changed-body	references:2	Compiler, layout or source difference; see behavior notes and strict comparison.
0x0003917c	0x0001150c	SOURCE/GAME	?HasMobileHero@playerData@@QAECXZ	same-masked-body	unique-body>=80	Discovery classification; masked operands do not prove referent equivalence.
0x000391e4	0x00011574	SOURCE/GAME	?CountVisitedObelisks@playerData@@QAECXZ	changed-body	references:2	Compiler, layout or source difference; see behavior notes and strict comparison.
0x00039243	0x000115d3	SOURCE/GAME	?BuildingsOwned@playerData@@QAEHHHH@Z	same-masked-body	unique-body>=80	Discovery classification; masked operands do not prove referent equivalence.
0x00039314	0x000116a4	SOURCE/GAME	?NumOfGivenArtifact@playerData@@QAEHH@Z	changed-body	references:1	Compiler, layout or source difference; see behavior notes and strict comparison.
0x000393ad	0x0001173d	SOURCE/GAME	?ComputeUALoc@@YAXH@Z	changed-body	references:1	Compiler, layout or source difference; see behavior notes and strict comparison.
0x00039733	0x00011ac3	SOURCE/GAME	?VisitObelisk@game@@QAEXC@Z	changed-body	references:1	Compiler, layout or source difference; see behavior notes and strict comparison.
0x000398e3	0x00011c73	SOURCE/GAME	?IsMobile@game@@QAECC@Z	same-masked-body	unique-body>=80	Discovery classification; masked operands do not prove referent equivalence.
0x00039996	0x00011d26	SOURCE/GAME	?GetWorldMapData@game@@QAEPAY0EI@VmapCell@@XZ	identical-bytes	references:1	Same complete census body after alignment padding removal.
0x000399b4	0x00011d44	SOURCE/GAME	?CreateBoat@game@@QAECCC@Z	changed-body	adjacent-to-exact-body:0x39996	Compiler, layout or source difference; see behavior notes and strict comparison.
0x00039a8d	0x00011e1d	SOURCE/GAME	?Scan@game@@QAECPACCC@Z	identical-bytes	unique-body>=80	Same complete census body after alignment padding removal.
0x00039aec	0x00011e7c	SOURCE/GAME	?RandomScan@game@@QAECPACCCH@Z	same-masked-body	unique-body>=80	Discovery classification; masked operands do not prove referent equivalence.
0x00039b60	0x00011ef0	SOURCE/GAME	?GetNewHeroId@game@@QAECC@Z	changed-body	references:1	Compiler, layout or source difference; see behavior notes and strict comparison.
0x00039c6e	0x00011ffe	SOURCE/GAME	?GetTownId@game@@QAECCC@Z	identical-bytes	unique-body>=80	Same complete census body after alignment padding removal.
0x00039cfd	0x0001208d	SOURCE/GAME	?GetMineId@game@@QAECCC@Z	identical-bytes	unique-body>=80	Same complete census body after alignment padding removal.
0x00039d84	0x00012114	SOURCE/GAME	?GenerateStandardFileName@@YAXPAD0@Z	changed-body	references:1	Compiler, layout or source difference; see behavior notes and strict comparison.
0x00039ead	0x0001223d	SOURCE/GAME	?SaveGame@game@@QAEFPADC@Z	changed-body	references:1	Compiler, layout or source difference; see behavior notes and strict comparison.
0x0003a65f	0x000129f2	SOURCE/GAME	?LoadGame@game@@QAEFPADHH@Z	changed-body	references:4	Compiler, layout or source difference; see behavior notes and strict comparison.
0x0003b012	0x000132ca	SOURCE/GAME	?NewGameHandler@@YAFAAUtag_message@@@Z	same-masked-body	unique-body>=80	Discovery classification; masked operands do not prove referent equivalence.
0x0003b593	0x0001384b	SOURCE/GAME	?UpdateNewGameWindow@game@@QAEXXZ	changed-body	references:1	Compiler, layout or source difference; see behavior notes and strict comparison.
0x0003b856	0x00013b0e	SOURCE/GAME	?GiveTroopsToNeutralTowns@game@@QAEXXZ	changed-body	references:1	Compiler, layout or source difference; see behavior notes and strict comparison.
0x0003bb19	0x00013dd1	SOURCE/GAME	?NewGame@game@@QAECXZ	same-masked-body	unique-body>=80	Discovery classification; masked operands do not prove referent equivalence.
0x0003bf67	0x0001421f	SOURCE/GAME	?ShowCampaignInfo@game@@QAEXHHH@Z	changed-body	references:1	Compiler, layout or source difference; see behavior notes and strict comparison.
0x0003c214	0x000144cc	SOURCE/GAME	?InitEntireCampaign@game@@QAEXH@Z	same-masked-body	unique-body>=80	Discovery classification; masked operands do not prove referent equivalence.
0x0003c293	0x0001454b	SOURCE/GAME	?InitCampaignMap@game@@QAEXHH@Z	changed-body	references:1	Compiler, layout or source difference; see behavior notes and strict comparison.
0x0003c51f	0x000147d7	SOURCE/GAME	?NewMap@game@@QAEXPAD@Z	changed-body	references:1	Compiler, layout or source difference; see behavior notes and strict comparison.
0x0003d528	0x000157e0	SOURCE/GAME	?GetObjectFamily@@YAHH@Z	same-masked-body	unique-body>=80	Discovery classification; masked operands do not prove referent equivalence.
0x0003d597	0x0001584f	SOURCE/GAME	?SettleOverlay@game@@QAEXHH@Z	changed-body	references:1	Compiler, layout or source difference; see behavior notes and strict comparison.
0x0003d77b	0x00015a33	SOURCE/GAME	?RandomizeEvents@game@@QAEXXZ	changed-body	references:1	Compiler, layout or source difference; see behavior notes and strict comparison.
0x0003e3de	0x00016696	SOURCE/GAME	?LoadMap@game@@QAEFPAD@Z	changed-body	references:1	Compiler, layout or source difference; see behavior notes and strict comparison.
0x0003e818	0x00016ad0	SOURCE/GAME	?ClaimTown@game@@QAEXCC@Z	changed-body	references:1	Compiler, layout or source difference; see behavior notes and strict comparison.
0x0003eb39	0x00016df1	SOURCE/GAME	?ClaimMine@game@@QAEXCC@Z	changed-body	references:1	Compiler, layout or source difference; see behavior notes and strict comparison.
0x0003ee02	0x000170ba	SOURCE/GAME	?ViewSpells@game@@QAECPAVhero@@CP6AFAAUtag_message@@@ZC@Z	same-masked-body	unique-body>=80	Discovery classification; masked operands do not prove referent equivalence.
0x0003f099	0x00017351	SOURCE/GAME	?SetupSpellRange@game@@QAEXF@Z	identical-bytes	unique-body>=80	Same complete census body after alignment padding removal.
0x0003f154	0x0001740c	SOURCE/GAME	?UpdateSpellWidgets@game@@QAEXXZ	changed-body	references:1	Compiler, layout or source difference; see behavior notes and strict comparison.
0x0003f334	0x000175ec	SOURCE/GAME	?ViewSpellsHandler@@YAFAAUtag_message@@@Z	changed-body	references:1	Compiler, layout or source difference; see behavior notes and strict comparison.
0x0003f82c	0x00017ae4	SOURCE/GAME	?ViewSpecialHandler@@YAFAAUtag_message@@@Z	changed-body	unique-body>=80	Compiler, layout or source difference; see behavior notes and strict comparison.
0x0003f9a1	0x00017c59	SOURCE/GAME	?ViewArmy@game@@QAEXFFCFPAVtown@@CCCPAVhero@@PAVarmy@@PAVarmyGroup@@@Z	changed-body	references:1	Compiler, layout or source difference; see behavior notes and strict comparison.
0x00040282	0x0001853a	SOURCE/GAME	?ViewArmyHandler@@YAFAAUtag_message@@@Z	changed-body	references:1	Compiler, layout or source difference; see behavior notes and strict comparison.
0x0004043a	0x000186f2	SOURCE/GAME	?Overview@game@@QAEXXZ	changed-body	references:1	Compiler, layout or source difference; see behavior notes and strict comparison.
0x0004102c	0x000192e7	SOURCE/GAME	?GetRandomNumTroops@game@@QAECC@Z	same-masked-body	unique-body>=80	Discovery classification; masked operands do not prove referent equivalence.
0x000412b7	0x00019572	SOURCE/GAME	?TurnOnAIMusic@game@@QAEXXZ	same-masked-body	references:1	Discovery classification; masked operands do not prove referent equivalence.
0x000412f4	0x000195af	SOURCE/GAME	?TurnOffAIMusic@game@@QAEXXZ	same-masked-body	references:1	Discovery classification; masked operands do not prove referent equivalence.
0x00041319	0x000195d4	SOURCE/GAME	?NextPlayer@game@@QAEXXZ	changed-body	references:1	Compiler, layout or source difference; see behavior notes and strict comparison.
0x00041827	0x00019ae2	SOURCE/GAME	?ComputeDailyGold@game@@QAEHH@Z	changed-body	references:1	Compiler, layout or source difference; see behavior notes and strict comparison.
0x00041aa7	0x00019d62	SOURCE/GAME	?PerDay@game@@QAEXXZ	changed-body	references:1	Compiler, layout or source difference; see behavior notes and strict comparison.
0x00041efe	0x0001a1b9	SOURCE/GAME	?PerWeek@game@@QAEXXZ	changed-body	references:1	Compiler, layout or source difference; see behavior notes and strict comparison.
0x00042749	0x0001aa04	SOURCE/GAME	?PerMonth@game@@QAEXXZ	changed-body	references:1	Compiler, layout or source difference; see behavior notes and strict comparison.
0x00042a2a	0x0001ace5	SOURCE/GAME	?RandomizeTown@game@@QAEXCCC@Z	changed-body	references:1	Compiler, layout or source difference; see behavior notes and strict comparison.
0x000430a9	0x0001b364	SOURCE/GAME	?SetupTown@game@@QAEXCC@Z	changed-body	references:1	Compiler, layout or source difference; see behavior notes and strict comparison.
0x0004345d	0x0001b718	SOURCE/GAME	?RandomizeMine@game@@QAEXCC@Z	changed-body	references:1	Compiler, layout or source difference; see behavior notes and strict comparison.
0x00043ab6	0x0001bd71	SOURCE/GAME	?GetRandomArtifactId@game@@QAECXZ	same-masked-body	unique-body>=80	Discovery classification; masked operands do not prove referent equivalence.
0x00043b2f	0x0001bdea	SOURCE/GAME	?RandomizeHeroPool@game@@QAEXXZ	same-masked-body	unique-body>=80	Discovery classification; masked operands do not prove referent equivalence.
0x00043c31	0x0001beec	SOURCE/GAME	?SetRandomHeroArmies@game@@QAEXFH@Z	changed-body	references:1	Compiler, layout or source difference; see behavior notes and strict comparison.
0x00043f11	0x0001c1cc	SOURCE/GAME	?ProcessRandomObjects@game@@QAEXH@Z	changed-body	references:1	Compiler, layout or source difference; see behavior notes and strict comparison.
0x000441de	0x0001c499	SOURCE/GAME	?SetVisibility@game@@QAEXFFFF@Z	changed-body	references:1	Compiler, layout or source difference; see behavior notes and strict comparison.
0x00044437	0x0001c6f2	SOURCE/GAME	?GiveArmy@game@@QAEXPAVarmyGroup@@HHH@Z	changed-body	references:1	Compiler, layout or source difference; see behavior notes and strict comparison.
0x00044533	0x0001c7ee	SOURCE/GAME	?ExperienceValueOfStack@game@@QAEHPAVarmyGroup@@PAVhero@@@Z	same-masked-body	unique-body>=80	Discovery classification; masked operands do not prove referent equivalence.
0x000445bf	0x0001c87a	SOURCE/GAME	?SGenRand@@YAHXZ	changed-body	references:1	Compiler, layout or source difference; see behavior notes and strict comparison.
0x00044651	0x0001c90b	SOURCE/GAME	?SRandom@@YAHHH@Z	same-masked-body	unique-body>=80	Discovery classification; masked operands do not prove referent equivalence.
0x000446a3	0x0001c95d	SOURCE/GAME	?SIncRandomize@@YAXHH@Z	same-masked-body	unique-body>=80	Discovery classification; masked operands do not prove referent equivalence.
0x0004472c	0x0001c9e6	SOURCE/GAME	?SRand@@YAXH@Z	same-masked-body	references:1	Discovery classification; masked operands do not prove referent equivalence.
0x00044750	0x0001ca0a	SOURCE/GAME	?GetLuck@game@@QAEHPAVhero@@PAVarmy@@@Z	same-masked-body	unique-body>=80	Discovery classification; masked operands do not prove referent equivalence.
0x0004480f	0x0001cac9	SOURCE/GAME	?FindAdjacentMonster@advManager@@QAECHHPAH0HH@Z	same-masked-body	unique-body>=80	Discovery classification; masked operands do not prove referent equivalence.
0x00044b5d	0x0001ce17	SOURCE/GAME	?SetupAdjacentMons@game@@QAEXXZ	changed-body	references:3	Compiler, layout or source difference; see behavior notes and strict comparison.
0x00044c3b	0x0001cef5	SOURCE/GAME	?CancelComputerScreen@game@@QAEXXZ	same-masked-body	unique-body>=80	Discovery classification; masked operands do not prove referent equivalence.
0x00044c9c	0x0001cf56	SOURCE/GAME	?ShowComputerScreen@game@@QAEXXZ	same-masked-body	unique-body>=80	Discovery classification; masked operands do not prove referent equivalence.
0x00044db1	0x0001d06b	SOURCE/GAME	?ShowHeroesLogo@game@@QAEXXZ	same-masked-body	unique-body>=80	Discovery classification; masked operands do not prove referent equivalence.
0x00044e59	0x0001d113	SOURCE/GAME	?WaitForPlayer@game@@QAEXPADH@Z	same-masked-body	unique-body>=80	Discovery classification; masked operands do not prove referent equivalence.
0x00044fae	0x0001d268	SOURCE/GAME	?RandomizeTerrainTiles@game@@QAEXXZ	changed-body	references:1	Compiler, layout or source difference; see behavior notes and strict comparison.
0x00045060	0x0001d31a	SOURCE/GAME	?ProcessMapExtra@game@@QAEXXZ	changed-body	references:1	Compiler, layout or source difference; see behavior notes and strict comparison.
0x00045189	0x0001d443	SOURCE/GAME	?SetupTowns@game@@QAECXZ	changed-body	references:1	Compiler, layout or source difference; see behavior notes and strict comparison.
0x0004539c	0x0001d657	SOURCE/GAME	?ProcessOnMapHeroes@game@@QAEXXZ	changed-body	references:1	Compiler, layout or source difference; see behavior notes and strict comparison.
0x000456e3	0x0001d99f	SOURCE/GAME	?CheckHeroConsistency@game@@QAEXXZ	changed-body	references:1	Compiler, layout or source difference; see behavior notes and strict comparison.
0x00045a98	0x0001dd54	SOURCE/GAME	?TransmitSaveGame@game@@QAEHHH@Z	changed-body	references:1	Compiler, layout or source difference; see behavior notes and strict comparison.
0x00046181	0x0001e48b	SOURCE/GAME	?ReceiveSaveGame@game@@QAEHHH@Z	changed-body	references:2	Compiler, layout or source difference; see behavior notes and strict comparison.
0x000466fa	0x0001ea28	SOURCE/GAME	?DoNewTurn@game@@QAEXXZ	same-masked-body	unique-body>=80	Discovery classification; masked operands do not prove referent equivalence.
0x00046b25	0x0001ee53	SOURCE/GAME	?GetBoatsBuilt@game@@QAEHXZ	identical-bytes	unique-body>=80	Same complete census body after alignment padding removal.
0x00046b7d	0x0001eeab	SOURCE/GAME	?GetMap@game@@SAXXZ	changed-body	references:1	Compiler, layout or source difference; see behavior notes and strict comparison.
0x00046eec	0x0001f247	SOURCE/GAME	?GetNumThievesGuilds@game@@QAEHH@Z	same-masked-body	unique-body>=80	Discovery classification; masked operands do not prove referent equivalence.
0x00046f84	0x0001f2df	SOURCE/GAME	?CalcDifficultyRating@game@@QAEHXZ	same-masked-body	unique-body>=80	Discovery classification; masked operands do not prove referent equivalence.
0x00047294	0x0001f5ef	SOURCE/GAME	?GetBaseScore@@YAHH@Z	same-masked-body	unique-body>=80	Discovery classification; masked operands do not prove referent equivalence.
0x000473cc	0x0001f727	SOURCE/GAME	?ShowScenInfo@game@@QAEXXZ	changed-body	references:1	Compiler, layout or source difference; see behavior notes and strict comparison.
0x0004781a	0x0001fb75	SOURCE/GAME	?RandomizePlayerCrests@game@@QAEXXZ	same-masked-body	unique-body>=80	Discovery classification; masked operands do not prove referent equivalence.
0x00047969	0x0001fcc4	SOURCE/GAME	?RestoreCell@game@@QAEXHHHHPAVmapCell@@H@Z	same-masked-body	unique-body>=80	Discovery classification; masked operands do not prove referent equivalence.
0x00047a10	0x00067700	SOURCE/ARMYGRP	??0armyGroup@@QAE@XZ	same-masked-body	references:3	Discovery classification; masked operands do not prove referent equivalence.
0x00047a4c	0x0006773c	SOURCE/ARMYGRP	?View@armyGroup@@QAEXH@Z	identical-bytes	local-order-body	Same complete census body after alignment padding removal.
0x00047a64	0x00067754	SOURCE/ARMYGRP	?GetMorale@armyGroup@@QAEFPAVhero@@PAVtown@@@Z	changed-body	references:1	Compiler, layout or source difference; see behavior notes and strict comparison.
0x00047b7f	0x0006786f	SOURCE/ARMYGRP	?Dismiss@armyGroup@@QAEXC@Z	identical-bytes	references:1	Same complete census body after alignment padding removal.
0x00047bb0	0x000678a0	SOURCE/ARMYGRP	?IsMember@armyGroup@@QAECC@Z	identical-bytes	unique-body>=80	Same complete census body after alignment padding removal.
0x00047c09	0x000678f9	SOURCE/ARMYGRP	?IsHomogeneous@armyGroup@@QAECC@Z	changed-body	references:1	Compiler, layout or source difference; see behavior notes and strict comparison.
0x00047d5c	0x00067a4c	SOURCE/ARMYGRP	?CanJoin@armyGroup@@QAECC@Z	identical-bytes	unique-body>=80	Same complete census body after alignment padding removal.
0x00047db0	0x00067aa0	SOURCE/ARMYGRP	?GetNumArmies@armyGroup@@QAEFXZ	identical-bytes	unique-body>=80	Same complete census body after alignment padding removal.
0x00047e09	0x00067af9	SOURCE/ARMYGRP	?Add@armyGroup@@QAEFCFC@Z	identical-bytes	unique-body>=80	Same complete census body after alignment padding removal.
0x00047f3b	0x00067c2b	SOURCE/ARMYGRP	?Swap@armyGroup@@QAEXCPAV1@C@Z	identical-bytes	unique-body>=80	Same complete census body after alignment padding removal.
0x00047fb8	0x00067ca8	SOURCE/ARMYGRP	?DamageGroup@armyGroup@@QAEXM@Z	changed-body	references:1	Compiler, layout or source difference; see behavior notes and strict comparison.
0x00048110	0x00067e00	SOURCE/REQUEST	?ShowThisMap@@YAHPAD@Z	identical-bytes	references:1	Same complete census body after alignment padding removal.
0x0004812c	0x00067e1c	SOURCE/REQUEST	??0fileRequester@@QAE@FFFPBD00@Z	changed-body	references:1	Compiler, layout or source difference; see behavior notes and strict comparison.
0x00048969	0x00068641	SOURCE/REQUEST	??1fileRequester@@QAE@XZ	same-masked-body	references:1	Discovery classification; masked operands do not prove referent equivalence.
0x00048988	0x00068660	SOURCE/REQUEST	?Close@fileRequester@@UAEXXZ	same-masked-body	unique-body>=80	Discovery classification; masked operands do not prove referent equivalence.
0x00048ab4	0x0006878c	SOURCE/REQUEST	?Open@fileRequester@@UAEFF@Z	changed-body	paired-pointer-array:0x8c478	Compiler, layout or source difference; see behavior notes and strict comparison.
0x00048ee5	0x00068bbd	SOURCE/REQUEST	?SetOK@fileRequester@@QAEXC@Z	same-masked-body	unique-body>=80	Discovery classification; masked operands do not prove referent equivalence.
0x00048f6f	0x00068c47	SOURCE/REQUEST	?Main@fileRequester@@UAEFAAUtag_message@@@Z	changed-body	paired-pointer-array:0x8c478	Compiler, layout or source difference; see behavior notes and strict comparison.
0x000499fb	0x000696cd	SOURCE/REQUEST	?UpdateMapInfo@fileRequester@@QAEXXZ	same-masked-body	unique-body>=80	Discovery classification; masked operands do not prove referent equivalence.
0x00049a98	0x0006976a	SOURCE/REQUEST	?DoKnob@fileRequester@@QAEXXZ	changed-body	adjacent-to-exact-body:0x499fb	Compiler, layout or source difference; see behavior notes and strict comparison.
0x00049d4a	0x000699ea	SOURCE/REQUEST	?Update@fileRequester@@QAEXC@Z	changed-body	references:3	Compiler, layout or source difference; see behavior notes and strict comparison.
0x0004a2a8	0x00069edb	SOURCE/REQUEST	?GetMapName@fileRequester@@QAEPADXZ	same-masked-body	unique-body>=80	Discovery classification; masked operands do not prove referent equivalence.
0x0004a325	0x00069f58	SOURCE/REQUEST	?GetFilename@fileRequester@@QAEPADXZ	same-masked-body	unique-body>=80	Discovery classification; masked operands do not prove referent equivalence.
0x0004a464	0x0006a097	SOURCE/REQUEST	?ShowMapInfo@fileRequester@@QAEXXZ	changed-body	references:1	Compiler, layout or source difference; see behavior notes and strict comparison.
0x0004a6d0	0x0001fd70	SOURCE/FLY	?CanFit@army@@QAEFPAF@Z	same-masked-body	unique-body>=80	Discovery classification; masked operands do not prove referent equivalence.
0x0004a937	0x0001ffd7	SOURCE/FLY	?ValidFlight@army@@QAEFFC@Z	changed-body	references:1	Compiler, layout or source difference; see behavior notes and strict comparison.
0x0004ad9f	0x0002043f	SOURCE/FLY	?FlyTo@army@@QAEFXZ	identical-bytes	local-order-body	Same complete census body after alignment padding removal.
0x0004adc6	0x00020466	SOURCE/FLY	?FlyTo@army@@QAEFF@Z	changed-body	references:1	Compiler, layout or source difference; see behavior notes and strict comparison.
0x0004b530	0x0006a300	SOURCE/CMBTMGR	??0combatManager@@QAE@XZ	same-masked-body	unique-body>=80	Discovery classification; masked operands do not prove referent equivalence.
0x0004b6e8	0x0006a4b8	SOURCE/CMBTMGR	?CombineGroups@combatManager@@QAEXPAVarmyGroup@@0@Z	same-masked-body	unique-body>=80	Discovery classification; masked operands do not prove referent equivalence.
0x0004b820	0x0006a5f0	SOURCE/CMBTMGR	?SetupCombat@combatManager@@QAEXHHPAVhero@@PAVarmyGroup@@PAVtown@@01HHH@Z	same-masked-body	unique-body>=80	Discovery classification; masked operands do not prove referent equivalence.
0x0004bbfb	0x0006a9cb	SOURCE/CMBTMGR	?Open@combatManager@@UAEFF@Z	changed-body	paired-pointer-array:0x8c498	Compiler, layout or source difference; see behavior notes and strict comparison.
0x0004c014	0x0006ade4	SOURCE/CMBTMGR	?Close@combatManager@@UAEXXZ	same-masked-body	unique-body>=80	Discovery classification; masked operands do not prove referent equivalence.
0x0004c1fe	0x0006afce	SOURCE/CMBTMGR	?UpdateArmyGroup@combatManager@@QAEXC@Z	identical-bytes	unique-body>=80	Same complete census body after alignment padding removal.
0x0004c35f	0x0006b12f	SOURCE/CMBTMGR	?GenerateMap@combatManager@@QAEXXZ	changed-body	adjacent-to-exact-body:0x4c1fe	Compiler, layout or source difference; see behavior notes and strict comparison.
0x0004cb1d	0x0006b8ed	SOURCE/CMBTMGR	?GetBackgroundName@combatManager@@QAEPADXZ	same-masked-body	unique-body>=80	Discovery classification; masked operands do not prove referent equivalence.
0x0004ccab	0x0006ba7b	SOURCE/CMBTMGR	?MoreTreesNear@combatManager@@QAECXZ	changed-body	references:1	Compiler, layout or source difference; see behavior notes and strict comparison.
0x0004ce92	0x0006bc62	SOURCE/CMBTMGR	?LoadIcons@combatManager@@QAEXXZ	same-masked-body	unique-body>=80	Discovery classification; masked operands do not prove referent equivalence.
0x0004d069	0x0006be39	SOURCE/CMBTMGR	?FreeIcons@combatManager@@QAEXXZ	same-masked-body	unique-body>=80	Discovery classification; masked operands do not prove referent equivalence.
0x0004d0e4	0x0006beb4	SOURCE/CMBTMGR	?LoadArmies@combatManager@@QAEXXZ	same-masked-body	unique-body>=80	Discovery classification; masked operands do not prove referent equivalence.
0x0004d36b	0x0006c13b	SOURCE/CMBTMGR	?FreeArmies@combatManager@@QAEXXZ	same-masked-body	unique-body>=80	Discovery classification; masked operands do not prove referent equivalence.
0x0004d447	0x0006c217	SOURCE/CMBTMGR	?NoShowCombatLog@combatManager@@QAEXPAD@Z	identical-bytes	local-order-body	Same complete census body after alignment padding removal.
0x0004d45f	0x0006c22f	SOURCE/CMBTMGR	?GetGridIndex@combatManager@@QAEFFF@Z	identical-bytes	unique-body>=80	Same complete census body after alignment padding removal.
0x0004d51d	0x0006c2ed	SOURCE/CMBTMGR	?CheckApplyGoodMorale@combatManager@@QAEXHH@Z	changed-body	adjacent-to-exact-body:0x4d45f	Compiler, layout or source difference; see behavior notes and strict comparison.
0x0004d6f6	0x0006c4c6	SOURCE/CMBTMGR	?CheckApplyBadMorale@combatManager@@QAEHHH@Z	changed-body	references:1	Compiler, layout or source difference; see behavior notes and strict comparison.
0x0004d8bc	0x0006c68c	SOURCE/CMBTMGR	?GetNextArmy@combatManager@@QAECH@Z	changed-body	references:1	Compiler, layout or source difference; see behavior notes and strict comparison.
0x0004dac5	0x0006c895	SOURCE/CMBTMGR	?IsWinner@combatManager@@QAECC@Z	changed-body	references:1	Compiler, layout or source difference; see behavior notes and strict comparison.
0x0004db98	0x0006c968	SOURCE/CMBTMGR	?CatAttack@combatManager@@QAEXC@Z	changed-body	references:1	Compiler, layout or source difference; see behavior notes and strict comparison.
0x0004e8ed	0x0006d6bd	SOURCE/CMBTMGR	?RegenerateField@combatManager@@QAEXXZ	same-masked-body	local-order-body	Discovery classification; masked operands do not prove referent equivalence.
0x0004e93b	0x0006d70b	SOURCE/CMBTMGR	?KeepAttack@combatManager@@QAEXXZ	changed-body	references:1	Compiler, layout or source difference; see behavior notes and strict comparison.
0x0004f4c6	0x0006e26e	SOURCE/CMBTMGR	?ExperienceValueOfStack@combatManager@@QAEHC@Z	same-masked-body	unique-body>=80	Discovery classification; masked operands do not prove referent equivalence.
0x0004f5da	0x0006e382	SOURCE/CMBTMGR	?ResetHitByCreature@combatManager@@QAEXXZ	identical-bytes	unique-body>=80	Same complete census body after alignment padding removal.
0x0004f652	0x0006e3fa	SOURCE/CMBTMGR	?ValidHex@@YAHH@Z	identical-bytes	references:5	Same complete census body after alignment padding removal.
0x0004f682	0x0006e42a	SOURCE/CMBTMGR	?SaveCombatBorder@combatManager@@QAEXXZ	same-masked-body	unique-body>=80	Discovery classification; masked operands do not prove referent equivalence.
0x0004f6e6	0x0006e48e	SOURCE/CMBTMGR	?DrawCombatBorder@combatManager@@QAEXXZ	same-masked-body	unique-body>=80	Discovery classification; masked operands do not prove referent equivalence.
0x0004f740	0x00020bd0	SOURCE/KB	_PollSound	same-masked-body	compiler-control:SOURCE-KB-vc41.obj	Discovery classification; masked operands do not prove referent equivalence.
0x0004f7b2	0x00020c42	SOURCE/KB	?ForcePollSound@@YAXXZ	same-masked-body	compiler-control:SOURCE-KB-vc41.obj	Discovery classification; masked operands do not prove referent equivalence.
0x0004f7d2	0x00020c62	SOURCE/KB	?InitMainClasses@@YAXXZ	same-masked-body	compiler-control:SOURCE-KB-vc41.obj	Discovery classification; masked operands do not prove referent equivalence.
0x0004fdd9	0x00021269	SOURCE/KB	?DeleteMainClasses@@YAXXZ	same-masked-body	compiler-control:SOURCE-KB-vc41.obj	Discovery classification; masked operands do not prove referent equivalence.
0x00050146	0x000215d6	SOURCE/KB	?EarlySetup@@YAHXZ	same-masked-body	compiler-control:SOURCE-KB-vc41.obj	Discovery classification; masked operands do not prove referent equivalence.
0x0005025c	0x000216ec	SOURCE/KB	?oldmain@@YAHXZ	changed-body	references:1	Compiler, layout or source difference; see behavior notes and strict comparison.
0x0005107f	0x0002250f	SOURCE/KB	?toupper@@YADD@Z	identical-bytes	compiler-control:SOURCE-KB-vc41.obj	Same complete census body after alignment padding removal.
0x000510bd	0x0002254d	SOURCE/KB	?InterpretCommandLine@@YAHXZ	changed-body	references:1	Compiler, layout or source difference; see behavior notes and strict comparison.
0x00051345	0x000227d5	SOURCE/KB	?InitMenuHandler@@YAFAAUtag_message@@@Z	same-masked-body	compiler-control:SOURCE-KB-vc41.obj	Discovery classification; masked operands do not prove referent equivalence.
0x000514fb	0x0002298b	SOURCE/KB	?NullHandler@@YAFAAUtag_message@@@Z	identical-bytes	references:1	Same complete census body after alignment padding removal.
0x0005150f	0x0002299f	SOURCE/KB	?RecruitHeroHandler@@YAFAAUtag_message@@@Z	changed-body	adjacent-to-exact-body:0x514fb	Compiler, layout or source difference; see behavior notes and strict comparison.
0x000516da	0x00022b6a	SOURCE/KB	?GetBuildingName@@YAPADHF@Z	same-masked-body	compiler-control:SOURCE-KB-vc41.obj	Discovery classification; masked operands do not prove referent equivalence.
0x00051721	0x00022bb1	SOURCE/KB	?GetBuildingCost@@YAXHFQAHH@Z	same-masked-body	compiler-control:SOURCE-KB-vc41.obj	Discovery classification; masked operands do not prove referent equivalence.
0x000517c0	0x00022c50	SOURCE/KB	?GetMonsterName@@YAPADH@Z	same-masked-body	compiler-control:SOURCE-KB-vc41.obj	Discovery classification; masked operands do not prove referent equivalence.
0x000517da	0x00022c6a	SOURCE/KB	?GetMonsterCost@@YAXHQAH@Z	same-masked-body	compiler-control:SOURCE-KB-vc41.obj	Discovery classification; masked operands do not prove referent equivalence.
0x000518c0	0x00022d50	SOURCE/KB	?CanBuild@@YACPAVtown@@F@Z	same-masked-body	compiler-control:SOURCE-KB-vc41.obj	Discovery classification; masked operands do not prove referent equivalence.
0x00051a04	0x00022e94	SOURCE/KB	?CanBuy@@YACPAVtown@@F@Z	changed-body	compiler-control:SOURCE-KB-vc41.obj	Compiler, layout or source difference; see behavior notes and strict comparison.
0x00051ad2	0x00022f62	SOURCE/KB	?GetBuildingBaseResourceValue@@YAHHHH@Z	same-masked-body	compiler-control:SOURCE-KB-vc41.obj	Discovery classification; masked operands do not prove referent equivalence.
0x00051b32	0x00022fc2	SOURCE/KB	?NormalDialog@@YAXPADHHHHHHHH@Z	changed-body	references:22	Compiler, layout or source difference; see behavior notes and strict comparison.
0x00052a35	0x00023ebf	SOURCE/KB	?UpdateNormalDialog@@YAXPAD@Z	same-masked-body	compiler-control:SOURCE-KB-vc41.obj	Discovery classification; masked operands do not prove referent equivalence.
0x00052aa0	0x00023f2a	SOURCE/KB	?WaitHandler@@YAFAAUtag_message@@@Z	same-masked-body	compiler-control:SOURCE-KB-vc41.obj	Discovery classification; masked operands do not prove referent equivalence.
0x00052c65	0x000240ef	SOURCE/KB	?EventWindowHandler@@YAFAAUtag_message@@@Z	same-masked-body	compiler-control:SOURCE-KB-vc41.obj	Discovery classification; masked operands do not prove referent equivalence.
0x00052d79	0x00024203	SOURCE/KB	?TrueFalseDialogHandler@@YAFAAUtag_message@@@Z	identical-bytes	compiler-control:SOURCE-KB-vc41.obj	Same complete census body after alignment padding removal.
0x00052d95	0x0002421f	SOURCE/KB	?PlayerDead@@YAXH@Z	same-masked-body	compiler-control:SOURCE-KB-vc41.obj	Discovery classification; masked operands do not prove referent equivalence.
0x00052f01	0x0002438b	SOURCE/KB	?HandleRemoteDeadPlayerExit@@YAXH@Z	same-masked-body	compiler-control:SOURCE-KB-vc41.obj	Discovery classification; masked operands do not prove referent equivalence.
0x00052f9b	0x00024425	SOURCE/KB	?HandleRemoteSuddenExit@@YAXXZ	same-masked-body	compiler-control:SOURCE-KB-vc41.obj	Discovery classification; masked operands do not prove referent equivalence.
0x0005308c	0x00024516	SOURCE/KB	?ReceiveRemotePlayerExit@@YAXCCCC@Z	same-masked-body	compiler-control:SOURCE-KB-vc41.obj	Discovery classification; masked operands do not prove referent equivalence.
0x00053276	0x00024700	SOURCE/KB	?CheckEndGame@@YAXH@Z	changed-body	references:1	Compiler, layout or source difference; see behavior notes and strict comparison.
0x00053a4a	0x00024f04	SOURCE/KB	?QuickViewWait@@YAXXZ	changed-body	compiler-control:SOURCE-KB-vc41.obj	Compiler, layout or source difference; see behavior notes and strict comparison.
0x00053adf	0x00024f99	SOURCE/KB	?InitVars@@YAXXZ	same-masked-body	compiler-control:SOURCE-KB-vc41.obj	Discovery classification; masked operands do not prove referent equivalence.
0x00053caa	0x00025164	SOURCE/KB	?ShowMoraleInfo@game@@QAEXPAVhero@@H@Z	changed-body	references:1	Compiler, layout or source difference; see behavior notes and strict comparison.
0x000540fa	0x00025590	SOURCE/KB	?ShowLuckInfo@game@@QAEXPAVhero@@H@Z	changed-body	references:1	Compiler, layout or source difference; see behavior notes and strict comparison.
0x000542f1	0x00025781	SOURCE/KB	?ClearMapExtra@@YAXXZ	same-masked-body	compiler-control:SOURCE-KB-vc41.obj	Discovery classification; masked operands do not prove referent equivalence.
0x00054361	0x000257f1	SOURCE/KB	?GetMonType@@YAFHH@Z	same-masked-body	compiler-control:SOURCE-KB-vc41.obj	Discovery classification; masked operands do not prove referent equivalence.
0x000543ef	0x0002587f	SOURCE/KB	?AddScoreToHighScore@@YAHHHPAD0@Z	changed-body	adjacent-to-exact-body:0x54361	Compiler, layout or source difference; see behavior notes and strict comparison.
0x000547c1	0x00025c5a	SOURCE/KB	?BVResMsg@@YAXPADHH@Z	same-masked-body	compiler-control:SOURCE-KB-vc41.obj	Discovery classification; masked operands do not prove referent equivalence.
0x0005481c	0x00025cb5	SOURCE/KB	?GOut@@YAXPAD@Z	same-masked-body	compiler-control:SOURCE-KB-vc41.obj	Discovery classification; masked operands do not prove referent equivalence.
0x0005484a	0x00025ce3	SOURCE/KB	?NetPosToGamePos@@YACH@Z	identical-bytes	compiler-control:SOURCE-KB-vc41.obj	Same complete census body after alignment padding removal.
0x00054883	0x00025d1c	SOURCE/KB	?WaitForOtherPlayer@@YACXZ	same-masked-body	compiler-control:SOURCE-KB-vc41.obj	Discovery classification; masked operands do not prove referent equivalence.
0x0005495d	0x00025df6	SOURCE/KB	?PopNetBox@@YAXPAD@Z	changed-body	references:2	Compiler, layout or source difference; see behavior notes and strict comparison.
0x00055051	0x000264ed	SOURCE/KB	?AddNetBoxLine@@YAXPAD@Z	same-masked-body	compiler-control:SOURCE-KB-vc41.obj	Discovery classification; masked operands do not prove referent equivalence.
0x0005508c	0x00026528	SOURCE/KB	?ShutDown@@YAXPAD@Z	same-masked-body	compiler-control:SOURCE-KB-vc41.obj	Discovery classification; masked operands do not prove referent equivalence.
0x000551db	0x00026677	SOURCE/KB	?FileError@@YAXPAD@Z	same-masked-body	compiler-control:SOURCE-KB-vc41.obj	Discovery classification; masked operands do not prove referent equivalence.
0x00055225	0x000266c1	SOURCE/KB	?ShowCongrats@@YAXXZ	changed-body	adjacent-to-exact-body:0x551db	Compiler, layout or source difference; see behavior notes and strict comparison.
0x000555e3	0x00026a7f	SOURCE/KB	?CongratsWait@@YAXXZ	changed-body	references:1	Compiler, layout or source difference; see behavior notes and strict comparison.
0x00055694	0x00026b30	SOURCE/KB	?GetDataEntry@@YAXPAD0H0@Z	changed-body	references:2	Compiler, layout or source difference; see behavior notes and strict comparison.
0x0005585b	0x00026d00	SOURCE/KB	?DataEntryWindowHandler@@YAFAAUtag_message@@@Z	same-masked-body	compiler-control:SOURCE-KB-vc41.obj	Discovery classification; masked operands do not prove referent equivalence.
0x00055a34	0x00026ed9	SOURCE/KB	?LoadPlaySample@@YA?AUSAMPLE2@@PAD@Z	same-masked-body	compiler-control:SOURCE-KB-vc41.obj	Discovery classification; masked operands do not prove referent equivalence.
0x00055a85	0x00026f2a	SOURCE/KB	?WaitEndSample@@YAXUSAMPLE2@@H@Z	same-masked-body	compiler-control:SOURCE-KB-vc41.obj	Discovery classification; masked operands do not prove referent equivalence.
0x00055b0f	0x00026fb4	SOURCE/KB	?MemError@@YAXXZ	same-masked-body	compiler-control:SOURCE-KB-vc41.obj	Discovery classification; masked operands do not prove referent equivalence.
0x00055b8a	0x0002702f	SOURCE/KB	?MemSize@@YAHH@Z	identical-bytes	local-order-body	Same complete census body after alignment padding removal.
0x00055b9f	0x00027044	SOURCE/KB	?CheckMem@@YACXZ	identical-bytes	references:1	Same complete census body after alignment padding removal.
0x00055bb1	0x00027056	SOURCE/KB	?GetTownName@@YAPADH@Z	same-masked-body	compiler-control:SOURCE-KB-vc41.obj	Discovery classification; masked operands do not prove referent equivalence.
0x00055c8d	0x00027132	SOURCE/KB	?IsCDDrive@@YAHH@Z	same-masked-body	compiler-control:SOURCE-KB-vc41.obj	Discovery classification; masked operands do not prove referent equivalence.
0x00055cde	0x00027183	SOURCE/KB	?LoadSystemwideIcons@@YAXXZ	same-masked-body	compiler-control:SOURCE-KB-vc41.obj	Discovery classification; masked operands do not prove referent equivalence.
0x00055d42	0x000271e7	SOURCE/KB	?UnloadSystemwideIcons@@YAXXZ	same-masked-body	compiler-control:SOURCE-KB-vc41.obj	Discovery classification; masked operands do not prove referent equivalence.
0x00055d96	0x0002723b	SOURCE/KB	?EarlyShutDownSystem@@YAXXZ	identical-bytes	references:1	Same complete census body after alignment padding removal.
0x00055da6	0x0002724b	SOURCE/KB	?GameUnsaved@@YAHXZ	same-masked-body	compiler-control:SOURCE-KB-vc41.obj	Discovery classification; masked operands do not prove referent equivalence.
0x00055e24	0x000272c9	SOURCE/KB	?HandleAppSpecificMenuCommands@@YAHH@Z	changed-body	compiler-control:SOURCE-KB-vc41.obj	Compiler, layout or source difference; see behavior notes and strict comparison.
0x0005644d	0x000278f2	SOURCE/KB	?UpdateSystemOptionsMenu@@YAXXZ	same-masked-body	compiler-control:SOURCE-KB-vc41.obj	Discovery classification; masked operands do not prove referent equivalence.
0x00056804	0x00027ca9	SOURCE/KB	?CleanUpMenus@@YAXXZ	same-masked-body	compiler-control:SOURCE-KB-vc41.obj	Discovery classification; masked operands do not prove referent equivalence.
0x0005689d	0x00027d42	SOURCE/KB	?UpdateAppSpecificMenus@@YAXPAX@Z	changed-body	compiler-control:SOURCE-KB-vc41.obj	Compiler, layout or source difference; see behavior notes and strict comparison.
0x000568c1	0x00027d65	SOURCE/KB	?EarlyResizeWindow@@YAXHHHH@Z	same-masked-body	compiler-control:SOURCE-KB-vc41.obj	Discovery classification; masked operands do not prove referent equivalence.
0x000568f0	0x0000bde0	SOURCE/SETUP	?SetupCampaignGame@game@@QAECXZ	changed-body	unique-body>=80	Compiler, layout or source difference; see behavior notes and strict comparison.
0x00056a54	0x0000bf44	SOURCE/SETUP	?SetupBaud@game@@QAECXZ	same-masked-body	unique-body>=80	Discovery classification; masked operands do not prove referent equivalence.
0x00056be4	0x0000c0d4	SOURCE/SETUP	?SetupComPort@game@@QAECXZ	same-masked-body	unique-body>=80	Discovery classification; masked operands do not prove referent equivalence.
0x00056e06	0x0000c2f6	SOURCE/SETUP	?SetupHotSeatGame@game@@QAECXZ	same-masked-body	unique-body>=80	Discovery classification; masked operands do not prove referent equivalence.
0x00056f63	0x0000c453	SOURCE/SETUP	?SetupNetworkGame@game@@QAECXZ	same-masked-body	unique-body>=80	Discovery classification; masked operands do not prove referent equivalence.
0x00057096	0x0000c586	SOURCE/SETUP	?SetupModemGame@game@@QAECXZ	same-masked-body	unique-body>=80	Discovery classification; masked operands do not prove referent equivalence.
0x000573c9	0x0000c8b9	SOURCE/SETUP	?SetupMultiPlayerGame@game@@QAECXZ	changed-body	references:1	Compiler, layout or source difference; see behavior notes and strict comparison.
0x000575e1	0x0000cad1	SOURCE/SETUP	?SetupGame@game@@QAECC@Z	same-masked-body	unique-body>=80	Discovery classification; masked operands do not prove referent equivalence.
0x00057a67	0x0000cf57	SOURCE/SETUP	?PickLoadGame@game@@QAECXZ	same-masked-body	unique-body>=80	Discovery classification; masked operands do not prove referent equivalence.
0x00057c4e	0x0000d13e	SOURCE/SETUP	?SetupCampaignGameHandler@@YAFAAUtag_message@@@Z	changed-body	references:1	Compiler, layout or source difference; see behavior notes and strict comparison.
0x00057d60	0x0000d250	SOURCE/SETUP	?SetupComPortHandler@@YAFAAUtag_message@@@Z	changed-body	references:1	Compiler, layout or source difference; see behavior notes and strict comparison.
0x00057ea9	0x0000d399	SOURCE/SETUP	?SetupBaudHandler@@YAFAAUtag_message@@@Z	same-masked-body	references:1	Discovery classification; masked operands do not prove referent equivalence.
0x00057ff2	0x0000d4e2	SOURCE/SETUP	?SetupHotSeatGameHandler@@YAFAAUtag_message@@@Z	same-masked-body	references:1	Discovery classification; masked operands do not prove referent equivalence.
0x000580f4	0x0000d5e4	SOURCE/SETUP	?SetupModemGameHandler@@YAFAAUtag_message@@@Z	same-masked-body	unique-body>=80	Discovery classification; masked operands do not prove referent equivalence.
0x0005822d	0x0000d71d	SOURCE/SETUP	?SetupMultiPlayerGameHandler@@YAFAAUtag_message@@@Z	same-masked-body	references:1	Discovery classification; masked operands do not prove referent equivalence.
0x0005833f	0x0000d82f	SOURCE/SETUP	?SetupNetworkGameHandler@@YAFAAUtag_message@@@Z	same-masked-body	unique-body>=80	Discovery classification; masked operands do not prove referent equivalence.
0x00058420	0x0000d910	SOURCE/SETUP	?SetupGameHandler@@YAFAAUtag_message@@@Z	same-masked-body	references:1	Discovery classification; masked operands do not prove referent equivalence.
0x00058522	0x0000da12	SOURCE/SETUP	?BaseSetupHandler@@YAFAAUtag_message@@@Z	same-masked-body	unique-body>=80	Discovery classification; masked operands do not prove referent equivalence.
0x00058620	0x00070b20	SOURCE/REMOTE	?RemoteCleanup@@YAXXZ	same-masked-body	unique-body>=80	Discovery classification; masked operands do not prove referent equivalence.
0x000586ad	0x00070bad	SOURCE/REMOTE	?ReadFileBlock@@YAPAXPADPAXHH@Z	same-masked-body	unique-body>=80	Discovery classification; masked operands do not prove referent equivalence.
0x00058721	0x00070c21	SOURCE/REMOTE	?FileSize@@YAHPAD@Z	changed-body	references:1	Compiler, layout or source difference; see behavior notes and strict comparison.
0x0005879c	0x00070c9c	SOURCE/REMOTE	?RemoteMain@@YAXH@Z	same-masked-body	unique-body>=80	Discovery classification; masked operands do not prove referent equivalence.
0x00058a16	0x00070f16	SOURCE/REMOTE	?UnloadRemoteDriver@@YAXF@Z	same-masked-body	unique-body>=80	Discovery classification; masked operands do not prove referent equivalence.
0x00058a71	0x00070f71	SOURCE/REMOTE	?calc_crc@@YAXPAGPAEH@Z	changed-body	references:1	Compiler, layout or source difference; see behavior notes and strict comparison.
0x00058b27	0x00071027	SOURCE/REMOTE	?EncodePacket@@YAHPAECCH@Z	same-masked-body	unique-body>=80	Discovery classification; masked operands do not prove referent equivalence.
0x00058bad	0x000710ad	SOURCE/REMOTE	?DecodePacket@@YAHPAEH@Z	changed-body	references:1	Compiler, layout or source difference; see behavior notes and strict comparison.
0x00058d0f	0x0007120f	SOURCE/REMOTE	?SendRemoteData@@YAHPAE0HH@Z	changed-body	references:1	Compiler, layout or source difference; see behavior notes and strict comparison.
0x00058e50	0x00071350	SOURCE/REMOTE	?ReceiveRemoteData@@YAHPAE0H@Z	same-masked-body	unique-body>=80	Discovery classification; masked operands do not prove referent equivalence.
0x00058f44	0x00071444	SOURCE/REMOTE	?InitNetHost@@YACXZ	changed-body	references:1	Compiler, layout or source difference; see behavior notes and strict comparison.
0x000590d8	0x000715d8	SOURCE/REMOTE	?InitNetGuest@@YACXZ	changed-body	references:1	Compiler, layout or source difference; see behavior notes and strict comparison.
0x000592c9	0x000717c9	SOURCE/REMOTE	?WaitForHost@@YACXZ	same-masked-body	unique-body>=80	Discovery classification; masked operands do not prove referent equivalence.
0x00059367	0x00071867	SOURCE/REMOTE	?WaitForGuest@@YACXZ	same-masked-body	unique-body>=80	Discovery classification; masked operands do not prove referent equivalence.
0x00059468	0x00071968	SOURCE/REMOTE	?nbnet_init@@YAHXZ	same-masked-body	unique-body>=80	Discovery classification; masked operands do not prove referent equivalence.
0x00059630	0x00071b30	SOURCE/REMOTE	?ModemSetup@@YAXXZ	same-masked-body	unique-body>=80	Discovery classification; masked operands do not prove referent equivalence.
0x00059727	0x00071c27	SOURCE/REMOTE	?Dial@@YAHXZ	same-masked-body	unique-body>=80	Discovery classification; masked operands do not prove referent equivalence.
0x000597cc	0x00071ccc	SOURCE/REMOTE	?Wait@@YAHXZ	same-masked-body	unique-body>=80	Discovery classification; masked operands do not prove referent equivalence.
0x00059829	0x00071d29	SOURCE/REMOTE	?GUIModemCommand@@YAXPAD0@Z	same-masked-body	unique-body>=80	Discovery classification; masked operands do not prove referent equivalence.
0x0005989a	0x00071d9a	SOURCE/REMOTE	?GUIModemCommandExec@@YACXZ	same-masked-body	unique-body>=80	Discovery classification; masked operands do not prove referent equivalence.
0x0005992e	0x00071e2e	SOURCE/REMOTE	?ModemCommand@@YAXPAD@Z	same-masked-body	unique-body>=80	Discovery classification; masked operands do not prove referent equivalence.
0x0005999a	0x00071e9a	SOURCE/REMOTE	?GUIModemResponse@@YACPAD0@Z	same-masked-body	unique-body>=80	Discovery classification; masked operands do not prove referent equivalence.
0x00059a14	0x00071f14	SOURCE/REMOTE	?GUIModemResponseExec@@YACXZ	same-masked-body	unique-body>=80	Discovery classification; masked operands do not prove referent equivalence.
0x00059af6	0x00071ff6	SOURCE/REMOTE	?write_buffer@@YAHPADH@Z	same-masked-body	references:2	Discovery classification; masked operands do not prove referent equivalence.
0x00059b21	0x00072021	SOURCE/REMOTE	?read_byte@@YAHXZ	same-masked-body	references:2	Discovery classification; masked operands do not prove referent equivalence.
0x00059b68	0x00072068	SOURCE/REMOTE	?write_byte@@YAXH@Z	same-masked-body	local-order-body	Discovery classification; masked operands do not prove referent equivalence.
0x00059b8c	0x0007208c	SOURCE/REMOTE	?Connect@@YAXXZ	changed-body	references:1	Compiler, layout or source difference; see behavior notes and strict comparison.
0x00059e4c	0x0007234c	SOURCE/REMOTE	?WaitForDirectConnect@@YAHXZ	same-masked-body	unique-body>=80	Discovery classification; masked operands do not prove referent equivalence.
0x0005a162	0x00072662	SOURCE/REMOTE	?ReadPacket@@YADXZ	same-masked-body	unique-body>=80	Discovery classification; masked operands do not prove referent equivalence.
0x0005a26b	0x0007276b	SOURCE/REMOTE	?WriteModemPacket@@YAXPADH@Z	changed-body	references:1	Compiler, layout or source difference; see behavior notes and strict comparison.
0x0005a347	0x00072847	SOURCE/REMOTE	?TransmitRemoteData@@YAHPADHHCCCCC@Z	changed-body	references:3	Compiler, layout or source difference; see behavior notes and strict comparison.
0x0005a578	0x00072a6f	SOURCE/REMOTE	?GetRemoteData@@YAPADC@Z	same-masked-body	unique-body>=80	Discovery classification; masked operands do not prove referent equivalence.
0x0005a684	0x00072b7b	SOURCE/REMOTE	?PollRemote@@YAXXZ	same-masked-body	unique-body>=80	Discovery classification; masked operands do not prove referent equivalence.
0x0005ab82	0x00073079	SOURCE/REMOTE	?TransmitAndWait@@YAHPADHHCCPAPAD@Z	changed-body	references:1	Compiler, layout or source difference; see behavior notes and strict comparison.
0x0005ace0	-	SOURCE/SMACKMGR	_radmalloc	removed-smacker-allocator	-	No surviving correspondence admitted.
0x0005ad2c	-	SOURCE/SMACKMGR	_radfree	removed-smacker-allocator	-	No surviving correspondence admitted.
0x0005ad48	0x0003d3f0	SOURCE/SMACKMGR	??0smackManager@@QAE@XZ	same-masked-body	references:1	Discovery classification; masked operands do not prove referent equivalence.
0x0005ad72	0x0003d41a	SOURCE/SMACKMGR	?Open@smackManager@@UAEFF@Z	same-masked-body	unique-body>=80	Discovery classification; masked operands do not prove referent equivalence.
0x0005adc5	0x0003d4b9	SOURCE/SMACKMGR	?Close@smackManager@@UAEXXZ	identical-bytes	paired-pointer-array:0x8c4a8	Same complete census body after alignment padding removal.
0x0005ade4	0x0003d4d8	SOURCE/SMACKMGR	?Main@smackManager@@UAEFAAUtag_message@@@Z	changed-body	paired-pointer-array:0x8c4a8	Reviewed runtime/CPU/logging unit; see docs/versions/win95-1.2.md for per-function behavior and retained code.
0x0005b759	0x0003dde6	SOURCE/SMACKMGR	?PlaySmacker@@YAXC@Z	same-masked-body	unique-body>=80	Discovery classification; masked operands do not prove referent equivalence.
0x0005b7f0	0x00032870	SOURCE/kbwin	_WinMain@16	changed-body	references:1	Compiler, layout or source difference; see behavior notes and strict comparison.
0x0005b93e	0x000329be	SOURCE/kbwin	?AppInit@@YAHPAX0HPAD@Z	same-masked-body	unique-body>=80	Discovery classification; masked operands do not prove referent equivalence.
0x0005bc14	0x00032c94	SOURCE/kbwin	?AppIdle@@YAHXZ	same-masked-body	references:1	Discovery classification; masked operands do not prove referent equivalence.
0x0005bc45	0x00032cc5	SOURCE/kbwin	?AppWndProc@@YGJPAXIIJ@Z	same-masked-body	unique-body>=80	Discovery classification; masked operands do not prove referent equivalence.
0x0005c25c	0x000332dc	SOURCE/kbwin	_AppAbout@16	changed-body	adjacent-to-exact-body:0x5bc45	Compiler, layout or source difference; see behavior notes and strict comparison.
0x0005c2ec	0x0003336c	SOURCE/kbwin	?AppExit@@YAXXZ	same-masked-body	references:1	Discovery classification; masked operands do not prove referent equivalence.
0x0005c306	0x00033386	SOURCE/kbwin	?Process1WindowsMessage@@YAXXZ	same-masked-body	unique-body>=80	Discovery classification; masked operands do not prove referent equivalence.
0x0005c3d0	0x00033450	SOURCE/kbwin	?ResizeWindow@@YAXHHHH@Z	same-masked-body	unique-body>=80	Discovery classification; masked operands do not prove referent equivalence.
0x0005c4f7	0x00033577	SOURCE/kbwin	?AppCommand@@YAHPAXIIH@Z	changed-body	references:2	Compiler, layout or source difference; see behavior notes and strict comparison.
0x0005c67c	0x000336fc	SOURCE/kbwin	?UpdateDfltMenu@@YAXPAX@Z	same-masked-body	unique-body>=80	Discovery classification; masked operands do not prove referent equivalence.
0x0005c74c	0x000337cc	SOURCE/kbwin	?KBChangeMenu@@YAXPAX@Z	same-masked-body	unique-body>=80	Discovery classification; masked operands do not prove referent equivalence.
0x0005c7f6	0x00033876	SOURCE/kbwin	?SetMenuStatus@@YAXH@Z	changed-body	references:2	Compiler, layout or source difference; see behavior notes and strict comparison.
0x0005c92b	0x000339ab	SOURCE/kbwin	?SetNoDialogMenus@@YAXH@Z	same-masked-body	unique-body>=80	Discovery classification; masked operands do not prove referent equivalence.
0x0005c9a4	0x00033a24	SOURCE/kbwin	?SetMenus@@YAXPAXH@Z	changed-body	references:1	Compiler, layout or source difference; see behavior notes and strict comparison.
0x0005cafe	0x00033b7e	SOURCE/kbwin	?SetGameDefaults@@YAXXZ	changed-body	references:1	Compiler, layout or source difference; see behavior notes and strict comparison.
0x0005cca1	0x00033d21	SOURCE/kbwin	?ReadPrefsFromFile@@YAXXZ	changed-body	reviewed-packed-boundary	Compiler, layout or source difference; see behavior notes and strict comparison.
0x0005ceae	0x00033f2e	SOURCE/kbwin	?ReadPrefsFromRegistry@@YAXXZ	changed-body	references:1	Compiler, layout or source difference; see behavior notes and strict comparison.
0x0005d3d1	0x00034453	SOURCE/kbwin	?ReadPrefs@@YAXXZ	same-masked-body	references:1	Discovery classification; masked operands do not prove referent equivalence.
0x0005d3e6	0x00034468	SOURCE/kbwin	?WritePrefsToFile@@YAXXZ	changed-body	adjacent-to-exact-body:0x5d3d1	Compiler, layout or source difference; see behavior notes and strict comparison.
0x0005d470	0x000344f2	SOURCE/kbwin	?WritePrefsToRegistry@@YAXXZ	changed-body	references:1	Compiler, layout or source difference; see behavior notes and strict comparison.
0x0005d840	0x000348b9	SOURCE/kbwin	?WritePrefs@@YAXXZ	same-masked-body	references:7	Discovery classification; masked operands do not prove referent equivalence.
0x0005d85a	0x000348d3	SOURCE/kbwin	?SetupCDDrive@@YAHXZ	changed-body	references:1	Compiler, layout or source difference; see behavior notes and strict comparison.
0x0005dd1f	0x00034d9e	SOURCE/kbwin	?SetWinText@@YAXPAVheroWindow@@F@Z	changed-body	references:2	Compiler, layout or source difference; see behavior notes and strict comparison.
0x0005dd9b	0x00034e1a	SOURCE/kbwin	?KBTickCount@@YAHXZ	same-masked-body	references:23	Discovery classification; masked operands do not prove referent equivalence.
0x0005ddb1	0x00034e30	SOURCE/kbwin	?ProcessAssert@@YAXHPADH@Z	same-masked-body	unique-body>=80	Discovery classification; masked operands do not prove referent equivalence.
0x0005de14	0x00034e93	SOURCE/kbwin	?FindToken@@YAPADPADD@Z	changed-body	references:1	Compiler, layout or source difference; see behavior notes and strict comparison.
0x0005de79	0x00034ef8	SOURCE/kbwin	?FindLastToken@@YAPADPADD@Z	changed-body	references:1	Compiler, layout or source difference; see behavior notes and strict comparison.
0x0005dee0	0x00001000	SOURCE/EVENTS	?DoEvent@advManager@@QAEXPAVmapCell@@HH@Z	changed-body	references:1	Compiler, layout or source difference; see behavior notes and strict comparison.
0x0005fdfa	0x00002f1a	SOURCE/EVENTS	?EraseObj@advManager@@QAEXPAVmapCell@@HH@Z	changed-body	references:1	Compiler, layout or source difference; see behavior notes and strict comparison.
0x0005fff3	0x00003113	SOURCE/EVENTS	?HeroSwap@advManager@@QAEXPAVhero@@0@Z	same-masked-body	unique-body>=80	Discovery classification; masked operands do not prove referent equivalence.
0x000600c0	0x000031e0	SOURCE/EVENTS	?TownEvent@advManager@@QAEXPAVmapCell@@HH@Z	changed-body	references:1	Compiler, layout or source difference; see behavior notes and strict comparison.
0x0006027f	0x0000339f	SOURCE/EVENTS	?EventSound@advManager@@QAEXFF@Z	changed-body	references:2	Compiler, layout or source difference; see behavior notes and strict comparison.
0x000604c2	0x000035e2	SOURCE/EVENTS	?EventWindow@advManager@@QAEXFHPADHHHHH@Z	changed-body	references:3	Compiler, layout or source difference; see behavior notes and strict comparison.
0x000605a0	0x000036bd	SOURCE/EVENTS	?GiveArtifact@advManager@@QAEFPAVhero@@C@Z	same-masked-body	unique-body>=80	Discovery classification; masked operands do not prove referent equivalence.
0x00060649	0x00003766	SOURCE/EVENTS	?GiveRandomArtifact@advManager@@QAEHPAVhero@@@Z	same-masked-body	unique-body>=80	Discovery classification; masked operands do not prove referent equivalence.
0x000606a8	0x000037c5	SOURCE/EVENTS	?GiveExperience@advManager@@QAEHPAVhero@@HC@Z	same-masked-body	unique-body>=80	Discovery classification; masked operands do not prove referent equivalence.
0x00060758	0x00003875	SOURCE/EVENTS	?GiveResource@advManager@@QAEXPAVhero@@CF@Z	same-masked-body	unique-body>=80	Discovery classification; masked operands do not prove referent equivalence.
0x000607b2	0x000038cf	SOURCE/EVENTS	?RecruitEvent@advManager@@QAEXPAVhero@@HPAVmapCell@@@Z	changed-body	references:1	Compiler, layout or source difference; see behavior notes and strict comparison.
0x0006089e	0x000039bb	SOURCE/EVENTS	?GhostEvent@advManager@@QAECPAVhero@@PAVmapCell@@HHH@Z	same-masked-body	unique-body>=80	Discovery classification; masked operands do not prove referent equivalence.
0x00060b7e	0x00003c9b	SOURCE/EVENTS	?HouseEvent@advManager@@QAEXPAVhero@@PAVmapCell@@@Z	same-masked-body	unique-body>=80	Discovery classification; masked operands do not prove referent equivalence.
0x00060c9c	0x00003db9	SOURCE/EVENTS	?CombatMonsterEvent@advManager@@QAECPAVhero@@CFPAVmapCell@@HHCHH@Z	changed-body	references:2	Compiler, layout or source difference; see behavior notes and strict comparison.
0x00060e9c	0x00003fb9	SOURCE/EVENTS	?GiveTakeArtifactStat@advManager@@QAEXPAVhero@@CC@Z	same-masked-body	unique-body>=80	Discovery classification; masked operands do not prove referent equivalence.
0x000610df	0x000041fc	SOURCE/EVENTS	?TransferArtifacts@advManager@@QAEXPAVhero@@0@Z	same-masked-body	unique-body>=80	Discovery classification; masked operands do not prove referent equivalence.
0x000612df	0x000043fc	SOURCE/EVENTS	?HeroLoses@advManager@@QAEXPAVhero@@@Z	same-masked-body	unique-body>=80	Discovery classification; masked operands do not prove referent equivalence.
0x0006135c	0x00004479	SOURCE/EVENTS	?DoWhirlpool@advManager@@QAEXPAVhero@@@Z	changed-body	references:1	Compiler, layout or source difference; see behavior notes and strict comparison.
0x00061493	0x000045b0	SOURCE/EVENTS	?FizzleCenter@advManager@@QAEXH@Z	same-masked-body	unique-body>=80	Discovery classification; masked operands do not prove referent equivalence.
0x000615a6	0x000046c3	SOURCE/EVENTS	?DoAIEvent@advManager@@QAEXPAVmapCell@@PAVhero@@HH@Z	changed-body	adjacent-to-exact-body:0x61493	Compiler, layout or source difference; see behavior notes and strict comparison.
0x000626e7	0x00005804	SOURCE/EVENTS	?PlayerMonsterInteract@advManager@@QAEXPAVmapCell@@0PAVhero@@PACHHCHH@Z	same-masked-body	unique-body>=80	Discovery classification; masked operands do not prove referent equivalence.
0x00062881	0x0000599e	SOURCE/EVENTS	?ComputerMonsterInteract@advManager@@QAEXPAVmapCell@@PAVhero@@PAC@Z	changed-body	references:1	Compiler, layout or source difference; see behavior notes and strict comparison.
0x000629d3	0x00005af0	SOURCE/EVENTS	?DoNetCombat@advManager@@QAEHPAD@Z	changed-body	references:1	Compiler, layout or source difference; see behavior notes and strict comparison.
0x00062b62	0x00005c7f	SOURCE/EVENTS	?DoCombat@advManager@@QAEHHHPAVhero@@PAVarmyGroup@@PAVtown@@01HHHC@Z	changed-body	references:2	Compiler, layout or source difference; see behavior notes and strict comparison.
0x00063128	0x00006245	SOURCE/EVENTS	?SendHeroTownData@advManager@@QAEXHHPAVhero@@PAVarmyGroup@@PAVtown@@01HHHCCCC@Z	same-masked-body	unique-body>=80	Discovery classification; masked operands do not prove referent equivalence.
0x00063402	0x0000651f	SOURCE/EVENTS	?ReceiveHeroTownData@advManager@@QAEXPADPAH11PAPAVhero@@PAPAVarmyGroup@@PAPAVtown@@23111PAC55@Z	changed-body	references:1	Compiler, layout or source difference; see behavior notes and strict comparison.
0x00063750	0x00037ed0	SOURCE/STRIP	??0strip@@QAE@FFCFCPAVarmyGroup@@FH@Z	same-masked-body	unique-body>=80	Discovery classification; masked operands do not prove referent equivalence.
0x00063a2e	0x000381ae	SOURCE/STRIP	??1strip@@QAE@XZ	same-masked-body	unique-body>=80	Discovery classification; masked operands do not prove referent equivalence.
0x00063b40	0x000382c0	SOURCE/STRIP	?Draw@strip@@QAEXXZ	same-masked-body	references:1	Discovery classification; masked operands do not prove referent equivalence.
0x00063b82	0x00038302	SOURCE/STRIP	?DrawIcons@strip@@QAEXC@Z	same-masked-body	unique-body>=80	Discovery classification; masked operands do not prove referent equivalence.
0x00063df0	0x00038570	SOURCE/STRIP	?DrawFrame@strip@@QAEXXZ	same-masked-body	local-order-body	Discovery classification; masked operands do not prove referent equivalence.
0x00063e27	0x000385a7	SOURCE/STRIP	??0bankBox@@QAE@FFPAVplayerData@@@Z	same-masked-body	unique-body>=80	Discovery classification; masked operands do not prove referent equivalence.
0x00063f25	0x000386a5	SOURCE/STRIP	??1bankBox@@QAE@XZ	same-masked-body	references:1	Discovery classification; masked operands do not prove referent equivalence.
0x00063f68	0x000386e8	SOURCE/STRIP	?Update@bankBox@@QAEXXZ	changed-body	references:4	Compiler, layout or source difference; see behavior notes and strict comparison.
0x00064030	0x0003c320	SOURCE/TOWN	??0town@@QAE@XZ	same-masked-body	unique-body>=80	Discovery classification; masked operands do not prove referent equivalence.
0x0006409b	0x0003c38b	SOURCE/TOWN	?HasGarrison@town@@QAECXZ	identical-bytes	unique-body>=80	Same complete census body after alignment padding removal.
0x000640f0	0x0003c3e0	SOURCE/TOWN	?GiveSpells@town@@QAEXXZ	changed-body	references:1	Compiler, layout or source difference; see behavior notes and strict comparison.
0x000641d1	0x0003c4c1	SOURCE/TOWN	?XformToCastle@town@@QAEXXZ	same-masked-body	unique-body>=80	Discovery classification; masked operands do not prove referent equivalence.
0x0006434d	0x0003c63d	SOURCE/TOWN	?View@town@@QAEXXZ	same-masked-body	unique-body>=80	Discovery classification; masked operands do not prove referent equivalence.
0x000643f2	0x0003c6e2	SOURCE/TOWN	?Deallocate@town@@QAEXXZ	changed-body	references:1	Compiler, layout or source difference; see behavior notes and strict comparison.
0x00064550	0x00039df0	SOURCE/NOOPT	?DelayTicks@@YAXH@Z	same-masked-body	reviewed-packed-boundary	Discovery classification; masked operands do not prove referent equivalence.
0x00064590	0x00039e30	SOURCE/NOOPT	?DelayTil@@YAXPAH@Z	same-masked-body	unique-body>=80	Discovery classification; masked operands do not prove referent equivalence.
0x000645e4	0x00039e84	SOURCE/NOOPT	?DelayMilli@@YAXH@Z	same-masked-body	references:3	Discovery classification; masked operands do not prove referent equivalence.
0x00064607	0x00039ea7	SOURCE/NOOPT	?DelayTilMilli@@YAXH@Z	same-masked-body	references:1	Discovery classification; masked operands do not prove referent equivalence.
0x00064640	0x0003de80	SOURCE/AI	?AICheckRetreat@combatManager@@QAEHXZ	changed-body	references:1	Compiler, layout or source difference; see behavior notes and strict comparison.
0x00064dc3	0x0003e65b	SOURCE/AI	?DoCompAI@combatManager@@QAEXC@Z	changed-body	references:1	Compiler, layout or source difference; see behavior notes and strict comparison.
0x00065791	0x0003f029	SOURCE/AI	?GetShooterMask@combatManager@@QAEFC@Z	changed-body	references:1	Compiler, layout or source difference; see behavior notes and strict comparison.
0x0006585b	0x0003f0f3	SOURCE/AI	?GetFlyerMask@combatManager@@QAEFC@Z	changed-body	references:1	Compiler, layout or source difference; see behavior notes and strict comparison.
0x00065916	0x0003f1ae	SOURCE/AI	?GetWalkerMask@combatManager@@QAEFC@Z	changed-body	references:1	Compiler, layout or source difference; see behavior notes and strict comparison.
0x000659ed	0x0003f285	SOURCE/AI	?GetBestArmy@combatManager@@QAEFCF@Z	changed-body	references:1	Compiler, layout or source difference; see behavior notes and strict comparison.
0x00065aa0	0x0003f338	SOURCE/AI	?GetWorstArmy@combatManager@@QAEFCF@Z	changed-body	references:1	Compiler, layout or source difference; see behavior notes and strict comparison.
0x00065b53	0x0003f3eb	SOURCE/AI	?GetClosestArmy@combatManager@@QAEFPAVarmy@@CF@Z	changed-body	references:1	Compiler, layout or source difference; see behavior notes and strict comparison.
0x00065c5c	0x0003f4f4	SOURCE/AI	?GetStrength@combatManager@@QAEICF@Z	changed-body	references:1	Compiler, layout or source difference; see behavior notes and strict comparison.
0x00065d17	0x0003f5af	SOURCE/AI	?AttemptAttack@combatManager@@QAECPAVarmy@@CF@Z	same-masked-body	unique-body>=80	Discovery classification; masked operands do not prove referent equivalence.
0x00065ec7	0x0003f75f	SOURCE/AI	?AttemptAdjacentAttack@combatManager@@QAECPAVarmy@@@Z	changed-body	references:1	Compiler, layout or source difference; see behavior notes and strict comparison.
0x00066170	0x0003fa08	SOURCE/AI	?WalkTowardArmyFront@combatManager@@QAECPAVarmy@@CF@Z	changed-body	references:1	Compiler, layout or source difference; see behavior notes and strict comparison.
0x0006637f	0x0003fc17	SOURCE/AI	?WalkTowardArmy@combatManager@@QAECPAVarmy@@CF@Z	changed-body	references:1	Compiler, layout or source difference; see behavior notes and strict comparison.
0x000665b0	0x00006870	SOURCE/ARMY	??0army@@QAE@XZ	same-masked-body	compiler-control:SOURCE-ARMY-vc41.obj	Discovery classification; masked operands do not prove referent equivalence.
0x00066679	0x00006939	SOURCE/ARMY	?WaitSample@army@@QAEXH@Z	identical-bytes	references:1	Same complete census body after alignment padding removal.
0x00066691	0x00006951	SOURCE/ARMY	?InitClean@army@@QAEXXZ	identical-bytes	compiler-control:SOURCE-ARMY-vc41.obj	Same complete census body after alignment padding removal.
0x00066702	0x000069c2	SOURCE/ARMY	?Init@army@@QAEXCFCC@Z	same-masked-body	compiler-control:SOURCE-ARMY-vc41.obj	Discovery classification; masked operands do not prove referent equivalence.
0x00066824	0x00006ae4	SOURCE/ARMY	?LoadResources@army@@QAEXXZ	changed-body	references:1	Compiler, layout or source difference; see behavior notes and strict comparison.
0x00066a5b	0x00006d1b	SOURCE/ARMY	?FreeResources@army@@QAEXXZ	same-masked-body	compiler-control:SOURCE-ARMY-vc41.obj	Discovery classification; masked operands do not prove referent equivalence.
0x00066b4c	0x00006e0c	SOURCE/ARMY	?DrawToBuffer@army@@QAEXFF@Z	changed-body	references:1	Compiler, layout or source difference; see behavior notes and strict comparison.
0x000673a2	0x00007662	SOURCE/ARMY	?Stand@army@@QAEXC@Z	same-masked-body	compiler-control:SOURCE-ARMY-vc41.obj	Discovery classification; masked operands do not prove referent equivalence.
0x00067405	0x000076c5	SOURCE/ARMY	?Wince@army@@QAEXXZ	same-masked-body	compiler-control:SOURCE-ARMY-vc41.obj	Discovery classification; masked operands do not prove referent equivalence.
0x00067466	0x00007726	SOURCE/ARMY	?Walk@army@@QAEXFCC@Z	changed-body	references:2	Compiler, layout or source difference; see behavior notes and strict comparison.
0x00067cb9	0x00007f77	SOURCE/ARMY	?SpecialAttack@army@@QAEXXZ	changed-body	references:1	Compiler, layout or source difference; see behavior notes and strict comparison.
0x00068983	0x00008bf6	SOURCE/ARMY	?DoHydraAttack@army@@QAEXXZ	changed-body	references:1	Compiler, layout or source difference; see behavior notes and strict comparison.
0x000690e8	0x0000935b	SOURCE/ARMY	?DirDoAttack@army@@QAEXF@Z	identical-bytes	compiler-control:SOURCE-ARMY-vc41.obj	Same complete census body after alignment padding removal.
0x00069115	0x00009388	SOURCE/ARMY	?DoAttack@army@@QAEXH@Z	changed-body	references:1	Compiler, layout or source difference; see behavior notes and strict comparison.
0x0006a1a2	0x0000a415	SOURCE/ARMY	?ResetPath@army@@QAEXXZ	same-masked-body	compiler-control:SOURCE-ARMY-vc41.obj	Discovery classification; masked operands do not prove referent equivalence.
0x0006a1eb	0x0000a45e	SOURCE/ARMY	?WalkTo@army@@QAEFXZ	identical-bytes	local-order-body	Same complete census body after alignment padding removal.
0x0006a212	0x0000a485	SOURCE/ARMY	?WalkTo@army@@QAEFF@Z	same-masked-body	compiler-control:SOURCE-ARMY-vc40.obj	Discovery classification; masked operands do not prove referent equivalence.
0x0006a30e	0x0000a581	SOURCE/ARMY	?AttackTo@army@@QAEFXZ	identical-bytes	local-order-body	Same complete census body after alignment padding removal.
0x0006a335	0x0000a5a8	SOURCE/ARMY	?AttackTo@army@@QAEFF@Z	same-masked-body	compiler-control:SOURCE-ARMY-vc40.obj	Discovery classification; masked operands do not prove referent equivalence.
0x0006a4fe	0x0000a771	SOURCE/ARMY	?CheckLuck@army@@QAEXXZ	same-masked-body	compiler-control:SOURCE-ARMY-vc41.obj	Discovery classification; masked operands do not prove referent equivalence.
0x0006a747	0x0000a9ba	SOURCE/ARMY	?DamageEnemy@army@@QAEXPAV1@PAH1HH@Z	changed-body	references:1	Compiler, layout or source difference; see behavior notes and strict comparison.
0x0006a9f5	0x0000ac26	SOURCE/ARMY	?Damage@army@@QAEHH@Z	changed-body	references:1	Compiler, layout or source difference; see behavior notes and strict comparison.
0x0006ab6b	0x0000ad9c	SOURCE/ARMY	?PowEffect@army@@QAEXC@Z	changed-body	references:1	Compiler, layout or source difference; see behavior notes and strict comparison.
0x0006b414	0x0000b645	SOURCE/ARMY	?Strength@army@@QAEIXZ	same-masked-body	compiler-control:SOURCE-ARMY-vc41.obj	Discovery classification; masked operands do not prove referent equivalence.
0x0006b448	0x0000b679	SOURCE/ARMY	?SpellEffect@army@@QAEXFH@Z	changed-body	references:2	Compiler, layout or source difference; see behavior notes and strict comparison.
0x0006b579	0x0000b7aa	SOURCE/ARMY	?CancelSpell@army@@QAEXXZ	changed-body	compiler-control:SOURCE-ARMY-vc41.obj	Compiler, layout or source difference; see behavior notes and strict comparison.
0x0006b62b	0x0000b85c	SOURCE/ARMY	?GoBerserk@army@@QAEXXZ	changed-body	adjacent-to-exact-body:0x6b579	Compiler, layout or source difference; see behavior notes and strict comparison.
0x0006b809	0x0000ba3a	SOURCE/ARMY	?MoveAttack@army@@QAEXHH@Z	changed-body	references:1	Compiler, layout or source difference; see behavior notes and strict comparison.
0x0006bbb0	0x00047250	SOURCE/HERO	??0hero@@QAE@XZ	same-masked-body	compiler-control:SOURCE-HERO-vc41.obj	Discovery classification; masked operands do not prove referent equivalence.
0x0006bc18	0x000472b8	SOURCE/HERO	?GetArmyStrengths@hero@@QAEXQAI@Z	identical-bytes	local-order-body	Same complete census body after alignment padding removal.
0x0006bc30	0x000472d0	SOURCE/HERO	?HasArtifact@hero@@QAECC@Z	identical-bytes	compiler-control:SOURCE-HERO-vc41.obj	Same complete census body after alignment padding removal.
0x0006bc8d	0x0004732d	SOURCE/HERO	?CalcMobility@hero@@QAEFXZ	changed-body	references:1	Compiler, layout or source difference; see behavior notes and strict comparison.
0x0006be7a	0x0004751a	SOURCE/HERO	?HasSpell@hero@@QAECC@Z	identical-bytes	compiler-control:SOURCE-HERO-vc41.obj	Same complete census body after alignment padding removal.
0x0006bed0	0x00047570	SOURCE/HERO	?GetNumSpells@hero@@QAEFC@Z	changed-body	references:1	Compiler, layout or source difference; see behavior notes and strict comparison.
0x0006bfc0	0x00047660	SOURCE/HERO	?UseSpell@hero@@QAEXC@Z	identical-bytes	compiler-control:SOURCE-HERO-vc41.obj	Same complete census body after alignment padding removal.
0x0006c1d7	0x00047877	SOURCE/HERO	?AddSpell@hero@@QAEHCCH@Z	changed-body	compiler-control:SOURCE-HERO-vc41.obj	Compiler, layout or source difference; see behavior notes and strict comparison.
0x0006c3ba	0x00047a5a	SOURCE/HERO	?RedrawHeroScreen@hero@@QAEXXZ	same-masked-body	compiler-control:SOURCE-HERO-vc41.obj	Discovery classification; masked operands do not prove referent equivalence.
0x0006c40d	0x00047aad	SOURCE/HERO	?HeroView@hero@@QAECC@Z	changed-body	references:1	Compiler, layout or source difference; see behavior notes and strict comparison.
0x0006cacf	0x0004816f	SOURCE/HERO	?HeroMessageUpdate@@YAXPAD@Z	same-masked-body	compiler-control:SOURCE-HERO-vc41.obj	Discovery classification; masked operands do not prove referent equivalence.
0x0006cb4b	0x000481eb	SOURCE/HERO	?HeroScreenUpdate@hero@@QAEXXZ	changed-body	compiler-control:SOURCE-HERO-vc41.obj	Compiler, layout or source difference; see behavior notes and strict comparison.
0x0006cbf6	0x00048296	SOURCE/HERO	?UpdateArmies@hero@@QAEXXZ	changed-body	compiler-control:SOURCE-HERO-vc41.obj	Compiler, layout or source difference; see behavior notes and strict comparison.
0x0006cdb0	0x00048450	SOURCE/HERO	?ViewStat@hero@@QAEXCC@Z	same-masked-body	compiler-control:SOURCE-HERO-vc41.obj	Discovery classification; masked operands do not prove referent equivalence.
0x0006cf5f	0x000485ff	SOURCE/HERO	?ViewArtifact@hero@@QAEXCC@Z	same-masked-body	compiler-control:SOURCE-HERO-vc41.obj	Discovery classification; masked operands do not prove referent equivalence.
0x0006cfa9	0x00048649	SOURCE/HERO	?Dismiss@hero@@QAECXZ	same-masked-body	compiler-control:SOURCE-HERO-vc41.obj	Discovery classification; masked operands do not prove referent equivalence.
0x0006d002	0x000486a2	SOURCE/HERO	?Deallocate@hero@@QAEXXZ	changed-body	references:3	Compiler, layout or source difference; see behavior notes and strict comparison.
0x0006d454	0x00048af4	SOURCE/HERO	?GetExperience@hero@@QAEHH@Z	changed-body	references:1	Compiler, layout or source difference; see behavior notes and strict comparison.
0x0006d524	0x00048bc4	SOURCE/HERO	?GetLevel@hero@@QAEHH@Z	changed-body	references:1	Compiler, layout or source difference; see behavior notes and strict comparison.
0x0006d616	0x00048cb6	SOURCE/HERO	?ApplyBattleWinTemps@hero@@QAEXXZ	identical-bytes	compiler-control:SOURCE-HERO-vc41.obj	Same complete census body after alignment padding removal.
0x0006d765	0x00048e05	SOURCE/HERO	?ApplyBattleLossTemps@hero@@QAEXXZ	identical-bytes	compiler-control:SOURCE-HERO-vc41.obj	Same complete census body after alignment padding removal.
0x0006d783	0x00048e23	SOURCE/HERO	?CheckLevel@hero@@QAEXXZ	changed-body	references:2	Compiler, layout or source difference; see behavior notes and strict comparison.
0x0006da77	0x00049117	SOURCE/HERO	?NumArtifacts@hero@@QAEHXZ	identical-bytes	compiler-control:SOURCE-HERO-vc41.obj	Same complete census body after alignment padding removal.
0x0006dace	0x0004916e	SOURCE/HERO	?UpdateHeroScreenStatusBar@@YAXF@Z	same-masked-body	compiler-control:SOURCE-HERO-vc41.obj	Discovery classification; masked operands do not prove referent equivalence.
0x0006dffc	0x0004969c	SOURCE/HERO	?HeroHandler@@YAFAAUtag_message@@@Z	changed-body	references:1	Compiler, layout or source difference; see behavior notes and strict comparison.
0x0006e6d0	0x0004f190	SOURCE/HEXCELL	??0hexcell@@QAE@XZ	identical-bytes	references:1	Same complete census body after alignment padding removal.
0x0006e71a	0x0004f1da	SOURCE/HEXCELL	?TakeOccupant@hexcell@@QAEPAV1@PAV1@@Z	identical-bytes	references:2	Same complete census body after alignment padding removal.
0x0006e767	0x0004f227	SOURCE/HEXCELL	?DrawGround@hexcell@@QAEXXZ	same-masked-body	references:1	Discovery classification; masked operands do not prove referent equivalence.
0x0006e7b2	0x0004f272	SOURCE/HEXCELL	?DrawOccupant@hexcell@@QAEXXZ	same-masked-body	unique-body>=80	Discovery classification; masked operands do not prove referent equivalence.
0x0006e83c	0x0004f2fc	SOURCE/HEXCELL	?DrawTower@hexcell@@QAEXC@Z	same-masked-body	unique-body>=80	Discovery classification; masked operands do not prove referent equivalence.
0x0006e98d	0x0004f44d	SOURCE/HEXCELL	?DrawWall@hexcell@@QAEXXZ	changed-body	references:1	Compiler, layout or source difference; see behavior notes and strict comparison.
0x0006ec40	0x0004f700	SOURCE/HEXCELL	?DrawObstacle@hexcell@@QAEXXZ	same-masked-body	unique-body>=80	Discovery classification; masked operands do not prove referent equivalence.
0x0006edd0	0x0004f890	SOURCE/SWAPMGR	??0swapManager@@QAE@XZ	same-masked-body	unique-body>=80	Discovery classification; masked operands do not prove referent equivalence.
0x0006ee45	0x0004f905	SOURCE/SWAPMGR	??0swapManager@@QAE@PAVhero@@0@Z	same-masked-body	references:1	Discovery classification; masked operands do not prove referent equivalence.
0x0006ee83	0x0004f943	SOURCE/SWAPMGR	?Reset@swapManager@@QAEXXZ	identical-bytes	local-order-body	Same complete census body after alignment padding removal.
0x0006eed0	0x0004f990	SOURCE/SWAPMGR	?Open@swapManager@@UAEFF@Z	changed-body	paired-pointer-array:0x8c528	Compiler, layout or source difference; see behavior notes and strict comparison.
0x0006f1a5	0x0004fc65	SOURCE/SWAPMGR	?Close@swapManager@@UAEXXZ	same-masked-body	unique-body>=80	Discovery classification; masked operands do not prove referent equivalence.
0x0006f2c8	0x0004fd88	SOURCE/SWAPMGR	?DrawSelector@swapManager@@QAEXXZ	changed-body	adjacent-to-exact-body:0x6f1a5	Compiler, layout or source difference; see behavior notes and strict comparison.
0x0006f4e7	0x0004ffa7	SOURCE/SWAPMGR	?Main@swapManager@@UAEFAAUtag_message@@@Z	changed-body	paired-pointer-array:0x8c528	Compiler, layout or source difference; see behavior notes and strict comparison.
0x0006fe93	0x00050953	SOURCE/SWAPMGR	?ViewMon@swapManager@@QAEXXZ	same-masked-body	unique-body>=80	Discovery classification; masked operands do not prove referent equivalence.
0x0006ff38	0x000509f8	SOURCE/SWAPMGR	?SwapArtifacts@swapManager@@QAEXXZ	same-masked-body	unique-body>=80	Discovery classification; masked operands do not prove referent equivalence.
0x0007004a	0x00050b0a	SOURCE/SWAPMGR	?SwapMons@swapManager@@QAEXXZ	changed-body	adjacent-to-exact-body:0x6ff38	Compiler, layout or source difference; see behavior notes and strict comparison.
0x000702d8	0x00050d98	SOURCE/SWAPMGR	?Update@swapManager@@QAEXXZ	changed-body	references:2	Compiler, layout or source difference; see behavior notes and strict comparison.
0x0007076a	0x0005122a	SOURCE/SWAPMGR	?SplitMons@swapManager@@QAEXXZ	changed-body	references:1	Compiler, layout or source difference; see behavior notes and strict comparison.
0x00070b10	0x000387b0	SOURCE/DRAWING	?UpdateGrid@combatManager@@QAEXFH@Z	identical-bytes	unique-body>=80	Same complete census body after alignment padding removal.
0x00070b6f	0x0003880f	SOURCE/DRAWING	?UpdateGridForMove@combatManager@@QAEXFCH@Z	identical-bytes	unique-body>=80	Same complete census body after alignment padding removal.
0x00070bc9	0x00038869	SOURCE/DRAWING	?CombatMessage@combatManager@@QAEXPADH@Z	changed-body	references:4	Compiler, layout or source difference; see behavior notes and strict comparison.
0x00070c7e	0x0003891e	SOURCE/DRAWING	?CombatMessage@combatManager@@QAEXF@Z	changed-body	references:1	Compiler, layout or source difference; see behavior notes and strict comparison.
0x00070f71	0x00038c11	SOURCE/DRAWING	?ResetLimitCreature@combatManager@@QAEXXZ	identical-bytes	unique-body>=80	Same complete census body after alignment padding removal.
0x00071045	0x00038ce5	SOURCE/DRAWING	?SetGridMode@combatManager@@QAEXC@Z	identical-bytes	references:1	Same complete census body after alignment padding removal.
0x00071069	0x00038d09	SOURCE/DRAWING	?UpdateCombatArea@combatManager@@QAEXXZ	same-masked-body	unique-body>=80	Discovery classification; masked operands do not prove referent equivalence.
0x00071147	0x00038de7	SOURCE/DRAWING	?DrawBackground@combatManager@@QAEXXZ	same-masked-body	unique-body>=80	Discovery classification; masked operands do not prove referent equivalence.
0x0007131b	0x00038fbb	SOURCE/DRAWING	?DrawFrame@combatManager@@QAEXC@Z	changed-body	references:2	Compiler, layout or source difference; see behavior notes and strict comparison.
0x00072150	0x0003c840	SOURCE/CPUSPEED	?CPUSpeed@@YAHE@Z	changed-body	reviewed-packed-boundary	Reviewed runtime/CPU/logging unit; see docs/versions/win95-1.2.md for per-function behavior and retained code.
0x00072319	0x0003c985	SOURCE/CPUSPEED	?GetCPUType@@YAFXZ	changed-body	references:1	Reviewed runtime/CPU/logging unit; see docs/versions/win95-1.2.md for per-function behavior and retained code.
0x00072399	0x0003ca0c	SOURCE/CPUSPEED	?TimeProcessor@@YAFXZ	identical-bytes	unique-body>=80	Same complete census body after alignment padding removal.
0x00072d80	0x00037270	SOURCE/comwin	?add_node@@YAXPAUtag_Anchor@@PAUtag_Node@@@Z	identical-bytes	unique-body>=80	Same complete census body after alignment padding removal.
0x00072deb	0x000372db	SOURCE/comwin	?pop_node@@YAPAUtag_Node@@PAUtag_Anchor@@@Z	identical-bytes	references:2	Same complete census body after alignment padding removal.
0x00072e34	0x00037324	SOURCE/comwin	?init_anchor@@YAXPAUtag_Anchor@@HH@Z	identical-bytes	references:1	Same complete census body after alignment padding removal.
0x00072e57	0x00037347	SOURCE/comwin	?ShutdownComError@@YAXPAD@Z	changed-body	references:2	Compiler, layout or source difference; see behavior notes and strict comparison.
0x00073231	0x000376dc	SOURCE/comwin	?com_init@@YAFEHH@Z	changed-body	references:1	Compiler, layout or source difference; see behavior notes and strict comparison.
0x00073589	0x00037a34	SOURCE/comwin	?com_term@@YAXF@Z	same-masked-body	unique-body>=80	Discovery classification; masked operands do not prove referent equivalence.
0x0007369a	0x00037b45	SOURCE/comwin	?com_rcv@@YAFFGPAX@Z	changed-body	references:1	Compiler, layout or source difference; see behavior notes and strict comparison.
0x00073773	0x00037c1e	SOURCE/comwin	?com_snd@@YAFFGGPAXH@Z	changed-body	references:1	Compiler, layout or source difference; see behavior notes and strict comparison.
0x000738ba	0x00037d65	SOURCE/comwin	?com_sess@@YAFHHZZ	identical-bytes	local-order-body	Same complete census body after alignment padding removal.
0x000738cd	0x00037d78	SOURCE/comwin	?com_stat@@YAEFG@Z	same-masked-body	unique-body>=80	Discovery classification; masked operands do not prove referent equivalence.
0x00073933	0x00037dde	SOURCE/comwin	?comm_wrt_task@@YAXXZ	changed-body	references:1	Compiler, layout or source difference; see behavior notes and strict comparison.
0x00073a1a	0x000731d0	-	-	same-masked-body	references:10	Discovery classification; masked operands do not prove referent equivalence.
0x00073a20	0x00075c40	BASE/miscwin	?BlitBitmapToScreen@@YAXPAVbitmap@@HHHHHH@Z	same-masked-body	unique-body>=80	Discovery classification; masked operands do not prove referent equivalence.
0x00073bc0	0x00075de0	BASE/miscwin	?GrabScreenBitmap@@YAXPAVbitmap@@HH@Z	same-masked-body	references:4	Discovery classification; masked operands do not prove referent equivalence.
0x00073bf0	0x00075e10	BASE/miscwin	?SetPalette@@YAXPACH@Z	same-masked-body	references:1	Discovery classification; masked operands do not prove referent equivalence.
0x00073c40	0x00075e60	BASE/miscwin	?FadeIn@@YAXH@Z	same-masked-body	unique-body>=80	Discovery classification; masked operands do not prove referent equivalence.
0x00073d20	0x00075f40	BASE/miscwin	?FadeOut@@YAXH@Z	same-masked-body	unique-body>=80	Discovery classification; masked operands do not prove referent equivalence.
0x00073df0	0x00076010	BASE/miscwin	?Random@@YAHHH@Z	same-masked-body	references:6	Discovery classification; masked operands do not prove referent equivalence.
0x00073e30	0x00076050	BASE/miscwin	?PostprocessPalette@@YAXPAC@Z	same-masked-body	unique-body>=80	Discovery classification; masked operands do not prove referent equivalence.
0x00073e90	0x000760b0	BASE/miscwin	?PostprocessBitmap@@YAXPACHH@Z	identical-bytes	references:3	Same complete census body after alignment padding removal.
0x00073ea0	0x000760c0	BASE/miscwin	?PostprocessIcon@@YAXPAVicon@@@Z	identical-bytes	references:1	Same complete census body after alignment padding removal.
0x00073eb0	0x000760d0	BASE/miscwin	?ClippedMonoIconToBitmap@@YAXPAVicon@@PAVbitmap@@HHHHHHHHH@Z	identical-bytes	unique-body>=80	Same complete census body after alignment padding removal.
0x000740a0	0x000762c0	BASE/miscwin	?ClipIconToBitmap@@YAXPAVicon@@PAVbitmap@@HHHHHHHH@Z	changed-body	references:1	Compiler, layout or source difference; see behavior notes and strict comparison.
0x00074350	0x00076570	BASE/miscwin	?PrintMemoryLeaks@@YAXXZ	identical-bytes	references:1	Same complete census body after alignment padding removal.
0x00074360	0x0007dbe0	BASE/BASEMGR	??0baseManager@@QAE@XZ	same-masked-body	references:9	Discovery classification; masked operands do not prove referent equivalence.
0x000743b0	0x00076580	BASE/WINMGR	?CycleColors@@YAXXZ	same-masked-body	unique-body>=80	Discovery classification; masked operands do not prove referent equivalence.
0x00074560	0x00076730	BASE/WINMGR	??0heroWindowManager@@QAE@XZ	same-masked-body	references:1	Discovery classification; masked operands do not prove referent equivalence.
0x000745b0	0x00076780	BASE/WINMGR	?Open@heroWindowManager@@UAEFF@Z	same-masked-body	unique-body>=80	Discovery classification; masked operands do not prove referent equivalence.
0x00074670	0x00076840	BASE/WINMGR	?Close@heroWindowManager@@UAEXXZ	identical-bytes	paired-pointer-array:0x8c5b0	Same complete census body after alignment padding removal.
0x000746c0	0x00076890	BASE/WINMGR	?Main@heroWindowManager@@UAEFAAUtag_message@@@Z	same-masked-body	paired-pointer-array:0x8c5b0	Discovery classification; masked operands do not prove referent equivalence.
0x00074700	0x000768d0	BASE/WINMGR	?BroadcastMessage@heroWindowManager@@QAEFFFFF@Z	identical-bytes	references:8	Same complete census body after alignment padding removal.
0x0007473c	-	-	-	padding	-	No surviving correspondence admitted.
0x00074740	0x00076910	BASE/WINMGR	?AddWindow@heroWindowManager@@QAEXPAVheroWindow@@FC@Z	same-masked-body	unique-body>=80	Discovery classification; masked operands do not prove referent equivalence.
0x00074810	0x000769e0	BASE/WINMGR	?RemoveWindow@heroWindowManager@@QAEXPAVheroWindow@@@Z	same-masked-body	unique-body>=80	Discovery classification; masked operands do not prove referent equivalence.
0x00074897	-	-	-	padding	-	No surviving correspondence admitted.
0x000748a0	0x00076a70	BASE/WINMGR	?DoDialog@heroWindowManager@@QAEFPAVheroWindow@@P6AFAAUtag_message@@@ZH@Z	changed-body	references:12	Compiler, layout or source difference; see behavior notes and strict comparison.
0x00074a80	0x00076c60	BASE/WINMGR	?UpdateScreenRegion@heroWindowManager@@QAEXFFFF@Z	same-masked-body	unique-body>=80	Discovery classification; masked operands do not prove referent equivalence.
0x00074b70	0x00076d50	BASE/WINMGR	?FadeScreen@heroWindowManager@@QAEXFFPAVpalette@@@Z	same-masked-body	unique-body>=80	Discovery classification; masked operands do not prove referent equivalence.
0x00074c30	0x00076e10	BASE/WINMGR	?ScreenShot@heroWindowManager@@QAEXXZ	same-masked-body	references:1	Discovery classification; masked operands do not prove referent equivalence.
0x00074c80	0x00076e60	BASE/WINMGR	?SaveFizzleSource@heroWindowManager@@QAEXFFFF@Z	same-masked-body	unique-body>=80	Discovery classification; masked operands do not prove referent equivalence.
0x00074d10	0x00076ef0	BASE/WINMGR	?FizzleForward@heroWindowManager@@QAEXFFFFH@Z	same-masked-body	unique-body>=80	Discovery classification; masked operands do not prove referent equivalence.
0x00075030	0x00077210	BASE/WINMGR	?ReleaseFizzleSource@heroWindowManager@@QAEXXZ	identical-bytes	references:1	Same complete census body after alignment padding removal.
0x00075050	0x00077230	BASE/WINDOW	??0heroWindow@@QAE@FFFFF@Z	same-masked-body	unique-body>=80	Discovery classification; masked operands do not prove referent equivalence.
0x00075100	0x000772e0	BASE/WINDOW	??0heroWindow@@QAE@FFPAD@Z	changed-body	references:14	Compiler, layout or source difference; see behavior notes and strict comparison.
0x00075548	-	-	-	padding	-	No surviving correspondence admitted.
0x00075550	0x00077730	BASE/WINDOW	?Open@heroWindow@@QAEFFC@Z	same-masked-body	unique-body>=80	Discovery classification; masked operands do not prove referent equivalence.
0x000755f0	0x000777d0	BASE/WINDOW	?Close@heroWindow@@QAEXXZ	identical-bytes	unique-body>=80	Same complete census body after alignment padding removal.
0x000756a0	0x00077880	BASE/WINDOW	?AddWidget@heroWindow@@QAEXPAVwidget@@F@Z	same-masked-body	unique-body>=80	Discovery classification; masked operands do not prove referent equivalence.
0x000757f0	0x000779d0	BASE/WINDOW	?RemoveWidget@heroWindow@@QAEXPAVwidget@@@Z	same-masked-body	unique-body>=80	Discovery classification; masked operands do not prove referent equivalence.
0x00075910	0x00077af0	BASE/WINDOW	?BroadcastMessage@heroWindow@@QAEFAAUtag_message@@@Z	identical-bytes	unique-body>=80	Same complete census body after alignment padding removal.
0x000759b0	0x00077b90	BASE/WINDOW	?DrawWindow@heroWindow@@QAEXXZ	identical-bytes	references:5	Same complete census body after alignment padding removal.
0x000759d0	0x00077bb0	BASE/WINDOW	?DrawWindow@heroWindow@@QAEXF@Z	identical-bytes	references:5	Same complete census body after alignment padding removal.
0x00075a00	0x00077be0	BASE/WINDOW	?DrawWindow@heroWindow@@QAEXFHH@Z	same-masked-body	unique-body>=80	Discovery classification; masked operands do not prove referent equivalence.
0x00075b00	0x00077ce0	BASE/WINDOW	?SaveBackground@heroWindow@@QAEFXZ	same-masked-body	unique-body>=80	Discovery classification; masked operands do not prove referent equivalence.
0x00075b90	0x00077d70	BASE/WINDOW	?RestoreBackground@heroWindow@@QAEXXZ	same-masked-body	unique-body>=80	Discovery classification; masked operands do not prove referent equivalence.
0x00075c20	0x00077e00	BASE/WINDOW	?MoveWindow@heroWindow@@QAEXFF@Z	changed-body	references:2	Compiler, layout or source difference; see behavior notes and strict comparison.
0x00075e00	0x00079400	BASE/RESMGR	??0resourceManager@@QAE@XZ	same-masked-body	unique-body>=80	Discovery classification; masked operands do not prove referent equivalence.
0x00075ea0	0x000794a0	BASE/RESMGR	?GetBackdrop@resourceManager@@QAEXPADPAVbitmap@@@Z	same-masked-body	unique-body>=80	Discovery classification; masked operands do not prove referent equivalence.
0x00075f30	0x00079530	BASE/RESMGR	?GetBackdropAtLoc@resourceManager@@QAEXPADPAVbitmap@@HH@Z	changed-body	references:1	Compiler, layout or source difference; see behavior notes and strict comparison.
0x00075fc0	0x000795c0	BASE/RESMGR	?GetPalette@resourceManager@@QAEPAVpalette@@PAD@Z	same-masked-body	unique-body>=80	Discovery classification; masked operands do not prove referent equivalence.
0x00076060	0x00079660	BASE/RESMGR	?GetBitmap@resourceManager@@QAEPAVbitmap@@PAD@Z	changed-body	references:3	Compiler, layout or source difference; see behavior notes and strict comparison.
0x00076100	0x00079700	BASE/RESMGR	?GetIcon@resourceManager@@QAEPAVicon@@PAD@Z	identical-bytes	references:9	Same complete census body after alignment padding removal.
0x00076140	0x00079740	BASE/RESMGR	?GetIcon@resourceManager@@QAEPAVicon@@F@Z	same-masked-body	unique-body>=80	Discovery classification; masked operands do not prove referent equivalence.
0x000761d0	0x000797d0	BASE/RESMGR	?GetTileset@resourceManager@@QAEPAVtileset@@PAD@Z	same-masked-body	references:1	Discovery classification; masked operands do not prove referent equivalence.
0x00076270	0x00079870	BASE/RESMGR	?GetFont@resourceManager@@QAEPAVfont@@PAD@Z	same-masked-body	unique-body>=80	Discovery classification; masked operands do not prove referent equivalence.
0x00076310	0x00079910	BASE/RESMGR	?GetSample@resourceManager@@QAEPAVsample@@PAD@Z	changed-body	references:2	Compiler, layout or source difference; see behavior notes and strict comparison.
0x000763b0	0x000799b0	BASE/RESMGR	?Dispose@resourceManager@@QAEXPAVresource@@@Z	identical-bytes	unique-body>=80	Same complete census body after alignment padding removal.
0x00076440	0x00079a40	BASE/RESMGR	?AddResource@resourceManager@@QAEXPAVresource@@@Z	identical-bytes	unique-body>=80	Same complete census body after alignment padding removal.
0x000764a0	0x00079aa0	BASE/RESMGR	?Expunge@resourceManager@@QAEXXZ	changed-body	references:1	Compiler, layout or source difference; see behavior notes and strict comparison.
0x00076530	0x00079b30	BASE/RESMGR	?Query@resourceManager@@QAEPAVresource@@F@Z	identical-bytes	references:3	Same complete census body after alignment padding removal.
0x00076580	0x00079b80	BASE/RESMGR	?Main@resourceManager@@UAEFAAUtag_message@@@Z	identical-bytes	paired-pointer-array:0x8c5c0	Same complete census body after alignment padding removal.
0x000765a0	0x00079ba0	BASE/RESMGR	?Open@resourceManager@@UAEFF@Z	same-masked-body	unique-body>=80	Discovery classification; masked operands do not prove referent equivalence.
0x00076630	0x00079c30	BASE/RESMGR	?RemoveResource@resourceManager@@QAEXPAVresource@@@Z	identical-bytes	unique-body>=80	Same complete census body after alignment padding removal.
0x000766c0	0x00079cc0	BASE/RESMGR	?Close@resourceManager@@UAEXXZ	same-masked-body	unique-body>=80	Discovery classification; masked operands do not prove referent equivalence.
0x00076750	0x00079d50	BASE/RESMGR	?LoadAggregateHeader@resourceManager@@QAEFPAD@Z	changed-body	references:1	Compiler, layout or source difference; see behavior notes and strict comparison.
0x00076850	0x00079e50	BASE/RESMGR	?PointToFile@resourceManager@@QAEXF@Z	same-masked-body	unique-body>=80	Discovery classification; masked operands do not prove referent equivalence.
0x00076950	0x00079f50	BASE/RESMGR	?GetFileSize@resourceManager@@QAEIF@Z	same-masked-body	unique-body>=80	Discovery classification; masked operands do not prove referent equivalence.
0x00076a40	0x0007a040	BASE/RESMGR	?SavePosition@resourceManager@@QAEXXZ	same-masked-body	references:5	Discovery classification; masked operands do not prove referent equivalence.
0x00076a70	0x0007a070	BASE/RESMGR	?RestorePosition@resourceManager@@QAEXXZ	same-masked-body	references:5	Discovery classification; masked operands do not prove referent equivalence.
0x00076aa0	0x0007a0a0	BASE/RESMGR	?ReadByte@resourceManager@@QAECXZ	same-masked-body	unique-body>=80	Discovery classification; masked operands do not prove referent equivalence.
0x00076b00	0x0007a100	BASE/RESMGR	?ReadWord@resourceManager@@QAEFXZ	same-masked-body	unique-body>=80	Discovery classification; masked operands do not prove referent equivalence.
0x00076b60	0x0007a160	BASE/RESMGR	?ReadLong@resourceManager@@QAEHXZ	same-masked-body	unique-body>=80	Discovery classification; masked operands do not prove referent equivalence.
0x00076bc0	0x0007a1c0	BASE/RESMGR	?MakeId@resourceManager@@QAEFPAD@Z	same-masked-body	unique-body>=80	Discovery classification; masked operands do not prove referent equivalence.
0x00076c20	0x0007a220	BASE/RESMGR	?Read13@resourceManager@@QAEXPAC@Z	identical-bytes	references:6	Same complete census body after alignment padding removal.
0x00076c50	0x0007a250	BASE/RESMGR	?ReadBlock@resourceManager@@QAEXPACI@Z	same-masked-body	unique-body>=80	Discovery classification; masked operands do not prove referent equivalence.
0x00076cb0	0x00073200	BASE/MOUSEMGR	??0mouseManager@@QAE@XZ	same-masked-body	unique-body>=80	Discovery classification; masked operands do not prove referent equivalence.
0x00076d60	0x000732b0	BASE/MOUSEMGR	?Open@mouseManager@@UAEFF@Z	same-masked-body	paired-pointer-array:0x8c5d0	Discovery classification; masked operands do not prove referent equivalence.
0x00076db0	0x00073300	BASE/MOUSEMGR	?Close@mouseManager@@UAEXXZ	same-masked-body	unique-body>=80	Discovery classification; masked operands do not prove referent equivalence.
0x00076eb0	0x00073400	BASE/MOUSEMGR	?Main@mouseManager@@UAEFAAUtag_message@@@Z	identical-bytes	paired-pointer-array:0x8c5d0	Same complete census body after alignment padding removal.
0x00076ec0	0x00073410	BASE/MOUSEMGR	?SetPointer@mouseManager@@QAEXPADF@Z	same-masked-body	references:3	Discovery classification; masked operands do not prove referent equivalence.
0x00076f10	0x00073460	BASE/MOUSEMGR	?SetPointer@mouseManager@@QAEXF@Z	same-masked-body	unique-body>=80	Discovery classification; masked operands do not prove referent equivalence.
0x000773a0	0x000738f0	BASE/MOUSEMGR	?ReallyShowPointer@mouseManager@@QAEXXZ	identical-bytes	references:9	Same complete census body after alignment padding removal.
0x000773b0	0x00073900	BASE/MOUSEMGR	?ReallyHidePointer@mouseManager@@QAEXXZ	identical-bytes	references:8	Same complete census body after alignment padding removal.
0x000773c0	0x00073910	BASE/MOUSEMGR	?HideColorPointer@mouseManager@@QAEXXZ	identical-bytes	references:1	Same complete census body after alignment padding removal.
0x000773d0	0x00073920	BASE/MOUSEMGR	?RestoreUnderlying@mouseManager@@QAEXXZ	identical-bytes	references:1	Same complete census body after alignment padding removal.
0x000773e0	0x00073930	BASE/MOUSEMGR	?SaveAndDraw@mouseManager@@QAEXPAVbitmap@@FFF@Z	identical-bytes	references:1	Same complete census body after alignment padding removal.
0x000773f0	0x00073940	BASE/MOUSEMGR	?MovePointer@mouseManager@@QAEXFF@Z	identical-bytes	references:1	Same complete census body after alignment padding removal.
0x00077400	0x00073950	BASE/MOUSEMGR	?ShowColorPointer@mouseManager@@QAEXXZ	identical-bytes	references:1	Same complete census body after alignment padding removal.
0x00077410	0x00073960	BASE/MOUSEMGR	?NewUpdate@mouseManager@@QAEXH@Z	identical-bytes	local-order-body	Same complete census body after alignment padding removal.
0x00077420	0x00073970	BASE/MOUSEMGR	?WarpPointer@mouseManager@@QAEXFF@Z	identical-bytes	references:1	Same complete census body after alignment padding removal.
0x00077430	0x00073980	BASE/MOUSEMGR	?MouseCoords@mouseManager@@QAEXAAF0@Z	same-masked-body	unique-body>=80	Discovery classification; masked operands do not prove referent equivalence.
0x00077490	0x000739e0	BASE/MOUSEMGR	?SetCursorShape@mouseManager@@QAEXH@Z	identical-bytes	adjacent-to-exact-body:0x77430	Same complete census body after alignment padding removal.
0x000774a0	0x000739f0	BASE/MOUSEMGR	?SetColorMice@mouseManager@@QAEXH@Z	identical-bytes	adjacent-to-exact-body:0x77490	Same complete census body after alignment padding removal.
0x000774b0	0x00073a00	BASE/MOUSEMGR	?HideSystemCursor@mouseManager@@QAEXXZ	same-masked-body	adjacent-to-exact-body:0x774a0	Discovery classification; masked operands do not prove referent equivalence.
0x000774c0	0x00073a10	BASE/MOUSEMGR	?ShowSystemCursor@mouseManager@@QAEXXZ	same-masked-body	adjacent-to-exact-body:0x774b0	Discovery classification; masked operands do not prove referent equivalence.
0x000774d0	0x00073a20	BASE/soundmgr	?CDStop@soundManager@@QAEXXZ	same-masked-body	unique-body>=80	Discovery classification; masked operands do not prove referent equivalence.
0x000776e0	0x00073c30	BASE/soundmgr	?CDStartup@soundManager@@QAEIXZ	same-masked-body	unique-body>=80	Discovery classification; masked operands do not prove referent equivalence.
0x000777c0	0x00073d10	BASE/soundmgr	?CDPlay@soundManager@@QAEXHHHH@Z	changed-body	references:1	Reviewed runtime/CPU/logging unit; see docs/versions/win95-1.2.md for per-function behavior and retained code.
0x00077d80	0x000742d0	BASE/soundmgr	?SetReady2Poll@@YAXXZ	same-masked-body	references:1	Discovery classification; masked operands do not prove referent equivalence.
0x00077dd0	0x00074320	BASE/soundmgr	??0soundManager@@QAE@XZ	same-masked-body	unique-body>=80	Discovery classification; masked operands do not prove referent equivalence.
0x00077e40	0x00074390	BASE/soundmgr	?WAVE_init_driver@@YAPAU_DIG_DRIVER@@IGGG@Z	changed-body	adjacent-to-exact-body:0x77dd0	Reviewed runtime/CPU/logging unit; see docs/versions/win95-1.2.md for per-function behavior and retained code.
0x00077f40	0x00074490	BASE/soundmgr	?Open@soundManager@@UAEFF@Z	changed-body	paired-pointer-array:0x8c5e0	Reviewed runtime/CPU/logging unit; see docs/versions/win95-1.2.md for per-function behavior and retained code.
0x00078100	0x00074650	BASE/soundmgr	?Close@soundManager@@UAEXXZ	changed-body	paired-pointer-array:0x8c5e0	Reviewed runtime/CPU/logging unit; see docs/versions/win95-1.2.md for per-function behavior and retained code.
0x00078280	0x000747d0	BASE/soundmgr	?Main@soundManager@@UAEFAAUtag_message@@@Z	identical-bytes	paired-pointer-array:0x8c5e0	Same complete census body after alignment padding removal.
0x00078290	0x000747e0	BASE/soundmgr	?StartSample@soundManager@@QAEPAU_SAMPLE@@PADPAPADFFHHH@Z	changed-body	references:1	Reviewed runtime/CPU/logging unit; see docs/versions/win95-1.2.md for per-function behavior and retained code.
0x000785d0	0x00074a90	BASE/soundmgr	?StopAllSamples@soundManager@@QAEXXZ	changed-body	references:2	Reviewed runtime/CPU/logging unit; see docs/versions/win95-1.2.md for per-function behavior and retained code.
0x000786c0	0x00074b80	BASE/soundmgr	?StopSample@soundManager@@QAEXPAU_SAMPLE@@@Z	changed-body	references:1	Reviewed runtime/CPU/logging unit; see docs/versions/win95-1.2.md for per-function behavior and retained code.
0x00078710	0x00074ba0	BASE/soundmgr	?ModifySample@soundManager@@QAEXPAU_SAMPLE@@FH@Z	same-masked-body	unique-body>=80	Discovery classification; masked operands do not prove referent equivalence.
0x00078910	0x00074da0	BASE/soundmgr	?DigitalReport@soundManager@@QAEHPAU_SAMPLE@@F@Z	same-masked-body	references:1	Discovery classification; masked operands do not prove referent equivalence.
0x00078960	0x00074df0	BASE/soundmgr	?AdjustSoundVolumes@soundManager@@QAEXXZ	same-masked-body	unique-body>=80	Discovery classification; masked operands do not prove referent equivalence.
0x00078a20	0x00074eb0	BASE/soundmgr	?AdjustMusicVolumes@soundManager@@QAEXXZ	changed-body	references:1	Reviewed runtime/CPU/logging unit; see docs/versions/win95-1.2.md for per-function behavior and retained code.
0x00078b90	0x00075020	BASE/soundmgr	?SetMusicQuality@soundManager@@QAEXH@Z	changed-body	references:1	Reviewed runtime/CPU/logging unit; see docs/versions/win95-1.2.md for per-function behavior and retained code.
0x00078ca0	0x000750f0	BASE/soundmgr	?PlayAmbientMusic@soundManager@@QAEXHHH@Z	changed-body	references:2	Reviewed runtime/CPU/logging unit; see docs/versions/win95-1.2.md for per-function behavior and retained code.
0x00078f10	0x00075330	BASE/soundmgr	?PollSound@soundManager@@QAEXXZ	changed-body	references:2	Reviewed runtime/CPU/logging unit; see docs/versions/win95-1.2.md for per-function behavior and retained code.
0x00079399	-	-	-	padding	-	No surviving correspondence admitted.
0x000793a0	0x000757c0	BASE/soundmgr	?SwitchAmbientMusic@soundManager@@QAEXH@Z	same-masked-body	unique-body>=80	Discovery classification; masked operands do not prove referent equivalence.
0x00079550	0x00075970	BASE/soundmgr	?MemorySample@soundManager@@QAEPAU_SAMPLE@@PAVsample@@@Z	changed-body	references:2	Reviewed runtime/CPU/logging unit; see docs/versions/win95-1.2.md for per-function behavior and retained code.
0x00079740	0x00075b30	BASE/soundmgr	?ServiceSound@soundManager@@QAEXXZ	same-masked-body	references:1	Discovery classification; masked operands do not prove referent equivalence.
0x00079750	0x00075b40	BASE/soundmgr	?MusicPlaying@soundManager@@QAEHXZ	same-masked-body	unique-body>=80	Discovery classification; masked operands do not prove referent equivalence.
0x00079850	0x0007d6e0	BASE/Icon2b	?IconToBitmap@@YAXPAVicon@@PAVbitmap@@HHHH@Z	same-masked-body	unique-body>=80	Discovery classification; masked operands do not prove referent equivalence.
0x00079926	0x0007d7b6	BASE/Icon2b	?FlipIconToBitmap@@YAXPAVicon@@PAVbitmap@@HHHH@Z	same-masked-body	unique-body>=80	Discovery classification; masked operands do not prove referent equivalence.
0x000799f2	0x0007d882	BASE/Icon2b	?MonoIconToBitmap@@YAXPAVicon@@PAVbitmap@@HHHHH@Z	same-masked-body	unique-body>=80	Discovery classification; masked operands do not prove referent equivalence.
0x00079ac8	0x0007d958	BASE/Icon2b	?FlipMonoIconToBitmap@@YAXPAVicon@@PAVbitmap@@HHHHH@Z	same-masked-body	unique-body>=80	Discovery classification; masked operands do not prove referent equivalence.
0x00079b9c	0x0007da2c	BASE/Icon2b	?DimIconToBitmap@@YAXPAVicon@@PAVbitmap@@HHHH@Z	same-masked-body	unique-body>=80	Discovery classification; masked operands do not prove referent equivalence.
0x00079c76	0x0007db06	BASE/Icon2b	?FlipDimIconToBitmap@@YAXPAVicon@@PAVbitmap@@HHHH@Z	same-masked-body	unique-body>=80	Discovery classification; masked operands do not prove referent equivalence.
0x00079d50	0x0007d340	BASE/BORDER	??0border@@QAE@XZ	same-masked-body	references:1	Discovery classification; masked operands do not prove referent equivalence.
0x00079d80	0x0007d370	BASE/BORDER	??_Gborder@@UAEPAXI@Z	same-masked-body	paired-pointer-array:0x8c5f0	Discovery classification; masked operands do not prove referent equivalence.
0x00079dc0	0x0007d3b0	BASE/BORDER	??0border@@QAE@FFFFFFFPAD@Z	same-masked-body	unique-body>=80	Discovery classification; masked operands do not prove referent equivalence.
0x00079e20	0x0007d410	BASE/BORDER	?Read@border@@QAEXXZ	same-masked-body	unique-body>=80	Discovery classification; masked operands do not prove referent equivalence.
0x00079ef0	0x0007d4e0	BASE/BORDER	?Main@border@@UAEFAAUtag_message@@@Z	same-masked-body	unique-body>=80	Discovery classification; masked operands do not prove referent equivalence.
0x0007a050	0x0007d640	BASE/BORDER	?Draw@border@@UAEXXZ	same-masked-body	unique-body>=80	Discovery classification; masked operands do not prove referent equivalence.
0x0007a0f0	0x0007a2b0	BASE/ICON	??0icon@@QAE@F@Z	same-masked-body	unique-body>=80	Discovery classification; masked operands do not prove referent equivalence.
0x0007a160	0x0007a320	BASE/ICON	??_Gicon@@UAEPAXI@Z	same-masked-body	paired-pointer-array:0x8c5fc	Discovery classification; masked operands do not prove referent equivalence.
0x0007a1a0	0x0007a360	BASE/ICON	?DrawToBuffer@icon@@QAEXFFFCC@Z	changed-body	references:8	Compiler, layout or source difference; see behavior notes and strict comparison.
0x0007a3d0	0x0007a590	BASE/ICON	?ClipFillToBuffer@icon@@QAEXFFFFCCHHHH@Z	same-masked-body	unique-body>=80	Discovery classification; masked operands do not prove referent equivalence.
0x0007a430	0x0007a5f0	BASE/ICON	?FillToBuffer@icon@@QAEXFFFFCC@Z	same-masked-body	unique-body>=80	Discovery classification; masked operands do not prove referent equivalence.
0x0007a570	0x0007a730	BASE/ICON	?DimToBuffer@icon@@QAEXFFFCC@Z	changed-body	references:2	Compiler, layout or source difference; see behavior notes and strict comparison.
0x0007a740	0x00077fe0	BASE/EXEC	??0executive@@QAE@XZ	identical-bytes	references:1	Same complete census body after alignment padding removal.
0x0007a750	0x00077ff0	BASE/EXEC	?InitSystem@executive@@QAEFXZ	same-masked-body	unique-body>=80	Discovery classification; masked operands do not prove referent equivalence.
0x0007a800	0x000780a0	BASE/EXEC	?ShutDownSystem@executive@@QAEXXZ	changed-body	references:1	Compiler, layout or source difference; see behavior notes and strict comparison.
0x0007a890	0x00078130	BASE/EXEC	?DoDialog@executive@@QAEFPAVbaseManager@@@Z	same-masked-body	unique-body>=80	Discovery classification; masked operands do not prove referent equivalence.
0x0007a9a0	0x00078240	BASE/EXEC	?AddManager@executive@@QAEFPAVbaseManager@@F@Z	identical-bytes	unique-body>=80	Same complete census body after alignment padding removal.
0x0007aa80	0x00078320	BASE/EXEC	?RemoveManager@executive@@QAEXPAVbaseManager@@@Z	identical-bytes	unique-body>=80	Same complete census body after alignment padding removal.
0x0007ab00	0x000783a0	BASE/EXEC	?CallManager@executive@@QAEXPAVbaseManager@@@Z	same-masked-body	unique-body>=80	Discovery classification; masked operands do not prove referent equivalence.
0x0007ab70	0x00078410	BASE/EXEC	?MainLoop@executive@@QAEXXZ	same-masked-body	unique-body>=80	Discovery classification; masked operands do not prove referent equivalence.
0x0007ac80	0x0007b110	BASE/BITMAP	??0bitmap@@QAE@XZ	same-masked-body	references:1	Discovery classification; masked operands do not prove referent equivalence.
0x0007acb0	0x0007b140	BASE/BITMAP	??_Gbitmap@@UAEPAXI@Z	same-masked-body	paired-pointer-array:0x8c600	Discovery classification; masked operands do not prove referent equivalence.
0x0007acf0	0x0007b180	BASE/BITMAP	??0bitmap@@QAE@FFF@Z	same-masked-body	references:3	Discovery classification; masked operands do not prove referent equivalence.
0x0007ad40	0x0007b1d0	BASE/BITMAP	??0bitmap@@QAE@F@Z	same-masked-body	unique-body>=80	Discovery classification; masked operands do not prove referent equivalence.
0x0007adf0	0x0007b280	BASE/BITMAP	?DrawToBuffer@bitmap@@QAEXFF@Z	same-masked-body	references:2	Discovery classification; masked operands do not prove referent equivalence.
0x0007ae30	0x0007b2c0	BASE/BITMAP	?GrabScreen@bitmap@@QAEXFF@Z	same-masked-body	references:1	Discovery classification; masked operands do not prove referent equivalence.
0x0007ae50	0x0007b2e0	BASE/BITMAP	?GrabBitmap@bitmap@@QAEXPAV1@FF@Z	same-masked-body	references:2	Discovery classification; masked operands do not prove referent equivalence.
0x0007ae80	0x0007b310	BASE/BITMAP	?Write@bitmap@@QAEXPAD@Z	same-masked-body	unique-body>=80	Discovery classification; masked operands do not prove referent equivalence.
0x0007af00	0x0007b390	BASE/BITMAP	?CopyTo@bitmap@@QAEXPAV1@HHHHHH@Z	same-masked-body	unique-body>=80	Discovery classification; masked operands do not prove referent equivalence.
0x0007afc0	0x0007ba90	BASE/ICONWDGT	??0iconWidget@@QAE@XZ	same-masked-body	references:1	Discovery classification; masked operands do not prove referent equivalence.
0x0007aff0	0x0007bac0	BASE/ICONWDGT	??_GiconWidget@@UAEPAXI@Z	same-masked-body	paired-pointer-array:0x8c608	Discovery classification; masked operands do not prove referent equivalence.
0x0007b030	0x0007bb00	BASE/ICONWDGT	??0iconWidget@@QAE@FFFFPADCCFFF@Z	same-masked-body	unique-body>=80	Discovery classification; masked operands do not prove referent equivalence.
0x0007b0a0	0x0007bb70	BASE/ICONWDGT	?Read@iconWidget@@QAEXXZ	same-masked-body	unique-body>=80	Discovery classification; masked operands do not prove referent equivalence.
0x0007b170	0x0007bc40	BASE/ICONWDGT	?Main@iconWidget@@UAEFAAUtag_message@@@Z	same-masked-body	unique-body>=80	Discovery classification; masked operands do not prove referent equivalence.
0x0007b330	0x0007be00	BASE/ICONWDGT	?Draw@iconWidget@@UAEXXZ	same-masked-body	unique-body>=80	Discovery classification; masked operands do not prove referent equivalence.
0x0007b3a0	0x0007ce50	BASE/TEXTWDGT	??0textWidget@@QAE@XZ	same-masked-body	references:1	Discovery classification; masked operands do not prove referent equivalence.
0x0007b3e0	0x0007ce90	BASE/TEXTWDGT	??_GtextWidget@@UAEPAXI@Z	same-masked-body	paired-pointer-array:0x8c618	Discovery classification; masked operands do not prove referent equivalence.
0x0007b430	0x0007cee0	BASE/TEXTWDGT	??0textWidget@@QAE@FFFFPAD0FFF@Z	same-masked-body	unique-body>=80	Discovery classification; masked operands do not prove referent equivalence.
0x0007b4a0	0x0007cf50	BASE/TEXTWDGT	?Read@textWidget@@QAEXXZ	same-masked-body	unique-body>=80	Discovery classification; masked operands do not prove referent equivalence.
0x0007b590	0x0007d040	BASE/TEXTWDGT	??1textWidget@@UAE@XZ	same-masked-body	local-order-body	Discovery classification; masked operands do not prove referent equivalence.
0x0007b5c0	0x0007d070	BASE/TEXTWDGT	?Main@textWidget@@UAEFAAUtag_message@@@Z	same-masked-body	unique-body>=80	Discovery classification; masked operands do not prove referent equivalence.
0x0007b7b0	0x0007d260	BASE/TEXTWDGT	?Draw@textWidget@@UAEXXZ	same-masked-body	references:1	Discovery classification; masked operands do not prove referent equivalence.
0x0007b7f0	0x0007d2a0	BASE/TEXTWDGT	?SetText@textWidget@@QAEXPAD@Z	same-masked-body	unique-body>=80	Discovery classification; masked operands do not prove referent equivalence.
0x0007b890	0x0007a900	BASE/FONT	??0font@@QAE@F@Z	same-masked-body	unique-body>=80	Discovery classification; masked operands do not prove referent equivalence.
0x0007b940	0x0007a9b0	BASE/FONT	??_Gfont@@UAEPAXI@Z	same-masked-body	paired-pointer-array:0x8c624	Discovery classification; masked operands do not prove referent equivalence.
0x0007b980	0x0007a9f0	BASE/FONT	??1font@@UAE@XZ	same-masked-body	local-order-body	Discovery classification; masked operands do not prove referent equivalence.
0x0007b9c0	0x0007aa30	BASE/FONT	?DrawString@font@@QAEXPADFFF@Z	same-masked-body	unique-body>=80	Discovery classification; masked operands do not prove referent equivalence.
0x0007baa0	0x0007ab10	BASE/FONT	?DrawBoundedString@font@@QAEXPADFFFFFF@Z	changed-body	references:3	Compiler, layout or source difference; see behavior notes and strict comparison.
0x0007bd70	0x0007ade0	BASE/FONT	?LineLength@font@@QAEHPADF@Z	changed-body	references:1	Compiler, layout or source difference; see behavior notes and strict comparison.
0x0007bf90	0x0007b000	BASE/FONT	?LineWidth@font@@QAEHPAD@Z	changed-body	references:2	Compiler, layout or source difference; see behavior notes and strict comparison.
0x0007c098	0x0007ba14	BASE/BITS	_BitTest	identical-bytes	references:1	Same complete census body after alignment padding removal.
0x0007c0c6	0x0007ba42	BASE/BITS	_BitSet	identical-bytes	references:1	Same complete census body after alignment padding removal.
0x0007c0e6	0x0007ba62	BASE/BITS	_BitClear	identical-bytes	adjacent-to-exact-body:0x7c0c6	Same complete census body after alignment padding removal.
0x0007c110	0x00078520	BASE/INPUTMGR	?KeyboardMessageHandler@@YAHPAXIIH@Z	same-masked-body	unique-body>=80	Discovery classification; masked operands do not prove referent equivalence.
0x0007c400	0x00078810	BASE/INPUTMGR	?MouseMessageHandler@@YAHPAXIIH@Z	same-masked-body	unique-body>=80	Discovery classification; masked operands do not prove referent equivalence.
0x0007c680	0x00078a90	BASE/INPUTMGR	??0inputManager@@QAE@XZ	same-masked-body	unique-body>=80	Discovery classification; masked operands do not prove referent equivalence.
0x0007c6f0	0x00078b00	BASE/INPUTMGR	?Open@inputManager@@UAEFF@Z	same-masked-body	unique-body>=80	Discovery classification; masked operands do not prove referent equivalence.
0x0007c780	0x00078b90	BASE/INPUTMGR	?Close@inputManager@@UAEXXZ	same-masked-body	paired-pointer-array:0x8c628	Discovery classification; masked operands do not prove referent equivalence.
0x0007c7c0	0x00078bd0	BASE/INPUTMGR	?Main@inputManager@@UAEFAAUtag_message@@@Z	identical-bytes	paired-pointer-array:0x8c628	Same complete census body after alignment padding removal.
0x0007c7d0	0x00078be0	BASE/INPUTMGR	?Flush@inputManager@@QAEXXZ	identical-bytes	references:1	Same complete census body after alignment padding removal.
0x0007c7f0	0x00078c00	BASE/INPUTMGR	?GetEvent@inputManager@@QAE?AUtag_message@@XZ	same-masked-body	unique-body>=80	Discovery classification; masked operands do not prove referent equivalence.
0x0007c8d0	0x00078ce0	BASE/INPUTMGR	?SetKeyCodeType@inputManager@@QAEXF@Z	identical-bytes	references:1	Same complete census body after alignment padding removal.
0x0007c8f0	0x00078d00	BASE/INPUTMGR	?AsciiConvert@inputManager@@QAEXAAUtag_message@@@Z	same-masked-body	unique-body>=80	Discovery classification; masked operands do not prove referent equivalence.
0x0007cac0	0x00078ed0	BASE/INPUTMGR	?MakeScanCodeTable@inputManager@@QAEXXZ	identical-bytes	unique-body>=80	Same complete census body after alignment padding removal.
0x0007cdfc	0x0007920c	BASE/BMAP2	?BlitBitmap@@YAXPAVbitmap@@HHHH0HH@Z	same-masked-body	unique-body>=80	Discovery classification; masked operands do not prove referent equivalence.
0x0007ce70	0x00079280	BASE/BMAP2	?MoveBitmapArea@@YAXPAVbitmap@@HHHHHH@Z	same-masked-body	unique-body>=80	Discovery classification; masked operands do not prove referent equivalence.
0x0007cf56	0x00079366	BASE/BMAP2	?DimBitmapArea@@YAXPAVbitmap@@HHHH@Z	same-masked-body	references:1	Discovery classification; masked operands do not prove referent equivalence.
0x0007cfa2	0x000793b2	BASE/BMAP2	?FillBitmapArea@@YAXPAVbitmap@@HHHHH@Z	same-masked-body	references:2	Discovery classification; masked operands do not prove referent equivalence.
0x0007cfe8	0x0007b450	BASE/MAKEFILEID	?MAKEFILEID@@YAIPAD@Z	identical-bytes	references:1	Same complete census body after alignment padding removal.
0x0007d014	0x0007b47c	BASE/Icon2bc	?ClippedIconToBitmap@@YAXPAVicon@@PAVbitmap@@HHHH@Z	same-masked-body	unique-body>=80	Discovery classification; masked operands do not prove referent equivalence.
0x0007d274	0x0007b6dc	BASE/Icon2bc	?FlipClippedIconToBitmap@@YAXPAVicon@@PAVbitmap@@HHHH@Z	same-masked-body	unique-body>=80	Discovery classification; masked operands do not prove referent equivalence.
0x0007d4d0	0x0007b940	BASE/PALETTE	??0palette@@QAE@XZ	same-masked-body	references:3	Discovery classification; masked operands do not prove referent equivalence.
0x0007d500	0x0007b970	BASE/PALETTE	??_Gpalette@@UAEPAXI@Z	same-masked-body	paired-pointer-array:0x8c634	Discovery classification; masked operands do not prove referent equivalence.
0x0007d540	0x0007b9b0	BASE/PALETTE	??0palette@@QAE@F@Z	same-masked-body	unique-body>=80	Discovery classification; masked operands do not prove referent equivalence.
0x0007d5a0	0x0007ba10	BASE/PALETTE	?Data@palette@@QAEPACXZ	identical-bytes	references:1	Same complete census body after alignment padding removal.
0x0007d5b0	0x0007dc30	BASE/BACKDROP	??0backdropWidget@@QAE@XZ	same-masked-body	references:1	Discovery classification; masked operands do not prove referent equivalence.
0x0007d5d0	0x0007dc50	BASE/BACKDROP	??_GbackdropWidget@@UAEPAXI@Z	same-masked-body	paired-pointer-array:0x8c638	Discovery classification; masked operands do not prove referent equivalence.
0x0007d600	0x0007dc80	BASE/BACKDROP	??0backdropWidget@@QAE@FFFFFF@Z	same-masked-body	local-order-body	Discovery classification; masked operands do not prove referent equivalence.
0x0007d640	0x0007dcc0	BASE/BACKDROP	?Read@backdropWidget@@QAEXXZ	same-masked-body	local-order-body	Discovery classification; masked operands do not prove referent equivalence.
0x0007d6a0	0x0007dd20	BASE/BACKDROP	?Main@backdropWidget@@UAEFAAUtag_message@@@Z	same-masked-body	paired-pointer-array:0x8c638	Discovery classification; masked operands do not prove referent equivalence.
0x0007d6b0	0x0007dd30	BASE/BACKDROP	?Draw@backdropWidget@@UAEXXZ	same-masked-body	paired-pointer-array:0x8c638	Discovery classification; masked operands do not prove referent equivalence.
0x0007d6e0	0x0007be68	BASE/TILE	_TileToBitmap	same-masked-body	unique-body>=80	Discovery classification; masked operands do not prove referent equivalence.
0x0007d820	0x0007bfa0	BASE/LZHUF	?DecodeData@@YAHPAD0@Z	same-masked-body	unique-body>=80	Discovery classification; masked operands do not prove referent equivalence.
0x0007d8e0	0x0007c060	BASE/LZHUF	?EncodeData@@YAHPAD0I@Z	same-masked-body	unique-body>=80	Discovery classification; masked operands do not prove referent equivalence.
0x0007e030	0x0007c7b0	BASE/LZHUF	?ReconstructEncoderTree@@YAXXZ	same-masked-body	unique-body>=80	Discovery classification; masked operands do not prove referent equivalence.
0x0007e180	0x0007c900	BASE/LZHUF	?UpdateEncoderTree@@YAXF@Z	same-masked-body	unique-body>=80	Discovery classification; masked operands do not prove referent equivalence.
0x0007e3c0	0x0007cb40	BASE/LZHUF	?InsertNode@@YAXF@Z	same-masked-body	unique-body>=80	Discovery classification; masked operands do not prove referent equivalence.
0x0007e5a0	0x0007cd20	BASE/LZHUF	?DeleteNode@@YAXF@Z	same-masked-body	unique-body>=80	Discovery classification; masked operands do not prove referent equivalence.
0x0007e6d0	0x0007dd60	BASE/TEXTNTRY	??0textEntryWidget@@QAE@XZ	same-masked-body	references:1	Discovery classification; masked operands do not prove referent equivalence.
0x0007e700	0x0007dd90	BASE/TEXTNTRY	??_GtextEntryWidget@@UAEPAXI@Z	same-masked-body	paired-pointer-array:0x8c648	Discovery classification; masked operands do not prove referent equivalence.
0x0007e740	0x0007ddd0	BASE/TEXTNTRY	?Read@textEntryWidget@@QAEXH@Z	same-masked-body	unique-body>=80	Discovery classification; masked operands do not prove referent equivalence.
0x0007e930	0x0007dfc0	BASE/TEXTNTRY	?Main@textEntryWidget@@UAEFAAUtag_message@@@Z	same-masked-body	unique-body>=80	Discovery classification; masked operands do not prove referent equivalence.
0x0007f130	0x0007e7c0	BASE/TEXTNTRY	?Draw@textEntryWidget@@UAEXXZ	same-masked-body	unique-body>=80	Discovery classification; masked operands do not prove referent equivalence.
0x0007f260	0x0007e8f0	BASE/TEXTNTRY	?SetupDisplayString@textEntryWidget@@QAEXPADG@Z	same-masked-body	unique-body>=80	Discovery classification; masked operands do not prove referent equivalence.
0x0007f3f0	0x0007ea80	BASE/DIMMER	??0dimmerWidget@@QAE@XZ	changed-body	references:1	Compiler, layout or source difference; see behavior notes and strict comparison.
0x0007f440	0x0007ead0	BASE/DIMMER	?Read@dimmerWidget@@QAEXXZ	same-masked-body	local-order-body	Discovery classification; masked operands do not prove referent equivalence.
0x0007f4a0	0x0007eb30	BASE/DIMMER	?Main@dimmerWidget@@UAEFAAUtag_message@@@Z	identical-bytes	paired-pointer-array:0x8c658	Same complete census body after alignment padding removal.
0x0007f4b0	0x0007eb40	BASE/DIMMER	?Draw@dimmerWidget@@UAEXXZ	identical-bytes	paired-pointer-array:0x8c658	Same complete census body after alignment padding removal.
0x0007f4c0	0x0007eb50	BASE/BUTTON	??0button@@QAE@XZ	same-masked-body	references:1	Discovery classification; masked operands do not prove referent equivalence.
0x0007f500	0x0007eb90	BASE/BUTTON	??_Gbutton@@UAEPAXI@Z	same-masked-body	paired-pointer-array:0x8c668	Discovery classification; masked operands do not prove referent equivalence.
0x0007f540	0x0007ebd0	BASE/BUTTON	?Read@button@@QAEXXZ	same-masked-body	unique-body>=80	Discovery classification; masked operands do not prove referent equivalence.
0x0007f620	0x0007ecb0	BASE/BUTTON	?Main@button@@UAEFAAUtag_message@@@Z	changed-body	paired-pointer-array:0x8c668	Compiler, layout or source difference; see behavior notes and strict comparison.
0x0007fb50	0x0007f1e0	BASE/BUTTON	?Select@button@@QAEFAAUtag_message@@@Z	same-masked-body	unique-body>=80	Discovery classification; masked operands do not prove referent equivalence.
0x0007fbf0	0x0007f280	BASE/BUTTON	?Draw@button@@UAEXXZ	same-masked-body	paired-pointer-array:0x8c668	Discovery classification; masked operands do not prove referent equivalence.
0x0007fc40	0x0007f2d0	BASE/WIDGET	??0widget@@QAE@FFFFFF@Z	same-masked-body	unique-body>=80	Discovery classification; masked operands do not prove referent equivalence.
0x0007fca0	0x0007f330	BASE/WIDGET	??1widget@@UAE@XZ	same-masked-body	references:1	Discovery classification; masked operands do not prove referent equivalence.
0x0007fcb0	0x0007f340	BASE/WIDGET	?Open@widget@@QAEFFPAVheroWindow@@@Z	identical-bytes	references:1	Same complete census body after alignment padding removal.
0x0007fcd0	0x0007f360	BASE/WIDGET	?Close@widget@@QAEXXZ	identical-bytes	references:1	Same complete census body after alignment padding removal.
0x0007fce0	0x0007f370	BASE/WIDGET	?Main@widget@@UAEFAAUtag_message@@@Z	same-masked-body	unique-body>=80	Discovery classification; masked operands do not prove referent equivalence.
0x0007ff00	0x0007f590	BASE/WIDGET	?Dim@widget@@QAEXXZ	same-masked-body	adjacent-to-exact-body:0x7fce0	Discovery classification; masked operands do not prove referent equivalence.
0x0007ff40	0x0007f5d0	BASE/TILESET	??0tileset@@QAE@F@Z	same-masked-body	unique-body>=80	Discovery classification; masked operands do not prove referent equivalence.
0x0007fff0	0x0007f680	BASE/TILESET	??_Gtileset@@UAEPAXI@Z	same-masked-body	paired-pointer-array:0x8c678	Discovery classification; masked operands do not prove referent equivalence.
0x00080030	0x0007f6c0	BASE/SAMPLE	??0sample@@QAE@PADHHH@Z	same-masked-body	unique-body>=80	Discovery classification; masked operands do not prove referent equivalence.
0x000801b0	0x0007f840	BASE/SAMPLE	??_Gsample@@UAEPAXI@Z	same-masked-body	paired-pointer-array:0x8c678	Discovery classification; masked operands do not prove referent equivalence.
0x000801f0	0x0007f880	BASE/RESOURCE	??0resource@@QAE@FFFPAV0@@Z	same-masked-body	references:6	Discovery classification; masked operands do not prove referent equivalence.
0x00080220	0x0007f8b0	BASE/RESOURCE	??1resource@@UAE@XZ	same-masked-body	adjacent-to-exact-body:0x801f0	Discovery classification; masked operands do not prove referent equivalence.
0x00080228	0x0007f8b8	BASE/LZHUFDEC	_LzhufMemmove	identical-bytes	references:1	Same complete census body after alignment padding removal.
0x00080275	0x0007f905	BASE/LZHUFDEC	_GetBit	same-masked-body	unique-body>=80	Discovery classification; masked operands do not prove referent equivalence.
0x000802fa	0x0007f98a	BASE/LZHUFDEC	_DecodePosition	same-masked-body	unique-body>=80	Discovery classification; masked operands do not prove referent equivalence.
0x000803c3	0x0007fa53	BASE/LZHUFDEC	_UpdateDecoderTree	same-masked-body	unique-body>=80	Discovery classification; masked operands do not prove referent equivalence.
0x000804dc	0x0007fb6c	BASE/LZHUFDEC	_ReconstructDecoderTree	same-masked-body	unique-body>=80	Discovery classification; masked operands do not prove referent equivalence.
0x0008062f	0x0007fcbf	BASE/LZHUFDEC	_Decode	same-masked-body	unique-body>=80	Discovery classification; masked operands do not prove referent equivalence.
0x00080758	-	-	-	removed-smacker-wrapper	-	No surviving correspondence admitted.
0x0008075e	-	-	-	removed-smacker-wrapper	-	No surviving correspondence admitted.
0x00080764	-	-	-	removed-smacker-wrapper	-	No surviving correspondence admitted.
0x0008076a	-	-	-	removed-smacker-wrapper	-	No surviving correspondence admitted.
0x00080770	-	-	-	removed-smacker-wrapper	-	No surviving correspondence admitted.
0x00080776	-	-	-	removed-smacker-wrapper	-	No surviving correspondence admitted.
0x0008077c	-	-	-	removed-smacker-wrapper	-	No surviving correspondence admitted.
0x00080782	-	-	-	removed-smacker-wrapper	-	No surviving correspondence admitted.
0x00080788	-	-	-	removed-smacker-wrapper	-	No surviving correspondence admitted.
0x0008078e	-	-	-	removed-smacker-wrapper	-	No surviving correspondence admitted.
0x00080794	-	-	-	removed-smacker-wrapper	-	No surviving correspondence admitted.
0x0008079a	0x000731d6	-	-	same-masked-body	references:1	Discovery classification; masked operands do not prove referent equivalence.
0x000807a0	0x000731dc	-	-	same-masked-body	references:1	Discovery classification; masked operands do not prove referent equivalence.
0x000807a6	0x000731e2	-	-	same-masked-body	references:1	Discovery classification; masked operands do not prove referent equivalence.
0x000807ac	0x000731e8	-	-	same-masked-body	references:1	Discovery classification; masked operands do not prove referent equivalence.
0x000807b2	0x000731ee	-	-	same-masked-body	references:1	Discovery classification; masked operands do not prove referent equivalence.
0x000807b8	0x000731f4	-	-	same-masked-body	references:1	Discovery classification; masked operands do not prove referent equivalence.
0x000807c0	0x0007fde8	-	-	changed-body	references:1	Compiler, layout or source difference; see behavior notes and strict comparison.
0x00080802	0x0007fe2a	-	-	same-masked-body	unique-body>=80	Discovery classification; masked operands do not prove referent equivalence.
0x0008086a	0x0007fe92	-	-	same-masked-body	references:1	Discovery classification; masked operands do not prove referent equivalence.
0x0008088d	0x0007feb5	-	-	same-masked-body	references:1	Discovery classification; masked operands do not prove referent equivalence.
0x00080896	0x0007febe	-	-	same-masked-body	references:2	Discovery classification; masked operands do not prove referent equivalence.
0x000808b0	0x0007fee0	-	-	identical-bytes	references:1	Same complete census body after alignment padding removal.
0x000808f0	0x0007ff20	-	-	identical-bytes	references:1	Same complete census body after alignment padding removal.
0x00080900	0x0007ff30	-	-	identical-bytes	references:1	Same complete census body after alignment padding removal.
0x00080910	0x0007ff40	-	-	identical-bytes	references:1	Same complete census body after alignment padding removal.
0x00080920	0x0007ff50	-	-	changed-body	references:1	Compiler, layout or source difference; see behavior notes and strict comparison.
0x00080980	0x0007ffb0	-	-	same-masked-body	references:19	Discovery classification; masked operands do not prove referent equivalence.
0x000809c0	0x0007fff0	-	-	changed-body	unique-body>=80	Compiler, layout or source difference; see behavior notes and strict comparison.
0x00080a60	0x00080090	-	-	changed-body	references:1	Compiler, layout or source difference; see behavior notes and strict comparison.
0x00080b40	0x00080170	-	-	same-masked-body	unique-body>=80	Discovery classification; masked operands do not prove referent equivalence.
0x00080bb0	0x000801e0	-	-	same-masked-body	references:28	Discovery classification; masked operands do not prove referent equivalence.
0x00080bc0	0x00080270	-	-	changed-body	references:22	Compiler, layout or source difference; see behavior notes and strict comparison.
0x00080bc8	0x00080280	-	-	identical-bytes	unique-body>=80	Same complete census body after alignment padding removal.
0x00080cb0	0x00080360	-	-	same-masked-body	references:28	Discovery classification; masked operands do not prove referent equivalence.
0x00080cc0	0x000801f0	-	-	same-masked-body	unique-body>=80	Discovery classification; masked operands do not prove referent equivalence.
0x00080d30	0x000811b0	-	-	same-masked-body	unique-body>=80	Discovery classification; masked operands do not prove referent equivalence.
0x00080de0	0x00081260	-	-	identical-bytes	references:1	Same complete census body after alignment padding removal.
0x00080df0	0x00080370	-	_memset	identical-bytes	unique-body>=80	Same complete census body after alignment padding removal.
0x00080e50	0x00080440	-	-	same-masked-body	references:16	Discovery classification; masked operands do not prove referent equivalence.
0x00080e70	0x00080460	-	-	same-masked-body	references:18	Discovery classification; masked operands do not prove referent equivalence.
0x00080fc0	0x000805b0	-	-	same-masked-body	references:21	Discovery classification; masked operands do not prove referent equivalence.
0x00080fe0	0x000805d0	-	-	changed-body	references:2	Compiler, layout or source difference; see behavior notes and strict comparison.
0x00081020	0x00080610	-	-	same-masked-body	references:1	Discovery classification; masked operands do not prove referent equivalence.
0x00081038	0x00080628	-	-	identical-bytes	references:3	Same complete census body after alignment padding removal.
0x00081060	0x000803d0	-	-	same-masked-body	paired-pointer-array:0xa346c	Discovery classification; masked operands do not prove referent equivalence.
0x00081090	0x00080400	-	-	same-masked-body	references:1	Discovery classification; masked operands do not prove referent equivalence.
0x000810d0	0x00087d40	-	-	same-masked-body	unique-body>=80	Discovery classification; masked operands do not prove referent equivalence.
0x000811e7	0x00087e57	-	-	same-masked-body	unique-body>=80	Discovery classification; masked operands do not prove referent equivalence.
0x00081686	0x000882f6	-	-	identical-bytes	references:1	Same complete census body after alignment padding removal.
0x00081699	0x00088309	-	-	identical-bytes	references:1	Same complete census body after alignment padding removal.
0x000816ac	0x0008831c	-	-	identical-bytes	local-order-body	Same complete census body after alignment padding removal.
0x000816f8	0x00088368	-	-	changed-body	unique-body>=80	Compiler, layout or source difference; see behavior notes and strict comparison.
0x000817ac	0x0008841c	-	-	identical-bytes	local-order-body	Same complete census body after alignment padding removal.
0x000817f8	0x00088468	-	-	changed-body	unique-body>=80	Compiler, layout or source difference; see behavior notes and strict comparison.
0x00081e60	0x00080260	-	-	identical-bytes	references:1	Same complete census body after alignment padding removal.
0x00081e70	0x00080650	-	-	changed-body	references:7	Compiler, layout or source difference; see behavior notes and strict comparison.
0x00081ef0	0x000813c0	-	-	changed-body	references:1	Compiler, layout or source difference; see behavior notes and strict comparison.
0x00081f10	0x00080ae0	-	-	same-masked-body	references:1	Discovery classification; masked operands do not prove referent equivalence.
0x00081f50	0x00080b20	-	-	same-masked-body	unique-body>=80	Discovery classification; masked operands do not prove referent equivalence.
0x00081fb0	0x00080b80	-	-	same-masked-body	unique-body>=80	Discovery classification; masked operands do not prove referent equivalence.
0x00082020	0x00080bf0	-	-	same-masked-body	references:1	Discovery classification; masked operands do not prove referent equivalence.
0x00082060	0x00080c30	-	-	identical-bytes	references:1	Same complete census body after alignment padding removal.
0x00082080	0x00080c50	-	-	same-masked-body	references:1	Discovery classification; masked operands do not prove referent equivalence.
0x000820d0	0x00081270	-	-	same-masked-body	references:5	Discovery classification; masked operands do not prove referent equivalence.
0x00082220	0x000806d0	-	-	changed-body	unique-body>=80	Compiler, layout or source difference; see behavior notes and strict comparison.
0x000822b0	0x00080770	-	-	changed-body	references:1	Compiler, layout or source difference; see behavior notes and strict comparison.
0x000822d0	0x00080830	-	-	same-masked-body	references:1	Discovery classification; masked operands do not prove referent equivalence.
0x000822e0	0x00080840	-	-	same-masked-body	references:1	Discovery classification; masked operands do not prove referent equivalence.
0x00082310	0x00080870	-	-	same-masked-body	references:1	Discovery classification; masked operands do not prove referent equivalence.
0x00082340	0x000808a0	-	-	identical-bytes	references:3	Same complete census body after alignment padding removal.
0x00082360	0x000808c0	-	-	identical-bytes	references:2	Same complete census body after alignment padding removal.
0x00082380	0x000808e0	-	-	changed-body	references:2	Compiler, layout or source difference; see behavior notes and strict comparison.
0x00082410	0x000809a0	-	-	same-masked-body	local-order-body	Discovery classification; masked operands do not prove referent equivalence.
0x00082420	0x000809b0	-	-	same-masked-body	references:1	Discovery classification; masked operands do not prove referent equivalence.
0x00082430	0x000809c0	-	-	identical-bytes	references:1	Same complete census body after alignment padding removal.
0x00082450	0x000809e0	-	-	changed-body	references:3	Compiler, layout or source difference; see behavior notes and strict comparison.
0x00082480	0x00080ca0	-	-	same-masked-body	references:1	Discovery classification; masked operands do not prove referent equivalence.
0x000824c0	0x00080ce0	-	-	same-masked-body	unique-body>=80	Discovery classification; masked operands do not prove referent equivalence.
0x00082610	0x00081470	-	-	same-masked-body	references:1	Discovery classification; masked operands do not prove referent equivalence.
0x00082650	0x000814b0	-	-	same-masked-body	unique-body>=80	Discovery classification; masked operands do not prove referent equivalence.
0x000826f0	0x00081550	-	-	changed-body	references:2	Compiler, layout or source difference; see behavior notes and strict comparison.
0x00082720	0x00081580	-	-	changed-body	references:1	Compiler, layout or source difference; see behavior notes and strict comparison.
0x000828d0	0x00081730	-	-	identical-bytes	references:2	Same complete census body after alignment padding removal.
0x00082910	0x00080e30	-	-	same-masked-body	references:1	Discovery classification; masked operands do not prove referent equivalence.
0x00082950	0x00080e70	-	-	changed-body	references:1	Compiler, layout or source difference; see behavior notes and strict comparison.
0x00082ad0	0x00080ff0	-	-	same-masked-body	references:4	Discovery classification; masked operands do not prove referent equivalence.
0x00082b50	0x00081070	-	-	same-masked-body	unique-body>=80	Discovery classification; masked operands do not prove referent equivalence.
0x00082be0	0x00081100	-	-	same-masked-body	unique-body>=80	Discovery classification; masked operands do not prove referent equivalence.
0x00082c90	0x00081770	-	-	same-masked-body	unique-body>=80	Discovery classification; masked operands do not prove referent equivalence.
0x00082e30	0x00081910	-	-	same-masked-body	references:4	Discovery classification; masked operands do not prove referent equivalence.
0x00082e60	0x00081e70	-	-	same-masked-body	unique-body>=80	Discovery classification; masked operands do not prove referent equivalence.
0x00082ed0	0x00081ee0	-	-	same-masked-body	unique-body>=80	Discovery classification; masked operands do not prove referent equivalence.
0x00082f60	0x00081bc0	-	-	changed-body	VC4.1 LIBCMT read.obj whole body and caller identity	Compiler, layout or source difference; see behavior notes and strict comparison.
0x00082fe0	0x00081c40	-	-	changed-body	references:1	Compiler, layout or source difference; see behavior notes and strict comparison.
0x00083210	0x00081f70	-	-	identical-bytes	references:1	Same complete census body after alignment padding removal.
0x00083230	0x00081f90	-	-	same-masked-body	unique-body>=80	Discovery classification; masked operands do not prove referent equivalence.
0x00083690	0x00081940	-	-	same-masked-body	references:4	Discovery classification; masked operands do not prove referent equivalence.
0x00083710	0x000819c0	-	-	changed-body	references:1	Compiler, layout or source difference; see behavior notes and strict comparison.
0x00083910	0x000823f0	-	-	changed-body	references:1	Compiler, layout or source difference; see behavior notes and strict comparison.
0x000839e0	0x000824f0	-	-	changed-body	references:3	Compiler, layout or source difference; see behavior notes and strict comparison.
0x00083a90	0x000825c0	-	-	changed-body	references:1	Compiler, layout or source difference; see behavior notes and strict comparison.
0x00083af0	0x00082610	-	-	same-masked-body	unique-body>=80	Discovery classification; masked operands do not prove referent equivalence.
0x00083b60	0x00082690	-	-	same-masked-body	unique-body>=80	Discovery classification; masked operands do not prove referent equivalence.
0x00083c20	0x00082750	-	-	changed-body	references:1	Compiler, layout or source difference; see behavior notes and strict comparison.
0x00083ec0	0x000829f0	-	-	changed-body	references:1	Compiler, layout or source difference; see behavior notes and strict comparison.
0x00083fa0	0x00082ad0	-	-	changed-body	references:1	Compiler, layout or source difference; see behavior notes and strict comparison.
0x00084040	0x00082b70	-	-	changed-body	unique-body>=80	Compiler, layout or source difference; see behavior notes and strict comparison.
0x00084130	0x00082c60	-	-	changed-body	references:1	Compiler, layout or source difference; see behavior notes and strict comparison.
0x000841d0	0x00082d00	-	-	changed-body	references:1	Compiler, layout or source difference; see behavior notes and strict comparison.
0x00084320	0x00082e50	-	-	changed-body	references:1	Compiler, layout or source difference; see behavior notes and strict comparison.
0x00084520	0x00083050	-	-	same-masked-body	unique-body>=80	Discovery classification; masked operands do not prove referent equivalence.
0x000845a0	0x000830d0	-	-	changed-body	references:1	Compiler, layout or source difference; see behavior notes and strict comparison.
0x000845d0	0x00083100	-	-	same-masked-body	references:2	Discovery classification; masked operands do not prove referent equivalence.
0x00084620	0x00083150	-	-	same-masked-body	unique-body>=80	Discovery classification; masked operands do not prove referent equivalence.
0x00084680	0x000831b0	-	-	same-masked-body	references:2	Discovery classification; masked operands do not prove referent equivalence.
0x000846a0	0x000831d0	-	-	same-masked-body	unique-body>=80	Discovery classification; masked operands do not prove referent equivalence.
0x00084710	0x00083240	-	-	same-masked-body	unique-body>=80	Discovery classification; masked operands do not prove referent equivalence.
0x00084860	0x00083390	-	-	changed-body	references:1	Compiler, layout or source difference; see behavior notes and strict comparison.
0x00085240	0x00083d70	-	-	identical-bytes	references:1	Same complete census body after alignment padding removal.
0x00085290	0x00083dc0	-	-	identical-bytes	references:1	Same complete census body after alignment padding removal.
0x000852d0	0x00083e00	-	-	identical-bytes	references:1	Same complete census body after alignment padding removal.
0x00085310	0x00083e40	-	-	identical-bytes	references:1	Same complete census body after alignment padding removal.
0x00085320	0x00083e50	-	-	identical-bytes	references:1	Same complete census body after alignment padding removal.
0x00085340	0x00083e70	-	-	identical-bytes	references:1	Same complete census body after alignment padding removal.
0x00085350	0x00085930	-	-	same-masked-body	unique-body>=80	Discovery classification; masked operands do not prove referent equivalence.
0x000853f0	0x00084570	-	-	same-masked-body	references:1	Discovery classification; masked operands do not prove referent equivalence.
0x00085410	0x00084590	-	-	same-masked-body	references:1	Discovery classification; masked operands do not prove referent equivalence.
0x00085450	0x00083e80	-	-	same-masked-body	references:1	Discovery classification; masked operands do not prove referent equivalence.
0x00085470	0x00083ea0	-	-	identical-bytes	references:1	Same complete census body after alignment padding removal.
0x000854c0	0x00083ef0	-	-	changed-body	references:1	Compiler, layout or source difference; see behavior notes and strict comparison.
0x00085720	0x00084180	-	-	same-masked-body	unique-body>=80	Discovery classification; masked operands do not prove referent equivalence.
0x000857a0	0x00084200	-	-	changed-body	references:2	Compiler, layout or source difference; see behavior notes and strict comparison.
0x00085890	0x000842f0	-	-	same-masked-body	unique-body>=80	Discovery classification; masked operands do not prove referent equivalence.
0x00085900	0x00084360	-	-	changed-body	references:2	Compiler, layout or source difference; see behavior notes and strict comparison.
0x000859c0	0x00084420	-	-	changed-body	unique-body>=80	Compiler, layout or source difference; see behavior notes and strict comparison.
0x00085ae0	0x00084540	-	-	same-masked-body	references:2	Discovery classification; masked operands do not prove referent equivalence.
0x00085b10	0x000845d0	-	-	same-masked-body	references:1	Discovery classification; masked operands do not prove referent equivalence.
0x00085b40	0x00084600	-	-	same-masked-body	unique-body>=80	Discovery classification; masked operands do not prove referent equivalence.
0x00085bb0	0x00084670	-	-	same-masked-body	references:3	Discovery classification; masked operands do not prove referent equivalence.
0x00085bd0	0x00084690	-	-	same-masked-body	references:2	Discovery classification; masked operands do not prove referent equivalence.
0x00085c10	0x000846d0	-	-	same-masked-body	references:1	Discovery classification; masked operands do not prove referent equivalence.
0x00085c40	0x00084700	-	-	same-masked-body	references:2	Discovery classification; masked operands do not prove referent equivalence.
0x00085c80	0x00084740	-	-	same-masked-body	references:1	Discovery classification; masked operands do not prove referent equivalence.
0x00085cb0	0x00084770	-	-	same-masked-body	references:1	Discovery classification; masked operands do not prove referent equivalence.
0x00085cf0	0x000847b0	-	-	same-masked-body	references:1	Discovery classification; masked operands do not prove referent equivalence.
0x00085d30	0x000847f0	-	-	same-masked-body	unique-body>=80	Discovery classification; masked operands do not prove referent equivalence.
0x00085db0	0x00084870	-	-	changed-body	references:1	Compiler, layout or source difference; see behavior notes and strict comparison.
0x00085e70	0x00084940	-	-	same-masked-body	unique-body>=80	Discovery classification; masked operands do not prove referent equivalence.
0x00085f10	0x000849e0	-	-	same-masked-body	references:1	Discovery classification; masked operands do not prove referent equivalence.
0x00085f50	0x00084a20	-	-	same-masked-body	unique-body>=80	Discovery classification; masked operands do not prove referent equivalence.
0x00086160	0x00084c30	-	-	changed-body	references:1	Compiler, layout or source difference; see behavior notes and strict comparison.
0x00086460	0x00084f30	-	-	same-masked-body	references:1	Discovery classification; masked operands do not prove referent equivalence.
0x0008649e	0x00084f6e	-	-	same-masked-body	references:1	Discovery classification; masked operands do not prove referent equivalence.
0x000864db	0x00084fab	-	-	same-masked-body	references:1	Discovery classification; masked operands do not prove referent equivalence.
0x00086523	0x00084ff3	-	-	identical-bytes	references:2	Same complete census body after alignment padding removal.
0x0008652a	0x00084ffa	-	-	same-masked-body	unique-body>=80	Discovery classification; masked operands do not prove referent equivalence.
0x0008665b	0x0008512b	-	-	same-masked-body	references:1	Discovery classification; masked operands do not prove referent equivalence.
0x0008668e	0x0008515e	-	-	identical-bytes	references:2	Same complete census body after alignment padding removal.
0x000866d0	0x000851a0	-	-	same-masked-body	unique-body>=80	Discovery classification; masked operands do not prove referent equivalence.
0x000867d0	0x000852a0	-	-	same-masked-body	unique-body>=80	Discovery classification; masked operands do not prove referent equivalence.
0x00086850	0x00085320	-	-	same-masked-body	references:7	Discovery classification; masked operands do not prove referent equivalence.
0x00086860	0x00085330	-	-	same-masked-body	references:4	Discovery classification; masked operands do not prove referent equivalence.
0x00086870	0x000856c0	-	-	changed-body	references:1	Compiler, layout or source difference; see behavior notes and strict comparison.
0x00086a50	0x00085340	-	-	changed-body	references:1	Compiler, layout or source difference; see behavior notes and strict comparison.
0x00086ba0	0x00085480	-	-	changed-body	references:1	Compiler, layout or source difference; see behavior notes and strict comparison.
0x00086c50	0x00085530	-	-	changed-body	references:1	Compiler, layout or source difference; see behavior notes and strict comparison.
0x00086cf0	0x000855d0	-	-	same-masked-body	references:3	Discovery classification; masked operands do not prove referent equivalence.
0x00086d40	0x00085620	-	-	same-masked-body	unique-body>=80	Discovery classification; masked operands do not prove referent equivalence.
0x00086db0	0x00085690	-	-	same-masked-body	references:2	Discovery classification; masked operands do not prove referent equivalence.
0x00086de0	0x000858a0	-	-	same-masked-body	unique-body>=80	Discovery classification; masked operands do not prove referent equivalence.
0x00086e70	0x000859d0	-	-	same-masked-body	unique-body>=80	Discovery classification; masked operands do not prove referent equivalence.
0x00086fc0	0x00085b20	-	-	same-masked-body	references:1	Discovery classification; masked operands do not prove referent equivalence.
0x00086ff0	0x00085b50	-	-	identical-bytes	references:1	Same complete census body after alignment padding removal.
0x00087010	0x00085b70	-	-	same-masked-body	references:1	Discovery classification; masked operands do not prove referent equivalence.
0x00087050	0x00085bb0	-	-	changed-body	references:1	Compiler, layout or source difference; see behavior notes and strict comparison.
0x00087130	0x00085c90	-	-	same-masked-body	unique-body>=80	Discovery classification; masked operands do not prove referent equivalence.
0x000871d0	0x00085d30	-	-	changed-body	references:1	Compiler, layout or source difference; see behavior notes and strict comparison.
0x000873b0	0x00085f00	-	-	changed-body	references:1	Compiler, layout or source difference; see behavior notes and strict comparison.
0x00087550	0x000860a0	-	-	changed-body	references:1	Compiler, layout or source difference; see behavior notes and strict comparison.
0x00087780	0x000862d0	-	-	same-masked-body	references:1	Discovery classification; masked operands do not prove referent equivalence.
0x000877d0	0x00086320	-	-	same-masked-body	unique-body>=80	Discovery classification; masked operands do not prove referent equivalence.
0x00087830	0x00086380	-	-	same-masked-body	references:1	Discovery classification; masked operands do not prove referent equivalence.
0x00087860	0x000863b0	-	-	changed-body	unique-body>=80	Compiler, layout or source difference; see behavior notes and strict comparison.
0x00087931	0x00086481	-	-	same-masked-body	local-order-body	Discovery classification; masked operands do not prove referent equivalence.
0x00087950	0x000864a0	-	-	same-masked-body	references:1	Discovery classification; masked operands do not prove referent equivalence.
0x00087990	0x000864e0	-	-	changed-body	references:1	Compiler, layout or source difference; see behavior notes and strict comparison.
0x00087b80	0x000866d0	-	-	changed-body	unique-body>=80	Compiler, layout or source difference; see behavior notes and strict comparison.
0x00087cc0	0x00086820	-	-	changed-body	references:1	Compiler, layout or source difference; see behavior notes and strict comparison.
0x00087d10	0x00086890	-	-	changed-body	unique-body>=80	Compiler, layout or source difference; see behavior notes and strict comparison.
0x00087ea0	0x00086a20	-	-	changed-body	references:3	Compiler, layout or source difference; see behavior notes and strict comparison.
0x00087f20	0x00086aa0	-	-	changed-body	references:2	Compiler, layout or source difference; see behavior notes and strict comparison.
0x00087fa0	0x00086b20	-	-	same-masked-body	references:1	Discovery classification; masked operands do not prove referent equivalence.
0x00087fc0	0x00086b40	-	-	same-masked-body	references:1	Discovery classification; masked operands do not prove referent equivalence.
0x00087fe0	0x00086b60	-	-	same-masked-body	references:1	Discovery classification; masked operands do not prove referent equivalence.
0x00088000	0x00086b80	-	-	changed-body	references:3	Compiler, layout or source difference; see behavior notes and strict comparison.
0x00088060	0x00086be0	-	-	same-masked-body	references:2	Discovery classification; masked operands do not prove referent equivalence.
0x000880b0	0x00086c30	-	-	changed-body	references:2	Compiler, layout or source difference; see behavior notes and strict comparison.
0x000881d0	0x00086d50	-	-	changed-body	references:1	Compiler, layout or source difference; see behavior notes and strict comparison.
0x00088200	0x00086db0	-	-	same-masked-body	unique-body>=80	Discovery classification; masked operands do not prove referent equivalence.
0x000882a0	0x00086e50	-	-	identical-bytes	unique-body>=80	Same complete census body after alignment padding removal.
0x00088310	0x00086ec0	-	-	identical-bytes	unique-body>=80	Same complete census body after alignment padding removal.
0x00088390	0x00089010	-	-	same-masked-body	unique-body>=80	Discovery classification; masked operands do not prove referent equivalence.
0x000884c0	0x00086f40	-	-	identical-bytes	references:1	Same complete census body after alignment padding removal.
0x00088500	0x00086f80	-	-	identical-bytes	references:1	Same complete census body after alignment padding removal.
0x00088520	0x00086fa0	-	-	identical-bytes	unique-body>=80	Same complete census body after alignment padding removal.
0x000885d0	0x00087050	-	-	identical-bytes	unique-body>=80	Same complete census body after alignment padding removal.
0x00088660	0x000870e0	-	-	same-masked-body	paired-pointer-array:0xa38e8	Discovery classification; masked operands do not prove referent equivalence.
0x00088670	0x000870f0	-	-	identical-bytes	unique-body>=80	Same complete census body after alignment padding removal.
0x000886e0	0x00087160	-	-	same-masked-body	unique-body>=80	Discovery classification; masked operands do not prove referent equivalence.
0x00088750	0x000871d0	-	-	identical-bytes	unique-body>=80	Same complete census body after alignment padding removal.
0x00088800	0x00087280	-	-	identical-bytes	references:1	Same complete census body after alignment padding removal.
0x00088820	0x000872a0	-	-	identical-bytes	references:1	Same complete census body after alignment padding removal.
0x00088830	0x000872b0	-	-	identical-bytes	references:1	Same complete census body after alignment padding removal.
0x00088850	0x000872d0	-	-	changed-body	references:1	Compiler, layout or source difference; see behavior notes and strict comparison.
0x00088900	0x00087380	-	-	identical-bytes	unique-body>=80	Same complete census body after alignment padding removal.
0x00088ad0	0x00087550	-	-	same-masked-body	references:1	Discovery classification; masked operands do not prove referent equivalence.
0x00088af0	0x00087570	-	-	same-masked-body	references:1	Discovery classification; masked operands do not prove referent equivalence.
0x00088b10	0x00087590	-	-	same-masked-body	references:1	Discovery classification; masked operands do not prove referent equivalence.
0x00088b50	0x000875d0	-	-	same-masked-body	references:1	Discovery classification; masked operands do not prove referent equivalence.
0x00088b90	0x00087610	-	-	identical-bytes	unique-body>=80	Same complete census body after alignment padding removal.
0x00088c20	0x000876a0	-	-	same-masked-body	unique-body>=80	Discovery classification; masked operands do not prove referent equivalence.
0x00088cb0	0x00087730	-	-	changed-body	references:1	Compiler, layout or source difference; see behavior notes and strict comparison.
0x00088d70	0x000877f0	-	-	changed-body	references:1	Compiler, layout or source difference; see behavior notes and strict comparison.
0x00088e20	0x000878a0	-	-	same-masked-body	unique-body>=80	Discovery classification; masked operands do not prove referent equivalence.
0x00088e87	0x00087907	-	-	changed-body	unique-body>=80	Compiler, layout or source difference; see behavior notes and strict comparison.
0x00089240	0x00087cc0	-	-	same-masked-body	unique-body>=80	Discovery classification; masked operands do not prove referent equivalence.
0x000892c0	0x00088ad0	-	-	same-masked-body	unique-body>=80	Discovery classification; masked operands do not prove referent equivalence.
0x000893e0	0x00088bf0	-	-	changed-body	references:2	Compiler, layout or source difference; see behavior notes and strict comparison.
0x00089610	0x00088e20	-	-	changed-body	references:1	Compiler, layout or source difference; see behavior notes and strict comparison.
0x00089640	0x00089140	-	-	changed-body	references:1	Compiler, layout or source difference; see behavior notes and strict comparison.
0x000896e0	0x000891e0	-	-	changed-body	references:1	Compiler, layout or source difference; see behavior notes and strict comparison.
0x00089750	0x00089250	-	-	changed-body	references:1	Compiler, layout or source difference; see behavior notes and strict comparison.
0x00089870	0x0008a390	-	-	same-masked-body	local-order-body	Discovery classification; masked operands do not prove referent equivalence.
0x00089890	0x0008a3b0	-	-	changed-body	references:1	Compiler, layout or source difference; see behavior notes and strict comparison.
0x00089930	0x0008a450	-	-	same-masked-body	unique-body>=80	Discovery classification; masked operands do not prove referent equivalence.
0x00089b10	0x0008a630	-	-	same-masked-body	references:1	Discovery classification; masked operands do not prove referent equivalence.
0x00089b50	-	-	-	unmapped-runtime-or-boundary	-	No surviving correspondence admitted.
0x00089b90	0x0008a670	-	-	changed-body	references:2	Compiler, layout or source difference; see behavior notes and strict comparison.
0x00089bc0	0x0008a6a0	-	-	identical-bytes	unique-body>=80	Same complete census body after alignment padding removal.
0x00089c30	0x0008a710	-	-	identical-bytes	references:1	Same complete census body after alignment padding removal.
0x00089c70	0x0008a750	-	-	identical-bytes	references:1	Same complete census body after alignment padding removal.
0x00089cb0	0x0008a790	-	-	changed-body	references:1	Compiler, layout or source difference; see behavior notes and strict comparison.
0x00089da0	0x0008a880	-	-	changed-body	references:2	Compiler, layout or source difference; see behavior notes and strict comparison.
0x0008a4f0	0x0008afd0	-	-	changed-body	references:1	Compiler, layout or source difference; see behavior notes and strict comparison.
0x0008a890	0x0008b370	-	-	identical-bytes	references:1	Same complete census body after alignment padding removal.
0x0008a8d0	0x0008b3b0	-	-	identical-bytes	unique-body>=80	Same complete census body after alignment padding removal.
0x0008a940	0x0008b420	-	-	identical-bytes	unique-body>=80	Same complete census body after alignment padding removal.
0x0008aa30	0x0008b510	-	-	identical-bytes	references:1	Same complete census body after alignment padding removal.
0x0008aa50	0x0008b530	-	-	identical-bytes	unique-body>=80	Same complete census body after alignment padding removal.
0x0008ab00	0x0008b5e0	-	-	same-masked-body	unique-body>=80	Discovery classification; masked operands do not prove referent equivalence.
0x0008ae70	0x0008b950	-	-	same-masked-body	unique-body>=80	Discovery classification; masked operands do not prove referent equivalence.
0x0008b130	0x0008bc10	-	-	same-masked-body	references:1	Discovery classification; masked operands do not prove referent equivalence.
0x0008b160	0x0008bc40	-	-	identical-bytes	references:1	Same complete census body after alignment padding removal.
0x0008b170	0x0008bc50	-	-	identical-bytes	references:1	Same complete census body after alignment padding removal.
0x0008b190	0x0008bc70	-	-	identical-bytes	references:1	Same complete census body after alignment padding removal.
0x0008b1b0	0x0008bc90	-	-	changed-body	references:1	Compiler, layout or source difference; see behavior notes and strict comparison.
0x0008b1f0	0x0008bcd0	-	-	changed-body	references:1	Compiler, layout or source difference; see behavior notes and strict comparison.
0x0008b2e0	0x0008c1f0	-	-	changed-body	references:1	Compiler, layout or source difference; see behavior notes and strict comparison.
0x0008b590	0x0008c4a0	-	-	changed-body	references:1	Compiler, layout or source difference; see behavior notes and strict comparison.
0x0008b60c	0x0008c550	-	-	same-masked-body	references:2	Discovery classification; masked operands do not prove referent equivalence.
0x0008b620	0x0008c590	-	-	same-masked-body	references:1	Discovery classification; masked operands do not prove referent equivalence.
0x0008b640	0x0008c560	-	-	identical-bytes	references:1	Same complete census body after alignment padding removal.
