old_rva	new_rva	name	note
0x00001000	0x00001000	??0advManager@@QAE@XZ	
0x000012af	0x000012af	??1advManager@@QAE@XZ	
0x000012c3	0x000012c3	?Open@advManager@@UAEFF@Z	
0x00002020	0x00002020	?Close@advManager@@UAEXXZ	
0x000023a8	0x000023a8	?GetCursorSampleSet@advManager@@QAEXH@Z	
0x00002f1a	0x000267ed	?EraseObj@advManager@@QAEXPAVmapCell@@HH@Z	
0x00003113	0x000269b5	?HeroSwap@advManager@@QAEXPAVhero@@0@Z	
0x000031e0	0x00026a58	?TownEvent@advManager@@QAEXPAVmapCell@@HH@Z	
0x0000339f	0x00026be9	?EventSound@advManager@@QAEXFF@Z	
0x000035e2	0x00026dc6	?EventWindow@advManager@@QAEXFHPADHHHHH@Z	
0x00003609	0x00003609	?Reseed@advManager@@QAEXHH@Z	
0x000036bd	0x00026e86	?GiveArtifact@advManager@@QAEFPAVhero@@C@Z	
0x00003766	0x00026f16	?GiveRandomArtifact@advManager@@QAEHPAVhero@@@Z	
0x000037c5	0x00026f65	?GiveExperience@advManager@@QAEHPAVhero@@HC@Z	
0x00003875	0x00027003	?GiveResource@advManager@@QAEXPAVhero@@CF@Z	
0x000038cf	0x0002706d	?RecruitEvent@advManager@@QAEXPAVhero@@HPAVmapCell@@@Z	
0x000039bb	0x0002712c	?GhostEvent@advManager@@QAECPAVhero@@PAVmapCell@@HHH@Z	
0x00003c9b	0x000273d8	?HouseEvent@advManager@@QAEXPAVhero@@PAVmapCell@@@Z	
0x00003db9	0x000274db	?CombatMonsterEvent@advManager@@QAECPAVhero@@CFPAVmapCell@@HHCHH@Z	
0x00003fb9	0x000276bd	?GiveTakeArtifactStat@advManager@@QAEXPAVhero@@CC@Z	
0x000041fc	0x000278a1	?TransferArtifacts@advManager@@QAEXPAVhero@@0@Z	
0x000043fc	0x00027a8e	?HeroLoses@advManager@@QAEXPAVhero@@@Z	
0x00004475	0x00004475	?ProcessDeSelect@advManager@@QAEHPAUtag_message@@PAHPAPAVmapCell@@@Z	
0x00004479	0x00027af9	?DoWhirlpool@advManager@@QAEXPAVhero@@@Z	
0x000045b0	0x00027c1b	?FizzleCenter@advManager@@QAEXH@Z	
0x00004621	0x00004621	?ProcessSearch@advManager@@QAEHHH@Z	
0x000046c3	0x00027cdd	?DoAIEvent@advManager@@QAEXPAVmapCell@@PAVhero@@HH@Z	
0x00005530	0x00005530	?UpdateScreen@advManager@@QAEXCC@Z	
0x000057a9	0x000057a9	?CompleteDraw@advManager@@QAEXFFH@Z	
0x00005804	0x00028ce2	?PlayerMonsterInteract@advManager@@QAEXPAVmapCell@@0PAVhero@@PACHHCHH@Z	
0x0000599e	0x00028e5f	?ComputerMonsterInteract@advManager@@QAEXPAVmapCell@@PAVhero@@PAC@Z	
0x00005ace	0x00005ace	?CompleteDraw@advManager@@QAEXH@Z	
0x00005af0	0x00028f98	?DoNetCombat@advManager@@QAEHPAD@Z	
0x00005afd	0x00005afd	?GetCloudLookup@advManager@@QAEHHH@Z	
0x00005c7f	0x00029107	?DoCombat@advManager@@QAEHHHPAVhero@@PAVarmyGroup@@PAVtown@@01HHHC@Z	
0x00005efb	0x00005efb	?DrawCell@advManager@@QAEXFFFFCCC@Z	
0x00006245	0x0002968b	?SendHeroTownData@advManager@@QAEXHHPAVhero@@PAVarmyGroup@@PAVtown@@01HHHCCCC@Z	
0x0000651f	0x0002990d	?ReceiveHeroTownData@advManager@@QAEXPADPAH11PAPAVhero@@PAPAVarmyGroup@@PAPAVtown@@23111PAC55@Z	
0x00006870	0x00013330	??0army@@QAE@XZ	
0x00006951	0x000133ec	?InitClean@army@@QAEXXZ	
0x000069c2	0x00013450	?Init@army@@QAEXCFCC@Z	
0x00006ae4	0x00013555	?LoadResources@army@@QAEXXZ	
0x00006d1b	0x00013760	?FreeResources@army@@QAEXXZ	
0x00006d26	0x00006d26	?GetCell@advManager@@QAEPAVmapCell@@FF@Z	
0x00006e0c	0x00013834	?DrawToBuffer@army@@QAEXFF@Z	
0x00007662	0x00013fd9	?Stand@army@@QAEXC@Z	
0x000076c5	0x0001402e	?Wince@army@@QAEXXZ	
0x00007726	0x00014084	?Walk@army@@QAEXFCC@Z	
0x00007ae5	0x00007ae5	?UpdateHeroLocators@advManager@@QAEXCC@Z	
0x00007bb8	0x00007bb8	?UpdateTownLocators@advManager@@QAEXCC@Z	
0x00007ddd	0x00007ddd	?UpdBottomView@advManager@@QAEXCCC@Z	
0x00007f20	0x00007f20	?ClearBottomView@advManager@@QAEXXZ	
0x00007f77	0x00014854	?SpecialAttack@army@@QAEXXZ	
0x00008046	0x00008046	?UpdBottomViewEnemyTurn@advManager@@QAECXZ	
0x00008575	0x00008575	?UpdBottomViewNewTurn@advManager@@QAECXZ	
0x000088e7	0x000088e7	?UpdBottomViewResMsg@advManager@@QAECXZ	
0x00008bf6	0x000154c8	?DoHydraAttack@army@@QAEXXZ	
0x00008c76	0x00008c76	?UpdBottomViewKingdom@advManager@@QAECXZ	
0x00008fe4	0x00008fe4	?UpdBottomViewHero@advManager@@QAECXZ	
0x0000935b	0x00015c2b	?DirDoAttack@army@@QAEXF@Z	
0x00009388	0x00015c4d	?DoAttack@army@@QAEXH@Z	
0x0000a208	0x0000a208	?GetArmySizeName@advManager@@QAEPADFC@Z	
0x0000a415	0x00016cdf	?ResetPath@army@@QAEXXZ	
0x0000a45e	0x00016d1c	?WalkTo@army@@QAEFXZ	
0x0000a485	0x00016d38	?WalkTo@army@@QAEFF@Z	
0x0000a581	0x00016e1e	?AttackTo@army@@QAEFXZ	
0x0000a5a8	0x00016e3a	?AttackTo@army@@QAEFF@Z	
0x0000a771	0x00016fdc	?CheckLuck@army@@QAEXXZ	
0x0000a9ba	0x0001717c	?DamageEnemy@army@@QAEXPAV1@PAH1HH@Z	
0x0000ac26	0x00017391	?Damage@army@@QAEHH@Z	
0x0000ad9c	0x000174f1	?PowEffect@army@@QAEXC@Z	
0x0000ae3d	0x0000ae3d	?RedrawAdvScreen@advManager@@QAEXH@Z	
0x0000af0e	0x0000af0e	?DeactivateCurrTown@advManager@@QAEXXZ	
0x0000af22	0x0000af22	?DeactivateCurrHero@advManager@@QAEXXZ	
0x0000af3e	0x0000af3e	?MobilizeCurrHero@advManager@@QAEXH@Z	
0x0000af7f	0x0000af7f	?DemobilizeCurrHero@advManager@@QAEXXZ	
0x0000b0dd	0x0000b0dd	?SetTownContext@advManager@@QAEXC@Z	
0x0000b301	0x0000b301	?SetHeroContext@advManager@@QAEXCC@Z	
0x0000b645	0x00017d6f	?Strength@army@@QAEIXZ	
0x0000b679	0x00017d94	?SpellEffect@army@@QAEXFH@Z	
0x0000b68e	0x0000b68e	?DoHeroKnob@advManager@@QAEXXZ	
0x0000b7aa	0x00017eaf	?CancelSpell@army@@QAEXXZ	
0x0000b85c	0x00017f49	?GoBerserk@army@@QAEXXZ	
0x0000b8d3	0x0000b8d3	?DoTownKnob@advManager@@QAEXXZ	
0x0000ba3a	0x0001811f	?MoveAttack@army@@QAEXHH@Z	
0x0000bb18	0x0000bb18	?ViewPuzzle@advManager@@QAEXXZ	
0x0000bde0	0x00056b10	?SetupCampaignGame@game@@QAECXZ	
0x0000bf44	0x00056c1d	?SetupBaud@game@@QAECXZ	
0x0000c0a3	0x0000c0a3	?CastSpell@advManager@@QAEXC@Z	
0x0000c0d4	0x00056d56	?SetupComPort@game@@QAECXZ	
0x0000c2f6	0x00056f04	?SetupHotSeatGame@game@@QAECXZ	
0x0000c453	0x0005700b	?SetupNetworkGame@game@@QAECXZ	
0x0000c586	0x000570f2	?SetupModemGame@game@@QAECXZ	
0x0000c8b9	0x0005738b	?SetupMultiPlayerGame@game@@QAECXZ	
0x0000cad1	0x0005752d	?SetupGame@game@@QAECC@Z	
0x0000cf57	0x0005789f	?PickLoadGame@game@@QAECXZ	
0x0000d13e	0x00057a60	?SetupCampaignGameHandler@@YAFAAUtag_message@@@Z	
0x0000d250	0x00057b37	?SetupComPortHandler@@YAFAAUtag_message@@@Z	
0x0000d2a5	0x0000d2a5	?GrabScreen@advManager@@QAEXXZ	
0x0000d399	0x00057c3e	?SetupBaudHandler@@YAFAAUtag_message@@@Z	
0x0000d4e2	0x00057d45	?SetupHotSeatGameHandler@@YAFAAUtag_message@@@Z	
0x0000d5c6	0x0000d5c6	?UpdateCPanel@@YAXC@Z	
0x0000d5e4	0x00057e0d	?SetupModemGameHandler@@YAFAAUtag_message@@@Z	
0x0000d71d	0x00057f05	?SetupMultiPlayerGameHandler@@YAFAAUtag_message@@@Z	
0x0000d7cd	0x0000d7cd	?SaveGame@@YACXZ	
0x0000d82f	0x00057fdc	?SetupNetworkGameHandler@@YAFAAUtag_message@@@Z	
0x0000d910	0x00058089	?SetupGameHandler@@YAFAAUtag_message@@@Z	
0x0000da12	0x00058151	?BaseSetupHandler@@YAFAAUtag_message@@@Z	
0x0000db10	0x00059e90	?ViewSpells@combatManager@@QAECH@Z	
0x0000dc57	0x00059faf	?CombatSpecialHandler@@YAFAAUtag_message@@@Z	
0x0000ddb7	0x0005a0b0	?HandleCastSpell@@YAFAAUtag_message@@@Z	
0x0000de70	0x0000de70	?CheckCastSpell@advManager@@QAEXXZ	
0x0000e04c	0x0005a30d	?ValidSpellTarget@combatManager@@QAECCC@Z	
0x0000e0d3	0x0000e0d3	?APanelHandler@@YAFAAUtag_message@@@Z	
0x0000e223	0x0000e223	?DimensionDoorHandler@@YAFAAUtag_message@@@Z	
0x0000e33c	0x0005a572	?SpellMessage@combatManager@@QAEXCC@Z	
0x0000e464	0x0005a668	?CastSpell@combatManager@@QAEXCCCC@Z	
0x0000e4c1	0x0000e4c1	?ComboDraw@advManager@@QAECFFC@Z	
0x0000f009	0x0000f009	?ComboDraw@advManager@@QAECH@Z	
0x0000f038	0x0000f038	?SetEnvironmentOrigin@advManager@@QAEXFFF@Z	
0x0000f1cd	0x0005b2c6	?DefaultSpell@combatManager@@QAEXC@Z	
0x0000f298	0x0005b375	?CastMassSpell@combatManager@@QAEXCC@Z	
0x0000f2f3	0x0000f2f3	?CheckLoadSample@advManager@@QAEXH@Z	
0x0000f34d	0x0000f34d	?InsertSound@advManager@@QAEXFFFC@Z	
0x0000f55c	0x0000f55c	?TeleportTo@advManager@@QAEXHHH@Z	
0x0000f69f	0x0005b6f8	?CancelSideSpells@combatManager@@QAEXCC@Z	
0x0000f7cd	0x0005b7e8	?Fireball@combatManager@@QAEXC@Z	
0x0000f853	0x0000f853	?DimensionDoor@advManager@@QAEXXZ	
0x0000fa50	0x0000fa50	?TownGate@advManager@@QAEXXZ	
0x0000fbff	0x0005bbeb	?MeteorShower@combatManager@@QAEXC@Z	
0x0000fc90	0x0000fc90	?SummonBoat@advManager@@QAEXXZ	
0x00010038	0x0005bfed	?ElementalStorm@combatManager@@QAEXXZ	
0x0001014b	0x0001014b	?ShowRoute@advManager@@QAEXHHH@Z	
0x0001032b	0x0005c2bd	?Armageddon@combatManager@@QAEXXZ	
0x00010429	0x00010429	?HideRoute@advManager@@QAEXHHH@Z	
0x000104fa	0x000104fa	?CheckDimHero@advManager@@QAEXXZ	
0x00010577	0x00010577	?CheckDimNextHeroBut@advManager@@QAEXXZ	
0x000105da	0x000105da	?SeedTo@advManager@@QAEXHH@Z	
0x00010707	0x00010707	?ForceNewHover@advManager@@QAEXXZ	
0x00010710	0x00065ef0	?ViewGeneral@combatManager@@QAECHHH@Z	
0x00010746	0x00010746	?ScreenScroll@advManager@@QAEXCH@Z	
0x00010916	0x00010916	?CheckScreenScroll@advManager@@QAEXXZ	
0x00010aad	0x00010aad	?MouseInScrollZone@advManager@@QAEHXZ	
0x00010b26	0x00010b26	?SetInitialMapOrigin@advManager@@QAEXXZ	
0x00010c7d	0x000663ee	?HandleViewGeneral@@YAFAAUtag_message@@@Z	
0x00010d6e	0x00010d6e	?LoadRemote@advManager@@QAEXXZ	
0x00010e9f	0x00066595	?ViewArmy@combatManager@@QAEXPAVarmy@@HH@Z	
0x00010fda	0x00010fda	?CheckHandleNetPlayerWait@advManager@@QAEFAAUtag_message@@C@Z	
0x00011000	0x0002b400	?Write@playerData@@QAEXH@Z	
0x0001107c	0x0001107c	?TrimLoopingSounds@advManager@@QAEXH@Z	
0x000111f8	0x0002b5f2	?Read@playerData@@QAEXH@Z	
0x0001121e	0x0001121e	?DisableButtons@advManager@@QAEXXZ	
0x000112e1	0x000112e1	?EnableButtons@advManager@@QAEXXZ	
0x000113a4	0x000113a4	?SaveAdventureBorder@advManager@@QAEXXZ	
0x000113e0	0x0002b7d3	?NextHero@playerData@@QAECH@Z	
0x000114e2	0x000114e2	?DrawAdventureBorder@advManager@@QAEXXZ	
0x0001150c	0x0002b8d3	?HasMobileHero@playerData@@QAECXZ	
0x00011574	0x0002b929	?CountVisitedObelisks@playerData@@QAECXZ	
0x000115d3	0x0002b97f	?BuildingsOwned@playerData@@QAEHHHH@Z	
0x000116a4	0x0002ba35	?NumOfGivenArtifact@playerData@@QAEHH@Z	
0x0001173d	0x0002bab9	?ComputeUALoc@@YAXH@Z	
0x00011ac3	0x0002bdda	?VisitObelisk@game@@QAEXC@Z	
0x00011c73	0x0002bf56	?IsMobile@game@@QAECC@Z	
0x00011d26	0x0002bfee	?GetWorldMapData@game@@QAEPAY0EI@VmapCell@@XZ	
0x00011d44	0x0002c001	?CreateBoat@game@@QAECCC@Z	
0x00011d88	0x00011d88	?DoCompAI@combatManager@@QAEXC@Z	
0x00011e1d	0x0002c0cf	?Scan@game@@QAECPACCC@Z	
0x00011e7c	0x0002c11a	?RandomScan@game@@QAECPACCCH@Z	
0x00011ef0	0x0002c17e	?GetNewHeroId@game@@QAECC@Z	
0x00011ffe	0x0002c263	?GetTownId@game@@QAECCC@Z	
0x0001208d	0x0002c2cc	?GetMineId@game@@QAECCC@Z	
0x00012114	0x0002c335	?GenerateStandardFileName@@YAXPAD0@Z	
0x0001223d	0x0002c4dd	?SaveGame@game@@QAEFPADC@Z	
0x000125fa	0x000125fa	?GetShooterMask@combatManager@@QAEFC@Z	
0x000126b1	0x000126b1	?GetFlyerMask@combatManager@@QAEFC@Z	
0x0001275a	0x0001275a	?GetWalkerMask@combatManager@@QAEFC@Z	
0x0001281e	0x0001281e	?GetBestArmy@combatManager@@QAEFCF@Z	
0x000128bd	0x000128bd	?GetWorstArmy@combatManager@@QAEFCF@Z	
0x0001295c	0x0001295c	?GetClosestArmy@combatManager@@QAEFPAVarmy@@CF@Z	
0x000129f2	0x0002cc73	?LoadGame@game@@QAEFPADHH@Z	
0x00012a5e	0x00012a5e	?GetStrength@combatManager@@QAEICF@Z	
0x00012b0f	0x00012b0f	?AttemptAttack@combatManager@@QAECPAVarmy@@CF@Z	
0x00012c92	0x00012c92	?AttemptAdjacentAttack@combatManager@@QAECPAVarmy@@@Z	
0x00012f0e	0x00012f0e	?WalkTowardArmyFront@combatManager@@QAECPAVarmy@@CF@Z	
0x000130f8	0x000130f8	?WalkTowardArmy@combatManager@@QAECPAVarmy@@CF@Z	
0x000132ca	0x0002d4f2	?NewGameHandler@@YAFAAUtag_message@@@Z	
0x00013330	0x00013330	??0army@@QAE@XZ	
0x000133ec	0x000133ec	?InitClean@army@@QAEXXZ	
0x00013450	0x00013450	?Init@army@@QAEXCFCC@Z	
0x00013555	0x00013555	?LoadResources@army@@QAEXXZ	
0x00013760	0x00013760	?FreeResources@army@@QAEXXZ	
0x0001384b	0x0002d9e5	?UpdateNewGameWindow@game@@QAEXXZ	
0x00013b0e	0x0002dc78	?GiveTroopsToNeutralTowns@game@@QAEXXZ	
0x00013dd1	0x0002dec4	?NewGame@game@@QAECXZ	
0x00013fd9	0x00013fd9	?Stand@army@@QAEXC@Z	
0x00014084	0x00014084	?Walk@army@@QAEXFCC@Z	
0x0001421f	0x0002e2ad	?ShowCampaignInfo@game@@QAEXHHH@Z	
0x000144cc	0x0002e521	?InitEntireCampaign@game@@QAEXH@Z	
0x0001454b	0x0002e595	?InitCampaignMap@game@@QAEXHH@Z	
0x000147d7	0x0002e7f0	?NewMap@game@@QAEXPAD@Z	
0x000154c8	0x000154c8	?DoHydraAttack@army@@QAEXXZ	
0x000157e0	0x0002f621	?GetObjectFamily@@YAHH@Z	
0x0001584f	0x0002f672	?SettleOverlay@game@@QAEXHH@Z	
0x00015a33	0x0002f830	?RandomizeEvents@game@@QAEXXZ	
0x00015c2b	0x00015c2b	?DirDoAttack@army@@QAEXF@Z	
0x00016696	0x00030344	?LoadMap@game@@QAEFPAD@Z	
0x00016ad0	0x0003070a	?ClaimTown@game@@QAEXCC@Z	
0x00016cdf	0x00016cdf	?ResetPath@army@@QAEXXZ	
0x00016d1c	0x00016d1c	?WalkTo@army@@QAEFXZ	
0x00016d38	0x00016d38	?WalkTo@army@@QAEFF@Z	
0x00016df1	0x000309a5	?ClaimMine@game@@QAEXCC@Z	
0x00016e1e	0x00016e1e	?AttackTo@army@@QAEFXZ	
0x00016e3a	0x00016e3a	?AttackTo@army@@QAEFF@Z	
0x00016fdc	0x00016fdc	?CheckLuck@army@@QAEXXZ	
0x000170ba	0x00030bef	?ViewSpells@game@@QAECPAVhero@@CP6AFAAUtag_message@@@ZC@Z	
0x0001717c	0x0001717c	?DamageEnemy@army@@QAEXPAV1@PAH1HH@Z	
0x00017351	0x00030e2a	?SetupSpellRange@game@@QAEXF@Z	
0x00017391	0x00017391	?Damage@army@@QAEHH@Z	
0x0001740c	0x00030eca	?UpdateSpellWidgets@game@@QAEXXZ	
0x000174f1	0x000174f1	?PowEffect@army@@QAEXC@Z	
0x000175ec	0x0003109e	?ViewSpellsHandler@@YAFAAUtag_message@@@Z	
0x00017ae4	0x00031532	?ViewSpecialHandler@@YAFAAUtag_message@@@Z	
0x00017c59	0x0003165b	?ViewArmy@game@@QAEXFFCFPAVtown@@CCCPAVhero@@PAVarmy@@PAVarmyGroup@@@Z	
0x00017d6f	0x00017d6f	?Strength@army@@QAEIXZ	
0x00017d94	0x00017d94	?SpellEffect@army@@QAEXFH@Z	
0x00017eaf	0x00017eaf	?CancelSpell@army@@QAEXXZ	
0x00017f49	0x00017f49	?GoBerserk@army@@QAEXXZ	
0x0001811f	0x0001811f	?MoveAttack@army@@QAEXHH@Z	
0x000184b0	0x000184b0	??0armyGroup@@QAE@XZ	
0x000184e1	0x000184e1	?View@armyGroup@@QAEXH@Z	
0x000184ee	0x000184ee	?GetMorale@armyGroup@@QAEFPAVhero@@PAVtown@@@Z	
0x0001853a	0x00031f0a	?ViewArmyHandler@@YAFAAUtag_message@@@Z	
0x00018609	0x00018609	?Dismiss@armyGroup@@QAEXC@Z	
0x0001862f	0x0001862f	?IsMember@armyGroup@@QAECC@Z	
0x00018676	0x00018676	?IsHomogeneous@armyGroup@@QAECC@Z	
0x000186f2	0x00032089	?Overview@game@@QAEXXZ	
0x000187b4	0x000187b4	?CanJoin@armyGroup@@QAECC@Z	
0x000187ef	0x000187ef	?GetNumArmies@armyGroup@@QAEFXZ	
0x00018841	0x00018841	?Add@armyGroup@@QAEFCFC@Z	
0x0001893f	0x0001893f	?Swap@armyGroup@@QAEXCPAV1@C@Z	
0x000189b6	0x000189b6	?DamageGroup@armyGroup@@QAEXM@Z	
0x00018b30	0x00018b30	??0combatManager@@QAE@XZ	
0x00018cbb	0x00018cbb	?CombineGroups@combatManager@@QAEXPAVarmyGroup@@0@Z	
0x00018dd3	0x00018dd3	?SetupCombat@combatManager@@QAEXHHPAVhero@@PAVarmyGroup@@PAVtown@@01HHH@Z	
0x00019118	0x00019118	?Open@combatManager@@UAEFF@Z	
0x000192e7	0x00032d0a	?GetRandomNumTroops@game@@QAECC@Z	
0x000195d4	0x00032f8c	?NextPlayer@game@@QAEXXZ	
0x0001972a	0x0001972a	?UpdateArmyGroup@combatManager@@QAEXC@Z	
0x00019ae2	0x000334ac	?ComputeDailyGold@game@@QAEHH@Z	
0x00019d62	0x000336ce	?PerDay@game@@QAEXXZ	
0x0001a1b9	0x00033b9c	?PerWeek@game@@QAEXXZ	
0x0001a4bc	0x0001a4bc	?FreeIcons@combatManager@@QAEXXZ	
0x0001a528	0x0001a528	?LoadArmies@combatManager@@QAEXXZ	
0x0001a842	0x0001a842	?NoShowCombatLog@combatManager@@QAEXPAD@Z	
0x0001a84f	0x0001a84f	?GetGridIndex@combatManager@@QAEFFF@Z	
0x0001a8f6	0x0001a8f6	?CheckApplyGoodMorale@combatManager@@QAEXHH@Z	
0x0001aa04	0x0003435e	?PerMonth@game@@QAEXXZ	
0x0001aa9b	0x0001aa9b	?CheckApplyBadMorale@combatManager@@QAEHHH@Z	
0x0001ac0e	0x0001ac0e	?GetNextArmy@combatManager@@QAECH@Z	
0x0001ace5	0x0003461e	?RandomizeTown@game@@QAEXCCC@Z	
0x0001ade7	0x0001ade7	?IsWinner@combatManager@@QAECC@Z	
0x0001ae9c	0x0001ae9c	?CatAttack@combatManager@@QAEXC@Z	
0x0001b364	0x00034b87	?SetupTown@game@@QAEXCC@Z	
0x0001b718	0x00034e9f	?RandomizeMine@game@@QAEXCC@Z	
0x0001bb8e	0x0001bb8e	?RegenerateField@combatManager@@QAEXXZ	
0x0001bd71	0x00035425	?GetRandomArtifactId@game@@QAECXZ	
0x0001bdea	0x00035483	?RandomizeHeroPool@game@@QAEXXZ	
0x0001beec	0x00035566	?SetRandomHeroArmies@game@@QAEXFH@Z	
0x0001c1cc	0x000357f5	?ProcessRandomObjects@game@@QAEXH@Z	
0x0001c499	0x00035a74	?SetVisibility@game@@QAEXFFFF@Z	
0x0001c6b4	0x0001c6b4	?ExperienceValueOfStack@combatManager@@QAEHC@Z	
0x0001c6f2	0x00035ca3	?GiveArmy@game@@QAEXPAVarmyGroup@@HHH@Z	
0x0001c7a0	0x0001c7a0	?ResetHitByCreature@combatManager@@QAEXXZ	
0x0001c7ee	0x00035d6b	?ExperienceValueOfStack@game@@QAEHPAVarmyGroup@@PAVhero@@@Z	
0x0001c7ff	0x0001c7ff	?ValidHex@@YAHH@Z	
0x0001c826	0x0001c826	?SaveCombatBorder@combatManager@@QAEXXZ	
0x0001c87a	0x00035de5	?SGenRand@@YAHXZ	
0x0001c87d	0x0001c87d	?DrawCombatBorder@combatManager@@QAEXXZ	
0x0001c900	0x0001c900	??_H@YGXPAXIHP6EX0@Z@Z	
0x0001c90b	0x00035e77	?SRandom@@YAHHH@Z	
0x0001c95d	0x00035ecc	?SIncRandomize@@YAXHH@Z	
0x0001c984	0x0001c984	?pop_node@@YAPAUtag_Node@@PAUtag_Anchor@@@Z	
0x0001c9ba	0x0001c9ba	?init_anchor@@YAXPAUtag_Anchor@@HH@Z	
0x0001c9e6	0x00035f56	?SRand@@YAXH@Z	
0x0001ca0a	0x00035f6f	?GetLuck@game@@QAEHPAVhero@@PAVarmy@@@Z	
0x0001cac9	0x00036026	?FindAdjacentMonster@advManager@@QAECHHPAH0HH@Z	
0x0001ce17	0x00036320	?SetupAdjacentMons@game@@QAEXXZ	
0x0001cef5	0x000363dc	?CancelComputerScreen@game@@QAEXXZ	
0x0001cf56	0x00036431	?ShowComputerScreen@game@@QAEXXZ	
0x0001d048	0x0001d048	?com_term@@YAXF@Z	
0x0001d06b	0x00036536	?ShowHeroesLogo@game@@QAEXXZ	
0x0001d113	0x000365d2	?WaitForPlayer@game@@QAEXPADH@Z	
0x0001d1e4	0x0001d1e4	?com_snd@@YAFFGGPAXH@Z	
0x0001d268	0x000366f6	?RandomizeTerrainTiles@game@@QAEXXZ	
0x0001d2fe	0x0001d2fe	?com_sess@@YAFHHZZ	
0x0001d306	0x0001d306	?com_stat@@YAEFG@Z	
0x0001d31a	0x00036796	?ProcessMapExtra@game@@QAEXXZ	
0x0001d443	0x0003689d	?SetupTowns@game@@QAECXZ	
0x0001d460	0x0001d460	?Main@combatManager@@UAEFAAUtag_message@@@Z	
0x0001d657	0x00036a6c	?ProcessOnMapHeroes@game@@QAEXXZ	
0x0001d6dc	0x0001d6dc	?ValidHexToStandOn@combatManager@@QAECH@Z	
0x0001d99f	0x00036d91	?CheckHeroConsistency@game@@QAEXXZ	
0x0001dd54	0x000370d2	?TransmitSaveGame@game@@QAEHHH@Z	
0x0001de87	0x0001de87	?CheckSetMouseDirection@combatManager@@QAEXHHH@Z	
0x0001e3eb	0x0001e3eb	?GetPointer@combatManager@@QAEHH@Z	
0x0001e48b	0x000376cf	?ReceiveSaveGame@game@@QAEHHH@Z	
0x0001e900	0x0001e900	?ResetRound@combatManager@@QAEXXZ	
0x0001ea22	0x0001ea22	?CheckWin@combatManager@@QAEHPAUtag_message@@@Z	
0x0001ea28	0x00037b7f	?DoNewTurn@game@@QAEXXZ	
0x0001eb45	0x0001eb45	?GetCommand@combatManager@@QAECF@Z	
0x0001edae	0x0001edae	?RightClick@combatManager@@QAECC@Z	
0x0001ee53	0x00038134	?GetBoatsBuilt@game@@QAEHXZ	
0x0001eeab	0x00038180	?GetMap@game@@SAXXZ	
0x0001f209	0x0001f209	?WinCombatHandler@@YAFAAUtag_message@@@Z	
0x0001f247	0x000384f3	?GetNumThievesGuilds@game@@QAEHH@Z	
0x0001f2df	0x00038573	?CalcDifficultyRating@game@@QAEHXZ	
0x0001f389	0x0001f389	?ClearWinLoseBottom@combatManager@@QAEXPAVheroWindow@@@Z	
0x0001f491	0x0001f491	?ShowWinLoseArtifact@combatManager@@QAEXPAVheroWindow@@H@Z	
0x0001f5ef	0x00038856	?GetBaseScore@@YAHH@Z	
0x0001f727	0x00038934	?ShowScenInfo@game@@QAEXXZ	
0x0001fb75	0x00038d44	?RandomizePlayerCrests@game@@QAEXXZ	
0x0001fcc4	0x00038e58	?RestoreCell@game@@QAEXHHHHPAVmapCell@@H@Z	
0x0001fd70	0x0002a6a0	?CanFit@army@@QAEFPAF@Z	
0x0001ffd7	0x0002a8a0	?ValidFlight@army@@QAEFFC@Z	
0x0002043f	0x0002ac90	?FlyTo@army@@QAEFXZ	
0x00020466	0x0002acac	?FlyTo@army@@QAEFF@Z	
0x000205a2	0x000205a2	?DoLoseWindow@combatManager@@QAEXXZ	
0x00020a7e	0x00020a7e	?DoSurrender@combatManager@@QAEFXZ	
0x00020bd0	0x0003c7b0	_PollSound	
0x00020c42	0x0003c7f1	?ForcePollSound@@YAXXZ	
0x00020c62	0x0003c808	?InitMainClasses@@YAXXZ	
0x00020d8c	0x00020d8c	?CheckCastleAttack@combatManager@@QAEXXZ	
0x00020e7c	0x00020e7c	?CheckGetAIMove@combatManager@@QAEXXZ	
0x00020ed8	0x00020ed8	?GetControl@combatManager@@QAEXXZ	
0x00021269	0x0003cd20	?DeleteMainClasses@@YAXXZ	
0x000215c0	0x000215c0	?StartCursor@advManager@@QAEXC@Z	
0x000215d6	0x0003cfcb	?EarlySetup@@YAHXZ	
0x000216ec	0x0003d0c4	?oldmain@@YAHXZ	
0x00021703	0x00021703	?StopCursor@advManager@@QAEXC@Z	
0x00021820	0x00021820	?DrawCursor@advManager@@QAEXXZ	
0x00021dc4	0x00021dc4	?GetCursorBaseFrame@advManager@@QAEFF@Z	
0x00021e15	0x00021e15	?TurnTo@advManager@@QAEXC@Z	
0x00022023	0x00022023	?GetMoveShowIt@advManager@@QAEHC@Z	
0x0002250f	0x0003dd8f	?toupper@@YADD@Z	
0x0002254d	0x0003de12	?InterpretCommandLine@@YAHXZ	
0x000227d5	0x0003e05e	?InitMenuHandler@@YAFAAUtag_message@@@Z	
0x0002298b	0x0003e1b2	?NullHandler@@YAFAAUtag_message@@@Z	
0x0002299f	0x0003e1bb	?RecruitHeroHandler@@YAFAAUtag_message@@@Z	
0x00022b6a	0x0003e319	?GetBuildingName@@YAPADHF@Z	
0x00022bb1	0x0003e349	?GetBuildingCost@@YAXHFQAHH@Z	
0x00022c50	0x0003e3cf	?GetMonsterName@@YAPADH@Z	
0x00022c6a	0x0003e3de	?GetMonsterCost@@YAXHQAH@Z	
0x00022d50	0x0003e49c	?CanBuild@@YACPAVtown@@F@Z	
0x00022df4	0x00022df4	?CheckAdjacentMon@advManager@@QAEXPAC@Z	
0x00022e94	0x0003e5a0	?CanBuy@@YACPAVtown@@F@Z	
0x00022f62	0x0003e656	?GetBuildingBaseResourceValue@@YAHHHH@Z	
0x00022fc2	0x0003e693	?NormalDialog@@YAXPADHHHHHHHH@Z	
0x00023707	0x00023707	?CombatMessage@combatManager@@QAEXPADH@Z	
0x00023acc	0x00023acc	?SetGridMode@combatManager@@QAEXC@Z	
0x00023ebf	0x0003f440	?UpdateNormalDialog@@YAXPAD@Z	
0x00023f2a	0x0003f4a2	?WaitHandler@@YAFAAUtag_message@@@Z	
0x000240ef	0x0003f5ef	?EventWindowHandler@@YAFAAUtag_message@@@Z	
0x00024203	0x0003f6a2	?TrueFalseDialogHandler@@YAFAAUtag_message@@@Z	
0x0002421f	0x0003f6b3	?PlayerDead@@YAXH@Z	
0x0002438b	0x0003f7f8	?HandleRemoteDeadPlayerExit@@YAXH@Z	
0x00024425	0x0003f882	?HandleRemoteSuddenExit@@YAXXZ	
0x00024516	0x0003f956	?ReceiveRemotePlayerExit@@YAXCCCC@Z	
0x00024700	0x0003fb8e	?CheckEndGame@@YAXH@Z	
0x00024f04	0x000404c4	?QuickViewWait@@YAXXZ	
0x00024f99	0x0004053e	?InitVars@@YAXXZ	
0x00025164	0x000406b3	?ShowMoraleInfo@game@@QAEXPAVhero@@H@Z	
0x00025590	0x00040aa5	?ShowLuckInfo@game@@QAEXPAVhero@@H@Z	
0x00025781	0x00040c72	?ClearMapExtra@@YAXXZ	
0x000257f1	0x00040ccf	?GetMonType@@YAFHH@Z	
0x0002587f	0x00040d39	?AddScoreToHighScore@@YAHHHPAD0@Z	
0x00025c5a	0x00041066	?BVResMsg@@YAXPADHH@Z	
0x00025cb5	0x000410b7	?GOut@@YAXPAD@Z	
0x00025ce3	0x000410d6	?NetPosToGamePos@@YACH@Z	
0x00025d1c	0x000410f1	?WaitForOtherPlayer@@YACXZ	
0x00025df6	0x000411a2	?PopNetBox@@YAXPAD@Z	
0x000264ed	0x000417fc	?AddNetBoxLine@@YAXPAD@Z	
0x00026528	0x00041824	?ShutDown@@YAXPAD@Z	
0x00026677	0x00041943	?FileError@@YAXPAD@Z	
0x000266c1	0x00041977	?ShowCongrats@@YAXXZ	
0x000269b5	0x000269b5	?HeroSwap@advManager@@QAEXPAVhero@@0@Z	
0x00026a7f	0x00041d6c	?CongratsWait@@YAXXZ	
0x00026b30	0x00041df7	?GetDataEntry@@YAXPAD0H0@Z	
0x00026d00	0x00041f97	?DataEntryWindowHandler@@YAFAAUtag_message@@@Z	
0x00026fb4	0x00042146	?MemError@@YAXXZ	
0x00027003	0x00027003	?GiveResource@advManager@@QAEXPAVhero@@CF@Z	
0x0002702f	0x000421a6	?MemSize@@YAHH@Z	
0x00027044	0x000421b0	?CheckMem@@YACXZ	
0x00027056	0x000421b7	?GetTownName@@YAPADH@Z	
0x0002712c	0x0002712c	?GhostEvent@advManager@@QAECPAVhero@@PAVmapCell@@HHH@Z	
0x00027183	0x0004228d	?LoadSystemwideIcons@@YAXXZ	
0x000271e7	0x000422e6	?UnloadSystemwideIcons@@YAXXZ	
0x0002723b	0x00042331	?EarlyShutDownSystem@@YAXXZ	
0x0002724b	0x00042336	?GameUnsaved@@YAHXZ	
0x000272c9	0x0004238b	?HandleAppSpecificMenuCommands@@YAHH@Z	
0x000278f2	0x000428ae	?UpdateSystemOptionsMenu@@YAXXZ	
0x00027ca9	0x00042bcc	?CleanUpMenus@@YAXXZ	
0x00027d42	0x00042c49	?UpdateAppSpecificMenus@@YAXPAX@Z	
0x00027d65	0x00042c5e	?EarlyResizeWindow@@YAXHHHH@Z	
0x00027da5		?LogTruncate@@YAXXZ	No standalone Buka retail function. Remove the inherited NWC address claim; source/call cleanup is a separate implementation task.
0x00027e15		?LogStr@@YAXPAD@Z	No standalone Buka retail function. Remove the inherited NWC address claim; source/call cleanup is a separate implementation task.
0x00027eb2		?LogInt@@YAXPADH@Z	No standalone Buka retail function. Remove the inherited NWC address claim; source/call cleanup is a separate implementation task.
0x00027f38		?LogStr@@YAXPADHH@Z	No standalone Buka retail function. Remove the inherited NWC address claim; source/call cleanup is a separate implementation task.
0x00027fc2		?LogStr@@YAXPADHHHHH@Z	No standalone Buka retail function. Remove the inherited NWC address claim; source/call cleanup is a separate implementation task.
0x00028064		?LogStr@@YAXPADHHHHHHH@Z	No standalone Buka retail function. Remove the inherited NWC address claim; source/call cleanup is a separate implementation task.
0x0002810e	0x00047900	?AiPrint@@YAXPAD@Z	
0x0002812d	0x00047914	?AbsAiPrint@@YAXPAD@Z	
0x0002817b	0x00047951	?ResetHeroRVs@@YAXHHH@Z	
0x000282f2	0x00047aa1	?CheckDoMain@@YAXHH@Z	
0x000284e1	0x00047c6b	?ShowStatus@@YAXXZ	
0x000284f1	0x00047c70	?ShowDebugText@philAI@@QAEXPAD@Z	
0x0002857d	0x00047cee	??0philAI@@QAE@XZ	
0x000285db	0x00047d3f	?DoAllHeroInteractions@philAI@@QAEXXZ	
0x0002868b	0x00047dc7	?CheckBuyStuff@philAI@@QAEXXZ	
0x00028ad0	0x000481b6	?GoodAdjacent@philAI@@QAEHPAVhero@@PAH@Z	
0x00028c79	0x0004834a	?CheckReload@philAI@@QAEXPAVhero@@@Z	
0x0002905e	0x000486ce	?CheckBerserk@philAI@@QAEXPAVhero@@@Z	
0x000292de	0x000488e4	?DoDimensionDoor@philAI@@QAECPAVhero@@@Z	
0x0002947e	0x00048a6f	?DoAI@philAI@@QAEXH@Z	
0x0002968b	0x0002968b	?SendHeroTownData@advManager@@QAEXHHPAVhero@@PAVarmyGroup@@PAVtown@@01HHHCCCC@Z	
0x00029c60	0x00029c60	??0searchArray@@QAE@XZ	
0x00029c70	0x00029c70	?Clear@searchArray@@QAEXXZ	
0x00029ca0	0x00029ca0	?QuickDistance@searchArray@@QAEFFFFF@Z	
0x00029cf0	0x00029cf0	?TerrainStepCost@@YAFCC@Z	
0x00029d6e	0x0004919e	?GetGameAIVars@philAI@@QAEXXZ	
0x00029db9	0x000491dd	?GetTurnAIVars@philAI@@QAEXH@Z	
0x0002a070	0x0002a070	?PushCombatPoint@searchArray@@QAEXFFGG@Z	
0x0002a1a0	0x0002a1a0	?PushPoint@searchArray@@QAEXFFGGGCCCCCCC@Z	
0x0002a40d	0x000497c8	?GetBestBHC@philAI@@QAEXHAAUBHC@@@Z	
0x0002a440	0x0002a440	?TestPossibleDirections@searchArray@@QAEXFFQAC0FH@Z	
0x0002a9dd	0x00049d14	?DetermineHeroToMove@philAI@@QAEPAVhero@@H@Z	
0x0002aaf9	0x00049dfe	?DetermineTargetPosition@philAI@@QAEXPAVhero@@AAC1F@Z	
0x0002ac90	0x0002ac90	?FlyTo@army@@QAEFXZ	
0x0002b42b	0x0004a69b	?ProbableOutcomeOfBattle@philAI@@QAEXPAVarmyGroup@@PAVhero@@010CCHAAMAAH3333@Z	
0x0002b929	0x0002b929	?CountVisitedObelisks@playerData@@QAECXZ	
0x0002b97f	0x0002b97f	?BuildingsOwned@playerData@@QAEHHHH@Z	
0x0002ba35	0x0002ba35	?NumOfGivenArtifact@playerData@@QAEHH@Z	
0x0002ba65	0x0004abfa	?GetOddsOfWinning@philAI@@QAEMH@Z	
0x0002ba83	0x0004ac0d	?ValueOfBuyingBuilding@philAI@@QAEXPAVtown@@HAAHAAM@Z	
0x0002bdda	0x0002bdda	?VisitObelisk@game@@QAEXC@Z	
0x0002bf56	0x0002bf56	?IsMobile@game@@QAECC@Z	
0x0002bfee	0x0002bfee	?GetWorldMapData@game@@QAEPAY0EI@VmapCell@@XZ	
0x0002bff5	0x0004b114	?GetBestBuilding@philAI@@QAEXPAVtown@@AAUBHC@@AAM@Z	
0x0002c001	0x0002c001	?CreateBoat@game@@QAECCC@Z	
0x0002c0cf	0x0002c0cf	?Scan@game@@QAECPACCC@Z	
0x0002c11a	0x0002c11a	?RandomScan@game@@QAECPACCCH@Z	
0x0002c164	0x0004b215	?ValueOfBuyingCreature@philAI@@QAEXPAVtown@@HAAHHAAM@Z	
0x0002c263	0x0002c263	?GetTownId@game@@QAECCC@Z	
0x0002c2cc	0x0002c2cc	?GetMineId@game@@QAECCC@Z	
0x0002c445	0x0004b47d	?GetBestCreature@philAI@@QAEXPAVtown@@AAUBHC@@AAM@Z	
0x0002c63a	0x0004b605	?CreaturesToBuy@philAI@@QAEHPAVtown@@H@Z	
0x0002c682	0x0004b644	?CreaturesToBuy@philAI@@QAEHHH@Z	
0x0002c6e1	0x0004b68b	?MaxBuyableCreatures@philAI@@QAEHH@Z	
0x0002c77c	0x0004b70d	?ValueOfBuyingHero@philAI@@QAEXPAVtown@@PAVhero@@AAHAAM@Z	
0x0002c924	0x0004b891	?GetBestHero@philAI@@QAEXPAVtown@@AAUBHC@@AAM@Z	
0x0002caa8	0x0004b9bd	?LikelihoodOfEnemyAttacking@philAI@@QAEXPAVtown@@PAVhero@@AAM2AAH332@Z	
0x0002cb0d	0x0004ba11	?MeanRVOfUnexploredTerritory@philAI@@QAEHH@Z	
0x0002cb27	0x0004ba20	?GetGameAttentionValue@philAI@@QAEXH@Z	
0x0002cc6e	0x0004bb6d	?GetTurnAttentionValue@philAI@@QAEXH@Z	
0x0002cd5b	0x0004bc33	?RVConversion@philAI@@QAEHQAH@Z	
0x0002ce01	0x0004bca4	?TurnsToBuy@philAI@@QAEMQAH@Z	
0x0002cecb	0x0004bd6b	?RVOfPosition@philAI@@QAEHPAVhero@@FFCFFCFFH@Z	
0x0002d407	0x0004c217	?StrategicValueOfPosition@philAI@@QAEHPAVhero@@FFCPAH@Z	
0x0002d9e5	0x0002d9e5	?UpdateNewGameWindow@game@@QAEXXZ	
0x0002dcb0	0x0004ca51	?ValueOfTown@philAI@@QAEHPAVtown@@@Z	
0x0002dd61	0x0004cb0a	?TurnCostResource@philAI@@QAEXH@Z	
0x0002de9a	0x0004cc15	?TurnValueOfObelisk@philAI@@QAEMH@Z	
0x0002dfb8	0x0004cd10	?FutureDeflator@philAI@@QAEMQAH@Z	
0x0002e009	0x0004cd57	?FightValueOfStack@philAI@@QAEHPAVarmyGroup@@PAVhero@@HCC@Z	
0x0002e2ad	0x0002e2ad	?ShowCampaignInfo@game@@QAEXHHH@Z	
0x0002e521	0x0002e521	?InitEntireCampaign@game@@QAEXH@Z	
0x0002e76d	0x0004d38f	?EvaluateOneTimeCreaturePurchase@philAI@@QAEXPAVhero@@HHHAAH11@Z	
0x0002e947	0x0004d521	?QuickCombat@philAI@@QAEHPAVarmyGroup@@PAVhero@@01CCAAM2@Z	
0x0002eca6	0x0004d821	?HeroInteractionAtTown@philAI@@QAEXPAVhero@@PAVtown@@HPAH@Z	
0x0002f82c	0x0004e236	?ChooseGoldOrExperience@philAI@@QAEHPAVhero@@HH@Z	
0x0002f88d	0x0004e275	?ChooseEvaluateBattle@philAI@@QAEXPAVarmyGroup@@PAVhero@@01HHHAAH2@Z	
0x0002f954	0x0004e319	?ChooseToBuyArtifact@philAI@@QAEHPAVhero@@HH@Z	
0x0002f9bd	0x0004e35b	?ChooseToPayRansomOnHero@philAI@@QAEHPAVhero@@H@Z	
0x0002f9da	0x0004e36d	?BuildBuilding@philAI@@QAEXPAVtown@@F@Z	
0x0002fb6e	0x0004e4ad	?BuildHero@philAI@@QAEXPAVtown@@F@Z	
0x0002fdca	0x0004e6d0	?BuildCreature@philAI@@QAEXPAVtown@@HH@Z	
0x0002feca	0x0004e77d	?CanBuyBHC@philAI@@QAEHAAUBHC@@@Z	
0x00030052	0x0004e8bc	?CombatMonsterEvent@philAI@@QAECPAVhero@@CPAHPAVmapCell@@@Z	
0x000301c9	0x0004ea2c	?FightEvent@philAI@@QAEXPAVhero@@PAVmapCell@@@Z	
0x00030433	0x0004ec5b	?DamageGroup@philAI@@QAEHPAVarmyGroup@@PAVhero@@1M@Z	
0x000304a6	0x0004ecb0	?StatChangeValue@philAI@@QAEMHH@Z	
0x0003050c	0x0004ecff	?IncrementHourGlass@philAI@@QAEXXZ	
0x000305d7	0x0004edcb	?TownEvent@philAI@@QAEXPAVmapCell@@PAVhero@@HH@Z	
0x0003070a	0x0003070a	?ClaimTown@game@@QAEXCC@Z	
0x000307f8	0x0004efb4	?ValueOfEventAtPosition@philAI@@QAEHPAVhero@@FFHPAH@Z	
0x00030e2a	0x00030e2a	?SetupSpellRange@game@@QAEXF@Z	
0x00030eca	0x00030eca	?UpdateSpellWidgets@game@@QAEXXZ	
0x00031532	0x00031532	?ViewSpecialHandler@@YAFAAUtag_message@@@Z	
0x00032870	0x00042ca0	_WinMain@16	
0x000329be	0x00042dba	?AppInit@@YAHPAUHINSTANCE__@@0HPAD@Z	
0x00032c94	0x00043048	?AppIdle@@YAHXZ	
0x00032cc5	0x00043052	?AppWndProc@@YGJPAUHWND__@@IIJ@Z	
0x00032f67	0x00032f67	?TurnOnAIMusic@game@@QAEXXZ	
0x00032f81	0x00032f81	?TurnOffAIMusic@game@@QAEXXZ	
0x000332dc	0x000436ff	_AppAbout@16	
0x0003336c	0x00043766	?AppExit@@YAXXZ	
0x00033386	0x00043775	?Process1WindowsMessage@@YAXXZ	
0x00033450	0x000437f4	?ResizeWindow@@YAXHHHH@Z	
0x00033577	0x00043911	?AppCommand@@YAHPAUHWND__@@IIH@Z	
0x000336fc	0x00043a76	?UpdateDfltMenu@@YAXPAUHMENU__@@@Z	
0x000337cc	0x00043b24	?KBChangeMenu@@YAXPAUHMENU__@@@Z	
0x00033876	0x00043bb5	?SetMenuStatus@@YAXH@Z	
0x000339ab	0x00043ccd	?SetNoDialogMenus@@YAXH@Z	
0x00033a24	0x00043d1f	?SetMenus@@YAXPAUHMENU__@@H@Z	
0x00033b7e	0x00043e4a	?SetGameDefaults@@YAXXZ	
0x00033d21		?ReadPrefsFromFile@@YAXXZ	No standalone Buka retail function. Remove the inherited NWC address claim; source/call cleanup is a separate implementation task.
0x00033f2e		?ReadPrefsFromRegistry@@YAXXZ	No standalone Buka retail function. Remove the inherited NWC address claim; source/call cleanup is a separate implementation task.
0x00034453	0x00043f8f	?ReadPrefs@@YAXXZ	
0x00034468		?WritePrefsToFile@@YAXXZ	No standalone Buka retail function. Remove the inherited NWC address claim; source/call cleanup is a separate implementation task.
0x000344f2		?WritePrefsToRegistry@@YAXXZ	No standalone Buka retail function. Remove the inherited NWC address claim; source/call cleanup is a separate implementation task.
0x000348b9	0x000443f7	?WritePrefs@@YAXXZ	
0x00034d9e	0x00044ae3	?SetWinText@@YAXPAVheroWindow@@F@Z	
0x00034e1a	0x00044b4e	?KBTickCount@@YAHXZ	
0x00034e30	0x00044b59	?ProcessAssert@@YAXHPADH@Z	
0x00034e93	0x00044bae	?FindToken@@YAPADPADD@Z	
0x00034ef8	0x00044bfe	?FindLastToken@@YAPADPADD@Z	
0x00034f60	0x00066710	?DDRestoreDisplayMode@@YAXXZ	
0x00034fb9	0x0006674e	?DDQueryNewPalette@@YAHXZ	
0x00034fff	0x0006677b	?CreatePrimary@@YAXXZ	
0x0003509a	0x000667f8	?SetupClipper@@YAXXZ	
0x00035185	0x000668b6	?DDInitGraphics@@YAXXZ	
0x000352f6	0x000669ef	?DDAppPaint@@YAHPAUHWND__@@PAUHDC__@@@Z	
0x00035425	0x00035425	?GetRandomArtifactId@game@@QAECXZ	
0x00035566	0x00035566	?SetRandomHeroArmies@game@@QAEXFH@Z	
0x00035888	0x00066ed3	?DDInitializePalette@@YAXXZ	
0x000359c8	0x00066fe8	?DDSetPalette@@YAHXZ	
0x00035a74	0x00035a74	?SetVisibility@game@@QAEXFFFF@Z	
0x00035a7b	0x0006706a	?DDCreateSurface@@YAPAUIDirectDrawSurface@@IIH@Z	
0x00035ba5	0x0006716a	?DDSD@@YAXHPADH@Z	
0x00035ca3	0x00035ca3	?GiveArmy@game@@QAEXPAVarmyGroup@@HHH@Z	
0x00035d6b	0x00035d6b	?ExperienceValueOfStack@game@@QAEHPAVarmyGroup@@PAVhero@@@Z	
0x00035e77	0x00035e77	?SRandom@@YAHHH@Z	
0x00035ecc	0x00035ecc	?SIncRandomize@@YAXHH@Z	
0x00035f56	0x00035f56	?SRand@@YAXH@Z	
0x00035f6f	0x00035f6f	?GetLuck@game@@QAEHPAVhero@@PAVarmy@@@Z	
0x00035f93	0x00067557	?DDUpdatePalette@@YAXPAC@Z	
0x000360af	0x0006764c	?DDCleanUpWinGraphics@@YAXXZ	
0x0003622e	0x000677a0	?DDSetFullScreenStatus@@YAXH@Z	
0x00036320	0x00036320	?SetupAdjacentMons@game@@QAEXXZ	
0x00036518	0x00067a31	?WGQueryNewPalette@@YAHXZ	
0x00036536	0x00036536	?ShowHeroesLogo@game@@QAEXXZ	
0x000365a1	0x00067aa3	?WGInitGraphics@@YAXXZ	
0x000365d2	0x000365d2	?WaitForPlayer@game@@QAEXPADH@Z	
0x000366f2	0x00067bde	?WGUpdatePalette@@YAXPAC@Z	
0x000366f6	0x000366f6	?RandomizeTerrainTiles@game@@QAEXXZ	
0x000368cf	0x00067d9b	?WGInitializePalette@@YAXXZ	
0x00036aa4	0x00067f3d	?WGAppPaint@@YAHPAUHWND__@@PAUHDC__@@@Z	
0x00036c64	0x000680f4	?WGCleanUpWinGraphics@@YAXXZ	
0x00036cdc	0x0006815b	?ConnectToDLLs@@YAXXZ	
0x00036d48	0x000681b1	?DisconnectDLLs@@YAXXZ	
0x00036d71	0x000681cb	?RestoreDisplayMode@@YAXXZ	
0x00036d9d	0x000681e0	?SetPalette@@YAHXZ	
0x00036dcb	0x000681f7	?GetGraphicsInfo@@YAXXZ	
0x00036e4c	0x00068265	?InitGraphics@@YAXXZ	
0x00036eac	0x000682ab	?AppPaint@@YAHPAUHWND__@@PAUHDC__@@@Z	
0x00036ef3	0x000682db	?InitializePalette@@YAXXZ	
0x00036f1f	0x000682f5	?UpdatePalette@@YAXPAC@Z	
0x00036f59	0x0006831d	?CleanUpWinGraphics@@YAXXZ	
0x00036f8a	0x0006833c	?SetFullScreenStatus@@YAXH@Z	
0x00037043	0x000683c0	?QueryNewPalette@@YAHXZ	
0x00037074	0x000683da	?SetGraphicsType@@YAHH@Z	
0x00037270	0x0001c930	?add_node@@YAXPAUtag_Anchor@@PAUtag_Node@@@Z	
0x000372db	0x0001c984	?pop_node@@YAPAUtag_Node@@PAUtag_Anchor@@@Z	
0x00037324	0x0001c9ba	?init_anchor@@YAXPAUtag_Anchor@@HH@Z	
0x00037347	0x0001c9d2	?ShutdownComError@@YAXPAD@Z	
0x000376dc	0x0001cd46	?com_init@@YAFEHH@Z	
0x00037a34	0x0001d048	?com_term@@YAXF@Z	
0x00037b45	0x0001d126	?com_rcv@@YAFFGPAX@Z	
0x00037c1e	0x0001d1e4	?com_snd@@YAFFGGPAXH@Z	
0x00037d65	0x0001d2fe	?com_sess@@YAFHHZZ	
0x00037d78	0x0001d306	?com_stat@@YAEFG@Z	
0x00037dde	0x0001d357	?comm_wrt_task@@YAXXZ	
0x00037ed0	0x0005c6b0	??0strip@@QAE@FFCFCPAVarmyGroup@@FH@Z	
0x00038134	0x00038134	?GetBoatsBuilt@game@@QAEHXZ	
0x000381ae	0x0005c940	??1strip@@QAE@XZ	
0x000382c0	0x0005ca47	?Draw@strip@@QAEXXZ	
0x00038302	0x0005ca7e	?DrawIcons@strip@@QAEXC@Z	
0x000384f3	0x000384f3	?GetNumThievesGuilds@game@@QAEHH@Z	
0x00038570	0x0005ccb1	?DrawFrame@strip@@QAEXXZ	
0x000385a7	0x0005ccdd	??0bankBox@@QAE@FFPAVplayerData@@@Z	
0x000386a5	0x0005cdb1	??1bankBox@@QAE@XZ	
0x000386e8	0x0005cde5	?Update@bankBox@@QAEXXZ	
0x000387b0	0x00023670	?UpdateGrid@combatManager@@QAEXFF@Z	
0x0003880f	0x000236c0	?UpdateGridForMove@combatManager@@QAEXFCF@Z	
0x00038856	0x00038856	?GetBaseScore@@YAHH@Z	
0x00038869	0x00023707	?CombatMessage@combatManager@@QAEXPADH@Z	
0x0003891e	0x000237b4	?CombatMessage@combatManager@@QAEXF@Z	
0x00038c11	0x00023a3a	?ResetLimitCreature@combatManager@@QAEXXZ	
0x00038ce5	0x00023acc	?SetGridMode@combatManager@@QAEXC@Z	
0x00038d09	0x00023ae5	?UpdateCombatArea@combatManager@@QAEXXZ	
0x00038d44	0x00038d44	?RandomizePlayerCrests@game@@QAEXXZ	
0x00038de7	0x00023bab	?DrawBackground@combatManager@@QAEXXZ	
0x00038f20	0x00038f20	??0hero@@QAE@XZ	
0x00038f7d	0x00038f7d	?GetArmyStrengths@hero@@QAEXQAI@Z	
0x00038f8a	0x00038f8a	?HasArtifact@hero@@QAECC@Z	
0x00038fbb	0x00023d6c	?DrawFrame@combatManager@@QAEXC@Z	
0x00039192	0x00039192	?HasSpell@hero@@QAECC@Z	
0x0003929b	0x0003929b	?UseSpell@hero@@QAEXC@Z	
0x0003949f	0x0003949f	?AddSpell@hero@@QAEHCCH@Z	
0x00039646	0x00039646	?RedrawHeroScreen@hero@@QAEXXZ	
0x00039cd8	0x00039cd8	?HeroMessageUpdate@@YAXPAD@Z	
0x00039ddd	0x00039ddd	?UpdateArmies@hero@@QAEXXZ	
0x00039df0	0x00046370	?DelayTicks@@YAXH@Z	
0x00039e30	0x0004639e	?DelayTil@@YAXPAH@Z	
0x00039e84	0x000463d9	?DelayMilli@@YAXH@Z	
0x00039ea7	0x000463ef	?DelayTilMilli@@YAXH@Z	
0x00039ee0	0x000215c0	?StartCursor@advManager@@QAEXC@Z	
0x00039f93	0x00039f93	?ViewStat@hero@@QAEXCC@Z	
0x0003a049	0x00021703	?StopCursor@advManager@@QAEXC@Z	
0x0003a114	0x0003a114	?ViewArtifact@hero@@QAEXCC@Z	
0x0003a152	0x0003a152	?Dismiss@hero@@QAECXZ	
0x0003a199	0x00021820	?DrawCursor@advManager@@QAEXXZ	
0x0003a599	0x0003a599	?GetExperience@hero@@QAEHH@Z	
0x0003a725	0x0003a725	?ApplyBattleWinTemps@hero@@QAEXXZ	
0x0003a77d	0x00021dc4	?GetCursorBaseFrame@advManager@@QAEFF@Z	
0x0003a805	0x00021e15	?TurnTo@advManager@@QAEXC@Z	
0x0003a89e	0x0003a89e	?ApplyBattleLossTemps@hero@@QAEXXZ	
0x0003aa66	0x00022023	?GetMoveShowIt@advManager@@QAEHC@Z	
0x0003ab68	0x0003ab68	?NumArtifacts@hero@@QAEHXZ	
0x0003ab9c	0x00022127	?MoveHero@advManager@@QAEPAVmapCell@@CCPAH00CPAC@Z	
0x0003b700	0x0003b700	??0hexcell@@QAE@XZ	
0x0003b73f	0x0003b73f	?TakeOccupant@hexcell@@QAEPAV1@PAV1@@Z	
0x0003b9ba	0x00022df4	?CheckAdjacentMon@advManager@@QAEXPAC@Z	
0x0003bb3b	0x00022f55	?ValidMoveWithEvent@advManager@@QAEFPAVhero@@F@Z	
0x0003bd45	0x000230f8	?ValidMove@advManager@@QAEFF@Z	
0x0003bddf	0x0003bddf	??1highScoreManager@@QAE@XZ	
0x0003bdf3	0x0003bdf3	?Open@highScoreManager@@UAEFF@Z	
0x0003bf37	0x0003bf37	?Close@highScoreManager@@UAEXXZ	
0x0003bfe8	0x00023344	?MoveOrigin@advManager@@QAEXFF@Z	
0x0003c320	0x0005e9c0	??0town@@QAE@XZ	
0x0003c38b	0x0005ea20	?HasGarrison@town@@QAECXZ	
0x0003c3e0	0x0005ea63	?GiveSpells@town@@QAEXXZ	
0x0003c4c1	0x0005eb1c	?XformToCastle@town@@QAEXXZ	
0x0003c63d	0x0005ec84	?View@town@@QAEXXZ	
0x0003c6e2	0x0005ed10	?Deallocate@town@@QAEXXZ	
0x0003c7f1	0x0003c7f1	?ForcePollSound@@YAXXZ	
0x0003c808	0x0003c808	?InitMainClasses@@YAXXZ	
0x0003c840		?CPUSpeed@@YAHE@Z	No standalone Buka retail function. Remove the inherited NWC address claim; source/call cleanup is a separate implementation task.
0x0003c985		?GetCPUType@@YAFXZ	No standalone Buka retail function. Remove the inherited NWC address claim; source/call cleanup is a separate implementation task.
0x0003ca0c		?TimeProcessor@@YAFXZ	No standalone Buka retail function. Remove the inherited NWC address claim; source/call cleanup is a separate implementation task.
0x0003cd20	0x0003cd20	?DeleteMainClasses@@YAXXZ	
0x0003de80	0x00011660	?AICheckRetreat@combatManager@@QAEHXZ	
0x0003e1b2	0x0003e1b2	?NullHandler@@YAFAAUtag_message@@@Z	
0x0003e1bb	0x0003e1bb	?RecruitHeroHandler@@YAFAAUtag_message@@@Z	
0x0003e3cf	0x0003e3cf	?GetMonsterName@@YAPADH@Z	
0x0003e65b	0x00011d88	?DoCompAI@combatManager@@QAEXC@Z	
0x0003f029	0x000125fa	?GetShooterMask@combatManager@@QAEFC@Z	
0x0003f0f3	0x000126b1	?GetFlyerMask@combatManager@@QAEFC@Z	
0x0003f1ae	0x0001275a	?GetWalkerMask@combatManager@@QAEFC@Z	
0x0003f285	0x0001281e	?GetBestArmy@combatManager@@QAEFCF@Z	
0x0003f338	0x000128bd	?GetWorstArmy@combatManager@@QAEFCF@Z	
0x0003f3eb	0x0001295c	?GetClosestArmy@combatManager@@QAEFPAVarmy@@CF@Z	
0x0003f440	0x0003f440	?UpdateNormalDialog@@YAXPAD@Z	
0x0003f4f4	0x00012a5e	?GetStrength@combatManager@@QAEICF@Z	
0x0003f5af	0x00012b0f	?AttemptAttack@combatManager@@QAECPAVarmy@@CF@Z	
0x0003f5ef	0x0003f5ef	?EventWindowHandler@@YAFAAUtag_message@@@Z	
0x0003f6a2	0x0003f6a2	?TrueFalseDialogHandler@@YAFAAUtag_message@@@Z	
0x0003f6b3	0x0003f6b3	?PlayerDead@@YAXH@Z	
0x0003f75f	0x00012c92	?AttemptAdjacentAttack@combatManager@@QAECPAVarmy@@@Z	
0x0003fa08	0x00012f0e	?WalkTowardArmyFront@combatManager@@QAECPAVarmy@@CF@Z	
0x0003fc17	0x000130f8	?WalkTowardArmy@combatManager@@QAECPAVarmy@@CF@Z	
0x0003fe40	0x0005ee90	??0townObject@@QAE@PAD@Z	
0x00040031	0x0005f053	??1townObject@@QAE@XZ	
0x00040091	0x0005f0a9	?Draw@townObject@@QAEXC@Z	
0x000401a8	0x0005f1ac	??0townManager@@QAE@XZ	
0x0004021c	0x0005f215	?Open@townManager@@UAEFF@Z	
0x00040a08	0x0005f93d	?Close@townManager@@UAEXXZ	
0x00040bcc	0x0005fb18	?SetArmyCommand@townManager@@QAEXF@Z	
0x00040c72	0x00040c72	?ClearMapExtra@@YAXXZ	
0x00040f82	0x00060294	?SetCommandAndText@townManager@@QAEXAAUtag_message@@@Z	
0x00041066	0x00041066	?BVResMsg@@YAXPADHH@Z	
0x000410b7	0x000410b7	?GOut@@YAXPAD@Z	
0x000410d6	0x000410d6	?NetPosToGamePos@@YACH@Z	
0x000413ea	0x00060770	?ShowText@townManager@@QAEXPAD@Z	
0x0004145e	0x000607db	?Main@townManager@@UAEFAAUtag_message@@@Z	
0x000417fc	0x000417fc	?AddNetBoxLine@@YAXPAD@Z	
0x00041d6c	0x00041d6c	?CongratsWait@@YAXXZ	
0x00041df7	0x00041df7	?GetDataEntry@@YAXPAD0H0@Z	
0x00041f97	0x00041f97	?DataEntryWindowHandler@@YAFAAUtag_message@@@Z	
0x000421a6	0x000421a6	?MemSize@@YAHH@Z	
0x000421b0	0x000421b0	?CheckMem@@YACXZ	
0x000421b7	0x000421b7	?GetTownName@@YAPADH@Z	
0x00042254	0x00042254	?IsCDDrive@@YA_NH@Z	
0x0004228d	0x0004228d	?LoadSystemwideIcons@@YAXXZ	
0x000422e6	0x000422e6	?UnloadSystemwideIcons@@YAXXZ	
0x00042331	0x00042331	?EarlyShutDownSystem@@YAXXZ	
0x00042336	0x00042336	?GameUnsaved@@YAHXZ	
0x0004277d	0x000619b5	?DoCommand@townManager@@QAEXC@Z	
0x00042bcc	0x00042bcc	?CleanUpMenus@@YAXXZ	
0x00042c5e	0x00042c5e	?EarlyResizeWindow@@YAXHHHH@Z	
0x00042ca0	0x00042ca0	_WinMain@16	
0x00042ddc	0x00061fb6	?RedrawTownScreen@townManager@@QAEXXZ	
0x00042e81	0x00062053	?SplitArmy@townManager@@QAEXXZ	
0x000431ff	0x00062387	?ShiftQualChange@townManager@@QAEXXZ	
0x000432cd	0x0006243d	?ResetStrips@townManager@@QAEXXZ	
0x00043378	0x000624c8	?Toggle@townManager@@QAEXC@Z	
0x0004340d	0x0006254d	?DrawTown@townManager@@QAEXCH@Z	
0x00043505	0x00062630	?BuyBuild@townManager@@QAEFFCC@Z	
0x000436ff	0x000436ff	_AppAbout@16	
0x00043766	0x00043766	?AppExit@@YAXXZ	
0x00043775	0x00043775	?Process1WindowsMessage@@YAXXZ	
0x00043a76	0x00043a76	?UpdateDfltMenu@@YAXPAUHMENU__@@@Z	
0x00043b24	0x00043b24	?KBChangeMenu@@YAXPAUHMENU__@@@Z	
0x00043bb5	0x00043bb5	?SetMenuStatus@@YAXH@Z	
0x00043ccd	0x00043ccd	?SetNoDialogMenus@@YAXH@Z	
0x00043d1f	0x00043d1f	?SetMenus@@YAXPAUHMENU__@@H@Z	
0x00043e4a	0x00043e4a	?SetGameDefaults@@YAXXZ	
0x00044402	0x00063402	?BuildObj@townManager@@QAEXF@Z	
0x000447a2	0x00063761	?SetupCastle@townManager@@QAEXPAVheroWindow@@@Z	
0x00044ae3	0x00044ae3	?SetWinText@@YAXPAVheroWindow@@F@Z	
0x00044b4e	0x00044b4e	?KBTickCount@@YAHXZ	
0x00044b59	0x00044b59	?ProcessAssert@@YAXHPADH@Z	
0x00044bfe	0x00044bfe	?FindLastToken@@YAPADPADD@Z	
0x00044c57	0x00063bbb	?SetupWell@townManager@@QAEXPAVheroWindow@@@Z	
0x00044c90	0x00044c90	?is_netbios_avail@@YAHXZ	
0x00044d24	0x00044d24	_nb_init	
0x00044ea4	0x00063e70	?SetupMage@townManager@@QAEXPAVheroWindow@@@Z	
0x00044ebf	0x00044ebf	_nb_term	
0x00045089	0x00045089	_nb_rcv	
0x000451d5	0x0006412c	?MageGuildHandler@@YAFAAUtag_message@@@Z	
0x0004535b	0x00064277	?SetupThievesGuild@townManager@@QAEXPAVheroWindow@@F@Z	
0x00045647	0x0006452c	?GetCategoryStats@townManager@@QAEXCQAHQAC@Z	
0x000456ff	0x000456ff	_nb_stat	
0x0004592e	0x0004592e	?nb_add_name@@YAXXZ	
0x00045acb	0x00064937	?SortStats@townManager@@QAEXQAHQAC@Z	
0x00045b79	0x00045b79	?nb_recv_any@@YAGH@Z	
0x00045bb5	0x00064a22	?GetBuildingName@townManager@@QAEPADF@Z	
0x00045be4	0x00064a47	?RecruitHero@townManager@@QAECC@Z	
0x00045d49	0x00045d49	?nb_call@@YAGHPAX@Z	
0x00045e00	0x00045e00	?nb_listen@@YAGHPAX@Z	
0x000460d7	0x000460d7	?nb_close_session@@YAXH@Z	
0x000462be	0x000462be	?nb_format_name@@YAXPADPAE@Z	
0x00046370	0x00046370	?DelayTicks@@YAXH@Z	
0x0004639e	0x0004639e	?DelayTil@@YAXPAH@Z	
0x000463d9	0x000463d9	?DelayMilli@@YAXH@Z	
0x000463ef	0x000463ef	?DelayTilMilli@@YAXH@Z	
0x00046565	0x00065376	?TavernHandler@@YAFAAUtag_message@@@Z	
0x000466ba	0x0006549b	?DoTavern@townManager@@QAEXXZ	
0x000467f0	0x0006559a	?CastleHandler@@YAFAAUtag_message@@@Z	
0x00046bb6	0x00046bb6	?GetAdjacentCellIndexNoArmy@@YAFFF@Z	
0x00046f16	0x00065bea	?SplitArmyHandler@@YAFAAUtag_message@@@Z	
0x000470ce	0x000470ce	?OppositeDirection@@YAFF@Z	
0x00047250	0x00038f20	??0hero@@QAE@XZ	
0x000472b8	0x00038f7d	?GetArmyStrengths@hero@@QAEXQAI@Z	
0x000472d0	0x00038f8a	?HasArtifact@hero@@QAECC@Z	
0x0004732d	0x00038fd5	?CalcMobility@hero@@QAEFXZ	
0x0004751a	0x00039192	?HasSpell@hero@@QAECC@Z	
0x00047570	0x000391d3	?GetNumSpells@hero@@QAEFC@Z	
0x00047660	0x0003929b	?UseSpell@hero@@QAEXC@Z	
0x00047877	0x0003949f	?AddSpell@hero@@QAEHCCH@Z	
0x00047900	0x00047900	?AiPrint@@YAXPAD@Z	
0x00047914	0x00047914	?AbsAiPrint@@YAXPAD@Z	
0x00047a5a	0x00039646	?RedrawHeroScreen@hero@@QAEXXZ	
0x00047aad	0x0003968e	?HeroView@hero@@QAECC@Z	
0x00047c6b	0x00047c6b	?ShowStatus@@YAXXZ	
0x00047c70	0x00047c70	?ShowDebugText@philAI@@QAEXPAD@Z	
0x00047cee	0x00047cee	??0philAI@@QAE@XZ	
0x00047d3f	0x00047d3f	?DoAllHeroInteractions@philAI@@QAEXXZ	
0x0004816f	0x00039cd8	?HeroMessageUpdate@@YAXPAD@Z	
0x000481eb	0x00039d44	?HeroScreenUpdate@hero@@QAEXXZ	
0x00048296	0x00039ddd	?UpdateArmies@hero@@QAEXXZ	
0x00048450	0x00039f93	?ViewStat@hero@@QAEXCC@Z	
0x000485ff	0x0003a114	?ViewArtifact@hero@@QAEXCC@Z	
0x00048649	0x0003a152	?Dismiss@hero@@QAECXZ	
0x000486a2	0x0003a199	?Deallocate@hero@@QAEXXZ	
0x00048af4	0x0003a599	?GetExperience@hero@@QAEHH@Z	
0x00048bc4	0x0003a64e	?GetLevel@hero@@QAEHH@Z	
0x00048cb6	0x0003a725	?ApplyBattleWinTemps@hero@@QAEXXZ	
0x00048e05	0x0003a89e	?ApplyBattleLossTemps@hero@@QAEXXZ	
0x00048e23	0x0003a8b1	?CheckLevel@hero@@QAEXXZ	
0x00049117	0x0003ab68	?NumArtifacts@hero@@QAEHXZ	
0x0004916e	0x0003abb3	?UpdateHeroScreenStatusBar@@YAXF@Z	
0x0004919e	0x0004919e	?GetGameAIVars@philAI@@QAEXXZ	
0x0004969c	0x0003b0b5	?HeroHandler@@YAFAAUtag_message@@@Z	
0x00049d14	0x00049d14	?DetermineHeroToMove@philAI@@QAEPAVhero@@H@Z	
0x00049d70	0x0001d460	?Main@combatManager@@UAEFAAUtag_message@@@Z	
0x0004a081	0x0001d6dc	?ValidHexToStandOn@combatManager@@QAECH@Z	
0x0004a157	0x0001d783	?SetCombatDirections@combatManager@@QAEXH@Z	
0x0004abfa	0x0004abfa	?GetOddsOfWinning@philAI@@QAEMH@Z	
0x0004af4c	0x0001e3eb	?GetPointer@combatManager@@QAEHH@Z	
0x0004af80	0x0001e408	?ProcessCombatMsg@combatManager@@QAEHAAUtag_message@@@Z	
0x0004b53c	0x0001e900	?ResetRound@combatManager@@QAEXXZ	
0x0004b605	0x0004b605	?CreaturesToBuy@philAI@@QAEHPAVtown@@H@Z	
0x0004b644	0x0004b644	?CreaturesToBuy@philAI@@QAEHHH@Z	
0x0004b675	0x0001ea22	?CheckWin@combatManager@@QAEHPAUtag_message@@@Z	
0x0004b68b	0x0004b68b	?MaxBuyableCreatures@philAI@@QAEHH@Z	
0x0004b70d	0x0004b70d	?ValueOfBuyingHero@philAI@@QAEXPAVtown@@PAVhero@@AAHAAM@Z	
0x0004b7d2	0x0001eb45	?GetCommand@combatManager@@QAECF@Z	
0x0004b9bd	0x0004b9bd	?LikelihoodOfEnemyAttacking@philAI@@QAEXPAVtown@@PAVhero@@AAM2AAH332@Z	
0x0004ba11	0x0004ba11	?MeanRVOfUnexploredTerritory@philAI@@QAEHH@Z	
0x0004bae8	0x0001edae	?RightClick@combatManager@@QAECC@Z	
0x0004bb6d	0x0004bb6d	?GetTurnAttentionValue@philAI@@QAEXH@Z	
0x0004bca4	0x0004bca4	?TurnsToBuy@philAI@@QAEMQAH@Z	
0x0004bcc4	0x0001ef1f	?DoCommand@combatManager@@QAEXC@Z	
0x0004bff7	0x0001f209	?WinCombatHandler@@YAFAAUtag_message@@@Z	
0x0004c19a	0x0001f389	?ClearWinLoseBottom@combatManager@@QAEXPAVheroWindow@@@Z	
0x0004c2aa	0x0001f491	?ShowWinLoseArtifact@combatManager@@QAEXPAVheroWindow@@H@Z	
0x0004c5a4	0x0001f71e	?ShowDeadArmies@combatManager@@QAEXPAVheroWindow@@@Z	
0x0004cb0a	0x0004cb0a	?TurnCostResource@philAI@@QAEXH@Z	
0x0004cc15	0x0004cc15	?TurnValueOfObelisk@philAI@@QAEMH@Z	
0x0004cd10	0x0004cd10	?FutureDeflator@philAI@@QAEMQAH@Z	
0x0004cd7d	0x0001fe71	?DoVictory@combatManager@@QAEXC@Z	
0x0004d51e	0x000205a2	?DoLoseWindow@combatManager@@QAEXXZ	
0x0004da67	0x00020a7e	?DoSurrender@combatManager@@QAEFXZ	
0x0004dd2d	0x00020cd1	?CheckChangeSelector@combatManager@@QAEXXZ	
0x0004ddef	0x00020d8c	?CheckCastleAttack@combatManager@@QAEXXZ	
0x0004dece	0x00020e7c	?CheckGetAIMove@combatManager@@QAEXXZ	
0x0004df47	0x00020ed8	?GetControl@combatManager@@QAEXXZ	
0x0004e0b1	0x00021003	?ResetMouse@combatManager@@QAEXXZ	
0x0004e18c	0x000210c0	?ProcessNextAction@combatManager@@QAEFAAUtag_message@@@Z	
0x0004e236	0x0004e236	?ChooseGoldOrExperience@philAI@@QAEHPAVhero@@HH@Z	
0x0004e319	0x0004e319	?ChooseToBuyArtifact@philAI@@QAEHPAVhero@@HH@Z	
0x0004e35b	0x0004e35b	?ChooseToPayRansomOnHero@philAI@@QAEHPAVhero@@H@Z	
0x0004e8bc	0x0004e8bc	?CombatMonsterEvent@philAI@@QAECPAVhero@@CPAHPAVmapCell@@@Z	
0x0004ec5b	0x0004ec5b	?DamageGroup@philAI@@QAEHPAVarmyGroup@@PAVhero@@1M@Z	
0x0004ecb0	0x0004ecb0	?StatChangeValue@philAI@@QAEMHH@Z	
0x0004ecff	0x0004ecff	?IncrementHourGlass@philAI@@QAEXXZ	
0x0004f190	0x0003b700	??0hexcell@@QAE@XZ	
0x0004f1da	0x0003b73f	?TakeOccupant@hexcell@@QAEPAV1@PAV1@@Z	
0x0004f227	0x0003b781	?DrawGround@hexcell@@QAEXXZ	
0x0004f272	0x0003b7c1	?DrawOccupant@hexcell@@QAEXXZ	
0x0004f2fc	0x0003b832	?DrawTower@hexcell@@QAEXC@Z	
0x0004f44d	0x0003b956	?DrawWall@hexcell@@QAEXXZ	
0x0004f700	0x0003bbcf	?DrawObstacle@hexcell@@QAEXXZ	
0x0004f890	0x0005cee0	??0swapManager@@QAE@XZ	
0x0004f905	0x0005cf4a	??0swapManager@@QAE@PAVhero@@0@Z	
0x0004f943	0x0005cf7d	?Reset@swapManager@@QAEXXZ	
0x0004f990	0x0005cfab	?Open@swapManager@@UAEFF@Z	
0x0004fc65	0x0005d25f	?Close@swapManager@@UAEXXZ	
0x0004fd88	0x0005d373	?DrawSelector@swapManager@@QAEXXZ	
0x0004ffa7	0x0005d515	?Main@swapManager@@UAEFAAUtag_message@@@Z	
0x00050953	0x0005dda1	?ViewMon@swapManager@@QAEXXZ	
0x000509f8	0x0005de3b	?SwapArtifacts@swapManager@@QAEXXZ	
0x00050b0a	0x0005df61	?SwapMons@swapManager@@QAEXXZ	
0x00050d98	0x0005e1ba	?Update@swapManager@@QAEXXZ	
0x00051154	0x00051154	?Close@recruitUnit@@UAEXXZ	
0x0005120b	0x0005120b	?Update@recruitUnit@@QAEXXZ	
0x0005122a	0x0005e628	?SplitMons@swapManager@@QAEXXZ	
0x000515d0	0x00044c90	?is_netbios_avail@@YAHXZ	
0x00051678	0x00044d24	_nb_init	
0x00051697	0x00051697	??0recruitUnit@@QAE@PAVarmyGroup@@HPAF@Z	
0x00051753	0x00051753	??0recruitUnit@@QAE@PAVtown@@C@Z	
0x0005182a	0x00044ebf	_nb_term	
0x0005182c	0x0005182c	?QuickViewRecruit@@YAXPAVtown@@C@Z	
0x00051a1a	0x00045089	_nb_rcv	
0x00051a56	0x00051a56	?ReadFileBlock@@YAPAXPADPAXHH@Z	
0x00051aaa	0x00045121	_nb_snd	
0x00051bae	0x0004520f	_nb_sess	
0x00051d50	0x00051d50	?UnloadRemoteDriver@@YAXF@Z	
0x00051e2e	0x00051e2e	?EncodePacket@@YAHPAECCH@Z	
0x000520a4	0x000456ff	_nb_stat	
0x000520c2	0x00045712	?nb_thr_ctl@@YAXXZ	
0x0005236a	0x0004592e	?nb_add_name@@YAXXZ	
0x00052425	0x000459e3	?nb_add_name_done@@YGXPAU_NCB@@@Z	
0x0005247d	0x0005247d	?WaitForHost@@YACXZ	
0x000524f2	0x000524f2	?WaitForGuest@@YACXZ	
0x000525c8	0x000525c8	?nbnet_init@@YAHXZ	
0x000525f1	0x00045b79	?nb_recv_any@@YAGH@Z	
0x000526a9	0x00045c27	?nb_recv_any_done@@YGXPAU_NCB@@@Z	
0x000527ef	0x00045d49	?nb_call@@YAGHPAX@Z	
0x0005283e	0x0005283e	?Dial@@YAHXZ	
0x000528b5	0x00045e00	?nb_listen@@YAGHPAX@Z	
0x000528d3	0x000528d3	?Wait@@YAHXZ	
0x0005291e	0x0005291e	?GUIModemCommand@@YAXPAD0@Z	
0x0005297b	0x00045eb7	?nb_call_done@@YGXPAU_NCB@@@Z	
0x00052980	0x00052980	?GUIModemCommandExec@@YACXZ	
0x000529ff	0x000529ff	?ModemCommand@@YAXPAD@Z	
0x00052a5e	0x00052a5e	?GUIModemResponse@@YACPAD0@Z	
0x00052aaf	0x00045fb1	?nb_arm_recv@@YAXH@Z	
0x00052ac9	0x00052ac9	?GUIModemResponseExec@@YACXZ	
0x00052b9d	0x00052b9d	?read_byte@@YAHXZ	
0x00052bd0	0x00052bd0	?write_byte@@YAXH@Z	
0x00052bfd	0x000460d7	?nb_close_session@@YAXH@Z	
0x00052cbc	0x00046185	?nb_recv_complete@@YAXH@Z	
0x00052e32	0x000462be	?nb_format_name@@YAXPADPAE@Z	
0x00052ec0	0x00001000	??0advManager@@QAE@XZ	
0x00053122	0x00053122	?ReadPacket@@YADXZ	
0x0005318c	0x000012af	??1advManager@@QAE@XZ	
0x000531ab	0x000012c3	?Open@advManager@@UAEFF@Z	
0x000534cb	0x000534cb	?GetRemoteData@@YAPADC@Z	
0x00053b70	0x00053b70	?ShowThisMap@@YAHPAD@Z	
0x00054051	0x00002020	?Close@advManager@@UAEXXZ	
0x00054354	0x00054354	??1fileRequester@@QAE@XZ	
0x00054368	0x00054368	?Close@fileRequester@@UAEXXZ	
0x0005440e	0x000023a8	?GetCursorSampleSet@advManager@@QAEXH@Z	
0x000544d5	0x0000244a	?DoAdvCommand@advManager@@QAEPAVmapCell@@XZ	
0x00054826	0x00054826	?SetOK@fileRequester@@QAEXC@Z	
0x00054aee	0x0000298b	?Main@advManager@@UAEFAAUtag_message@@@Z	
0x00055329	0x00055329	?UpdateMapInfo@fileRequester@@QAEXXZ	
0x000558fe	0x00003609	?Reseed@advManager@@QAEXHH@Z	
0x00055920	0x00003620	?ProcessSelect@advManager@@QAEHPAUtag_message@@PAPAVmapCell@@@Z	
0x00055aa0	0x00055aa0	?GetMapName@fileRequester@@QAEPADXZ	
0x00055af9	0x00055af9	?GetFilename@fileRequester@@QAEPADXZ	
0x00055c0e	0x00055c0e	?ShowMapInfo@fileRequester@@QAEXXZ	
0x00055e50	0x00055e50	?FindNearestObject@searchArray@@QAEFFFFFE@Z	
0x00056080	0x00056080	?BuildPath@searchArray@@QAEHFFFFF@Z	
0x00056150	0x00056150	?SeedPosition@searchArray@@QAEXFFFFHHHHHHHH@Z	
0x00056759	0x00004475	?ProcessDeSelect@advManager@@QAEHPAUtag_message@@PAHPAPAVmapCell@@@Z	
0x00056943	0x00004621	?ProcessSearch@advManager@@QAEHHH@Z	
0x00056b10	0x00056b10	?SetupCampaignGame@game@@QAECXZ	
0x00056c1d	0x00056c1d	?SetupBaud@game@@QAECXZ	
0x00056d56	0x00056d56	?SetupComPort@game@@QAECXZ	
0x00056dde	0x00004a49	?ProcessHover@advManager@@QAEHPAUtag_message@@@Z	
0x00056f04	0x00056f04	?SetupHotSeatGame@game@@QAECXZ	
0x0005700b	0x0005700b	?SetupNetworkGame@game@@QAECXZ	
0x000570f2	0x000570f2	?SetupModemGame@game@@QAECXZ	
0x0005738b	0x0005738b	?SetupMultiPlayerGame@game@@QAECXZ	
0x0005789f	0x0005789f	?PickLoadGame@game@@QAECXZ	
0x00057a40	0x00005530	?UpdateScreen@advManager@@QAEXCC@Z	
0x00057a60	0x00057a60	?SetupCampaignGameHandler@@YAFAAUtag_message@@@Z	
0x00057b37	0x00057b37	?SetupComPortHandler@@YAFAAUtag_message@@@Z	
0x00057c3e	0x00057c3e	?SetupBaudHandler@@YAFAAUtag_message@@@Z	
0x00057ca5	0x000057a9	?CompleteDraw@advManager@@QAEXFFH@Z	
0x00057d45	0x00057d45	?SetupHotSeatGameHandler@@YAFAAUtag_message@@@Z	
0x00057e0d	0x00057e0d	?SetupModemGameHandler@@YAFAAUtag_message@@@Z	
0x00057f05	0x00057f05	?SetupMultiPlayerGameHandler@@YAFAAUtag_message@@@Z	
0x00057fdc	0x00057fdc	?SetupNetworkGameHandler@@YAFAAUtag_message@@@Z	
0x00057ffe	0x00005ace	?CompleteDraw@advManager@@QAEXH@Z	
0x00058038	0x00005afd	?GetCloudLookup@advManager@@QAEHHH@Z	
0x00058089	0x00058089	?SetupGameHandler@@YAFAAUtag_message@@@Z	
0x00058151	0x00058151	?BaseSetupHandler@@YAFAAUtag_message@@@Z	
0x00058240	0x00058240	?InitSmackSound@@YAXXZ	
0x000583cf	0x000583cf	?ShutdownSmackSound@@YAXXZ	
0x000583f9	0x000583f9	?ConvertSmackerPalette@@YAXPAE@Z	
0x00058433	0x00058433	?DoAdvance@@YAXPAUSmack@@HHHH@Z	
0x00058445	0x00005efb	?DrawCell@advManager@@QAEXFFFFCCC@Z	
0x00058cab	0x00058cab	?CloseSmackers@@YAXXZ	
0x00058cf4	0x00058cf4	?PlaySmacker@@YAHH@Z	
0x00058de0	0x00058de0	?DoSpellAI@combatManager@@QAEHC@Z	
0x0005932d	0x00006d26	?GetCell@advManager@@QAEPAVmapCell@@FF@Z	
0x000593aa	0x00006d7e	?UpdateRadar@advManager@@QAEXCH@Z	
0x000595e9	0x000595e9	?ClearEffects@combatManager@@QAEXXZ	
0x0005963b	0x0005963b	?NextPos@combatManager@@QAEXPAH@Z	
0x00059678	0x00059678	?FirstArmy@combatManager@@QAEHHHPAH@Z	
0x00059eac	0x00007785	?UpdateHeroLocator@advManager@@QAEXHCC@Z	
0x00059faf	0x00059faf	?CombatSpecialHandler@@YAFAAUtag_message@@@Z	
0x0005a274	0x00007ae5	?UpdateHeroLocators@advManager@@QAEXCC@Z	
0x0005a360	0x00007bb8	?UpdateTownLocators@advManager@@QAEXCC@Z	
0x0005a5c3	0x00007ddd	?UpdBottomView@advManager@@QAEXCCC@Z	
0x0005a762	0x00007f20	?ClearBottomView@advManager@@QAEXXZ	
0x0005a894	0x00008046	?UpdBottomViewEnemyTurn@advManager@@QAECXZ	
0x0005ae53	0x00008575	?UpdBottomViewNewTurn@advManager@@QAECXZ	
0x0005b233	0x000088e7	?UpdBottomViewResMsg@advManager@@QAECXZ	
0x0005b2c6	0x0005b2c6	?DefaultSpell@combatManager@@QAEXC@Z	
0x0005b62d	0x00008c76	?UpdBottomViewKingdom@advManager@@QAECXZ	
0x0005b9fb	0x00008fe4	?UpdBottomViewHero@advManager@@QAECXZ	
0x0005c027	0x00009569	?HeroQuickView@advManager@@QAEXCCFF@Z	
0x0005c2bd	0x0005c2bd	?Armageddon@combatManager@@QAEXXZ	
0x0005c940	0x0005c940	??1strip@@QAE@XZ	
0x0005ca7e	0x0005ca7e	?DrawIcons@strip@@QAEXC@Z	
0x0005cd58	0x0000a208	?GetArmySizeName@advManager@@QAEPADFC@Z	
0x0005cdb1	0x0005cdb1	??1bankBox@@QAE@XZ	
0x0005cde5	0x0005cde5	?Update@bankBox@@QAEXXZ	
0x0005ce3a	0x0000a2b5	?TownQuickView@advManager@@QAEXCCFF@Z	
0x0005cee0	0x0005cee0	??0swapManager@@QAE@XZ	
0x0005cf4a	0x0005cf4a	??0swapManager@@QAE@PAVhero@@0@Z	
0x0005cf7d	0x0005cf7d	?Reset@swapManager@@QAEXXZ	
0x0005cfab	0x0005cfab	?Open@swapManager@@UAEFF@Z	
0x0005d25f	0x0005d25f	?Close@swapManager@@UAEXXZ	
0x0005d373	0x0005d373	?DrawSelector@swapManager@@QAEXXZ	
0x0005da85	0x0000ae3d	?RedrawAdvScreen@advManager@@QAEXH@Z	
0x0005db6d	0x0000af0e	?DeactivateCurrTown@advManager@@QAEXXZ	
0x0005db8c	0x0000af22	?DeactivateCurrHero@advManager@@QAEXXZ	
0x0005dbb3	0x0000af3e	?MobilizeCurrHero@advManager@@QAEXH@Z	
0x0005dc0c	0x0000af7f	?DemobilizeCurrHero@advManager@@QAEXXZ	
0x0005dda5	0x0000b0dd	?SetTownContext@advManager@@QAEXC@Z	
0x0005dffa	0x0000b301	?SetHeroContext@advManager@@QAEXCC@Z	
0x0005e1ba	0x0005e1ba	?Update@swapManager@@QAEXXZ	
0x0005e3e0	0x0000b68e	?DoHeroKnob@advManager@@QAEXXZ	
0x0005e63e	0x0000b8d3	?DoTownKnob@advManager@@QAEXXZ	
0x0005e89c	0x0000bb18	?ViewPuzzle@advManager@@QAEXXZ	
0x0005e9c0	0x0005e9c0	??0town@@QAE@XZ	
0x0005ea20	0x0005ea20	?HasGarrison@town@@QAECXZ	
0x0005eb1c	0x0005eb1c	?XformToCastle@town@@QAEXXZ	
0x0005ec76	0x0000bebe	?PuzzleDraw@advManager@@QAEXHHHH@Z	
0x0005ed10	0x0005ed10	?Deallocate@town@@QAEXXZ	
0x0005eeac	0x0000c0a3	?CastSpell@advManager@@QAEXC@Z	
0x0005f053	0x0005f053	??1townObject@@QAE@XZ	
0x0005f09e	0x0000c243	?ViewWorld@advManager@@QAEXCCC@Z	
0x0005f0a9	0x0005f0a9	?Draw@townObject@@QAEXC@Z	
0x0005f1ac	0x0005f1ac	??0townManager@@QAE@XZ	
0x0005f93d	0x0005f93d	?Close@townManager@@UAEXXZ	
0x000601f5	0x0000d2a5	?GrabScreen@advManager@@QAEXXZ	
0x00060236	0x0000d2db	?ControlPanel@advManager@@QAEFXZ	
0x00060557	0x0000d5c6	?UpdateCPanel@@YAXC@Z	
0x00060770	0x00060770	?ShowText@townManager@@QAEXPAD@Z	
0x0006077e	0x0000d7cd	?SaveGame@@YACXZ	
0x000609b0	0x0000d9d2	?CPanelHandler@@YAFAAUtag_message@@@Z	
0x00060efb	0x0000de70	?CheckCastSpell@advManager@@QAEXXZ	
0x00061fb6	0x00061fb6	?RedrawTownScreen@townManager@@QAEXXZ	
0x000621ce	0x0000f009	?ComboDraw@advManager@@QAECH@Z	
0x00062208	0x0000f038	?SetEnvironmentOrigin@advManager@@QAEXFFF@Z	
0x00062387	0x00062387	?ShiftQualChange@townManager@@QAEXXZ	
0x0006243d	0x0006243d	?ResetStrips@townManager@@QAEXXZ	
0x000624c8	0x000624c8	?Toggle@townManager@@QAEXC@Z	
0x000624e5	0x0000f2f3	?CheckLoadSample@advManager@@QAEXH@Z	
0x0006254e	0x0000f34d	?InsertSound@advManager@@QAEXFFFC@Z	
0x00063802	0x00010429	?HideRoute@advManager@@QAEXHHH@Z	
0x00063908	0x000104fa	?CheckDimHero@advManager@@QAEXXZ	
0x00063b59	0x00010707	?ForceNewHover@advManager@@QAEXXZ	
0x00063ba8	0x00010746	?ScreenScroll@advManager@@QAEXCH@Z	
0x00063d5e	0x00010916	?CheckScreenScroll@advManager@@QAEXXZ	
0x00063f3f	0x00010aad	?MouseInScrollZone@advManager@@QAEHXZ	
0x00063fe2	0x00010b26	?SetInitialMapOrigin@advManager@@QAEXXZ	
0x00064265	0x00010d6e	?LoadRemote@advManager@@QAEXXZ	
0x000643c2	0x00010e9f	?CheckHandleNet@advManager@@QAEPADXZ	
0x0006453a	0x00010fda	?CheckHandleNetPlayerWait@advManager@@QAEFAAUtag_message@@C@Z	
0x0006460e	0x0001107c	?TrimLoopingSounds@advManager@@QAEXH@Z	
0x000647d0	0x0001121e	?DisableButtons@advManager@@QAEXXZ	
0x000648a0	0x000112e1	?EnableButtons@advManager@@QAEXXZ	
0x00064937	0x00064937	?SortStats@townManager@@QAEXQAHQAC@Z	
0x00064970	0x000113a4	?SaveAdventureBorder@advManager@@QAEXXZ	
0x00064aa8	0x000114e2	?DrawAdventureBorder@advManager@@QAEXXZ	
0x00064be0	0x00058de0	?DoSpellAI@combatManager@@QAEHC@Z	
0x00064d9d	0x00058f76	?DetermineEffectOfSpell@combatManager@@QAEXHPAH0@Z	
0x00065251	0x000593a3	?RawEffectSpellInfluence@combatManager@@QAEHPAVarmy@@H@Z	
0x00065531	0x000595e9	?ClearEffects@combatManager@@QAEXXZ	
0x00065594	0x0005963b	?NextPos@combatManager@@QAEXPAH@Z	
0x000655d4	0x00059678	?FirstArmy@combatManager@@QAEHHHPAH@Z	
0x0006565b	0x000596de	?EffectSpellCure@combatManager@@QAEXPAHHC@Z	
0x000658ce	0x000598ea	?EffectSpellResurrect@combatManager@@QAEXPAHH@Z	
0x000659c7	0x000599be	?EffectSpellDamage@combatManager@@QAEXPAHHHH@Z	
0x00065bea	0x00065bea	?SplitArmyHandler@@YAFAAUtag_message@@@Z	
0x00065ec0	0x0003bd60	??0highScoreManager@@QAE@XZ	
0x00065f60	0x0003bddf	??1highScoreManager@@QAE@XZ	
0x00065f7f	0x0003bdf3	?Open@highScoreManager@@UAEFF@Z	
0x000660e8	0x0003bf37	?Close@highScoreManager@@UAEXXZ	
0x00066145	0x0003bf85	?Main@highScoreManager@@UAEFAAUtag_message@@@Z	
0x000663ae	0x0003c17f	?Update@highScoreManager@@QAEXXZ	
0x00066710	0x00066710	?DDRestoreDisplayMode@@YAXXZ	
0x0006674e	0x0006674e	?DDQueryNewPalette@@YAHXZ	
0x0006677b	0x0006677b	?CreatePrimary@@YAXXZ	
0x000667f8	0x000667f8	?SetupClipper@@YAXXZ	
0x000668b6	0x000668b6	?DDInitGraphics@@YAXXZ	
0x000669b0	0x00050d30	?SetupRecruitWin@@YAXPAVheroWindow@@HHHHH@Z	
0x00066b14	0x00050ef9	?Open@recruitUnit@@UAEFF@Z	
0x00066d96	0x00051154	?Close@recruitUnit@@UAEXXZ	
0x00066e67	0x0005120b	?Update@recruitUnit@@QAEXXZ	
0x00066f8e	0x00051325	?Main@recruitUnit@@UAEFAAUtag_message@@@Z	
0x00067373	0x00051697	??0recruitUnit@@QAE@PAVarmyGroup@@HPAF@Z	
0x00067449	0x00051753	??0recruitUnit@@QAE@PAVtown@@C@Z	
0x0006753d	0x0005182c	?QuickViewRecruit@@YAXPAVtown@@C@Z	
0x00067700	0x000184b0	??0armyGroup@@QAE@XZ	
0x0006773c	0x000184e1	?View@armyGroup@@QAEXH@Z	
0x00067754	0x000184ee	?GetMorale@armyGroup@@QAEFPAVhero@@PAVtown@@@Z	
0x0006786f	0x00018609	?Dismiss@armyGroup@@QAEXC@Z	
0x000678a0	0x0001862f	?IsMember@armyGroup@@QAECC@Z	
0x000678f9	0x00018676	?IsHomogeneous@armyGroup@@QAECC@Z	
0x00067a31	0x00067a31	?WGQueryNewPalette@@YAHXZ	
0x00067a4c	0x000187b4	?CanJoin@armyGroup@@QAECC@Z	
0x00067aa0	0x000187ef	?GetNumArmies@armyGroup@@QAEFXZ	
0x00067af9	0x00018841	?Add@armyGroup@@QAEFCFC@Z	
0x00067c2b	0x0001893f	?Swap@armyGroup@@QAEXCPAV1@C@Z	
0x00067ca8	0x000189b6	?DamageGroup@armyGroup@@QAEXM@Z	
0x00067e00	0x00053b70	?ShowThisMap@@YAHPAD@Z	
0x00067e1c	0x00053b7a	??0fileRequester@@QAE@FFFPBD00@Z	
0x000680f4	0x000680f4	?WGCleanUpWinGraphics@@YAXXZ	
0x0006815b	0x0006815b	?ConnectToDLLs@@YAXXZ	
0x000681b1	0x000681b1	?DisconnectDLLs@@YAXXZ	
0x000681cb	0x000681cb	?RestoreDisplayMode@@YAXXZ	
0x000681e0	0x000681e0	?SetPalette@@YAHXZ	
0x000681f7	0x000681f7	?GetGraphicsInfo@@YAXXZ	
0x00068265	0x00068265	?InitGraphics@@YAXXZ	
0x000682ab	0x000682ab	?AppPaint@@YAHPAUHWND__@@PAUHDC__@@@Z	
0x000682db	0x000682db	?InitializePalette@@YAXXZ	
0x000682f5	0x000682f5	?UpdatePalette@@YAXPAC@Z	
0x0006831d	0x0006831d	?CleanUpWinGraphics@@YAXXZ	
0x000683c0	0x000683c0	?QueryNewPalette@@YAHXZ	
0x00068641	0x00054354	??1fileRequester@@QAE@XZ	
0x00068660	0x00054368	?Close@fileRequester@@UAEXXZ	
0x0006878c	0x00054459	?Open@fileRequester@@UAEFF@Z	
0x000688c0	0x000688c0	??0baseManager@@QAE@XZ	
0x000689a0	0x000689a0	?CleanupSamples@@YAXXZ	
0x00068b02	0x00068b02	?FindSampleNode@@YAPAUAudiereSampleNode@@PAVsample@@@Z	
0x00068b37	0x00068b37	?PlaySample@@YAXPAVsample@@@Z	
0x00068bbd	0x00054826	?SetOK@fileRequester@@QAEXC@Z	
0x00068c47	0x0005488d	?Main@fileRequester@@UAEFAAUtag_message@@@Z	
0x00068ec4	0x00068ec4	?LoadPlaySample@@YAPAVsample@@PAD@Z	
0x00068eed	0x00068eed	?StopSample@@YAXPAVsample@@@Z	
0x00068f5e	0x00068f5e	?UpdateSampleVolume@@YAXPAVsample@@@Z	
0x00068fb6	0x00068fb6	?WaitSample@@YAXPAVsample@@@Z	
0x00069019	0x00069019	?StopAllSamples@@YAXXZ	
0x00069090	0x00069090	?UpdateAllSampleVolumes@@YAXXZ	
0x000690f1	0x000690f1	?SuspendSamples@@YAXXZ	
0x00069103	0x00069103	?ResumeSamples@@YAXXZ	
0x00069115	0x00069115	?SamplesSuspended@@YA_NXZ	
0x000692b6	0x000692b6	?ShouldRepeatMusic@@YA_NH@Z	
0x000692fd	0x000692fd	?PlayMusic@@YAXH@Z	
0x000696cd	0x00055329	?UpdateMapInfo@fileRequester@@QAEXXZ	
0x00069738	0x00069738	?GetCurrentTrack@@YAHXZ	
0x00069742	0x00069742	?StopMusic@@YAXXZ	
0x0006976a	0x000553a7	?DoKnob@fileRequester@@QAEXXZ	
0x000698a6	0x000698a6	?UpdateMusicVolume@@YAXXZ	
0x000698fb	0x000698fb	?SetMusicSource@@YAXH@Z	
0x000699ea	0x00055602	?Update@fileRequester@@QAEXC@Z	
0x00069a23	0x00069a23	?MusicPlaying@@YA_NXZ	
0x00069a59	0x00069a59	?SuspendMusic@@YAXXZ	
0x00069a6b	0x00069a6b	?ResumeMusic@@YAXXZ	
0x00069a7d	0x00069a7d	?MusicSuspended@@YA_NXZ	
0x00069b56	0x00069b56	?VolumeLevel@@YAMH@Z	
0x00069b65	0x00069b65	?GetAudioDevice@@YA?AV?$RefPtr@VAudioDevice@audiere@@@audiere@@XZ	
0x00069bd5	0x00069bd5	?InitAudio@@YA_NXZ	
0x00069d07	0x00069d07	?ShutdownAudio@@YAXXZ	
0x00069d63	0x00069d63	?GetEffectsVolume@@YAMXZ	
0x00069d83	0x00069d83	?GetMusicVolume@@YAMXZ	
0x00069d8e	0x00069d8e	?StopAllAudio@@YAXXZ	
0x00069d9d	0x00069d9d	?SetEffectsVolume@@YAXH@Z	
0x00069db9	0x00069db9	?SetMusicVolume@@YAXH@Z	
0x00069dd5	0x00069dd5	?SetVolumes@@YAXHH@Z	
0x00069edb	0x00055aa0	?GetMapName@fileRequester@@QAEPADXZ	
0x00069f58	0x00055af9	?GetFilename@fileRequester@@QAEPADXZ	
0x00069fb0	0x00069fb0	?CycleColors@@YAXXZ	
0x0006a097	0x00055c0e	?ShowMapInfo@fileRequester@@QAEXXZ	
0x0006a300	0x00018b30	??0combatManager@@QAE@XZ	
0x0006a456	0x0006a456	?Main@heroWindowManager@@UAEFAAUtag_message@@@Z	
0x0006a4b4	0x0006a4b4	?BroadcastMessage@heroWindowManager@@QAEFFFFF@Z	
0x0006a4b8	0x00018cbb	?CombineGroups@combatManager@@QAEXPAVarmyGroup@@0@Z	
0x0006a5f0	0x00018dd3	?SetupCombat@combatManager@@QAEXHHPAVhero@@PAVarmyGroup@@PAVtown@@01HHH@Z	
0x0006a740	0x0006a740	?DoDialog@heroWindowManager@@QAEFPAVheroWindow@@P6AFAAUtag_message@@@ZH@Z	
0x0006a9cb	0x00019118	?Open@combatManager@@UAEFF@Z	
0x0006ab76	0x0006ab76	?ScreenShot@heroWindowManager@@QAEXXZ	
0x0006ade4	0x00019519	?Close@combatManager@@UAEXXZ	
0x0006afce	0x0001972a	?UpdateArmyGroup@combatManager@@QAEXC@Z	
0x0006b12f	0x00019865	?GenerateMap@combatManager@@QAEXXZ	
0x0006b487	0x0006b487	?ReleaseFizzleSource@heroWindowManager@@QAEXXZ	
0x0006b83a	0x0006b83a	?Main@mouseManager@@UAEFAAUtag_message@@@Z	
0x0006b8ed	0x00019ffc	?GetBackgroundName@combatManager@@QAEPADXZ	
0x0006ba7b	0x0001a123	?MoreTreesNear@combatManager@@QAECXZ	
0x0006bc62	0x0001a2f8	?LoadIcons@combatManager@@QAEXXZ	
0x0006be39	0x0001a4bc	?FreeIcons@combatManager@@QAEXXZ	
0x0006beb4	0x0001a528	?LoadArmies@combatManager@@QAEXXZ	
0x0006bf6f	0x0006bf6f	?ReallyShowPointer@mouseManager@@QAEXXZ	
0x0006bf87	0x0006bf87	?ReallyHidePointer@mouseManager@@QAEXXZ	
0x0006bf92	0x0006bf92	?HideColorPointer@mouseManager@@QAEXXZ	
0x0006bf9d	0x0006bf9d	?RestoreUnderlying@mouseManager@@QAEXXZ	
0x0006bfc0	0x0006bfc0	?SaveAndDraw@mouseManager@@QAEXPAVbitmap@@FFF@Z	
0x0006bfcd	0x0006bfcd	?MovePointer@mouseManager@@QAEXFF@Z	
0x0006bfda	0x0006bfda	?ShowColorPointer@mouseManager@@QAEXXZ	
0x0006bfe5	0x0006bfe5	?NewUpdate@mouseManager@@QAEXH@Z	
0x0006bff2	0x0006bff2	?WarpPointer@mouseManager@@QAEXFF@Z	
0x0006c00c	0x0006c00c	?MouseCoords@mouseManager@@QAEXAAF0@Z	
0x0006c062	0x0006c062	?SetCursorShape@mouseManager@@QAEXH@Z	
0x0006c06f	0x0006c06f	?SetColorMice@mouseManager@@QAEXH@Z	
0x0006c07c	0x0006c07c	?HideSystemCursor@mouseManager@@QAEXXZ	
0x0006c08f	0x0006c08f	?ShowSystemCursor@mouseManager@@QAEXXZ	
0x0006c0e0	0x0006c0e0	??0resourceManager@@QAE@XZ	
0x0006c13b	0x0001a787	?FreeArmies@combatManager@@QAEXXZ	
0x0006c15a	0x0006c15a	?GetBackdrop@resourceManager@@QAEXPADPAVbitmap@@@Z	
0x0006c1d4	0x0006c1d4	?GetBackdropAtLoc@resourceManager@@QAEXPADPAVbitmap@@HH@Z	
0x0006c217	0x0001a842	?NoShowCombatLog@combatManager@@QAEXPAD@Z	
0x0006c22f	0x0001a84f	?GetGridIndex@combatManager@@QAEFFF@Z	
0x0006c2ed	0x0001a8f6	?CheckApplyGoodMorale@combatManager@@QAEXHH@Z	
0x0006c4c6	0x0001aa9b	?CheckApplyBadMorale@combatManager@@QAEHHH@Z	
0x0006c68c	0x0001ac0e	?GetNextArmy@combatManager@@QAECH@Z	
0x0006c705	0x0006c705	?Dispose@resourceManager@@QAEXPAVresource@@@Z	
0x0006c77a	0x0006c77a	?AddResource@resourceManager@@QAEXPAVresource@@@Z	
0x0006c7bd	0x0006c7bd	?Expunge@resourceManager@@QAEXXZ	
0x0006c83b	0x0006c83b	?Query@resourceManager@@QAEPAVresource@@F@Z	
0x0006c876	0x0006c876	?Main@resourceManager@@UAEFAAUtag_message@@@Z	
0x0006c886	0x0006c886	?Open@resourceManager@@UAEFF@Z	
0x0006c895	0x0001ade7	?IsWinner@combatManager@@QAECC@Z	
0x0006c8ec	0x0006c8ec	?RemoveResource@resourceManager@@QAEXPAVresource@@@Z	
0x0006c94d	0x0006c94d	?Close@resourceManager@@UAEXXZ	
0x0006c968	0x0001ae9c	?CatAttack@combatManager@@QAEXC@Z	
0x0006cc53	0x0006cc53	?RestorePosition@resourceManager@@QAEXXZ	
0x0006cc76	0x0006cc76	?ReadByte@resourceManager@@QAECXZ	
0x0006ccbe	0x0006ccbe	?ReadWord@resourceManager@@QAEFXZ	
0x0006cd09	0x0006cd09	?ReadLong@resourceManager@@QAEHXZ	
0x0006cd54	0x0006cd54	?MakeId@resourceManager@@QAEFPAD@Z	
0x0006cd95	0x0006cd95	?Read13@resourceManager@@QAEXPAD@Z	
0x0006cdb0	0x0006cdb0	?ReadBlock@resourceManager@@QAEXPAXI@Z	
0x0006ce40	0x0006ce40	??0backdropWidget@@QAE@XZ	
0x0006ceaa	0x0006ceaa	?Read@backdropWidget@@QAEXXZ	
0x0006cf21	0x0006cf21	?Main@backdropWidget@@UAEFAAUtag_message@@@Z	
0x0006cfd0	0x0006cfd0	??_GbackdropWidget@@UAEPAXI@Z	
0x0006d000	0x0006d000	??1backdropWidget@@UAE@XZ	
0x0006d6bd	0x0001bb8e	?RegenerateField@combatManager@@QAEXXZ	
0x0006d70b	0x0001bbd1	?KeepAttack@combatManager@@QAEXXZ	
0x0006d775	0x0006d775	?Close@heroWindow@@QAEXXZ	
0x0006da11	0x0006da11	?BroadcastMessage@heroWindow@@QAEFAAUtag_message@@@Z	
0x0006da72	0x0006da72	?DrawWindow@heroWindow@@QAEXXZ	
0x0006e13a	0x0006e13a	??1iconWidget@@UAE@XZ	
0x0006e26e	0x0001c6b4	?ExperienceValueOfStack@combatManager@@QAEHC@Z	
0x0006e382	0x0001c7a0	?ResetHitByCreature@combatManager@@QAEXXZ	
0x0006e3fa	0x0001c7ff	?ValidHex@@YAHH@Z	
0x0006e42a	0x0001c826	?SaveCombatBorder@combatManager@@QAEXXZ	
0x0006e48e	0x0001c87d	?DrawCombatBorder@combatManager@@QAEXXZ	
0x0006e530	0x0006e530	??_GiconWidget@@UAEPAXI@Z	
0x0006eea6	0x0006eea6	?Main@inputManager@@UAEFAAUtag_message@@@Z	
0x0006eeb6	0x0006eeb6	?Flush@inputManager@@QAEXXZ	
0x0006eed9	0x0006eed9	?GetEvent@inputManager@@QAE?AUtag_message@@XZ	
0x0006f280	0x00046450	?FindPath@army@@QAEFFFCCC@Z	
0x0006f3d2	0x0004656e	?ValidPath@army@@QAEFFC@Z	
0x0006f470	0x000465f4	?GetMoveMask@army@@QAEFF@Z	
0x0006f4eb	0x00046666	?GetAttackMask@army@@QAEFFCC@Z	
0x0006f5aa	0x00046712	?ValidMove@army@@QAEFF@Z	
0x0006f5d7	0x00046735	?ValidMove@army@@QAEFFF@Z	
0x0006f7d3	0x000468bc	?ValidAttack@army@@QAEFFFFFPAF@Z	
0x0006f9f5	0x0006f9f5	?GrabScreenBitmap@@YAXPAVbitmap@@HH@Z	
0x0006fa55	0x0006fa55	?SetPalette@@YAXPACH@Z	
0x0006fa68	0x00046ad2	?GetAdjacentCellIndex@army@@QAEFFF@Z	
0x0006fb86	0x00046bb6	?GetAdjacentCellIndexNoArmy@@YAFFF@Z	
0x0006fc7e	0x00046c74	?ValidRange@army@@QAEFF@Z	
0x0006fe58	0x0006fe58	?PostprocessBitmap@@YAXPAEHH@Z	
0x0006fe5d	0x0006fe5d	?PostprocessIcon@@YAXPAVicon@@@Z	
0x00070140	0x000470ce	?OppositeDirection@@YAFF@Z	
0x00070198	0x00047103	?GetBestDirection@army@@QAEFFFF@Z	
0x000703b8	0x000703b8	?IconToBitmap@@YAXPAVicon@@PAVbitmap@@HHHH@Z	
0x0007048e	0x0007048e	?FlipIconToBitmap@@YAXPAVicon@@PAVbitmap@@HHHH@Z	
0x0007055a	0x0007055a	?MonoIconToBitmap@@YAXPAVicon@@PAVbitmap@@HHHHH@Z	
0x00070630	0x00070630	?FlipMonoIconToBitmap@@YAXPAVicon@@PAVbitmap@@HHHHH@Z	
0x00070704	0x00070704	?DimIconToBitmap@@YAXPAVicon@@PAVbitmap@@HHHH@Z	
0x000707de	0x000707de	?FlipDimIconToBitmap@@YAXPAVicon@@PAVbitmap@@HHHH@Z	
0x000708b4	0x000708b4	?ClippedIconToBitmap@@YAXPAVicon@@PAVbitmap@@HHHH@Z	
0x00070b14	0x00070b14	?FlipClippedIconToBitmap@@YAXPAVicon@@PAVbitmap@@HHHH@Z	
0x00070b20	0x000519f0	?RemoteCleanup@@YAXXZ	
0x00070bad	0x00051a56	?ReadFileBlock@@YAPAXPADPAXHH@Z	
0x00070c21	0x00051abb	?FileSize@@YAHPAD@Z	
0x00070c9c	0x00051b2f	?RemoteMain@@YAXH@Z	
0x00070d6c	0x00070d6c	_TileToBitmap	
0x00070f16	0x00051d50	?UnloadRemoteDriver@@YAXF@Z	
0x00070f5f	0x00070f5f	??1icon@@UAE@XZ	
0x00070f71	0x00051d83	?calc_crc@@YAXPAGPAEH@Z	
0x00071027	0x00051e2e	?EncodePacket@@YAHPAECCH@Z	
0x000710ad	0x00051ea9	?DecodePacket@@YAHPAEH@Z	
0x0007120f	0x00051f5b	?SendRemoteData@@YAHPAE0HH@Z	
0x000712a1	0x000712a1	?ClipFillToBuffer@icon@@QAEXFFFFCCHHHH@Z	
0x00071350	0x0005206a	?ReceiveRemoteData@@YAHPAE0H@Z	
0x00071444	0x00052137	?InitNetHost@@YACXZ	
0x000715d8	0x000522a4	?InitNetGuest@@YACXZ	
0x00071740	0x00071740	??_Gicon@@UAEPAXI@Z	
0x00071770	0x00071770	??0textWidget@@QAE@XZ	
0x000717c9	0x0005247d	?WaitForHost@@YACXZ	
0x00071867	0x000524f2	?WaitForGuest@@YACXZ	
0x00071968	0x000525c8	?nbnet_init@@YAHXZ	
0x00071997	0x00071997	??1textWidget@@UAE@XZ	
0x00071b30	0x0005275e	?ModemSetup@@YAXXZ	
0x00071c27	0x0005283e	?Dial@@YAHXZ	
0x00071cb7	0x00071cb7	?SetText@textWidget@@QAEXPAD@Z	
0x00071ccc	0x000528d3	?Wait@@YAHXZ	
0x00071d29	0x0005291e	?GUIModemCommand@@YAXPAD0@Z	
0x00071d9a	0x00052980	?GUIModemCommandExec@@YACXZ	
0x00071da0	0x00071da0	??_GtextWidget@@UAEPAXI@Z	
0x00071e2e	0x000529ff	?ModemCommand@@YAXPAD@Z	
0x00071e97	0x00071e97	??1font@@UAE@XZ	
0x00071e9a	0x00052a5e	?GUIModemResponse@@YACPAD0@Z	
0x00071f14	0x00052ac9	?GUIModemResponseExec@@YACXZ	
0x00071ff6	0x00052b7c	?write_buffer@@YAHPADH@Z	
0x00072021	0x00052b9d	?read_byte@@YAHXZ	
0x00072068	0x00052bd0	?write_byte@@YAXH@Z	
0x0007208c	0x00052be9	?Connect@@YAXXZ	
0x0007234c	0x00052e5f	?WaitForDirectConnect@@YAHXZ	
0x00072662	0x00053122	?ReadPacket@@YADXZ	
0x00072760	0x00072760	??_Gfont@@UAEPAXI@Z	
0x0007276b	0x00053206	?WriteModemPacket@@YAXPADH@Z	
0x00072790	0x00072790	_BitTest	
0x000727be	0x000727be	_BitSet	
0x000727de	0x000727de	_BitClear	
0x00072800	0x00072800	?BlitBitmap@@YAXPAVbitmap@@HHHH0HH@Z	
0x00072847	0x000532e8	?TransmitRemoteData@@YAHPADHHCCCCC@Z	
0x00072874	0x00072874	?MoveBitmapArea@@YAXPAVbitmap@@HHHHHH@Z	
0x0007295a	0x0007295a	?DimBitmapArea@@YAXPAVbitmap@@HHHH@Z	
0x000729a6	0x000729a6	?FillBitmapArea@@YAXPAVbitmap@@HHHHH@Z	
0x000729f0	0x000729f0	??0executive@@QAE@XZ	
0x00072a25	0x00072a25	?InitSystem@executive@@QAEFXZ	
0x00072a6f	0x000534cb	?GetRemoteData@@YAPADC@Z	
0x00072ae2	0x00072ae2	?ShutDownSystem@executive@@QAEXXZ	
0x00072b7b	0x000535af	?PollRemote@@YAXXZ	
0x00073079	0x00053a1b	?TransmitAndWait@@YAHPADHHCCPAPAD@Z	
0x00073180	0x00073180	??0bitmap@@QAE@XZ	
0x000731cc	0x000731cc	??0bitmap@@QAE@FFF@Z	
0x00073200	0x0006b510	??0mouseManager@@QAE@XZ	
0x000732b0	0x0006b612	?Open@mouseManager@@UAEFF@Z	
0x00073300	0x0006b6aa	?Close@mouseManager@@UAEXXZ	
0x00073336	0x00073336	??1bitmap@@UAE@XZ	
0x00073374	0x00073374	?DrawToBuffer@bitmap@@QAEXFF@Z	
0x00073400	0x0006b83a	?Main@mouseManager@@UAEFAAUtag_message@@@Z	
0x00073400	0x00073400	?GrabScreen@bitmap@@QAEXFF@Z	
0x00073410	0x0006b84a	?SetPointer@mouseManager@@QAEXPADF@Z	
0x00073423	0x00073423	?GrabBitmap@bitmap@@QAEXPAV1@FF@Z	
0x00073460	0x0006b8b2	?SetPointer@mouseManager@@QAEXF@Z	
0x00073501	0x00073501	?CopyTo@bitmap@@QAEXPAV1@HHHHHH@Z	
0x000735e0	0x000735e0	??_Gbitmap@@UAEPAXI@Z	
0x000738f0	0x0006bf6f	?ReallyShowPointer@mouseManager@@QAEXXZ	
0x00073900	0x0006bf87	?ReallyHidePointer@mouseManager@@QAEXXZ	
0x00073910	0x0006bf92	?HideColorPointer@mouseManager@@QAEXXZ	
0x00073920	0x0006bf9d	?RestoreUnderlying@mouseManager@@QAEXXZ	
0x00073930	0x0006bfc0	?SaveAndDraw@mouseManager@@QAEXPAVbitmap@@FFF@Z	
0x00073940	0x0006bfcd	?MovePointer@mouseManager@@QAEXFF@Z	
0x00073950	0x0006bfda	?ShowColorPointer@mouseManager@@QAEXXZ	
0x00073960	0x0006bfe5	?NewUpdate@mouseManager@@QAEXH@Z	
0x00073970	0x0006bff2	?WarpPointer@mouseManager@@QAEXFF@Z	
0x00073980	0x0006c00c	?MouseCoords@mouseManager@@QAEXAAF0@Z	
0x000739e0	0x0006c062	?SetCursorShape@mouseManager@@QAEXH@Z	
0x000739f0	0x0006c06f	?SetColorMice@mouseManager@@QAEXH@Z	
0x00073a00	0x0006c07c	?HideSystemCursor@mouseManager@@QAEXXZ	
0x00073a10	0x0006c08f	?ShowSystemCursor@mouseManager@@QAEXXZ	
0x00073fa0	0x00073fa0	?DeleteNode@@YAXF@Z	
0x000746ed	0x000746ed	?EncodePosition@@YAXG@Z	
0x000747d0	0x000747d0	??0palette@@QAE@XZ	
0x0007489d	0x0007489d	??1palette@@UAE@XZ	
0x000748c8	0x000748c8	?Data@palette@@QAEPACXZ	
0x00074920	0x00074920	??_Gpalette@@UAEPAXI@Z	
0x00074a2c	0x00074a2c	??1border@@UAE@XZ	
0x00074d52	0x00074d52	?Draw@border@@UAEXXZ	
0x00074e70	0x00074e70	??_Gborder@@UAEPAXI@Z	
0x00074fbc	0x00074fbc	??1tileset@@UAE@XZ	
0x00075020	0x00075020	??_Gtileset@@UAEPAXI@Z	
0x00075282	0x00075282	??1sample@@UAE@XZ	
0x00075370	0x00075370	??0widget@@QAE@FFFFFF@Z	
0x00075478	0x00075478	??1widget@@UAE@XZ	
0x0007548c	0x0007548c	?Open@widget@@QAEFFPAVheroWindow@@@Z	
0x000754b0	0x000754b0	?Close@widget@@QAEXXZ	
0x00075783	0x00075783	?Dim@widget@@QAEXXZ	
0x00075945	0x00075945	??1textEntryWidget@@UAE@XZ	
0x00075c40	0x0006f870	?BlitBitmapToScreen@@YAXPAVbitmap@@HHHHHH@Z	
0x00075de0	0x0006f9f5	?GrabScreenBitmap@@YAXPAVbitmap@@HH@Z	
0x00075e10	0x0006fa55	?SetPalette@@YAXPACH@Z	
0x00075e60	0x0006faa5	?FadeIn@@YAXH@Z	
0x00075f40	0x0006fc12	?FadeOut@@YAXH@Z	
0x00076010	0x0006fd8a	?Random@@YAHHH@Z	
0x00076050	0x0006fdc3	?PostprocessPalette@@YAXPAC@Z	
0x000760b0	0x0006fe58	?PostprocessBitmap@@YAXPAEHH@Z	
0x000760c0	0x0006fe5d	?PostprocessIcon@@YAXPAVicon@@@Z	
0x000760d0	0x0006fe62	?ClippedMonoIconToBitmap@@YAXPAVicon@@PAVbitmap@@HHHHHHHHH@Z	
0x000762c0	0x00070076	?ClipIconToBitmap@@YAXPAVicon@@PAVbitmap@@HHHHHHHH@Z	
0x00076570		?PrintMemoryLeaks@@YAXXZ	No standalone Buka retail function. Remove the inherited NWC address claim; source/call cleanup is a separate implementation task.
0x00076580	0x00069fb0	?CycleColors@@YAXXZ	
0x00076730	0x0006a14c	??0heroWindowManager@@QAE@XZ	
0x00076780	0x0006a1eb	?Open@heroWindowManager@@UAEFF@Z	
0x00076838	0x00076838	?SetupDisplayString@textEntryWidget@@QAEXPADG@Z	
0x00076840	0x0006a2f5	?Close@heroWindowManager@@UAEXXZ	
0x00076890	0x0006a456	?Main@heroWindowManager@@UAEFAAUtag_message@@@Z	
0x000768d0	0x0006a4b4	?BroadcastMessage@heroWindowManager@@QAEFFFFF@Z	
0x00076910	0x0006a4f1	?AddWindow@heroWindowManager@@QAEXPAVheroWindow@@FC@Z	
0x000769e0	0x0006a657	?RemoveWindow@heroWindowManager@@QAEXPAVheroWindow@@@Z	
0x00076a70	0x0006a740	?DoDialog@heroWindowManager@@QAEFPAVheroWindow@@P6AFAAUtag_message@@@ZH@Z	
0x00076ab0	0x00076ab0	??_GtextEntryWidget@@UAEPAXI@Z	
0x00076ae0	0x00076ae0	??0dimmerWidget@@QAE@XZ	
0x00076b4a	0x00076b4a	?Read@dimmerWidget@@QAEXXZ	
0x00076bc1	0x00076bc1	?Main@dimmerWidget@@UAEFAAUtag_message@@@Z	
0x00076bda	0x00076bda	?Draw@dimmerWidget@@UAEXXZ	
0x00076c30	0x00076c30	??_GdimmerWidget@@UAEPAXI@Z	
0x00076c60	0x0006a917	?UpdateScreenRegion@heroWindowManager@@QAEXFFFF@Z	
0x00076c60	0x00076c60	??1dimmerWidget@@UAE@XZ	
0x00076d50	0x0006aaa3	?FadeScreen@heroWindowManager@@QAEXFFPAVpalette@@@Z	
0x00076e10	0x0006ab76	?ScreenShot@heroWindowManager@@QAEXXZ	
0x00076e34	0x00076e34	?Read@button@@QAEXXZ	
0x00076e60	0x0006abe6	?SaveFizzleSource@heroWindowManager@@QAEXFFFF@Z	
0x00076ef0	0x0006b11d	?FizzleForward@heroWindowManager@@QAEXFFFFH@Z	
0x00076f2f	0x00076f2f	??1button@@UAE@XZ	
0x00077210	0x0006b487	?ReleaseFizzleSource@heroWindowManager@@QAEXXZ	
0x00077230	0x0006d0b2	??0heroWindow@@QAE@FFFFF@Z	
0x000772e0	0x0006d150	??0heroWindow@@QAE@FFPAD@Z	
0x00077620	0x00077620	??_Gbutton@@UAEPAXI@Z	
0x0007768c	0x0007768c	??0resource@@QAE@FFFPAV0@@Z	
0x000776cf	0x000776cf	??1resource@@UAE@XZ	
0x0007771c	0x0007771c	_LzhufMemmove	
0x00077730	0x0006d6f0	?Open@heroWindow@@QAEFFC@Z	
0x00077769	0x00077769	_GetBit	
0x000777d0	0x0006d775	?Close@heroWindow@@QAEXXZ	
0x00077880	0x0006d817	?AddWidget@heroWindow@@QAEXPAVwidget@@F@Z	
0x000779d0	0x0006d92a	?RemoveWidget@heroWindow@@QAEXPAVwidget@@@Z	
0x00077af0	0x0006da11	?BroadcastMessage@heroWindow@@QAEFAAUtag_message@@@Z	
0x00077b90	0x0006da72	?DrawWindow@heroWindow@@QAEXXZ	
0x00077bb0	0x0006da87	?DrawWindow@heroWindow@@QAEXF@Z	
0x00077be0	0x0006daab	?DrawWindow@heroWindow@@QAEXFHH@Z	
0x00077ce0	0x0006db7e	?SaveBackground@heroWindow@@QAEFXZ	
0x00077d70	0x0006dc28	?RestoreBackground@heroWindow@@QAEXXZ	
0x00077e00	0x0006dcb2	?MoveWindow@heroWindow@@QAEXFF@Z	
0x00077fe0	0x000729f0	??0executive@@QAE@XZ	
0x00077ff0	0x00072a25	?InitSystem@executive@@QAEFXZ	
0x000780a0	0x00072ae2	?ShutDownSystem@executive@@QAEXXZ	
0x00078130	0x00072b98	?DoDialog@executive@@QAEFPAVbaseManager@@@Z	
0x00078240	0x00072d21	?AddManager@executive@@QAEFPAVbaseManager@@F@Z	
0x00078320	0x00072e6a	?RemoveManager@executive@@QAEXPAVbaseManager@@@Z	
0x000783a0	0x00072f2d	?CallManager@executive@@QAEXPAVbaseManager@@@Z	
0x00078410	0x00072fb5	?MainLoop@executive@@QAEXXZ	
0x00078520	0x0006e560	?KeyboardMessageHandler@@YAHPAXIIH@Z	
0x00078810	0x0006e9c4	?MouseMessageHandler@@YAHPAXIIH@Z	
0x00078a90	0x0006ecfe	??0inputManager@@QAE@XZ	
0x00078b00	0x0006ed9e	?Open@inputManager@@UAEFF@Z	
0x00078b90	0x0006ee42	?Close@inputManager@@UAEXXZ	
0x00078bd0	0x0006eea6	?Main@inputManager@@UAEFAAUtag_message@@@Z	
0x00078be0	0x0006eeb6	?Flush@inputManager@@QAEXXZ	
0x00078c00	0x0006eed9	?GetEvent@inputManager@@QAE?AUtag_message@@XZ	
0x00078ce0	0x0006f062	?SetKeyCodeType@inputManager@@QAEXF@Z	
0x00078d00	0x0006f0b9	?AsciiConvert@inputManager@@QAEXAAUtag_message@@@Z	
0x00078ed0	0x0006f3cb	?MakeScanCodeTable@inputManager@@QAEXXZ	
0x0007920c	0x00072800	?BlitBitmap@@YAXPAVbitmap@@HHHH0HH@Z	
0x00079280	0x00072874	?MoveBitmapArea@@YAXPAVbitmap@@HHHHHH@Z	
0x00079366	0x0007295a	?DimBitmapArea@@YAXPAVbitmap@@HHHH@Z	
0x000793b2	0x000729a6	?FillBitmapArea@@YAXPAVbitmap@@HHHHH@Z	
0x00079400	0x0006c0e0	??0resourceManager@@QAE@XZ	
0x000794a0	0x0006c15a	?GetBackdrop@resourceManager@@QAEXPADPAVbitmap@@@Z	
0x00079530	0x0006c1d4	?GetBackdropAtLoc@resourceManager@@QAEXPADPAVbitmap@@HH@Z	
0x000795c0	0x0006c25b	?GetPalette@resourceManager@@QAEPAVpalette@@PAD@Z	
0x00079660	0x0006c31b	?GetBitmap@resourceManager@@QAEPAVbitmap@@PAD@Z	
0x00079700	0x0006c3db	?GetIcon@resourceManager@@QAEPAVicon@@PAD@Z	
0x00079740	0x0006c407	?GetIcon@resourceManager@@QAEPAVicon@@F@Z	
0x000797d0	0x0006c4b7	?GetTileset@resourceManager@@QAEPAVtileset@@PAD@Z	
0x00079870	0x0006c586	?GetFont@resourceManager@@QAEPAVfont@@PAD@Z	
0x000799b0	0x0006c705	?Dispose@resourceManager@@QAEXPAVresource@@@Z	
0x00079a40	0x0006c77a	?AddResource@resourceManager@@QAEXPAVresource@@@Z	
0x00079aa0	0x0006c7bd	?Expunge@resourceManager@@QAEXXZ	
0x00079b30	0x0006c83b	?Query@resourceManager@@QAEPAVresource@@F@Z	
0x00079b80	0x0006c876	?Main@resourceManager@@UAEFAAUtag_message@@@Z	
0x00079ba0	0x0006c886	?Open@resourceManager@@UAEFF@Z	
0x00079c30	0x0006c8ec	?RemoveResource@resourceManager@@QAEXPAVresource@@@Z	
0x00079cc0	0x0006c94d	?Close@resourceManager@@UAEXXZ	
0x00079d50	0x0006c9bb	?LoadAggregateHeader@resourceManager@@QAEFPAD@Z	
0x00079e50	0x0006caa0	?PointToFile@resourceManager@@QAEXF@Z	
0x00079f50	0x0006cb72	?GetFileSize@resourceManager@@QAEIF@Z	
0x0007a040	0x0006cc33	?SavePosition@resourceManager@@QAEXXZ	
0x0007a070	0x0006cc53	?RestorePosition@resourceManager@@QAEXXZ	
0x0007a0a0	0x0006cc76	?ReadByte@resourceManager@@QAECXZ	
0x0007a100	0x0006ccbe	?ReadWord@resourceManager@@QAEFXZ	
0x0007a160	0x0006cd09	?ReadLong@resourceManager@@QAEHXZ	
0x0007a1c0	0x0006cd54	?MakeId@resourceManager@@QAEFPAD@Z	
0x0007a220	0x0006cd95	?Read13@resourceManager@@QAEXPAD@Z	
0x0007a250	0x0006cdb0	?ReadBlock@resourceManager@@QAEXPAXI@Z	
0x0007a2b0	0x00070ea0	??0icon@@QAE@F@Z	
0x0007a320	0x00071740	??_Gicon@@UAEPAXI@Z	
0x0007a360	0x00070f8a	?DrawToBuffer@icon@@QAEXFFFCC@Z	
0x0007a590	0x000712a1	?ClipFillToBuffer@icon@@QAEXFFFFCCHHHH@Z	
0x0007a5f0	0x000712f5	?FillToBuffer@icon@@QAEXFFFFCC@Z	
0x0007a730	0x00071453	?DimToBuffer@icon@@QAEXFFFCC@Z	
0x0007a900	0x00071dd0	??0font@@QAE@F@Z	
0x0007a9b0	0x00072760	??_Gfont@@UAEPAXI@Z	
0x0007a9f0	0x00071e97	??1font@@UAE@XZ	
0x0007aa30	0x00071f3e	?DrawString@font@@QAEXPADFFF@Z	
0x0007ab10	0x0007203d	?DrawBoundedString@font@@QAEXPADFFFFFF@Z	
0x0007ade0	0x0007238c	?LineLength@font@@QAEHPADF@Z	
0x0007b000	0x000725eb	?LineWidth@font@@QAEHPAD@Z	
0x0007b110	0x00073180	??0bitmap@@QAE@XZ	
0x0007b140	0x000735e0	??_Gbitmap@@UAEPAXI@Z	
0x0007b180	0x000731cc	??0bitmap@@QAE@FFF@Z	
0x0007b1d0	0x00073230	??0bitmap@@QAE@F@Z	
0x0007b280	0x00073374	?DrawToBuffer@bitmap@@QAEXFF@Z	
0x0007b2c0	0x00073400	?GrabScreen@bitmap@@QAEXFF@Z	
0x0007b2e0	0x00073423	?GrabBitmap@bitmap@@QAEXPAV1@FF@Z	
0x0007b310	0x0007345e	?Write@bitmap@@QAEXPAD@Z	
0x0007b390	0x00073501	?CopyTo@bitmap@@QAEXPAV1@HHHHHH@Z	
0x0007b450	0x00073610	?MAKEFILEID@@YAIPAD@Z	
0x0007b47c	0x000708b4	?ClippedIconToBitmap@@YAXPAVicon@@PAVbitmap@@HHHH@Z	
0x0007b6dc	0x00070b14	?FlipClippedIconToBitmap@@YAXPAVicon@@PAVbitmap@@HHHH@Z	
0x0007b940	0x000747d0	??0palette@@QAE@XZ	
0x0007b970	0x00074920	??_Gpalette@@UAEPAXI@Z	
0x0007b9b0	0x0007480a	??0palette@@QAE@F@Z	
0x0007ba10	0x000748c8	?Data@palette@@QAEPACXZ	
0x0007ba14	0x00072790	_BitTest	
0x0007ba42	0x000727be	_BitSet	
0x0007ba62	0x000727de	_BitClear	
0x0007ba90	0x0006deb0	??0iconWidget@@QAE@XZ	
0x0007bac0	0x0006e530	??_GiconWidget@@UAEPAXI@Z	
0x0007bb00	0x0006dfa0	??0iconWidget@@QAE@FFFFPADCCFFF@Z	
0x0007bb70	0x0006e041	?Read@iconWidget@@QAEXXZ	
0x0007bc40	0x0006e195	?Main@iconWidget@@UAEFAAUtag_message@@@Z	
0x0007be00	0x0006e439	?Draw@iconWidget@@UAEXXZ	
0x0007be68	0x00070d6c	_TileToBitmap	
0x0007bfa0	0x00073780	?DecodeData@@YAHPAD0@Z	
0x0007c060	0x000738ab	?EncodeData@@YAHPAD0I@Z	
0x0007c7b0	0x000743a9	?ReconstructEncoderTree@@YAXXZ	
0x0007c900	0x00074216	?UpdateEncoderTree@@YAXF@Z	
0x0007cb40	0x00073cf7	?InsertNode@@YAXF@Z	
0x0007cd20	0x00073fa0	?DeleteNode@@YAXF@Z	
0x0007ce50	0x00071770	??0textWidget@@QAE@XZ	
0x0007ce90	0x00071da0	??_GtextWidget@@UAEPAXI@Z	
0x0007cee0	0x000717c8	??0textWidget@@QAE@FFFFPAD0FFF@Z	
0x0007cf50	0x0007186d	?Read@textWidget@@QAEXXZ	
0x0007d040	0x00071997	??1textWidget@@UAE@XZ	
0x0007d070	0x00071a01	?Main@textWidget@@UAEFAAUtag_message@@@Z	
0x0007d260	0x00071c39	?Draw@textWidget@@UAEXXZ	
0x0007d2a0	0x00071cb7	?SetText@textWidget@@QAEXPAD@Z	
0x0007d340	0x00074950	??0border@@QAE@XZ	
0x0007d370	0x00074e70	??_Gborder@@UAEPAXI@Z	
0x0007d3b0	0x0007498e	??0border@@QAE@FFFFFFFPAD@Z	
0x0007d410	0x00074a90	?Read@border@@QAEXXZ	
0x0007d4e0	0x00074b79	?Main@border@@UAEFAAUtag_message@@@Z	
0x0007d640	0x00074d52	?Draw@border@@UAEXXZ	
0x0007d6e0	0x000703b8	?IconToBitmap@@YAXPAVicon@@PAVbitmap@@HHHH@Z	
0x0007d7b6	0x0007048e	?FlipIconToBitmap@@YAXPAVicon@@PAVbitmap@@HHHH@Z	
0x0007d882	0x0007055a	?MonoIconToBitmap@@YAXPAVicon@@PAVbitmap@@HHHHH@Z	
0x0007d958	0x00070630	?FlipMonoIconToBitmap@@YAXPAVicon@@PAVbitmap@@HHHHH@Z	
0x0007da2c	0x00070704	?DimIconToBitmap@@YAXPAVicon@@PAVbitmap@@HHHH@Z	
0x0007db06	0x000707de	?FlipDimIconToBitmap@@YAXPAVicon@@PAVbitmap@@HHHH@Z	
0x0007dbe0	0x000688c0	??0baseManager@@QAE@XZ	
0x0007dc30	0x0006ce40	??0backdropWidget@@QAE@XZ	
0x0007dc50	0x0006cfd0	??_GbackdropWidget@@UAEPAXI@Z	
0x0007dc80	0x0006ce6b	??0backdropWidget@@QAE@FFFFFF@Z	
0x0007dcc0	0x0006ceaa	?Read@backdropWidget@@QAEXXZ	
0x0007dd20	0x0006cf21	?Main@backdropWidget@@UAEFAAUtag_message@@@Z	
0x0007dd30	0x0006cf3a	?Draw@backdropWidget@@UAEXXZ	
0x0007dd60	0x00075830	??0textEntryWidget@@QAE@XZ	
0x0007dd90	0x00076ab0	??_GtextEntryWidget@@UAEPAXI@Z	
0x0007ddd0	0x000759a0	?Read@textEntryWidget@@QAEXH@Z	
0x0007dfc0	0x00075c01	?Main@textEntryWidget@@UAEFAAUtag_message@@@Z	
0x0007e7c0	0x00076671	?Draw@textEntryWidget@@UAEXXZ	
0x0007e8f0	0x00076838	?SetupDisplayString@textEntryWidget@@QAEXPADG@Z	
0x0007ea80	0x00076ae0	??0dimmerWidget@@QAE@XZ	
0x0007eaa0	0x00076c30	??_GdimmerWidget@@UAEPAXI@Z	
0x0007ead0	0x00076b4a	?Read@dimmerWidget@@QAEXXZ	
0x0007eb30	0x00076bc1	?Main@dimmerWidget@@UAEFAAUtag_message@@@Z	
0x0007eb40	0x00076bda	?Draw@dimmerWidget@@UAEXXZ	
0x0007eb50	0x00076c80	??0button@@QAE@XZ	
0x0007eb90	0x00077620	??_Gbutton@@UAEPAXI@Z	
0x0007ebd0	0x00076e34	?Read@button@@QAEXXZ	
0x0007ecb0	0x00076f8a	?Main@button@@UAEFAAUtag_message@@@Z	
0x0007f1e0	0x0007739f	?Select@button@@QAEFAAUtag_message@@@Z	
0x0007f280	0x00077545	?Draw@button@@UAEXXZ	
0x0007f2d0	0x00075370	??0widget@@QAE@FFFFFF@Z	
0x0007f330	0x00075478	??1widget@@UAE@XZ	
0x0007f340	0x0007548c	?Open@widget@@QAEFFPAVheroWindow@@@Z	
0x0007f360	0x000754b0	?Close@widget@@QAEXXZ	
0x0007f370	0x000754bb	?Main@widget@@UAEFAAUtag_message@@@Z	
0x0007f590	0x00075783	?Dim@widget@@QAEXXZ	
0x0007f5d0	0x00074ea0	??0tileset@@QAE@F@Z	
0x0007f680	0x00075020	??_Gtileset@@UAEPAXI@Z	
0x0007f880	0x0007768c	??0resource@@QAE@FFFPAV0@@Z	
0x0007f8b0	0x000776cf	??1resource@@UAE@XZ	
0x0007f8b8	0x0007771c	_LzhufMemmove	
0x0007f905	0x00077769	_GetBit	
0x0007f98a	0x000777ee	_DecodePosition	
0x0007fa53	0x000778b8	_UpdateDecoderTree	
0x0007fb6c	0x000779d1	_ReconstructDecoderTree	
0x0007fcbf	0x00077b24	_Decode	
0x0008a38c	0x0008a38c	??_7advManager@@6B@	
0x0008a758	0x0008a758	??_7baseManager@@6B@	
0x0008d070	0x0008a4ac	_AI_TARGET_HUMAN_VALUE_FACTOR	
0x0008d074	0x0008a4b0	_AI_STRATEGIC_POSITION_SCORE_FACTOR	
0x0008d078	0x0008a4b4	_AI_CREATURE_SAME_RACE_FACTOR	
0x0008d084	0x0008a4c0	_AI_ATTENTION_IDENTITY_FLOAT	
0x0008d088	0x0008a4c4	_AI_ATTENTION_IDENTITY	
0x0008d428	0x0008a70c	?gTownObjectType@@3QAY0BA@$$CBCA	
0x0008d468	0x0008a74c	??_7townManager@@6B@	
0x0008d4a8	0x0008a700	??_7swapManager@@6B@	
0x0008d4b8	0x0008a36c	?gEnvironmentVolume@@3QBHB	
0x0008d4f0	0x0008a38c	??_7advManager@@6B@	
0x0008d500	0x0008a6d0	_SPELL_AI_SLOW_MODIFIER	
0x0008d504	0x0008a6d4	_SPELL_AI_BLIND_MODIFIER	
0x0008d508	0x0008a6d8	_SPELL_AI_CURSE_MODIFIER	
0x0008d50c	0x0008a6dc	_SPELL_AI_PARALYZE_MODIFIER	
0x0008d510	0x0008a6e0	_SPELL_AI_BERSERK_MODIFIER	
0x0008d514	0x0008a6e4	_SPELL_AI_HASTE_MODIFIER	
0x0008d518	0x0008a6e8	_SPELL_AI_BLESS_MODIFIER	
0x0008d51c	0x0008a6ec	_SPELL_AI_STONESKIN_MODIFIER	
0x0008d520	0x0008a6f0	_SPELL_AI_SHIELD_MODIFIER	
0x0008d538	0x0008a4a0	??_7highScoreManager@@6B@	
0x0008d548	0x0008a6a8	??_7recruitUnit@@6B@	
0x0008d570	0x0008a6b4	??_7fileRequester@@6B@	
0x0008d590	0x0008a414	??_7combatManager@@6B@	
0x0008d5e0	0x0008a784	??_7resourceManager@@6B@	
0x0008d5f0	0x0008a7c4	??_7font@@6B@	
0x0008d5f4	0x0008a7c8	??_7bitmap@@6B@	
0x0008d5f8	0x0008a7cc	??_7palette@@6B@	
0x0008d610	0x0008a7b8	??_7textWidget@@6B@	
0x0008d630	0x0008a758	??_7baseManager@@6B@	
0x0008d680	0x0008a7e4	??_7widget@@6B@	
0x0008d690	0x0008a7e0	??_7sample@@6B@	
0x0008d694	0x0008a814	??_7resource@@6B@	
0x0008e140	0x0008e140	?gLimitUpdMinX@@3HA	
0x00090368	0x000a67d8	_?gSecondShot@?1??SpecialAttack@army@@QAEXXZ@4HA	
0x000906b4	0x0009f97c	_?indexToCastOn@?1??HandleCastSpell@@YAFAAUtag_message@@@Z@4CA	
0x00090920	0x000a6c24	?gGameOver@@3HA	
0x000909e0	0x000a6c28	_?gNewGameSettingsSaved@?1??NewGame@game@@QAECXZ@4CA	
0x00090ce0	0x0008fcbc	_?gMonType@?1??PerMonth@game@@QAEXXZ@4PACA	
0x00090e70	0x000902d0	?gCombatGroundNames@@3PAPADA	
0x00090e90	0x000902ec	?gCombatObstacleNames@@3PAPADA	
0x00090eb0	0x00090308	?gPowEffectNames@@3PAPADA	
0x00090ef0	0x00090348	?gCombatFxNames@@3PAPADA	
0x00090f58	0x000903b0	?gSpellAIValue@@3PAFA	
0x00090f98	0x000903ec	?gSpellAIFlags@@3PACA	
0x00090fb8	0x0009040c	?gMageGuildSpellPool@@3PAY07CA	
0x00090fd8	0x0009042c	?gCombatAdjacency@@3PAY05CA	
0x000910e8	0x0009053c	?horseFrameFlip@@3PAFA	
0x00091108	0x0009055c	?boatFrameFlip@@3PAFA	
0x00091128	0x0009057c	?gRadarOwnerColor@@3PAFA	
0x00091138	0x00090588	?gRadarTerrainColor@@3PAFA	
0x00091168	0x000905b8	?gTownObjectNames@@3PAPADA	
0x000911b8	0x00090608	?gDwellingType@@3PAY05CA	
0x000911d0	0x00090620	?gMageBuildingCosts@@3PAY06HA	
0x00091240	0x00090690	?gNeutralBuildingCosts@@3PAY06HA	
0x00091308	0x00090754	?gMageBaseResourceValues@@3PAHA	
0x00091318	0x00090764	?gNeutralBaseResourceValues@@3PAHA	
0x00091338	0x00090780	?gDwellingBaseResourceValues@@3PAHA	
0x00091398	0x000907e0	?gDwellingCosts@@3PAY06HA	
0x00091408	0x00091408	?gMonsterDatabase@@3PAUtag_monsterInfo@@A	
0x00091638	0x00090a80	?gCastleResources@@3PACA	
0x00091640	0x00090a84	?gCastleAmounts@@3PAFA	
0x00091648	0x00090a8c	?gHeroGoldCost@@3FA	
0x00091650	0x00090a90	?gVesaMode@@3PAFA	
0x00091660	0x00090a9c	?normalDirTable@@3PAUtag_tilePoint@@A	
0x00091680	0x00090ac0	?gTownBuildingExtents@@3PAY0BA@UTownBuildingExtent@@A	
0x00091880	0x00090cc0	?gDwellingRequirements@@3PAGA	
0x000918b0	0x00090cf0	?gResourceBaseValue@@3PAHA	
0x000918d0	0x00090d0c	?gStartingResources@@3PAY06HA	
0x00091940	0x00090d7c	?gMineIncome@@3PAHA	
0x00091960	0x00090d98	?gArtifactBaseRV@@3PAHA	
0x000919f4	0x00090e2c	?gUltArtifactAvgValue@@3HA	
0x000919f8	0x00090e30	?gDataPath@@3PADA	
0x00091b58	0x00090f90	?gAnimPath@@3PADA	
0x00091cb8	0x000910f0	?gSoundPath@@3PADA	
0x00091e18	0x000913b0	?gGamePath@@3PADA	
0x00091e30	0x000913c4	?gMapPath@@3PADA	
0x00091e48	0x000913d8	?gHeroScoutRadius@@3PACA	
0x00091e50	0x000913e0	?gClassNavigationMod@@3PAMA	
0x00091e78	0x00091408	?gMonsterDatabase@@3PAUtag_monsterInfo@@A	
0x000921e0	0x0009176c	?gStatPower@@3PAMA	
0x00092288	0x00091810	?gBattleStat@@3PAMA	
0x0009232c	0x000918b4	?gMageGuildSpellCount@@3PACA	
0x00092330	0x000918b8	?gSpellCastNumMod@@3PAMA	
0x000923a8	0x000a98ca	?gDrawSavedCursor@@3CA	
0x000923b0	0x0009192c	?gMinExpForLevel@@3PAY0M@FA	
0x00092410	0x0009198c	?gRouteFrame@@3PAY07CA	
0x00092450	0x000919cc	?gCloudType@@3PAEA	
0x00092550	0x00091acc	?gMons32Width@@3PACA	
0x00092570	0x00091ae8	?gScoreMon@@3PAY01FA	
0x0009258c	0x0009258c	?gArmyNames@@3PAPADA	
0x000925e0	0x00091b58	?gScoreCampaignMon@@3PAY01FA	
0x000925fc	0x000925fc	?gArmySpriteNames@@3PAPADA	
0x00092650	0x00091bc8	?gWinSetup@@3PAUWindowTextEntry@@A	
0x0009266c	0x0009266c	?gArmyNamesPlural@@3PAPADA	
0x00092760	0x00091cd8	?townTheme@@3PACA	
0x00092768	0x00091ce0	?gCampaignScenarios@@3PAUcampaignScenario@@A	
0x00092804	0x00092804	?gMineNames@@3PAPADA	
0x00092a68	0x00091fe0	?gCampaignSideCrests@@3PAY01CA	
0x00092a70	0x00091fe8	?gCrestTownTypes@@3PAFA	
0x00092a78	0x00091ff0	?gCrestHeroClass@@3PAFA	
0x00092a80	0x00091ff8	?gHeroSkillBonus@@3PAY183CA	
0x00092b10	0x00092088	?gTownHeroClass@@3PACA	
0x00092b18	0x00092090	?gMonoColorMap@@3PAEA	
0x00092c18	0x000a98cc	?gLoadingMonoIcon@@3HA	
0x00092c1c	0x00092190	?gMonoIconSkip@@3HA	
0x00092c20	0x000a98d0	?gScrollX@@3HA	
0x00092c24	0x000a98d4	?gScrollY@@3HA	
0x00092c28	0x000a98d8	?gNoBorder@@3HA	
0x00092c2c	0x00092194	?gEnlargeScreenBlit@@3HA	
0x00092c38	0x000a98e4	?gAdventureMenu@@3PAUHMENU__@@A	
0x00092c40	0x000a98ec	?gColorMice@@3HA	
0x00092c44	0x000a98f0	?gSpecialMouseMasks@@3HA	
0x00092c4c	0x00092198	?gMenuCommand@@3HA	
0x00092c58	0x000921a0	?gMenuEnableStatus@@3PAUSMenuEnableStatus@@A	
0x00092e48	0x000a9900	?gMinimized@@3HA	
0x00092e4c	0x000a9904	?gHeroMoving@@3HA	
0x00092e58	0x000a9910	?gRemoteReady@@3HA	
0x00092e5c	0x000a9914	?gHeartbeatSeen@@3HA	
0x00092e60	0x0009238c	?gArtifactNames@@3PAPADA	
0x00092f90	0x000924bc	?gArtifactEvent@@3PAPADA	
0x00093058	0x0009257c	?gClassNames@@3PAPADA	
0x00093068	0x0009258c	?gArmyNames@@3PAPADA	
0x000930d8	0x0009266c	?gArmyNamesPlural@@3PAPADA	
0x000931c0	0x00092750	?gNeutralBuildingNames@@3PAPADA	
0x000931e0	0x0009276c	?gDwellingNames@@3PAPADA	
0x00093240	0x000927cc	?gTerrainNames@@3PAPADA	
0x00093260	0x000927e8	?gResourceNames@@3PAPADA	
0x00093280	0x00092820	?gObjectNames@@3PAPADA	
0x00093380	0x0009291c	?gTownNames@@3PAPADA	
0x00093434	0x00093434	?gForceSwitchMusic@@3HA	
0x00093548	0x00092ae0	?gAPanelHelp@@3PAPADA	
0x00093578	0x00092b08	?gAdvMenuHelp@@3PAPADA	
0x00093590	0x00092b20	?gLuckText@@3PAPADA	
0x000935b0	0x00092b3c	?gMoraleText@@3PAPADA	
0x000935d0	0x00092b58	?onOffText@@3PAPADA	
0x00093600	0x00092b84	?walkSpeedText@@3PAPADA	
0x00093618	0x00092b98	?gColorNames@@3PAPADA	
0x00093628	0x00092ba8	?gAlignmentNames@@3PAPADA	
0x00093640	0x00092bbc	?gSpellDesc@@3PAPADA	
0x000936b8	0x00092c30	?gMonthNames@@3PAPADA	
0x000936e0	0x00092c58	?gWeekNames@@3PAPADA	
0x00093720	0x00092c94	?gDwellingDescriptions@@3PAPADA	
0x00093780	0x00092cf4	?gArmySizeNames@@3PAY01PADA	
0x000937b0	0x00092d24	?gHeroScreen@@3PAPADA	
0x00093800	0x00092d70	?gCastleInfo@@3PAPADA	
0x00093838	0x00092da8	?gLuckInfoText@@3PAPADA	
0x00093868	0x00092dd4	?gMemoryErrorTitle@@3PADA	
0x0009386c	0x00092dd8	?gMemoryRequirements@@3PADA	
0x00093870	0x00092ddc	?gExtendedMemoryUnits@@3PADA	
0x00093874	0x00092de0	?gConventionalMemoryUnits@@3PADA	
0x000938b0	0x00092e18	?gSpeedText@@3PAPADA	
0x000938c8	0x00092e2c	?gArmyStatText@@3PAPADA	
0x000938f0	0x00092e50	?gOverviewText@@3PAPADA	
0x00093900	0x00092e5c	?gNewTurnText@@3PAPADA	
0x00093920	0x00092e78	?gViewGeneralLabels@@3PAPADA	
0x00093938	0x00092e90	?gViewGeneralHelp@@3PAPADA	
0x00093950	0x00092ea8	?gCombatMessage@@3PAPADA	
0x00093978	0x00092ecc	?gHeroLevel@@3PAPADA	
0x00093988	0x00092ed8	?gCombatHelp@@3PAPADA	
0x00093998	0x00092ee4	?gTownCommand@@3PAPADA	
0x00093a08	0x00092f50	?gHeroNames@@3PAY01PADA	
0x00093b28	0x00093070	?gCPanelHelp@@3PAPADA	
0x00093b58	0x000930a0	?gNewGameHelp@@3PAPADA	
0x00093b80	0x000930c4	?gSetupCampaignGameHelp@@3PAPADA	
0x00093b98	0x000930d8	?gSetupBaudHelp@@3PAPADA	
0x00093bb0	0x000930ec	?gSetupComPortHelp@@3PAPADA	
0x00093bc8	0x00093100	?gSetupDCBaudHelp@@3PAPADA	
0x00093be0	0x00093114	?gSetupDCComPortHelp@@3PAPADA	
0x00093bf8	0x00093128	?gSetupHotSeatGameHelp@@3PAPADA	
0x00093c28	0x00093158	?gSetupMultiPlayerGameHelp@@3PAPADA	
0x00093c50	0x00093178	?gSetupGameHelp@@3PAPADA	
0x00093c60	0x00093188	?gBattleResults@@3PAPADA	
0x00093c90	0x000931b4	?gNeutralBuildingDescriptions@@3PAPADA	
0x00093cb0	0x000931d0	?gMoraleInfoText@@3PAPADA	
0x00093d08	0x00093224	?gMapSizeNames@@3PAPADA	
0x00093d18	0x00093230	?gMapDifficultyNames@@3PAPADA	
0x00093d58	0x00093268	?gCampaignWinTexts@@3PAPADA	
0x00093da8	0x000932b0	?gDifficultyNames@@3PAPADA	
0x00093db8	0x000932c0	?gCampaignSideNames@@3PAPADA	
0x00093dc8	0x000932d0	?gScoreLabels@@3PAPADA	
0x00093df8	0x000932f8	?gHandicapNames@@3PAPADA	
0x00093e10	0x0009330c	?musicQualityText@@3PAPADA	
0x00093e20	0x00093318	?gWinSetupText@@3PAPADA	
0x00093f30	0x00093428	?gRequiredExtendedMemory@@3HA	
0x00093f34	0x0009342c	?gRequiredConventionalMemory@@3HA	
0x00093f40	0x000a9920	?gHeroWindShowing@@3CA	
0x00093f44	0x000a9921	?gOverviewShowing@@3CA	
0x00093f48	0x00093430	?gFullCombatScreenDrawn@@3HA	
0x00093f54	0x000a9929	?gSkipIntro@@3CA	
0x00093f58	0x000a992c	?gAllBlack@@3HA	
0x00093f5c	0x000a9930	?gInCombat@@3CA	
0x00093f64	0x00093434	?gForceSwitchMusic@@3HA	
0x00093f68	0x000a9934	?gComputeExtent@@3HA	
0x00093f6c	0x000a9938	?gSaveBiggestExtent@@3HA	
0x00093f70	0x000a993c	?gLimitToExtent@@3HA	
0x00093f74	0x00093438	?gCurrArmyDrawn@@3HA	
0x00093f78	0x000a9940	?gAdvDisposeLevel@@3HA	
0x00093f7c	0x000a9944	?gRemoteOn@@3HA	
0x00093f80	0x000a9948	?gGameInitialized@@3CA	
0x00093f84	0x0009343c	?gHighScoreRank@@3CA	
0x00093f88	0x000a9949	?gShowHighScore@@3CA	
0x00093f8c	0x00093440	?gHighMemBuffer@@3HA	
0x00093f98	0x000a9951	?gInPollSound@@3CA	
0x0009e8b0	0x000a9952	_?gEarlySetupDone@?1??EarlySetup@@YAHXZ@4CA	
0x0009e8b4	0x000a9953	?gKBDone@@3CA	
0x0009ee58	0x000a9954	?gInCheckEndGame@@3CA	
0x0009f280	0x000a9958	_?gInShutDown@?1??ShutDown@@YAXPAD@Z@4HA	
0x0009f34c	0x000a995c	_?gInMemError@?1??MemError@@YAXXZ@4CA	
0x0009f4c8	0x000ca188	?gShowComputerRoute@@3CA	
0x0009f4d8	0x0009ef78	?gAttackHumanBonus@@3MA	
0x0009f4dc	0x0009ef7c	?gAttackComputerBonus@@3MA	
0x0009f734	0x000ca198	_?gSVSearchArrayInUse@?1??StrategicValueOfPosition@philAI@@QAEHPAVhero@@FFCPAH@Z@4CA	
0x0009f7a0	0x0009ef80	_?gEvaluatingTravelGates@?1??ValueOfEventAtPosition@philAI@@QAEHPAVhero@@FFHPAH@Z@4HA	
0x0009f7a8	0x0009e700	?gAppName@@3PADA	
0x0009f7b0	0x0009e708	?gTitle@@3PADA	
0x0009f7d0	0x000a9e38	?gForegroundApp@@3HA	
0x0009f850	0x000a9e48	_?gLastCycleTickCount@?1??AppWndProc@@YGJPAUHWND__@@IIJ@Z@4HA	
0x0009f854	0x000a9e4c	?gClosingApp@@3HA	
0x0009fe60	0x000a0190	?gWinGAttached@@3HA	
0x0009fe78	0x000a01a4	?Orientation@@3HA	
0x0009fe80	0x000a01a8	?LogicalPalette@@3UWingPalette@@A	
0x000a0284	0x000cdda4	?gInitWin@@3PAXA	
0x000a028c	0x000cddac	?gTtlBlts@@3HA	
0x000a02a8	0x000cddc8	?gDDPal@@3PAUIDirectDrawPalette@@A	
0x000a035c	0x000cddcc	?gBusyRetry@@3HA	
0x000a0534	0x000cddd0	?gInDDSD@@3HA	
0x000a0d30	0x0008fa60	?gPixelsPerStep@@3PAFA	
0x000a0d40	0x0008fa6c	?gStepDelay@@3PAFA	
0x000a16e0	0x0009edac	?gNbListenName@@3PAEA	
0x000a17b4	0x0008e140	?gLimitUpdMinX@@3HA	
0x000a17b8	0x000a673c	?gLastScrollTime@@3HA	
0x000a17bc	0x000a6740	?gSandAnim@@3HA	
0x000a17c0	0x000a6744	?gLastHourGlassUpdateTime@@3HA	
0x000a17c4	0x000a6748	?TrigX@@3HA	
0x000a17c8	0x000a674c	?TrigY@@3HA	
0x000a17cc	0x000a6750	?gCurBottomView@@3HA	
0x000a17d0	0x0008e144	?gCurBottomViewEnemy@@3HA	
0x000a17d4	0x000a6754	?gCurHourGlassPhase@@3HA	
0x000a17d8	0x0008e148	?gLastHourGlassPhase@@3HA	
0x000a17dc	0x000a6758	?gForceUpdate@@3HA	
0x000a1a74	0x000a6760	_?gCheatSeq@?1??Main@advManager@@UAEFAAUtag_message@@@Z@4HA	
0x000a1ed8	0x000a6764	_?gLastSandAnimTime@?1??UpdBottomViewEnemyTurn@advManager@@QAECXZ@4HA	
0x000a1edc	0x000a6768	_?gLastNewSandAnimTime@?1??UpdBottomViewEnemyTurn@advManager@@QAECXZ@4HA	
0x000a2430	0x000a676c	_?gFrameCount@?1??ComboDraw@advManager@@QAECFFC@Z@4HA	
0x000a2b80	0x000cc8c8	_?s_processedPointCount@?1??SeedPosition@searchArray@@QAEXFFFFHHHHHHHH@Z@4FA	
0x000a2c04	0x000cc7f0	?gIDCtr@@3HA	
0x000a2c1c	0x0009f054	?gBaudBits@@3HA	
0x000a2c2c	0x000cc80c	?gInOrderCtr@@3HA	
0x000a2c30	0x0009f058	?gLastConfirm@@3HA	
0x000a2c34	0x000cc810	?gCurLastID@@3HA	
0x000a2c40	0x000cc818	?gLastHeartbeatSend@@3HA	
0x000a2c44	0x0009f05c	?gLastHeartbeatReceive@@3HA	
0x000a2d4c	0x000cc81d	_?gInitNetHostStatus@?1??InitNetHost@@YACXZ@4CA	
0x000a3078	0x000cc828	_?gInTimeoutFail@?1??PollRemote@@YAXXZ@4CA	
0x000a3100	0x000a0ff8	?gMouseOffset@@3PAHA	
0x000a310c	0x000cfb40	?gMouseCursorType@@3HA	
0x000a3110	0x000a1004	?gHotSpot@@3PAY01EA	
0x000a31b8	0x000cfb44	_?gInSetPointer@?1??SetPointer@mouseManager@@QAEXF@Z@4HA	
0x000a31e0	0x000a10e4	?gAdventureColor@@3PADA	
0x000a31e4	0x000a10e8	?gAdventureMonochrome@@3PADA	
0x000a31e8	0x000a10ec	?gAdventureBitmapFormat@@3PADA	
0x000a31f8	0x000a10fc	?gSpellColor@@3PADA	
0x000a31fc	0x000a1100	?gSpellMonochrome@@3PADA	
0x000a3200	0x000a1104	?gSpellBitmapFormat@@3PADA	
0x000a3210	0x000a1114	?gCombatColor@@3PADA	
0x000a3214	0x000a1118	?gCombatMonochrome@@3PADA	
0x000a3218	0x000a111c	?gCombatBitmapFormat@@3PADA	
0x000a3cb4	0x000a1680	?gDialogManagerError1@@3PADA	
0x000a3cc8	0x000a169c	?gDialogManagerError2@@3PADA	
0x000a3cdc	0x000a16b8	?gDialogManagerError3@@3PADA	
0x000a3cf0	0x000a16d4	?gDialogManagerError4@@3PADA	
0x000a3d94	0x000a16f0	?gCallManagerError1@@3PADA	
0x000a3da8	0x000a170c	?gCallManagerError2@@3PADA	
0x000a40d8	0x000a1740	_d_code	
0x000a41d8	0x000a1840	_d_len	
0x000a42d8	0x000a1940	_initialSon	
0x000a47c0	0x000a1e28	_initialParent	
0x000a4f20	0x000a2584	_initialFrequency	
0x000a5408	0x000a2a6c	_positionLength	
0x000a5448	0x000a2aac	_positionCode	
0x000a54c0	0x000d7f60	?gLeftRightSave@@3HA	
0x000a65dc	0x000a65dc	?gLimitUpdMaxX@@3HA	
0x000a65e0	0x000a65e0	?giLimitUpdMaxY@@3HA	
0x000a6710	0x000a6710	?giLimitUpdMinY@@3HA	
0x000a6770	0x000a6770	_gTargetName	
0x000a67d4	0x000a67d4	?gGenieHalf@@3CA	
0x000a6aa8	0x000a6aa8	?giNextActionGridIndex@@3HA	
0x000a6aac	0x000a6aac	?gNextAction@@3HA	
0x000a6c48	0x000a6c48	?giDebugLevel@@3HA	
0x000a7164	0x000a7164	?gpMouseManager@@3PAVmouseManager@@A	
0x000a7168	0x000a7168	?gText@@3PADA	
0x000a72d4	0x000a67d4	?gGenieHalf@@3CA	
0x000a72d8	0x000a6bd0	?gSavedDifficulties@@3PACA	
0x000a72dc	0x000a6bd4	_s_adjacentGuardX	
0x000a72e0	0x000a6bd8	_s_adjacentGuardY	
0x000a72e4	0x000a6bdc	?gKeptColor@@3CA	
0x000a72e8	0x000a6be0	?gRandomTownTypes@@3PACA	
0x000a72f0	0x000a6be8	_s_adjacentGuardMinX	
0x000a72f4	0x000a6bec	_s_adjacentGuardMinY	
0x000a72f8	0x000a6bf0	?gOldGameDifficulty@@3CA	
0x000a7300	0x000a6bf4	?gMineTypeNums@@3PAFA	
0x000a7310	0x000a6c04	_s_adjacentMonsterEndY	
0x000a7314	0x000a6c08	_s_adjacentMonsterEndX	
0x000a7318	0x000a6c0c	?gSavedCurPlayer@@3CA	
0x000a731c	0x000a6c0d	?gbDismissArmy@@3CA	
0x000a7320	0x000a6c0e	?gSavedKingOfTheHill@@3CA	
0x000a7338	0x000a6c20	?gEndSequence@@3HA	
0x000a7340	0x000a6c48	?giDebugLevel@@3HA	
0x000a73c8	0x000a6cc8	?iSizeOfMapExtra@@3PAHA	
0x000a746c	0x000a746c	?gGameCommand@@3FA	
0x000a7478	0x000a7478	?gImpactOverlayFrame@@3FA	
0x000a7480	0x000a7480	?gpAdvManager@@3PAVadvManager@@A	
0x000a74a8	0x000a74a8	?gpWindowManager@@3PAVheroWindowManager@@A	
0x000a74ac	0x000a74ac	?gpSearchArray@@3PAVsearchArray@@A	
0x000a74d8	0x000a74d8	?gpResourceManager@@3PAVresourceManager@@A	
0x000a74e4	0x000a74e4	?gpPhilAI@@3PAVphilAI@@A	
0x000a74e8	0x000a74e8	?gEffectFileId@@3FA	
0x000a7638	0x000a7638	?giGroundToTerrain@@3PACA	
0x000a7828	0x000a7828	?gpCombatManager@@3PAVcombatManager@@A	
0x000a7870	0x000a7164	?gpMouseManager@@3PAVmouseManager@@A	
0x000a7878	0x000a7168	?gText@@3PADA	
0x000a7b78	0x000a7468	?gBigFont@@3PAVfont@@A	
0x000a7b7c	0x000a746c	?gGameCommand@@3FA	
0x000a7b84	0x000a7470	?gBuyBuildIcons@@3PAVicon@@A	
0x000a7b88	0x000a7b70	?giHostGamePos@@3HA	
0x000a7b8c	0x000a7478	?gImpactOverlayFrame@@3FA	
0x000a7b94	0x000a7480	?gpAdvManager@@3PAVadvManager@@A	
0x000a7b94	0x000a7b94	?gbThisNetHumanPlayer@@3PACA	
0x000a7b98	0x000a7484	?gTerrainCost@@3PAY01CA	
0x000a7ba0	0x000a7ba0	?gpGame@@3PAVgame@@A	
0x000a7ba8	0x000a7492	?giMonthTypeExtra@@3CA	
0x000a7bb0	0x000a7494	?giWeekType@@3CA	
0x000a7bc4	0x000a74a4	?giCurWatchPlayer@@3HA	
0x000a7bc8	0x000a74a8	?gpWindowManager@@3PAVheroWindowManager@@A	
0x000a7bcc	0x000a74ac	?gpSearchArray@@3PAVsearchArray@@A	
0x000a7be4	0x000a74c4	?giBottomViewResource@@3HA	
0x000a7bec	0x000a74cc	?bSpecialHideCursor@@3HA	
0x000a7bf0	0x000a74d0	?giWeekTypeExtra@@3CA	
0x000a7bf8	0x000a74d8	?gpResourceManager@@3PAVresourceManager@@A	
0x000a7bfc	0x000a74dc	?gbInNewGameSetup@@3HA	
0x000a7c00	0x000a74e0	?gSmallFont@@3PAVfont@@A	
0x000a7c04	0x000a74e4	?gpPhilAI@@3PAVphilAI@@A	
0x000a7c08	0x000a74e8	?gEffectFileId@@3FA	
0x000a7c0c	0x000a74ea	?gbNoSound@@3CA	
0x000a7d44	0x000a761c	?giBottomViewOverride@@3HA	
0x000a7d48	0x000a7620	?gShowIntro@@3HA	
0x000a7d4c	0x000a7624	?giHighScoreType@@3CA	
0x000a7d68	0x000a7638	?giGroundToTerrain@@3PACA	
0x000a7df8	0x000a76c4	?gLastFilename@@3PADA	
0x000a7f5c	0x000a7824	?gMapX@@3FA	
0x000a7f60	0x000a7826	?gMapY@@3FA	
0x000a7f64	0x000a7828	?gpCombatManager@@3PAVcombatManager@@A	
0x000a7f6c	0x000a782c	?giScreenScroll@@3CA	
0x000a7f74	0x000a7834	?gPalette@@3PAVpalette@@A	
0x000a7ff0	0x000a78b0	?cAggPathName@@3PADA	
0x000a8150	0x000a7a10	?gcRegAppPath@@3PADA	
0x000a82b0	0x000a7474	?giThisGamePos@@3HA	
0x000a82b4	0x000a7b74	?giMaxExtentX@@3HA	
0x000a82b8	0x000a7b78	?giMaxExtentY@@3HA	
0x000a82c0	0x000a7b80	?gMapName@@3PADA	
0x000a82d4	0x000a7b90	?gInputManager@@3PAVinputManager@@A	
0x000a82d8	0x000a7b94	?gbThisNetHumanPlayer@@3PACA	
0x000a82e4	0x000a7ba0	?gpGame@@3PAVgame@@A	
0x000a82f0	0x000a7ba9	?giLimitPlayer@@3CA	
0x000a82f8	0x000a7bb0	?giBottomViewOverrideEndTime@@3HA	
0x000a82fc	0x000a7bb4	?gbGamePosToNetPos@@3PACA	
0x000a86fc	0x000a7fb4	?gInfoViewedHero@@3PAVhero@@A	
0x000a8700	0x000a7fb8	?gSystemIcons@@3PAVicon@@A	
0x000a8704	0x000a7fbc	?giScore@@3HA	
0x000a8708	0x000a7fc0	?mapExtra@@3PAY0EI@EA	
0x000a9400	0x000a9400	?gLoadedEffectIcn@@3PAVicon@@A	
0x000a9408	0x000a9408	?giSeedingValid@@3HA	
0x000a9414	0x000a9414	?gbHumanPlayer@@3PAHA	
0x000a9428	0x000a9428	?gConfig@@3UconfigStruct@@A	
0x000a98a0	0x000a98a0	?glTimers@@3PAHA	
0x000a98bc	0x000a98bc	?bShowIt@@3HA	
0x000a9904	0x000a9904	?gHeroMoving@@3HA	
0x000a9944	0x000a9944	?gRemoteOn@@3HA	
0x000a9b48	0x000a9400	?gLoadedEffectIcn@@3PAVicon@@A	
0x000a9b50	0x000a9408	?giSeedingValid@@3HA	
0x000a9b58	0x000a9410	?gChosenCampaignIndex@@3CA	
0x000a9b60	0x000a9414	?gbHumanPlayer@@3PAHA	
0x000a9b70	0x000a9428	?gConfig@@3UconfigStruct@@A	
0x000a9ca8	0x000a9558	?giBottomViewResourceQty@@3HA	
0x000a9cac	0x000a955c	?gbIconClipOn@@3CA	
0x000a9cb0	0x000a9560	?giMinExtentX@@3HA	
0x000a9cb4	0x000a9564	?giMinExtentY@@3HA	
0x000a9cc0	0x000a956c	?gcBottomViewText@@3PADA	
0x000a9d1c	0x000a95c8	?gpExec@@3PAVexecutive@@A	
0x000a9e90	0x000a9738	?giMonthType@@3CA	
0x000aa000	0x000a98a0	?glTimers@@3PAHA	
0x000aa01c	0x000a98bc	?bShowIt@@3HA	
0x000aa030	0x000b2170	?giBestShipyardDist@@3CA	
0x000aa034	0x000b2174	?gEventSlot@@3HA	
0x000aa038	0x000b2178	?gfHeroInteractionBonus@@3PAMA	
0x000aa0c8	0x000b2208	?gVisitResult@@3HA	
0x000aa0cc	0x000b220c	?fReduceFactor@@3MA	
0x000aa0d0	0x000b2210	?gEventTownScore@@3HA	
0x000aa0d4	0x000b2214	?gPurchaseTotal@@3HA	
0x000aa0d8	0x000b2218	?gHumanTownConquered@@3HA	
0x000aa0e0	0x000b2220	?giBestShipyardId@@3CA	
0x000aa0e8	0x000b2224	?gaiHeroStrategicRVOfPos@@3PAY0EI@FA	
0x000ac968	0x000b4aa4	?giCurPlayer@@3CA	
0x000ac970	0x000b4aa8	?iPlacesVisited@@3PAY01HA	
0x000aca60	0x000b4b98	?gDiscountByReloadFlag@@3HA	
0x000aca64	0x000b4b9c	?gCombatWinningFraction@@3MA	
0x000aca6c	0x000b4ba4	?gFoe@@3PAVhero@@A	
0x000aca70	0x000b4ba8	?gCurPlayerData@@3PAVplayerData@@A	
0x000aca74	0x000b4bac	?fBerserkFactor@@3MA	
0x000aca78	0x000b4bb0	?gaiLiveChanceOfPos@@3PAY0EI@FA	
0x000af2f8	0x000b7430	?gCurWatchPlayerHighFlag@@3EA	
0x000af300	0x000b7434	?gHeroEventStratRVOfPos@@3PAY0EI@FA	
0x000b1b80	0x000b9cb4	?gbPossibleShipyardFound@@3CA	
0x000b1b88	0x000b9cbc	?giCurWatchPlayerBit@@3EA	
0x000b1b90	0x000b9cc0	?gTurnValueOfMine@@3PAY0EI@CA	
0x000b2fd0	0x000bb100	?costTemp@@3PAHA	
0x000b2fec	0x000bb11c	?gExpectedOurCasualties@@3HA	
0x000b2ff0	0x000bb120	?gOpponentLosses@@3HA	
0x000b2ff4	0x000bb124	?gEstOurForce@@3HA	
0x000b2ff8	0x000bb128	?gEstGuardPower@@3HA	
0x000b2ffc	0x000bb12c	?gSimOutcome@@3HA	
0x000b3000	0x000bb130	?gPrizeUnguardedValue@@3HA	
0x000b3004	0x000bb134	?gPrizeGuardedWorth@@3HA	
0x000b3008	0x000bb138	?gItemPurchaseScore@@3HA	
0x000b302c	0x000bb158	?gDefaultEventType@@3HA	
0x000b3030	0x000bb15c	?gEventMonsterCount@@3HA	
0x000b3038	0x000bb160	?SVSearchArray@@3VsearchArray@@A	
0x000b4aa4	0x000b4aa4	?giCurPlayer@@3CA	
0x000b4ba8	0x000b4ba8	?gCurPlayerData@@3PAVplayerData@@A	
0x000c0b8c	0x000c8cb4	?gHeroGarrisonId@@3HA	
0x000c0b90	0x000c8cb8	?iLastFrameRateTimer@@3HA	
0x000c0b94	0x000c8cbc	?gEventLocation@@3PAVmapCell@@A	
0x000c0b98	0x000c8cc0	?gbTroopReload@@3HA	
0x000c0ba4	0x000c8ccc	?gRecruitStackSlot@@3HA	
0x000c0ba8	0x000c8cd0	?giCurPlayerBit@@3EA	
0x000c0bb0	0x000c8cd4	?gaiHeroLiveChance@@3PAFA	
0x000c0bf8	0x000c8d1c	?gMapVisitFlags@@3PAY0EI@CA	
0x000c2038	0x000ca15c	?gCellSeen@@3HA	
0x000c203c	0x000ca160	?gbBerserk@@3HA	
0x000c2044	0x000ca168	?iCurPlaceToVisit@@3HA	
0x000c2048	0x000ca16c	?giMaxHeroesForThisPlayer@@3HA	
0x000c204c	0x000ca170	?gbActualShipyardFound@@3CA	
0x000c2050	0x000ca174	?gDiscountForRampageFlag@@3HA	
0x000c2054	0x000ca178	?gCurPlayerTopBit@@3EA	
0x000c2058	0x000ca17c	?gEventTownArmy@@3PAVarmyGroup@@A	
0x000c205c	0x000ca180	?gbActualBoatFound@@3CA	
0x000c2060	0x000ca184	?gEventTownRec@@3PAVtown@@A	
0x000c2068	0x000a99c8	?rcTemp@@3UtagRECT@@A	
0x000c2078	0x000a99d8	?lTemp@@3HA	
0x000c2080	0x000a99e0	?iTempX@@3HA	
0x000c2084	0x000a99e4	?iTempY@@3HA	
0x000c2090	0x000a99ec	?bProcessMessage@@3PAEA	
0x000c24d8	0x000cdd90	?gDDDestRect@@3UtagRECT@@A	
0x000c24e8	0x000cd8c0	?gDDrawStatus@@3HA	
0x000c24f0	0x000cdd78	?gDDClientRect@@3UtagRECT@@A	
0x000c2500	0x000cd938	?gDDSourceRect@@3UtagRECT@@A	
0x000c2510	0x000cd8c8	?gDDrawSurfaceDesc@@3U_DDSURFACEDESC@@A	
0x000c2580	0x000cd948	?screenImage@@3UWingImage@@A	
0x000c29ac	0x000cdd88	?gDDPaintStart@@3HA	
0x000c2c50	0x000a6abc	?S1cursorFrameCount@@3FA	
0x000c2c54	0x000a6abe	?S1cursorBaseFrame@@3FA	
0x000c2c58	0x000a6ac0	?S1cursorDirection@@3CA	
0x000c2c5c	0x000a6ac2	?S1cursorCycle@@3FA	
0x000c2c60	0x000a6ac4	?S1cursorTurning@@3FA	
0x000c2c80	0x000a6a90	?giNextActionGridIndex2@@3HA	
0x000c2c88	0x000a6a94	?iTransferArtifacts@@3PACA	
0x000c2c98	0x000a6aa4	?iCurTransferArtifact@@3HA	
0x000c2c9c	0x000a6aa8	?giNextActionGridIndex@@3HA	
0x000c2ca0	0x000a6aac	?gNextAction@@3HA	
0x000c2ca4	0x000a6ab0	?iMaxTransferArtifacts@@3CA	
0x000c2ca8	0x000a6ab4	?giSurrenderCost@@3HA	
0x000c2cac	0x000a6b9c	_gSearchQueueSlot	
0x000c2cb0	0x000a6ba0	_gSearchPivot	
0x000c2cb4	0x000a6ba4	_gSearchCell	
0x000c2cb8	0x000a6ba8	_gSearchLow	
0x000c2cbc	0x000a6bac	_gScanNeighborCell	
0x000c2cc0	0x000a6bb0	_gSearchObjectType	
0x000c2cc4	0x000a6bb4	_gSearchCurrentCell	
0x000c2cc8	0x000a6bb8	_gSearchNeighborX	
0x000c2ccc	0x000a6bbc	_gSearchNeighborY	
0x000c2cd0	0x000a6bc0	?gCurTempMobility@@3FA	
0x000c2cd4	0x000a6bc4	_gSearchTerrainType	
0x000c2cd8	0x000a6bc8	_gSearchHigh	
0x000c2cdc	0x000a6bcc	_gSearchHeading	
0x000ca188	0x000ca188	?gShowComputerRoute@@3CA	
0x000cafdc	0x000a65a4	?s_drawCellSet@@3EA	
0x000cafe0	0x000a65a8	?iLastAnimFrame@@3HA	
0x000cafe4	0x000a65ac	?giFrameStep@@3HA	
0x000cb000	0x000a65c8	?s_drawCloudFrame@@3HA	
0x000cb004	0x000a65cc	?gSaveClean@@3CA	
0x000cb00c	0x000a65d4	?s_drawCovered@@3HA	
0x000cb014	0x000a65dc	?gLimitUpdMaxX@@3HA	
0x000cb018	0x000a65e0	?giLimitUpdMaxY@@3HA	
0x000cb01c	0x000a65e4	?bPrefsChanged@@3CA	
0x000cb020	0x000a65e8	?s_drawMapStoneTile@@3HA	
0x000cb028	0x000a65ec	?bComboDraw@@3PAY0BB@CA	
0x000cb14c	0x000a6710	?giLimitUpdMinY@@3HA	
0x000cb150	0x000a6714	?s_drawGroundTile@@3GA	
0x000cb168	0x000a6728	?gAdventurePanel@@3PAVheroWindow@@A	
0x000cb16c	0x000a672c	?s_drawCloudMirrored@@3CA	
0x000cb170	0x000a6730	?cArmySizeName@@3PADA	
0x000cb17c	0x000cccb0	?gSpellAITargetSide@@3HA	
0x000cb184	0x000cc82c	?gRequestingGames@@3CA	
0x000cb188	0x000cc850	_?sj_currentHero@?1??SeedPosition@searchArray@@QAEXFFFFHHHHHHHH@Z@4PAVhero@@A	
0x000cb18c	0x000cc854	_?si_mapX@?1??SeedPosition@searchArray@@QAEXFFFFHHHHHHHH@Z@4HA	
0x000cb190	0x000cc858	_?s_mapY@?1??SeedPosition@searchArray@@QAEXFFFFHHHHHHHH@Z@4HA	
0x000cb194	0x000cc85c	_?s_direction_4@?1??SeedPosition@searchArray@@QAEXFFFFHHHHHHHH@Z@4FA	
0x000cb198	0x000cc860	_?s_neighborX@?1??SeedPosition@searchArray@@QAEXFFFFHHHHHHHH@Z@4HA	
0x000cb19c	0x000cc864	_?s_neighborY@?1??SeedPosition@searchArray@@QAEXFFFFHHHHHHHH@Z@4HA	
0x000cb1a0	0x000cc868	_?s_targetCell@?1??SeedPosition@searchArray@@QAEXFFFFHHHHHHHH@Z@4PAVmapCell@@A	
0x000cb1a8	0x000cc86c	_?s_possibleDirections@?1??SeedPosition@searchArray@@QAEXFFFFHHHHHHHH@Z@4PACA	
0x000cb1b0	0x000cc874	_?s_triggerType_y@?1??SeedPosition@searchArray@@QAEXFFFFHHHHHHHH@Z@4HA	
0x000cb1b8	0x000cc87c	_?sf_hasAdjacentMonster@?1??SeedPosition@searchArray@@QAEXFFFFHHHHHHHH@Z@4CA	
0x000cb1bc	0x000cc880	_?s_directionBlocked@?1??SeedPosition@searchArray@@QAEXFFFFHHHHHHHH@Z@4HA	
0x000cb1c0	0x000cc884	_?s_currentCost@?1??SeedPosition@searchArray@@QAEXFFFFHHHHHHHH@Z@4HA	
0x000cb1c8	0x000cc888	_?s_currentNode@?1??SeedPosition@searchArray@@QAEXFFFFHHHHHHHH@Z@4UsearchNode@@A	
0x000cb1d8	0x000cc894	_?sr_hasTarget@?1??SeedPosition@searchArray@@QAEXFFFFHHHHHHHH@Z@4HA	
0x000cb1dc	0x000cc898	_?shy_terrain@?1??SeedPosition@searchArray@@QAEXFFFFHHHHHHHH@Z@4HA	
0x000cb1e0	0x000cc89c	_?si_adjacentX@?1??SeedPosition@searchArray@@QAEXFFFFHHHHHHHH@Z@4HA	
0x000cb1e4	0x000cc8a0	_?sd_adjacentY@?1??SeedPosition@searchArray@@QAEXFFFFHHHHHHHH@Z@4HA	
0x000cb1e8	0x000cc8a4	_?s6_stepCost@?1??SeedPosition@searchArray@@QAEXFFFFHHHHHHHH@Z@4PAHA	
0x000cb1f0	0x000cc8ac	_?sc_bestTargetCost@?1??SeedPosition@searchArray@@QAEXFFFFHHHHHHHH@Z@4HA	
0x000cb1f4	0x000cc8b0	?gSearchSeedingComplete@@3HA	
0x000cb1f8	0x000cc8b4	_?s_directionOccupied_g@?1??SeedPosition@searchArray@@QAEXFFFFHHHHHHHH@Z@4PAEA	
0x000cb200	0x000cc8bc	_?so_adjacentCost@?1??SeedPosition@searchArray@@QAEXFFFFHHHHHHHH@Z@4HA	
0x000cb204	0x000cc8c0	_?sd_adjacentMonsterX@?1??SeedPosition@searchArray@@QAEXFFFFHHHHHHHH@Z@4HA	
0x000cb208	0x000cc8c4	_?sa2_adjacentMonsterY@?1??SeedPosition@searchArray@@QAEXFFFFHHHHHHHH@Z@4HA	
0x000cb300	0x000ca28c	?localstage@@3HA	
0x000cb304	0x000ca290	?oldsec@@3HA	
0x000cb30c	0x000ca298	?stime@@3HA	
0x000cb310	0x000ca29c	?remoteidstr@@3PADA	
0x000cc44c	0x000cb3dc	?remotestage@@3HA	
0x000cc480	0x000cb410	?sndBuf@@3URemoteMessage@@A	
0x000cc580	0x000cb510	?WFDCStage@@3HA	
0x000cc6d8	0x000cb664	?rcvBufIn@@3URemoteMessage@@A	
0x000cc7d8	0x000cb768	?outque@@3Uoutque_t@@A	
0x000cc8b0	0x000cc8b0	?gSearchSeedingComplete@@3HA	
0x000cd6e0	0x000cc670	?iLastIds@@3PAHA	
0x000cd858	0x000cc7e8	?idstr@@3PADA	
0x000cd860	0x000ce178	?gAndMaskBitmapInfo@@3PAUtagBITMAP@@A	
0x000cdf68	0x000ce880	?bmpColor@@3PAUtagBITMAP@@A	
0x000ce670	0x000cef88	?hMouseCursor@@3PAPAUHICON__@@A	
0x000ce7a0	0x000cf0b4	?hbmpAndMask@@3PAPAUHBITMAP__@@A	
0x000ce8d0	0x000cf1e0	?cColorBits@@3PAPAEA	
0x000cea00	0x000cf30c	?hbmpColor@@3PAPAUHBITMAP__@@A	
0x000ceb30	0x000cf438	?cursorIconInfo@@3PAU_ICONINFO@@A	
0x000cf110	0x000cfa14	?cAndBits@@3PAPAEA	
0x000cf4c8	0x000cfb68	_sClipFrameEntry	
0x000cf4cc	0x000cfb6c	_sClipRun	
0x000cf4d0	0x000cfb60	_sClipX	
0x000cf518	0x000cfb64	_sClipRow	
0x000cf51c	0x000cfb5c	_sClipSrcPtr	
0x000cf520	0x000cfbb4	_sClipLeft	
0x000cf524	0x000cfb54	_sClipLimitX	
0x000cf528	0x000cfbb0	_sClipInside	
0x000cf52c	0x000cfb50	_sClipPosY	
0x000cf530	0x000cfb58	_sClipLimitY	
0x000cf538	0x000ce110	?gFadeSavedUpdate@@3CA	
