# February 1996 -> May 1996 Windows 95 1.1 function review. RVAs, not VAs.
# Address-only is a byte-discovery category, not a universal semantic-equivalence claim.
old_rva	new_rva	unit	symbol	byte_discovery	review_class	observed_difference
0x1000	0x1000	SOURCE/HISCORE	??0highScoreManager@@QAE@XZ	address-operands-only	no-body-change-identified	No instruction or modeled-reference difference identified beyond address translation. Referenced mutable-data contents are outside this classification.
0x10a0	0x10a0	SOURCE/HISCORE	??1highScoreManager@@QAE@XZ	identical-bytes	no-body-change-identified	No instruction or modeled-reference difference identified beyond address translation. Referenced mutable-data contents are outside this classification.
0x10bf	0x10bf	SOURCE/HISCORE	?Open@highScoreManager@@UAEFF@Z	address-operands-only	no-body-change-identified	No instruction or modeled-reference difference identified beyond address translation. Referenced mutable-data contents are outside this classification.
0x1228	0x1228	SOURCE/HISCORE	?Close@highScoreManager@@UAEXXZ	address-operands-only	no-body-change-identified	No instruction or modeled-reference difference identified beyond address translation. Referenced mutable-data contents are outside this classification.
0x1285	0x1285	SOURCE/HISCORE	?Main@highScoreManager@@UAEFAAUtag_message@@@Z	address-operands-only	no-body-change-identified	No instruction or modeled-reference difference identified beyond address translation. Referenced mutable-data contents are outside this classification.
0x14ee	0x14ee	SOURCE/HISCORE	?Update@highScoreManager@@QAEXXZ	address-operands-only	no-body-change-identified	No instruction or modeled-reference difference identified beyond address translation. Referenced mutable-data contents are outside this classification.
0x1b60	0x1b60	SOURCE/RECRUIT	?SetupRecruitWin@@YAXPAVheroWindow@@HHHHH@Z	address-operands-only	no-body-change-identified	No instruction or modeled-reference difference identified beyond address translation. Referenced mutable-data contents are outside this classification.
0x1cc4	0x1cc4	SOURCE/RECRUIT	?Open@recruitUnit@@UAEFF@Z	address-operands-only	no-body-change-identified	No instruction or modeled-reference difference identified beyond address translation. Referenced mutable-data contents are outside this classification.
0x1f46	0x1f46	SOURCE/RECRUIT	?Close@recruitUnit@@UAEXXZ	address-operands-only	no-body-change-identified	No instruction or modeled-reference difference identified beyond address translation. Referenced mutable-data contents are outside this classification.
0x2017	0x2017	SOURCE/RECRUIT	?Update@recruitUnit@@QAEXXZ	address-operands-only	no-body-change-identified	No instruction or modeled-reference difference identified beyond address translation. Referenced mutable-data contents are outside this classification.
0x213e	0x213e	SOURCE/RECRUIT	?Main@recruitUnit@@UAEFAAUtag_message@@@Z	address-operands-only	no-body-change-identified	No instruction or modeled-reference difference identified beyond address translation. Referenced mutable-data contents are outside this classification.
0x2523	0x2523	SOURCE/RECRUIT	??0recruitUnit@@QAE@PAVarmyGroup@@HPAF@Z	address-operands-only	no-body-change-identified	No instruction or modeled-reference difference identified beyond address translation. Referenced mutable-data contents are outside this classification.
0x25f9	0x25f9	SOURCE/RECRUIT	??0recruitUnit@@QAE@PAVtown@@C@Z	address-operands-only	no-body-change-identified	No instruction or modeled-reference difference identified beyond address translation. Referenced mutable-data contents are outside this classification.
0x26ed	0x26ed	SOURCE/RECRUIT	?QuickViewRecruit@@YAXPAVtown@@C@Z	address-operands-only	no-body-change-identified	No instruction or modeled-reference difference identified beyond address translation. Referenced mutable-data contents are outside this classification.
0x28b0	0x28b0	SOURCE/SEARCH	?FindNearestObject@searchArray@@QAEFFFFFE@Z	address-operands-only	no-body-change-identified	No instruction or modeled-reference difference identified beyond address translation. Referenced mutable-data contents are outside this classification.
0x2af0	0x2af0	SOURCE/SEARCH	?BuildPath@searchArray@@QAEHFFFFF@Z	identical-bytes	no-body-change-identified	No instruction or modeled-reference difference identified beyond address translation. Referenced mutable-data contents are outside this classification.
0x2be0	0x2be0	SOURCE/SEARCH	?SeedPosition@searchArray@@QAEXFFFFHHHHHHHH@Z	changed-body	codegen	Current-node cost comparison reverses operands and condition; the same +12 threshold and successor are retained.
0x3640	0x3640	SOURCE/wingraph	?DDRestoreDisplayMode@@YAXXZ	identical-bytes	no-body-change-identified	No instruction or modeled-reference difference identified beyond address translation. Referenced mutable-data contents are outside this classification.
0x3699	0x3699	SOURCE/wingraph	?DDQueryNewPalette@@YAHXZ	identical-bytes	no-body-change-identified	No instruction or modeled-reference difference identified beyond address translation. Referenced mutable-data contents are outside this classification.
0x36df	0x36df	SOURCE/wingraph	?CreatePrimary@@YAXXZ	identical-bytes	no-body-change-identified	No instruction or modeled-reference difference identified beyond address translation. Referenced mutable-data contents are outside this classification.
0x377a	0x377a	SOURCE/wingraph	?SetupClipper@@YAXXZ	address-operands-only	no-body-change-identified	No instruction or modeled-reference difference identified beyond address translation. Referenced mutable-data contents are outside this classification.
0x3865	0x3865	SOURCE/wingraph	?DDInitGraphics@@YAXXZ	address-operands-only	no-body-change-identified	No instruction or modeled-reference difference identified beyond address translation. Referenced mutable-data contents are outside this classification.
0x39d6	0x39d6	SOURCE/wingraph	?DDAppPaint@@YAHPAX0@Z	address-operands-only	no-body-change-identified	No instruction or modeled-reference difference identified beyond address translation. Referenced mutable-data contents are outside this classification.
0x3f68	0x3f68	SOURCE/wingraph	?DDInitializePalette@@YAXXZ	address-operands-only	no-body-change-identified	No instruction or modeled-reference difference identified beyond address translation. Referenced mutable-data contents are outside this classification.
0x40a8	0x40a8	SOURCE/wingraph	?DDSetPalette@@YAHXZ	identical-bytes	no-body-change-identified	No instruction or modeled-reference difference identified beyond address translation. Referenced mutable-data contents are outside this classification.
0x415b	0x415b	SOURCE/wingraph	?DDCreateSurface@@YAPAUIDirectDrawSurface@@IIH@Z	address-operands-only	no-body-change-identified	No instruction or modeled-reference difference identified beyond address translation. Referenced mutable-data contents are outside this classification.
0x4285	0x4285	SOURCE/wingraph	?DDSD@@YAXHPADH@Z	address-operands-only	no-body-change-identified	No instruction or modeled-reference difference identified beyond address translation. Referenced mutable-data contents are outside this classification.
0x4673	0x4673	SOURCE/wingraph	?DDUpdatePalette@@YAXPAC@Z	address-operands-only	no-body-change-identified	No instruction or modeled-reference difference identified beyond address translation. Referenced mutable-data contents are outside this classification.
0x478f	0x478f	SOURCE/wingraph	?DDCleanUpWinGraphics@@YAXXZ	identical-bytes	no-body-change-identified	No instruction or modeled-reference difference identified beyond address translation. Referenced mutable-data contents are outside this classification.
0x490e	0x490e	SOURCE/wingraph	?DDSetFullScreenStatus@@YAXH@Z	address-operands-only	no-body-change-identified	No instruction or modeled-reference difference identified beyond address translation. Referenced mutable-data contents are outside this classification.
0x4bf8	0x4bf8	SOURCE/wingraph	?WGQueryNewPalette@@YAHXZ	address-operands-only	no-body-change-identified	No instruction or modeled-reference difference identified beyond address translation. Referenced mutable-data contents are outside this classification.
0x4c81	0x4c81	SOURCE/wingraph	?WGInitGraphics@@YAXXZ	address-operands-only	no-body-change-identified	No instruction or modeled-reference difference identified beyond address translation. Referenced mutable-data contents are outside this classification.
0x4dd2	0x4dd2	SOURCE/wingraph	?WGUpdatePalette@@YAXPAC@Z	address-operands-only	no-body-change-identified	No instruction or modeled-reference difference identified beyond address translation. Referenced mutable-data contents are outside this classification.
0x4faf	0x4faf	SOURCE/wingraph	?WGInitializePalette@@YAXXZ	address-operands-only	no-body-change-identified	No instruction or modeled-reference difference identified beyond address translation. Referenced mutable-data contents are outside this classification.
0x5184	0x5184	SOURCE/wingraph	?WGAppPaint@@YAHPAX0@Z	address-operands-only	no-body-change-identified	No instruction or modeled-reference difference identified beyond address translation. Referenced mutable-data contents are outside this classification.
0x5344	0x5344	SOURCE/wingraph	?WGCleanUpWinGraphics@@YAXXZ	address-operands-only	no-body-change-identified	No instruction or modeled-reference difference identified beyond address translation. Referenced mutable-data contents are outside this classification.
0x53bc	0x53bc	SOURCE/wingraph	?ConnectToDLLs@@YAXXZ	address-operands-only	no-body-change-identified	No instruction or modeled-reference difference identified beyond address translation. Referenced mutable-data contents are outside this classification.
0x5428	0x5428	SOURCE/wingraph	?DisconnectDLLs@@YAXXZ	address-operands-only	no-body-change-identified	No instruction or modeled-reference difference identified beyond address translation. Referenced mutable-data contents are outside this classification.
0x5451	0x5451	SOURCE/wingraph	?RestoreDisplayMode@@YAXXZ	identical-bytes	no-body-change-identified	No instruction or modeled-reference difference identified beyond address translation. Referenced mutable-data contents are outside this classification.
0x547d	0x547d	SOURCE/wingraph	?SetPalette@@YAHXZ	identical-bytes	no-body-change-identified	No instruction or modeled-reference difference identified beyond address translation. Referenced mutable-data contents are outside this classification.
0x54ab	0x54ab	SOURCE/wingraph	?GetGraphicsInfo@@YAXXZ	address-operands-only	no-body-change-identified	No instruction or modeled-reference difference identified beyond address translation. Referenced mutable-data contents are outside this classification.
0x552c	0x552c	SOURCE/wingraph	?InitGraphics@@YAXXZ	address-operands-only	no-body-change-identified	No instruction or modeled-reference difference identified beyond address translation. Referenced mutable-data contents are outside this classification.
0x558c	0x558c	SOURCE/wingraph	?AppPaint@@YAHPAX0@Z	identical-bytes	no-body-change-identified	No instruction or modeled-reference difference identified beyond address translation. Referenced mutable-data contents are outside this classification.
0x55d3	0x55d3	SOURCE/wingraph	?InitializePalette@@YAXXZ	identical-bytes	no-body-change-identified	No instruction or modeled-reference difference identified beyond address translation. Referenced mutable-data contents are outside this classification.
0x55ff	0x55ff	SOURCE/wingraph	?UpdatePalette@@YAXPAC@Z	identical-bytes	no-body-change-identified	No instruction or modeled-reference difference identified beyond address translation. Referenced mutable-data contents are outside this classification.
0x5639	0x5639	SOURCE/wingraph	?CleanUpWinGraphics@@YAXXZ	identical-bytes	no-body-change-identified	No instruction or modeled-reference difference identified beyond address translation. Referenced mutable-data contents are outside this classification.
0x566a	0x566a	SOURCE/wingraph	?SetFullScreenStatus@@YAXH@Z	address-operands-only	no-body-change-identified	No instruction or modeled-reference difference identified beyond address translation. Referenced mutable-data contents are outside this classification.
0x5723	0x5723	SOURCE/wingraph	?QueryNewPalette@@YAHXZ	identical-bytes	no-body-change-identified	No instruction or modeled-reference difference identified beyond address translation. Referenced mutable-data contents are outside this classification.
0x5754	0x5754	SOURCE/wingraph	?SetGraphicsType@@YAHH@Z	address-operands-only	no-body-change-identified	No instruction or modeled-reference difference identified beyond address translation. Referenced mutable-data contents are outside this classification.
0x5950	0x5950	SOURCE/CURSOR	?StartCursor@advManager@@QAEXC@Z	address-operands-only	no-body-change-identified	No instruction or modeled-reference difference identified beyond address translation. Referenced mutable-data contents are outside this classification.
0x5ab9	0x5ab9	SOURCE/CURSOR	?StopCursor@advManager@@QAEXC@Z	identical-bytes	no-body-change-identified	No instruction or modeled-reference difference identified beyond address translation. Referenced mutable-data contents are outside this classification.
0x5c09	0x5c09	SOURCE/CURSOR	?DrawCursor@advManager@@QAEXXZ	address-operands-only	no-body-change-identified	No instruction or modeled-reference difference identified beyond address translation. Referenced mutable-data contents are outside this classification.
0x61ed	0x61ed	SOURCE/CURSOR	?GetCursorBaseFrame@advManager@@QAEFF@Z	identical-bytes	no-body-change-identified	No instruction or modeled-reference difference identified beyond address translation. Referenced mutable-data contents are outside this classification.
0x6275	0x6275	SOURCE/CURSOR	?TurnTo@advManager@@QAEXC@Z	address-operands-only	no-body-change-identified	No instruction or modeled-reference difference identified beyond address translation. Referenced mutable-data contents are outside this classification.
0x64d6	0x64d6	SOURCE/CURSOR	?GetMoveShowIt@advManager@@QAEHC@Z	address-operands-only	no-body-change-identified	No instruction or modeled-reference difference identified beyond address translation. Referenced mutable-data contents are outside this classification.
0x660c	0x660c	SOURCE/CURSOR	?MoveHero@advManager@@QAEPAVmapCell@@CCPAH00CPAC@Z	address-operands-only	no-body-change-identified	No instruction or modeled-reference difference identified beyond address translation. Referenced mutable-data contents are outside this classification.
0x742a	0x742a	SOURCE/CURSOR	?CheckAdjacentMon@advManager@@QAEXPAC@Z	address-operands-only	no-body-change-identified	No instruction or modeled-reference difference identified beyond address translation. Referenced mutable-data contents are outside this classification.
0x75ab	0x75ab	SOURCE/CURSOR	?ValidMoveWithEvent@advManager@@QAEFPAVhero@@F@Z	address-operands-only	no-body-change-identified	No instruction or modeled-reference difference identified beyond address translation. Referenced mutable-data contents are outside this classification.
0x77b5	0x77b5	SOURCE/CURSOR	?ValidMove@advManager@@QAEFF@Z	address-operands-only	no-body-change-identified	No instruction or modeled-reference difference identified beyond address translation. Referenced mutable-data contents are outside this classification.
0x7a58	0x7a58	SOURCE/CURSOR	?MoveOrigin@advManager@@QAEXFF@Z	identical-bytes	no-body-change-identified	No instruction or modeled-reference difference identified beyond address translation. Referenced mutable-data contents are outside this classification.
0x7d90	0x7d90	SOURCE/TOWNMGR	??0townObject@@QAE@PAD@Z	address-operands-only	no-body-change-identified	No instruction or modeled-reference difference identified beyond address translation. Referenced mutable-data contents are outside this classification.
0x7f81	0x7f81	SOURCE/TOWNMGR	??1townObject@@QAE@XZ	address-operands-only	no-body-change-identified	No instruction or modeled-reference difference identified beyond address translation. Referenced mutable-data contents are outside this classification.
0x7fe1	0x7fe1	SOURCE/TOWNMGR	?Draw@townObject@@QAEXC@Z	address-operands-only	no-body-change-identified	No instruction or modeled-reference difference identified beyond address translation. Referenced mutable-data contents are outside this classification.
0x80f8	0x80f8	SOURCE/TOWNMGR	??0townManager@@QAE@XZ	address-operands-only	no-body-change-identified	No instruction or modeled-reference difference identified beyond address translation. Referenced mutable-data contents are outside this classification.
0x816c	0x816c	SOURCE/TOWNMGR	?Open@townManager@@UAEFF@Z	address-operands-only	no-body-change-identified	No instruction or modeled-reference difference identified beyond address translation. Referenced mutable-data contents are outside this classification.
0x8958	0x8958	SOURCE/TOWNMGR	?Close@townManager@@UAEXXZ	address-operands-only	no-body-change-identified	No instruction or modeled-reference difference identified beyond address translation. Referenced mutable-data contents are outside this classification.
0x8b1c	0x8b1c	SOURCE/TOWNMGR	?SetArmyCommand@townManager@@QAEXF@Z	address-operands-only	no-body-change-identified	No instruction or modeled-reference difference identified beyond address translation. Referenced mutable-data contents are outside this classification.
0x8ed2	0x8ed2	SOURCE/TOWNMGR	?SetCommandAndText@townManager@@QAEXAAUtag_message@@@Z	address-operands-only	no-body-change-identified	No instruction or modeled-reference difference identified beyond address translation. Referenced mutable-data contents are outside this classification.
0x933a	0x933a	SOURCE/TOWNMGR	?ShowText@townManager@@QAEXPAD@Z	address-operands-only	no-body-change-identified	No instruction or modeled-reference difference identified beyond address translation. Referenced mutable-data contents are outside this classification.
0x93ae	0x93ae	SOURCE/TOWNMGR	?Main@townManager@@UAEFAAUtag_message@@@Z	address-operands-only	no-body-change-identified	No instruction or modeled-reference difference identified beyond address translation. Referenced mutable-data contents are outside this classification.
0xa6cd	0xa6cd	SOURCE/TOWNMGR	?DoCommand@townManager@@QAEXC@Z	address-operands-only	no-body-change-identified	No instruction or modeled-reference difference identified beyond address translation. Referenced mutable-data contents are outside this classification.
0xad2c	0xad2c	SOURCE/TOWNMGR	?RedrawTownScreen@townManager@@QAEXXZ	address-operands-only	no-body-change-identified	No instruction or modeled-reference difference identified beyond address translation. Referenced mutable-data contents are outside this classification.
0xadd1	0xadd1	SOURCE/TOWNMGR	?SplitArmy@townManager@@QAEXXZ	address-operands-only	no-body-change-identified	No instruction or modeled-reference difference identified beyond address translation. Referenced mutable-data contents are outside this classification.
0xb14f	0xb14f	SOURCE/TOWNMGR	?ShiftQualChange@townManager@@QAEXXZ	address-operands-only	no-body-change-identified	No instruction or modeled-reference difference identified beyond address translation. Referenced mutable-data contents are outside this classification.
0xb21d	0xb21d	SOURCE/TOWNMGR	?ResetStrips@townManager@@QAEXXZ	address-operands-only	no-body-change-identified	No instruction or modeled-reference difference identified beyond address translation. Referenced mutable-data contents are outside this classification.
0xb2c8	0xb2c8	SOURCE/TOWNMGR	?Toggle@townManager@@QAEXC@Z	identical-bytes	no-body-change-identified	No instruction or modeled-reference difference identified beyond address translation. Referenced mutable-data contents are outside this classification.
0xb35d	0xb35d	SOURCE/TOWNMGR	?DrawTown@townManager@@QAEXCH@Z	address-operands-only	no-body-change-identified	No instruction or modeled-reference difference identified beyond address translation. Referenced mutable-data contents are outside this classification.
0xb455	0xb455	SOURCE/TOWNMGR	?BuyBuild@townManager@@QAEFFCC@Z	address-operands-only	no-body-change-identified	No instruction or modeled-reference difference identified beyond address translation. Referenced mutable-data contents are outside this classification.
0xc478	0xc478	SOURCE/TOWNMGR	?BuildObj@townManager@@QAEXF@Z	address-operands-only	no-body-change-identified	No instruction or modeled-reference difference identified beyond address translation. Referenced mutable-data contents are outside this classification.
0xc818	0xc818	SOURCE/TOWNMGR	?SetupCastle@townManager@@QAEXPAVheroWindow@@@Z	address-operands-only	no-body-change-identified	No instruction or modeled-reference difference identified beyond address translation. Referenced mutable-data contents are outside this classification.
0xcccd	0xcccd	SOURCE/TOWNMGR	?SetupWell@townManager@@QAEXPAVheroWindow@@@Z	address-operands-only	no-body-change-identified	No instruction or modeled-reference difference identified beyond address translation. Referenced mutable-data contents are outside this classification.
0xcf1a	0xcf1a	SOURCE/TOWNMGR	?SetupMage@townManager@@QAEXPAVheroWindow@@@Z	address-operands-only	no-body-change-identified	No instruction or modeled-reference difference identified beyond address translation. Referenced mutable-data contents are outside this classification.
0xd24b	0xd24b	SOURCE/TOWNMGR	?MageGuildHandler@@YAFAAUtag_message@@@Z	address-operands-only	no-body-change-identified	No instruction or modeled-reference difference identified beyond address translation. Referenced mutable-data contents are outside this classification.
0xd3d1	0xd3d1	SOURCE/TOWNMGR	?SetupThievesGuild@townManager@@QAEXPAVheroWindow@@F@Z	address-operands-only	no-body-change-identified	No instruction or modeled-reference difference identified beyond address translation. Referenced mutable-data contents are outside this classification.
0xd6bd	0xd6bd	SOURCE/TOWNMGR	?GetCategoryStats@townManager@@QAEXCQAHQAC@Z	changed-body	codegen	Resource totals retain the same integer fields: ore/crystal/wood becomes crystal/ore/wood; mercury/sulfur/gems becomes gems/mercury/sulfur.
0xdb41	0xdb41	SOURCE/TOWNMGR	?SortStats@townManager@@QAEXQAHQAC@Z	address-operands-only	no-body-change-identified	No instruction or modeled-reference difference identified beyond address translation. Referenced mutable-data contents are outside this classification.
0xdc2b	0xdc2b	SOURCE/TOWNMGR	?GetBuildingName@townManager@@QAEPADF@Z	address-operands-only	no-body-change-identified	No instruction or modeled-reference difference identified beyond address translation. Referenced mutable-data contents are outside this classification.
0xdc5a	0xdc5a	SOURCE/TOWNMGR	?RecruitHero@townManager@@QAECC@Z	address-operands-only	no-body-change-identified	No instruction or modeled-reference difference identified beyond address translation. Referenced mutable-data contents are outside this classification.
0xe5db	0xe5db	SOURCE/TOWNMGR	?TavernHandler@@YAFAAUtag_message@@@Z	address-operands-only	no-body-change-identified	No instruction or modeled-reference difference identified beyond address translation. Referenced mutable-data contents are outside this classification.
0xe730	0xe730	SOURCE/TOWNMGR	?DoTavern@townManager@@QAEXXZ	address-operands-only	no-body-change-identified	No instruction or modeled-reference difference identified beyond address translation. Referenced mutable-data contents are outside this classification.
0xe866	0xe866	SOURCE/TOWNMGR	?CastleHandler@@YAFAAUtag_message@@@Z	address-operands-only	no-body-change-identified	No instruction or modeled-reference difference identified beyond address translation. Referenced mutable-data contents are outside this classification.
0xef8c	0xef8c	SOURCE/TOWNMGR	?SplitArmyHandler@@YAFAAUtag_message@@@Z	address-operands-only	no-body-change-identified	No instruction or modeled-reference difference identified beyond address translation. Referenced mutable-data contents are outside this classification.
0xf2c0	0xf2c0	SOURCE/COMMAND	?Main@combatManager@@UAEFAAUtag_message@@@Z	changed-body	behavior	Network chat key changes from F1 (0x3b) to F2 (0x3c).
0xf5d1	0xf5d1	SOURCE/COMMAND	?ValidHexToStandOn@combatManager@@QAECH@Z	identical-bytes	no-body-change-identified	No instruction or modeled-reference difference identified beyond address translation. Referenced mutable-data contents are outside this classification.
0xf6a7	0xf6a7	SOURCE/COMMAND	?SetCombatDirections@combatManager@@QAEXH@Z	address-operands-only	no-body-change-identified	No instruction or modeled-reference difference identified beyond address translation. Referenced mutable-data contents are outside this classification.
0xfe90	0xfe90	SOURCE/COMMAND	?CheckSetMouseDirection@combatManager@@QAEXHHH@Z	address-operands-only	no-body-change-identified	No instruction or modeled-reference difference identified beyond address translation. Referenced mutable-data contents are outside this classification.
0x104b0	0x104b0	SOURCE/COMMAND	?GetPointer@combatManager@@QAEHH@Z	identical-bytes	no-body-change-identified	No instruction or modeled-reference difference identified beyond address translation. Referenced mutable-data contents are outside this classification.
0x104e4	0x104e4	SOURCE/COMMAND	?ProcessCombatMsg@combatManager@@QAEHAAUtag_message@@@Z	changed-body	behavior	Chat dispatch moves to F2; switch range grows by one and its lookup table changes.
0x10a9f	0x10aa0	SOURCE/COMMAND	?ResetRound@combatManager@@QAEXXZ	address-operands-only	no-body-change-identified	No instruction or modeled-reference difference identified beyond address translation. Referenced mutable-data contents are outside this classification.
0x10bd8	0x10bd9	SOURCE/COMMAND	?CheckWin@combatManager@@QAEHPAUtag_message@@@Z	address-operands-only	no-body-change-identified	No instruction or modeled-reference difference identified beyond address translation. Referenced mutable-data contents are outside this classification.
0x10d35	0x10d36	SOURCE/COMMAND	?GetCommand@combatManager@@QAECF@Z	address-operands-only	no-body-change-identified	No instruction or modeled-reference difference identified beyond address translation. Referenced mutable-data contents are outside this classification.
0x1104b	0x1104c	SOURCE/COMMAND	?RightClick@combatManager@@QAECC@Z	address-operands-only	no-body-change-identified	No instruction or modeled-reference difference identified beyond address translation. Referenced mutable-data contents are outside this classification.
0x11227	0x11228	SOURCE/COMMAND	?DoCommand@combatManager@@QAEXC@Z	address-operands-only	no-body-change-identified	No instruction or modeled-reference difference identified beyond address translation. Referenced mutable-data contents are outside this classification.
0x1155a	0x1155b	SOURCE/COMMAND	?WinCombatHandler@@YAFAAUtag_message@@@Z	address-operands-only	no-body-change-identified	No instruction or modeled-reference difference identified beyond address translation. Referenced mutable-data contents are outside this classification.
0x116fd	0x116fe	SOURCE/COMMAND	?ClearWinLoseBottom@combatManager@@QAEXPAVheroWindow@@@Z	address-operands-only	no-body-change-identified	No instruction or modeled-reference difference identified beyond address translation. Referenced mutable-data contents are outside this classification.
0x1180d	0x1180e	SOURCE/COMMAND	?ShowWinLoseArtifact@combatManager@@QAEXPAVheroWindow@@H@Z	address-operands-only	no-body-change-identified	No instruction or modeled-reference difference identified beyond address translation. Referenced mutable-data contents are outside this classification.
0x11b07	0x11b08	SOURCE/COMMAND	?ShowDeadArmies@combatManager@@QAEXPAVheroWindow@@@Z	address-operands-only	no-body-change-identified	No instruction or modeled-reference difference identified beyond address translation. Referenced mutable-data contents are outside this classification.
0x122d7	0x122d8	SOURCE/COMMAND	?DoVictory@combatManager@@QAEXC@Z	address-operands-only	no-body-change-identified	No instruction or modeled-reference difference identified beyond address translation. Referenced mutable-data contents are outside this classification.
0x12a78	0x12a79	SOURCE/COMMAND	?DoLoseWindow@combatManager@@QAEXXZ	address-operands-only	no-body-change-identified	No instruction or modeled-reference difference identified beyond address translation. Referenced mutable-data contents are outside this classification.
0x12fc1	0x12fc2	SOURCE/COMMAND	?DoSurrender@combatManager@@QAEFXZ	address-operands-only	no-body-change-identified	No instruction or modeled-reference difference identified beyond address translation. Referenced mutable-data contents are outside this classification.
0x13287	0x13288	SOURCE/COMMAND	?CheckChangeSelector@combatManager@@QAEXXZ	address-operands-only	no-body-change-identified	No instruction or modeled-reference difference identified beyond address translation. Referenced mutable-data contents are outside this classification.
0x13349	0x1334a	SOURCE/COMMAND	?CheckCastleAttack@combatManager@@QAEXXZ	address-operands-only	no-body-change-identified	No instruction or modeled-reference difference identified beyond address translation. Referenced mutable-data contents are outside this classification.
0x13428	0x13429	SOURCE/COMMAND	?CheckGetAIMove@combatManager@@QAEXXZ	address-operands-only	no-body-change-identified	No instruction or modeled-reference difference identified beyond address translation. Referenced mutable-data contents are outside this classification.
0x134a1	0x134a2	SOURCE/COMMAND	?GetControl@combatManager@@QAEXXZ	address-operands-only	no-body-change-identified	No instruction or modeled-reference difference identified beyond address translation. Referenced mutable-data contents are outside this classification.
0x1360b	0x1360c	SOURCE/COMMAND	?ResetMouse@combatManager@@QAEXXZ	address-operands-only	no-body-change-identified	No instruction or modeled-reference difference identified beyond address translation. Referenced mutable-data contents are outside this classification.
0x136e6	0x136e7	SOURCE/COMMAND	?ProcessNextAction@combatManager@@QAEFAAUtag_message@@@Z	address-operands-only	no-body-change-identified	No instruction or modeled-reference difference identified beyond address translation. Referenced mutable-data contents are outside this classification.
0x13c40	0x13c40	SOURCE/netwin	?is_netbios_avail@@YAHXZ	address-operands-only	no-body-change-identified	No instruction or modeled-reference difference identified beyond address translation. Referenced mutable-data contents are outside this classification.
0x13ce8	0x13ce8	SOURCE/netwin	_nb_init	address-operands-only	no-body-change-identified	No instruction or modeled-reference difference identified beyond address translation. Referenced mutable-data contents are outside this classification.
0x13e9a	0x13e9a	SOURCE/netwin	_nb_term	address-operands-only	no-body-change-identified	No instruction or modeled-reference difference identified beyond address translation. Referenced mutable-data contents are outside this classification.
0x1408a	0x1408a	SOURCE/netwin	_nb_rcv	address-operands-only	no-body-change-identified	No instruction or modeled-reference difference identified beyond address translation. Referenced mutable-data contents are outside this classification.
0x1411a	0x1411a	SOURCE/netwin	_nb_snd	address-operands-only	no-body-change-identified	No instruction or modeled-reference difference identified beyond address translation. Referenced mutable-data contents are outside this classification.
0x1421e	0x1421e	SOURCE/netwin	_nb_sess	address-operands-only	no-body-change-identified	No instruction or modeled-reference difference identified beyond address translation. Referenced mutable-data contents are outside this classification.
0x14714	0x14714	SOURCE/netwin	_nb_stat	identical-bytes	no-body-change-identified	No instruction or modeled-reference difference identified beyond address translation. Referenced mutable-data contents are outside this classification.
0x14732	0x14732	SOURCE/netwin	?nb_thr_ctl@@YAXXZ	address-operands-only	no-body-change-identified	No instruction or modeled-reference difference identified beyond address translation. Referenced mutable-data contents are outside this classification.
0x149a1	0x149a1	SOURCE/netwin	?nb_add_name@@YAXXZ	address-operands-only	no-body-change-identified	No instruction or modeled-reference difference identified beyond address translation. Referenced mutable-data contents are outside this classification.
0x14a5c	0x14a5c	SOURCE/netwin	?nb_add_name_done@@YGXPAU_NCB@@@Z	address-operands-only	no-body-change-identified	No instruction or modeled-reference difference identified beyond address translation. Referenced mutable-data contents are outside this classification.
0x14c28	0x14c28	SOURCE/netwin	?nb_recv_any@@YAGH@Z	address-operands-only	no-body-change-identified	No instruction or modeled-reference difference identified beyond address translation. Referenced mutable-data contents are outside this classification.
0x14ce0	0x14ce0	SOURCE/netwin	?nb_recv_any_done@@YGXPAU_NCB@@@Z	address-operands-only	no-body-change-identified	No instruction or modeled-reference difference identified beyond address translation. Referenced mutable-data contents are outside this classification.
0x14e26	0x14e26	SOURCE/netwin	?nb_call@@YAGHPAX@Z	address-operands-only	no-body-change-identified	No instruction or modeled-reference difference identified beyond address translation. Referenced mutable-data contents are outside this classification.
0x14eec	0x14eec	SOURCE/netwin	?nb_listen@@YAGHPAX@Z	address-operands-only	no-body-change-identified	No instruction or modeled-reference difference identified beyond address translation. Referenced mutable-data contents are outside this classification.
0x14fb2	0x14fb2	SOURCE/netwin	?nb_call_done@@YGXPAU_NCB@@@Z	address-operands-only	no-body-change-identified	No instruction or modeled-reference difference identified beyond address translation. Referenced mutable-data contents are outside this classification.
0x150e6	0x150e6	SOURCE/netwin	?nb_arm_recv@@YAXH@Z	address-operands-only	no-body-change-identified	No instruction or modeled-reference difference identified beyond address translation. Referenced mutable-data contents are outside this classification.
0x15234	0x15234	SOURCE/netwin	?nb_close_session@@YAXH@Z	address-operands-only	no-body-change-identified	No instruction or modeled-reference difference identified beyond address translation. Referenced mutable-data contents are outside this classification.
0x152f3	0x152f3	SOURCE/netwin	?nb_recv_complete@@YAXH@Z	address-operands-only	no-body-change-identified	No instruction or modeled-reference difference identified beyond address translation. Referenced mutable-data contents are outside this classification.
0x15469	0x15469	SOURCE/netwin	?nb_format_name@@YAXPADPAE@Z	address-operands-only	no-body-change-identified	No instruction or modeled-reference difference identified beyond address translation. Referenced mutable-data contents are outside this classification.
0x154f0	0x154f0	SOURCE/SPELLS	?ViewSpells@combatManager@@QAECH@Z	address-operands-only	no-body-change-identified	No instruction or modeled-reference difference identified beyond address translation. Referenced mutable-data contents are outside this classification.
0x15637	0x15637	SOURCE/SPELLS	?CombatSpecialHandler@@YAFAAUtag_message@@@Z	address-operands-only	no-body-change-identified	No instruction or modeled-reference difference identified beyond address translation. Referenced mutable-data contents are outside this classification.
0x15797	0x15797	SOURCE/SPELLS	?HandleCastSpell@@YAFAAUtag_message@@@Z	address-operands-only	no-body-change-identified	No instruction or modeled-reference difference identified beyond address translation. Referenced mutable-data contents are outside this classification.
0x15a2c	0x15a2c	SOURCE/SPELLS	?ValidSpellTarget@combatManager@@QAECCC@Z	address-operands-only	no-body-change-identified	No instruction or modeled-reference difference identified beyond address translation. Referenced mutable-data contents are outside this classification.
0x15d1c	0x15d1c	SOURCE/SPELLS	?SpellMessage@combatManager@@QAEXCC@Z	address-operands-only	no-body-change-identified	No instruction or modeled-reference difference identified beyond address translation. Referenced mutable-data contents are outside this classification.
0x15e44	0x15e44	SOURCE/SPELLS	?CastSpell@combatManager@@QAEXCCCC@Z	address-operands-only	no-body-change-identified	No instruction or modeled-reference difference identified beyond address translation. Referenced mutable-data contents are outside this classification.
0x16bad	0x16bad	SOURCE/SPELLS	?DefaultSpell@combatManager@@QAEXC@Z	address-operands-only	no-body-change-identified	No instruction or modeled-reference difference identified beyond address translation. Referenced mutable-data contents are outside this classification.
0x16c78	0x16c78	SOURCE/SPELLS	?CastMassSpell@combatManager@@QAEXCC@Z	address-operands-only	no-body-change-identified	No instruction or modeled-reference difference identified beyond address translation. Referenced mutable-data contents are outside this classification.
0x1707f	0x1707f	SOURCE/SPELLS	?CancelSideSpells@combatManager@@QAEXCC@Z	address-operands-only	no-body-change-identified	No instruction or modeled-reference difference identified beyond address translation. Referenced mutable-data contents are outside this classification.
0x171ad	0x171ad	SOURCE/SPELLS	?Fireball@combatManager@@QAEXC@Z	address-operands-only	no-body-change-identified	No instruction or modeled-reference difference identified beyond address translation. Referenced mutable-data contents are outside this classification.
0x175df	0x175df	SOURCE/SPELLS	?MeteorShower@combatManager@@QAEXC@Z	address-operands-only	no-body-change-identified	No instruction or modeled-reference difference identified beyond address translation. Referenced mutable-data contents are outside this classification.
0x17a18	0x17a18	SOURCE/SPELLS	?ElementalStorm@combatManager@@QAEXXZ	address-operands-only	no-body-change-identified	No instruction or modeled-reference difference identified beyond address translation. Referenced mutable-data contents are outside this classification.
0x17d0b	0x17d0b	SOURCE/SPELLS	?Armageddon@combatManager@@QAEXXZ	address-operands-only	no-body-change-identified	No instruction or modeled-reference difference identified beyond address translation. Referenced mutable-data contents are outside this classification.
0x180f0	0x180f0	SOURCE/PATH	?FindPath@army@@QAEFFFCCC@Z	address-operands-only	no-body-change-identified	No instruction or modeled-reference difference identified beyond address translation. Referenced mutable-data contents are outside this classification.
0x18242	0x18242	SOURCE/PATH	?ValidPath@army@@QAEFFC@Z	address-operands-only	no-body-change-identified	No instruction or modeled-reference difference identified beyond address translation. Referenced mutable-data contents are outside this classification.
0x182e0	0x182e0	SOURCE/PATH	?GetMoveMask@army@@QAEFF@Z	identical-bytes	no-body-change-identified	No instruction or modeled-reference difference identified beyond address translation. Referenced mutable-data contents are outside this classification.
0x1835b	0x1835b	SOURCE/PATH	?GetAttackMask@army@@QAEFFCC@Z	identical-bytes	no-body-change-identified	No instruction or modeled-reference difference identified beyond address translation. Referenced mutable-data contents are outside this classification.
0x1841a	0x1841a	SOURCE/PATH	?ValidMove@army@@QAEFF@Z	identical-bytes	no-body-change-identified	No instruction or modeled-reference difference identified beyond address translation. Referenced mutable-data contents are outside this classification.
0x18447	0x18447	SOURCE/PATH	?ValidMove@army@@QAEFFF@Z	address-operands-only	no-body-change-identified	No instruction or modeled-reference difference identified beyond address translation. Referenced mutable-data contents are outside this classification.
0x18643	0x18643	SOURCE/PATH	?ValidAttack@army@@QAEFFFFFPAF@Z	address-operands-only	no-body-change-identified	No instruction or modeled-reference difference identified beyond address translation. Referenced mutable-data contents are outside this classification.
0x188d8	0x188d8	SOURCE/PATH	?GetAdjacentCellIndex@army@@QAEFFF@Z	address-operands-only	no-body-change-identified	No instruction or modeled-reference difference identified beyond address translation. Referenced mutable-data contents are outside this classification.
0x189f6	0x189f6	SOURCE/PATH	?GetAdjacentCellIndexNoArmy@@YAFFF@Z	address-operands-only	no-body-change-identified	No instruction or modeled-reference difference identified beyond address translation. Referenced mutable-data contents are outside this classification.
0x18aee	0x18aee	SOURCE/PATH	?ValidRange@army@@QAEFF@Z	address-operands-only	no-body-change-identified	No instruction or modeled-reference difference identified beyond address translation. Referenced mutable-data contents are outside this classification.
0x18fb0	0x18fb0	SOURCE/PATH	?OppositeDirection@@YAFF@Z	identical-bytes	no-body-change-identified	No instruction or modeled-reference difference identified beyond address translation. Referenced mutable-data contents are outside this classification.
0x19008	0x19008	SOURCE/PATH	?GetBestDirection@army@@QAEFFFF@Z	address-operands-only	no-body-change-identified	No instruction or modeled-reference difference identified beyond address translation. Referenced mutable-data contents are outside this classification.
0x19990	0x19990	SOURCE/PHILAI	0x19990	address-operands-only	no-body-change-identified	No instruction or modeled-reference difference identified beyond address translation. Referenced mutable-data contents are outside this classification.
0x199a5	0x199a5	SOURCE/PHILAI	?LogTruncate@@YAXXZ	address-operands-only	no-body-change-identified	No instruction or modeled-reference difference identified beyond address translation. Referenced mutable-data contents are outside this classification.
0x19a1e	0x19a1e	SOURCE/PHILAI	?LogStr@@YAXPAD@Z	address-operands-only	no-body-change-identified	No instruction or modeled-reference difference identified beyond address translation. Referenced mutable-data contents are outside this classification.
0x19ac4	0x19ac4	SOURCE/PHILAI	?LogInt@@YAXPADH@Z	address-operands-only	no-body-change-identified	No instruction or modeled-reference difference identified beyond address translation. Referenced mutable-data contents are outside this classification.
0x19b4a	0x19b4a	SOURCE/PHILAI	?LogStr@@YAXPADHH@Z	address-operands-only	no-body-change-identified	No instruction or modeled-reference difference identified beyond address translation. Referenced mutable-data contents are outside this classification.
0x19bd4	0x19bd4	SOURCE/PHILAI	?LogStr@@YAXPADHHHHH@Z	address-operands-only	no-body-change-identified	No instruction or modeled-reference difference identified beyond address translation. Referenced mutable-data contents are outside this classification.
0x19c7f	0x19c7f	SOURCE/PHILAI	?LogStr@@YAXPADHHHHHHH@Z	address-operands-only	no-body-change-identified	No instruction or modeled-reference difference identified beyond address translation. Referenced mutable-data contents are outside this classification.
0x19d32	0x19d32	SOURCE/PHILAI	?AiPrint@@YAXPAD@Z	address-operands-only	no-body-change-identified	No instruction or modeled-reference difference identified beyond address translation. Referenced mutable-data contents are outside this classification.
0x19d51	0x19d51	SOURCE/PHILAI	?AbsAiPrint@@YAXPAD@Z	address-operands-only	no-body-change-identified	No instruction or modeled-reference difference identified beyond address translation. Referenced mutable-data contents are outside this classification.
0x19d9f	0x19d9f	SOURCE/PHILAI	?ResetHeroRVs@@YAXHHH@Z	address-operands-only	no-body-change-identified	No instruction or modeled-reference difference identified beyond address translation. Referenced mutable-data contents are outside this classification.
0x19f16	0x19f16	SOURCE/PHILAI	?CheckDoMain@@YAXHH@Z	address-operands-only	no-body-change-identified	No instruction or modeled-reference difference identified beyond address translation. Referenced mutable-data contents are outside this classification.
0x1a105	0x1a105	SOURCE/PHILAI	?ShowStatus@@YAXXZ	identical-bytes	no-body-change-identified	No instruction or modeled-reference difference identified beyond address translation. Referenced mutable-data contents are outside this classification.
0x1a115	0x1a115	SOURCE/PHILAI	?ShowDebugText@philAI@@QAEXPAD@Z	address-operands-only	no-body-change-identified	No instruction or modeled-reference difference identified beyond address translation. Referenced mutable-data contents are outside this classification.
0x1a1a1	0x1a1a1	SOURCE/PHILAI	??0philAI@@QAE@XZ	address-operands-only	no-body-change-identified	No instruction or modeled-reference difference identified beyond address translation. Referenced mutable-data contents are outside this classification.
0x1a1ff	0x1a1ff	SOURCE/PHILAI	?DoAllHeroInteractions@philAI@@QAEXXZ	address-operands-only	no-body-change-identified	No instruction or modeled-reference difference identified beyond address translation. Referenced mutable-data contents are outside this classification.
0x1a2af	0x1a2af	SOURCE/PHILAI	?CheckBuyStuff@philAI@@QAEXXZ	address-operands-only	no-body-change-identified	No instruction or modeled-reference difference identified beyond address translation. Referenced mutable-data contents are outside this classification.
0x1a6f4	0x1a6f4	SOURCE/PHILAI	?GoodAdjacent@philAI@@QAEHPAVhero@@PAH@Z	address-operands-only	no-body-change-identified	No instruction or modeled-reference difference identified beyond address translation. Referenced mutable-data contents are outside this classification.
0x1a89d	0x1a89d	SOURCE/PHILAI	?CheckReload@philAI@@QAEXPAVhero@@@Z	address-operands-only	no-body-change-identified	No instruction or modeled-reference difference identified beyond address translation. Referenced mutable-data contents are outside this classification.
0x1ad10	0x1ad10	SOURCE/PHILAI	?CheckBerserk@philAI@@QAEXPAVhero@@@Z	address-operands-only	no-body-change-identified	No instruction or modeled-reference difference identified beyond address translation. Referenced mutable-data contents are outside this classification.
0x1afa4	0x1afa4	SOURCE/PHILAI	?DoDimensionDoor@philAI@@QAECPAVhero@@@Z	address-operands-only	no-body-change-identified	No instruction or modeled-reference difference identified beyond address translation. Referenced mutable-data contents are outside this classification.
0x1b144	0x1b144	SOURCE/PHILAI	?DoAI@philAI@@QAEXH@Z	changed-body	codegen	Two pairs of hero/player coordinate equality comparisons reverse load order; loop decisions are retained.
0x1ba34	0x1ba30	SOURCE/PHILAI	?GetGameAIVars@philAI@@QAEXXZ	address-operands-only	no-body-change-identified	No instruction or modeled-reference difference identified beyond address translation. Referenced mutable-data contents are outside this classification.
0x1ba7f	0x1ba7b	SOURCE/PHILAI	?GetTurnAIVars@philAI@@QAEXH@Z	address-operands-only	no-body-change-identified	No instruction or modeled-reference difference identified beyond address translation. Referenced mutable-data contents are outside this classification.
0x1c11f	0x1c11b	SOURCE/PHILAI	?GetBestBHC@philAI@@QAEXHAAUBHC@@@Z	address-operands-only	no-body-change-identified	No instruction or modeled-reference difference identified beyond address translation. Referenced mutable-data contents are outside this classification.
0x1c71f	0x1c71b	SOURCE/PHILAI	?DetermineHeroToMove@philAI@@QAEPAVhero@@H@Z	address-operands-only	no-body-change-identified	No instruction or modeled-reference difference identified beyond address translation. Referenced mutable-data contents are outside this classification.
0x1c83b	0x1c837	SOURCE/PHILAI	?DetermineTargetPosition@philAI@@QAEXPAVhero@@AAC1F@Z	address-operands-only	no-body-change-identified	No instruction or modeled-reference difference identified beyond address translation. Referenced mutable-data contents are outside this classification.
0x1d16d	0x1d169	SOURCE/PHILAI	?ProbableOutcomeOfBattle@philAI@@QAEXPAVarmyGroup@@PAVhero@@010CCHAAMAAH3333@Z	address-operands-only	no-body-change-identified	No instruction or modeled-reference difference identified beyond address translation. Referenced mutable-data contents are outside this classification.
0x1d7ba	0x1d7b6	SOURCE/PHILAI	?GetOddsOfWinning@philAI@@QAEMH@Z	identical-bytes	no-body-change-identified	No instruction or modeled-reference difference identified beyond address translation. Referenced mutable-data contents are outside this classification.
0x1d7d8	0x1d7d4	SOURCE/PHILAI	?ValueOfBuyingBuilding@philAI@@QAEXPAVtown@@HAAHAAM@Z	address-operands-only	no-body-change-identified	No instruction or modeled-reference difference identified beyond address translation. Referenced mutable-data contents are outside this classification.
0x1dd73	0x1dd6f	SOURCE/PHILAI	?GetBestBuilding@philAI@@QAEXPAVtown@@AAUBHC@@AAM@Z	address-operands-only	no-body-change-identified	No instruction or modeled-reference difference identified beyond address translation. Referenced mutable-data contents are outside this classification.
0x1def8	0x1def4	SOURCE/PHILAI	?ValueOfBuyingCreature@philAI@@QAEXPAVtown@@HAAHHAAM@Z	address-operands-only	no-body-change-identified	No instruction or modeled-reference difference identified beyond address translation. Referenced mutable-data contents are outside this classification.
0x1e1ed	0x1e1e9	SOURCE/PHILAI	?GetBestCreature@philAI@@QAEXPAVtown@@AAUBHC@@AAM@Z	address-operands-only	no-body-change-identified	No instruction or modeled-reference difference identified beyond address translation. Referenced mutable-data contents are outside this classification.
0x1e3fe	0x1e3fa	SOURCE/PHILAI	?CreaturesToBuy@philAI@@QAEHPAVtown@@H@Z	identical-bytes	no-body-change-identified	No instruction or modeled-reference difference identified beyond address translation. Referenced mutable-data contents are outside this classification.
0x1e446	0x1e442	SOURCE/PHILAI	?CreaturesToBuy@philAI@@QAEHHH@Z	identical-bytes	no-body-change-identified	No instruction or modeled-reference difference identified beyond address translation. Referenced mutable-data contents are outside this classification.
0x1e4a5	0x1e4a1	SOURCE/PHILAI	?MaxBuyableCreatures@philAI@@QAEHH@Z	address-operands-only	no-body-change-identified	No instruction or modeled-reference difference identified beyond address translation. Referenced mutable-data contents are outside this classification.
0x1e540	0x1e53c	SOURCE/PHILAI	?ValueOfBuyingHero@philAI@@QAEXPAVtown@@PAVhero@@AAHAAM@Z	address-operands-only	no-body-change-identified	No instruction or modeled-reference difference identified beyond address translation. Referenced mutable-data contents are outside this classification.
0x1e6fc	0x1e6f8	SOURCE/PHILAI	?GetBestHero@philAI@@QAEXPAVtown@@AAUBHC@@AAM@Z	address-operands-only	no-body-change-identified	No instruction or modeled-reference difference identified beyond address translation. Referenced mutable-data contents are outside this classification.
0x1e89c	0x1e898	SOURCE/PHILAI	?LikelihoodOfEnemyAttacking@philAI@@QAEXPAVtown@@PAVhero@@AAM2AAH332@Z	address-operands-only	no-body-change-identified	No instruction or modeled-reference difference identified beyond address translation. Referenced mutable-data contents are outside this classification.
0x1e901	0x1e8fd	SOURCE/PHILAI	?MeanRVOfUnexploredTerritory@philAI@@QAEHH@Z	identical-bytes	no-body-change-identified	No instruction or modeled-reference difference identified beyond address translation. Referenced mutable-data contents are outside this classification.
0x1e91b	0x1e917	SOURCE/PHILAI	?GetGameAttentionValue@philAI@@QAEXH@Z	address-operands-only	no-body-change-identified	No instruction or modeled-reference difference identified beyond address translation. Referenced mutable-data contents are outside this classification.
0x1eaee	0x1eaea	SOURCE/PHILAI	?GetTurnAttentionValue@philAI@@QAEXH@Z	address-operands-only	no-body-change-identified	No instruction or modeled-reference difference identified beyond address translation. Referenced mutable-data contents are outside this classification.
0x1ebdb	0x1ebd7	SOURCE/PHILAI	?RVConversion@philAI@@QAEHQAH@Z	changed-body	floating-order	Same seven weighted resources; accumulation order changes from gold/gems/mercury/ore/sulfur/crystal/wood to ore/gems/mercury/gold/wood/sulfur/crystal. Floating rounding may differ.
0x1ec81	0x1ec7d	SOURCE/PHILAI	?TurnsToBuy@philAI@@QAEMQAH@Z	address-operands-only	no-body-change-identified	No instruction or modeled-reference difference identified beyond address translation. Referenced mutable-data contents are outside this classification.
0x1ed4b	0x1ed47	SOURCE/PHILAI	?RVOfPosition@philAI@@QAEHPAVhero@@FFCFFCFFH@Z	address-operands-only	no-body-change-identified	No instruction or modeled-reference difference identified beyond address translation. Referenced mutable-data contents are outside this classification.
0x1f2a9	0x1f2a5	SOURCE/PHILAI	0x1f2a9	address-operands-only	no-body-change-identified	No instruction or modeled-reference difference identified beyond address translation. Referenced mutable-data contents are outside this classification.
0x1f2c3	0x1f2bf	SOURCE/PHILAI	?StrategicValueOfPosition@philAI@@QAEHPAVhero@@FFCPAH@Z	address-operands-only	no-body-change-identified	No instruction or modeled-reference difference identified beyond address translation. Referenced mutable-data contents are outside this classification.
0x1fb80	0x1fb7c	SOURCE/PHILAI	?ValueOfTown@philAI@@QAEHPAVtown@@@Z	address-operands-only	no-body-change-identified	No instruction or modeled-reference difference identified beyond address translation. Referenced mutable-data contents are outside this classification.
0x1fc31	0x1fc2d	SOURCE/PHILAI	?TurnCostResource@philAI@@QAEXH@Z	address-operands-only	no-body-change-identified	No instruction or modeled-reference difference identified beyond address translation. Referenced mutable-data contents are outside this classification.
0x1fda7	0x1fda3	SOURCE/PHILAI	?TurnValueOfObelisk@philAI@@QAEMH@Z	address-operands-only	no-body-change-identified	No instruction or modeled-reference difference identified beyond address translation. Referenced mutable-data contents are outside this classification.
0x1fedb	0x1fed7	SOURCE/PHILAI	?FutureDeflator@philAI@@QAEMQAH@Z	identical-bytes	no-body-change-identified	No instruction or modeled-reference difference identified beyond address translation. Referenced mutable-data contents are outside this classification.
0x1ff2c	0x1ff28	SOURCE/PHILAI	?FightValueOfStack@philAI@@QAEHPAVarmyGroup@@PAVhero@@HCC@Z	address-operands-only	no-body-change-identified	No instruction or modeled-reference difference identified beyond address translation. Referenced mutable-data contents are outside this classification.
0x20690	0x2068c	SOURCE/PHILAI	?EvaluateOneTimeCreaturePurchase@philAI@@QAEXPAVhero@@HHHAAH11@Z	address-operands-only	no-body-change-identified	No instruction or modeled-reference difference identified beyond address translation. Referenced mutable-data contents are outside this classification.
0x2086a	0x20866	SOURCE/PHILAI	?QuickCombat@philAI@@QAEHPAVarmyGroup@@PAVhero@@01CCAAM2@Z	address-operands-only	no-body-change-identified	No instruction or modeled-reference difference identified beyond address translation. Referenced mutable-data contents are outside this classification.
0x20c11	0x20c0d	SOURCE/PHILAI	?HeroInteractionAtTown@philAI@@QAEXPAVhero@@PAVtown@@HPAH@Z	address-operands-only	no-body-change-identified	No instruction or modeled-reference difference identified beyond address translation. Referenced mutable-data contents are outside this classification.
0x217bf	0x217bb	SOURCE/PHILAI	?ChooseGoldOrExperience@philAI@@QAEHPAVhero@@HH@Z	address-operands-only	no-body-change-identified	No instruction or modeled-reference difference identified beyond address translation. Referenced mutable-data contents are outside this classification.
0x21820	0x2181c	SOURCE/PHILAI	?ChooseEvaluateBattle@philAI@@QAEXPAVarmyGroup@@PAVhero@@01HHHAAH2@Z	address-operands-only	no-body-change-identified	No instruction or modeled-reference difference identified beyond address translation. Referenced mutable-data contents are outside this classification.
0x218e7	0x218e3	SOURCE/PHILAI	?ChooseToBuyArtifact@philAI@@QAEHPAVhero@@HH@Z	address-operands-only	no-body-change-identified	No instruction or modeled-reference difference identified beyond address translation. Referenced mutable-data contents are outside this classification.
0x21950	0x2194c	SOURCE/PHILAI	?ChooseToPayRansomOnHero@philAI@@QAEHPAVhero@@H@Z	identical-bytes	no-body-change-identified	No instruction or modeled-reference difference identified beyond address translation. Referenced mutable-data contents are outside this classification.
0x2196d	0x21969	SOURCE/PHILAI	?BuildBuilding@philAI@@QAEXPAVtown@@F@Z	address-operands-only	no-body-change-identified	No instruction or modeled-reference difference identified beyond address translation. Referenced mutable-data contents are outside this classification.
0x21b01	0x21afd	SOURCE/PHILAI	?BuildHero@philAI@@QAEXPAVtown@@F@Z	address-operands-only	no-body-change-identified	No instruction or modeled-reference difference identified beyond address translation. Referenced mutable-data contents are outside this classification.
0x21d5d	0x21d59	SOURCE/PHILAI	?BuildCreature@philAI@@QAEXPAVtown@@HH@Z	address-operands-only	no-body-change-identified	No instruction or modeled-reference difference identified beyond address translation. Referenced mutable-data contents are outside this classification.
0x21e5d	0x21e59	SOURCE/PHILAI	?CanBuyBHC@philAI@@QAEHAAUBHC@@@Z	address-operands-only	no-body-change-identified	No instruction or modeled-reference difference identified beyond address translation. Referenced mutable-data contents are outside this classification.
0x21fe5	0x21fe1	SOURCE/PHILAI	?CombatMonsterEvent@philAI@@QAECPAVhero@@CPAHPAVmapCell@@@Z	address-operands-only	no-body-change-identified	No instruction or modeled-reference difference identified beyond address translation. Referenced mutable-data contents are outside this classification.
0x2215c	0x22158	SOURCE/PHILAI	?FightEvent@philAI@@QAEXPAVhero@@PAVmapCell@@@Z	address-operands-only	no-body-change-identified	No instruction or modeled-reference difference identified beyond address translation. Referenced mutable-data contents are outside this classification.
0x223c6	0x223c2	SOURCE/PHILAI	?DamageGroup@philAI@@QAEHPAVarmyGroup@@PAVhero@@1M@Z	address-operands-only	no-body-change-identified	No instruction or modeled-reference difference identified beyond address translation. Referenced mutable-data contents are outside this classification.
0x22439	0x22435	SOURCE/PHILAI	?StatChangeValue@philAI@@QAEMHH@Z	identical-bytes	no-body-change-identified	No instruction or modeled-reference difference identified beyond address translation. Referenced mutable-data contents are outside this classification.
0x2249f	0x2249b	SOURCE/PHILAI	?IncrementHourGlass@philAI@@QAEXXZ	address-operands-only	no-body-change-identified	No instruction or modeled-reference difference identified beyond address translation. Referenced mutable-data contents are outside this classification.
0x2256a	0x22566	SOURCE/PHILAI	?TownEvent@philAI@@QAEXPAVmapCell@@PAVhero@@HH@Z	address-operands-only	no-body-change-identified	No instruction or modeled-reference difference identified beyond address translation. Referenced mutable-data contents are outside this classification.
0x2278b	0x22787	SOURCE/PHILAI	?ValueOfEventAtPosition@philAI@@QAEHPAVhero@@FFHPAH@Z	address-operands-only	floating-order	Artifact weighting changes from choice 1/3/2 to 1/2/3 (0.6/0.2/0.2); the campfire sum ends wood/crystal instead of crystal/wood. Same terms and weights, potentially different rounding.
0x24810	0x24810	SOURCE/FINDPATH	??0searchArray@@QAE@XZ	identical-bytes	no-body-change-identified	No instruction or modeled-reference difference identified beyond address translation. Referenced mutable-data contents are outside this classification.
0x24820	0x24820	SOURCE/FINDPATH	?Clear@searchArray@@QAEXXZ	identical-bytes	no-body-change-identified	No instruction or modeled-reference difference identified beyond address translation. Referenced mutable-data contents are outside this classification.
0x24850	0x24850	SOURCE/FINDPATH	?QuickDistance@searchArray@@QAEFFFFF@Z	identical-bytes	no-body-change-identified	No instruction or modeled-reference difference identified beyond address translation. Referenced mutable-data contents are outside this classification.
0x248a0	0x248a0	SOURCE/FINDPATH	?TerrainStepCost@@YAFCC@Z	identical-bytes	no-body-change-identified	No instruction or modeled-reference difference identified beyond address translation. Referenced mutable-data contents are outside this classification.
0x24900	0x24900	SOURCE/FINDPATH	?CalcTerrainCost@@YAHHHHH@Z	address-operands-only	no-body-change-identified	No instruction or modeled-reference difference identified beyond address translation. Referenced mutable-data contents are outside this classification.
0x24950	0x24950	SOURCE/FINDPATH	?FindCombatPath@searchArray@@QAEFFFPAVarmy@@C@Z	address-operands-only	no-body-change-identified	No instruction or modeled-reference difference identified beyond address translation. Referenced mutable-data contents are outside this classification.
0x24c50	0x24c50	SOURCE/FINDPATH	?PushCombatPoint@searchArray@@QAEXFFGG@Z	address-operands-only	no-body-change-identified	No instruction or modeled-reference difference identified beyond address translation. Referenced mutable-data contents are outside this classification.
0x24d90	0x24d90	SOURCE/FINDPATH	?PushPoint@searchArray@@QAEXFFGGGCCCCCCC@Z	changed-body	codegen	Queue midpoint addition reverses operands; the low/high comparison is mirrored with its branch condition.
0x25040	0x25040	SOURCE/FINDPATH	?TestPossibleDirections@searchArray@@QAEXFFQACQAEFH@Z	address-operands-only	codegen	Game-base and Y-coordinate loads exchange registers in the same address sum.
0x252c0	0x252c0	SOURCE/ADVMGR	??0advManager@@QAE@XZ	address-operands-only	no-body-change-identified	No instruction or modeled-reference difference identified beyond address translation. Referenced mutable-data contents are outside this classification.
0x2558c	0x2558c	SOURCE/ADVMGR	??1advManager@@QAE@XZ	identical-bytes	no-body-change-identified	No instruction or modeled-reference difference identified beyond address translation. Referenced mutable-data contents are outside this classification.
0x255ab	0x255ab	SOURCE/ADVMGR	?Open@advManager@@UAEFF@Z	address-operands-only	no-body-change-identified	No instruction or modeled-reference difference identified beyond address translation. Referenced mutable-data contents are outside this classification.
0x26451	0x26451	SOURCE/ADVMGR	?Close@advManager@@UAEXXZ	address-operands-only	no-body-change-identified	No instruction or modeled-reference difference identified beyond address translation. Referenced mutable-data contents are outside this classification.
0x2680e	0x2680e	SOURCE/ADVMGR	?GetCursorSampleSet@advManager@@QAEXH@Z	address-operands-only	no-body-change-identified	No instruction or modeled-reference difference identified beyond address translation. Referenced mutable-data contents are outside this classification.
0x268d5	0x268d5	SOURCE/ADVMGR	?DoAdvCommand@advManager@@QAEPAVmapCell@@XZ	address-operands-only	no-body-change-identified	No instruction or modeled-reference difference identified beyond address translation. Referenced mutable-data contents are outside this classification.
0x26eee	0x26eee	SOURCE/ADVMGR	?Main@advManager@@UAEFAAUtag_message@@@Z	address-operands-only	codegen	Host/local network-seat equality comparison reverses operands.
0x27cfe	0x27cfe	SOURCE/ADVMGR	?Reseed@advManager@@QAEXHH@Z	address-operands-only	no-body-change-identified	No instruction or modeled-reference difference identified beyond address translation. Referenced mutable-data contents are outside this classification.
0x27d20	0x27d20	SOURCE/ADVMGR	?ProcessSelect@advManager@@QAEHPAUtag_message@@PAPAVmapCell@@@Z	address-operands-only	no-body-change-identified	No instruction or modeled-reference difference identified beyond address translation. Referenced mutable-data contents are outside this classification.
0x28b59	0x28b59	SOURCE/ADVMGR	?ProcessDeSelect@advManager@@QAEHPAUtag_message@@PAHPAPAVmapCell@@@Z	address-operands-only	no-body-change-identified	No instruction or modeled-reference difference identified beyond address translation. Referenced mutable-data contents are outside this classification.
0x28d43	0x28d43	SOURCE/ADVMGR	?ProcessSearch@advManager@@QAEHHH@Z	address-operands-only	no-body-change-identified	No instruction or modeled-reference difference identified beyond address translation. Referenced mutable-data contents are outside this classification.
0x291de	0x291de	SOURCE/ADVMGR	?ProcessHover@advManager@@QAEHPAUtag_message@@@Z	changed-body	behavior	Town entrance hover accepts either the primary trigger or the adjacent cell's secondary trigger.
0x29de0	0x29e40	SOURCE/ADVMGR	?UpdateScreen@advManager@@QAEXCC@Z	address-operands-only	no-body-change-identified	No instruction or modeled-reference difference identified beyond address translation. Referenced mutable-data contents are outside this classification.
0x2a045	0x2a0a5	SOURCE/ADVMGR	?CompleteDraw@advManager@@QAEXFFH@Z	address-operands-only	no-body-change-identified	No instruction or modeled-reference difference identified beyond address translation. Referenced mutable-data contents are outside this classification.
0x2a39e	0x2a3fe	SOURCE/ADVMGR	?CompleteDraw@advManager@@QAEXH@Z	identical-bytes	no-body-change-identified	No instruction or modeled-reference difference identified beyond address translation. Referenced mutable-data contents are outside this classification.
0x2a3d8	0x2a438	SOURCE/ADVMGR	?GetCloudLookup@advManager@@QAEHHH@Z	address-operands-only	no-body-change-identified	No instruction or modeled-reference difference identified beyond address translation. Referenced mutable-data contents are outside this classification.
0x2a7e5	0x2a845	SOURCE/ADVMGR	?DrawCell@advManager@@QAEXFFFFCCC@Z	address-operands-only	no-body-change-identified	No instruction or modeled-reference difference identified beyond address translation. Referenced mutable-data contents are outside this classification.
0x2b6cd	0x2b72d	SOURCE/ADVMGR	?GetCell@advManager@@QAEPAVmapCell@@FF@Z	identical-bytes	no-body-change-identified	No instruction or modeled-reference difference identified beyond address translation. Referenced mutable-data contents are outside this classification.
0x2b74a	0x2b7aa	SOURCE/ADVMGR	?UpdateRadar@advManager@@QAEXCH@Z	address-operands-only	no-body-change-identified	No instruction or modeled-reference difference identified beyond address translation. Referenced mutable-data contents are outside this classification.
0x2bcc8	0x2bd28	SOURCE/ADVMGR	?QuickInfo@advManager@@QAEXFF@Z	address-operands-only	no-body-change-identified	No instruction or modeled-reference difference identified beyond address translation. Referenced mutable-data contents are outside this classification.
0x2c25e	0x2c2be	SOURCE/ADVMGR	?UpdateHeroLocator@advManager@@QAEXHCC@Z	address-operands-only	no-body-change-identified	No instruction or modeled-reference difference identified beyond address translation. Referenced mutable-data contents are outside this classification.
0x2c626	0x2c686	SOURCE/ADVMGR	?UpdateHeroLocators@advManager@@QAEXCC@Z	address-operands-only	no-body-change-identified	No instruction or modeled-reference difference identified beyond address translation. Referenced mutable-data contents are outside this classification.
0x2c72e	0x2c78e	SOURCE/ADVMGR	?UpdateTownLocators@advManager@@QAEXCC@Z	address-operands-only	no-body-change-identified	No instruction or modeled-reference difference identified beyond address translation. Referenced mutable-data contents are outside this classification.
0x2c9ad	0x2ca0d	SOURCE/ADVMGR	?UpdBottomView@advManager@@QAEXCCC@Z	address-operands-only	no-body-change-identified	No instruction or modeled-reference difference identified beyond address translation. Referenced mutable-data contents are outside this classification.
0x2cb4c	0x2cbac	SOURCE/ADVMGR	?ClearBottomView@advManager@@QAEXXZ	address-operands-only	no-body-change-identified	No instruction or modeled-reference difference identified beyond address translation. Referenced mutable-data contents are outside this classification.
0x2cc7e	0x2ccde	SOURCE/ADVMGR	?UpdBottomViewEnemyTurn@advManager@@QAECXZ	changed-body	codegen	Current/previous hourglass phase comparisons reverse operands with mirrored conditions.
0x2d23d	0x2d29d	SOURCE/ADVMGR	?UpdBottomViewNewTurn@advManager@@QAECXZ	address-operands-only	no-body-change-identified	No instruction or modeled-reference difference identified beyond address translation. Referenced mutable-data contents are outside this classification.
0x2d61d	0x2d67d	SOURCE/ADVMGR	?UpdBottomViewResMsg@advManager@@QAECXZ	address-operands-only	no-body-change-identified	No instruction or modeled-reference difference identified beyond address translation. Referenced mutable-data contents are outside this classification.
0x2da17	0x2da77	SOURCE/ADVMGR	?UpdBottomViewKingdom@advManager@@QAECXZ	address-operands-only	no-body-change-identified	No instruction or modeled-reference difference identified beyond address translation. Referenced mutable-data contents are outside this classification.
0x2dde5	0x2de45	SOURCE/ADVMGR	?UpdBottomViewHero@advManager@@QAECXZ	address-operands-only	no-body-change-identified	No instruction or modeled-reference difference identified beyond address translation. Referenced mutable-data contents are outside this classification.
0x2e411	0x2e471	SOURCE/ADVMGR	?HeroQuickView@advManager@@QAEXCCFF@Z	address-operands-only	no-body-change-identified	No instruction or modeled-reference difference identified beyond address translation. Referenced mutable-data contents are outside this classification.
0x2f157	0x2f1b7	SOURCE/ADVMGR	?GetArmySizeName@advManager@@QAEPADFC@Z	address-operands-only	no-body-change-identified	No instruction or modeled-reference difference identified beyond address translation. Referenced mutable-data contents are outside this classification.
0x2f239	0x2f299	SOURCE/ADVMGR	?TownQuickView@advManager@@QAEXCCFF@Z	address-operands-only	no-body-change-identified	No instruction or modeled-reference difference identified beyond address translation. Referenced mutable-data contents are outside this classification.
0x2fe8a	0x2feea	SOURCE/ADVMGR	?RedrawAdvScreen@advManager@@QAEXH@Z	address-operands-only	no-body-change-identified	No instruction or modeled-reference difference identified beyond address translation. Referenced mutable-data contents are outside this classification.
0x2ff72	0x2ffd2	SOURCE/ADVMGR	?DeactivateCurrTown@advManager@@QAEXXZ	address-operands-only	no-body-change-identified	No instruction or modeled-reference difference identified beyond address translation. Referenced mutable-data contents are outside this classification.
0x2ff91	0x2fff1	SOURCE/ADVMGR	?DeactivateCurrHero@advManager@@QAEXXZ	address-operands-only	no-body-change-identified	No instruction or modeled-reference difference identified beyond address translation. Referenced mutable-data contents are outside this classification.
0x2ffb8	0x30018	SOURCE/ADVMGR	?MobilizeCurrHero@advManager@@QAEXH@Z	address-operands-only	no-body-change-identified	No instruction or modeled-reference difference identified beyond address translation. Referenced mutable-data contents are outside this classification.
0x30011	0x30071	SOURCE/ADVMGR	?DemobilizeCurrHero@advManager@@QAEXXZ	address-operands-only	no-body-change-identified	No instruction or modeled-reference difference identified beyond address translation. Referenced mutable-data contents are outside this classification.
0x301aa	0x3020a	SOURCE/ADVMGR	?SetTownContext@advManager@@QAEXC@Z	address-operands-only	no-body-change-identified	No instruction or modeled-reference difference identified beyond address translation. Referenced mutable-data contents are outside this classification.
0x303ff	0x3045f	SOURCE/ADVMGR	?SetHeroContext@advManager@@QAEXCC@Z	address-operands-only	no-body-change-identified	No instruction or modeled-reference difference identified beyond address translation. Referenced mutable-data contents are outside this classification.
0x307e5	0x30845	SOURCE/ADVMGR	?DoHeroKnob@advManager@@QAEXXZ	address-operands-only	no-body-change-identified	No instruction or modeled-reference difference identified beyond address translation. Referenced mutable-data contents are outside this classification.
0x30a75	0x30ad5	SOURCE/ADVMGR	?DoTownKnob@advManager@@QAEXXZ	address-operands-only	no-body-change-identified	No instruction or modeled-reference difference identified beyond address translation. Referenced mutable-data contents are outside this classification.
0x30d05	0x30d65	SOURCE/ADVMGR	?ViewPuzzle@advManager@@QAEXXZ	changed-body	codegen	The same coordinate-weighted expression evaluates its 2x and 5x terms in opposite order.
0x310df	0x3113f	SOURCE/ADVMGR	?PuzzleDraw@advManager@@QAEXHHHH@Z	address-operands-only	no-body-change-identified	No instruction or modeled-reference difference identified beyond address translation. Referenced mutable-data contents are outside this classification.
0x31315	0x31375	SOURCE/ADVMGR	?CastSpell@advManager@@QAEXC@Z	address-operands-only	no-body-change-identified	No instruction or modeled-reference difference identified beyond address translation. Referenced mutable-data contents are outside this classification.
0x31507	0x31567	SOURCE/ADVMGR	?ViewWorld@advManager@@QAEXCCC@Z	address-operands-only	no-body-change-identified	No instruction or modeled-reference difference identified beyond address translation. Referenced mutable-data contents are outside this classification.
0x3262e	0x3268e	SOURCE/ADVMGR	?GrabScreen@advManager@@QAEXXZ	address-operands-only	no-body-change-identified	No instruction or modeled-reference difference identified beyond address translation. Referenced mutable-data contents are outside this classification.
0x3266f	0x326cf	SOURCE/ADVMGR	?ControlPanel@advManager@@QAEFXZ	address-operands-only	no-body-change-identified	No instruction or modeled-reference difference identified beyond address translation. Referenced mutable-data contents are outside this classification.
0x32990	0x329f0	SOURCE/ADVMGR	?UpdateCPanel@@YAXC@Z	address-operands-only	no-body-change-identified	No instruction or modeled-reference difference identified beyond address translation. Referenced mutable-data contents are outside this classification.
0x32bb7	0x32c17	SOURCE/ADVMGR	?SaveGame@@YACXZ	address-operands-only	no-body-change-identified	No instruction or modeled-reference difference identified beyond address translation. Referenced mutable-data contents are outside this classification.
0x32de9	0x32e49	SOURCE/ADVMGR	?CPanelHandler@@YAFAAUtag_message@@@Z	address-operands-only	no-body-change-identified	No instruction or modeled-reference difference identified beyond address translation. Referenced mutable-data contents are outside this classification.
0x33334	0x33394	SOURCE/ADVMGR	?CheckCastSpell@advManager@@QAEXXZ	address-operands-only	no-body-change-identified	No instruction or modeled-reference difference identified beyond address translation. Referenced mutable-data contents are outside this classification.
0x333df	0x3343f	SOURCE/ADVMGR	?AdvPanel@advManager@@QAEXXZ	address-operands-only	no-body-change-identified	No instruction or modeled-reference difference identified beyond address translation. Referenced mutable-data contents are outside this classification.
0x335f2	0x33652	SOURCE/ADVMGR	?APanelHandler@@YAFAAUtag_message@@@Z	address-operands-only	no-body-change-identified	No instruction or modeled-reference difference identified beyond address translation. Referenced mutable-data contents are outside this classification.
0x337c5	0x33825	SOURCE/ADVMGR	?DimensionDoorHandler@@YAFAAUtag_message@@@Z	address-operands-only	no-body-change-identified	No instruction or modeled-reference difference identified beyond address translation. Referenced mutable-data contents are outside this classification.
0x33b10	0x33b70	SOURCE/ADVMGR	?ComboDraw@advManager@@QAECFFC@Z	changed-body	codegen	Update-rectangle bounds comparisons reverse operands and branch conditions.
0x34606	0x34665	SOURCE/ADVMGR	?ComboDraw@advManager@@QAECH@Z	address-operands-only	no-body-change-identified	No instruction or modeled-reference difference identified beyond address translation. Referenced mutable-data contents are outside this classification.
0x34640	0x3469f	SOURCE/ADVMGR	?SetEnvironmentOrigin@advManager@@QAEXFFF@Z	address-operands-only	no-body-change-identified	No instruction or modeled-reference difference identified beyond address translation. Referenced mutable-data contents are outside this classification.
0x3491d	0x3497c	SOURCE/ADVMGR	?CheckLoadSample@advManager@@QAEXH@Z	address-operands-only	no-body-change-identified	No instruction or modeled-reference difference identified beyond address translation. Referenced mutable-data contents are outside this classification.
0x34986	0x349e5	SOURCE/ADVMGR	?InsertSound@advManager@@QAEXFFFC@Z	address-operands-only	no-body-change-identified	No instruction or modeled-reference difference identified beyond address translation. Referenced mutable-data contents are outside this classification.
0x34bd7	0x34c36	SOURCE/ADVMGR	?TeleportTo@advManager@@QAEXHHH@Z	address-operands-only	no-body-change-identified	No instruction or modeled-reference difference identified beyond address translation. Referenced mutable-data contents are outside this classification.
0x34f17	0x34f76	SOURCE/ADVMGR	?DimensionDoor@advManager@@QAEXXZ	address-operands-only	no-body-change-identified	No instruction or modeled-reference difference identified beyond address translation. Referenced mutable-data contents are outside this classification.
0x3515d	0x351bc	SOURCE/ADVMGR	?TownGate@advManager@@QAEXXZ	address-operands-only	no-body-change-identified	No instruction or modeled-reference difference identified beyond address translation. Referenced mutable-data contents are outside this classification.
0x35403	0x35462	SOURCE/ADVMGR	?SummonBoat@advManager@@QAEXXZ	address-operands-only	no-body-change-identified	No instruction or modeled-reference difference identified beyond address translation. Referenced mutable-data contents are outside this classification.
0x3591f	0x3597e	SOURCE/ADVMGR	?ShowRoute@advManager@@QAEXHHH@Z	address-operands-only	no-body-change-identified	No instruction or modeled-reference difference identified beyond address translation. Referenced mutable-data contents are outside this classification.
0x35c3a	0x35c99	SOURCE/ADVMGR	?HideRoute@advManager@@QAEXHHH@Z	address-operands-only	no-body-change-identified	No instruction or modeled-reference difference identified beyond address translation. Referenced mutable-data contents are outside this classification.
0x35d40	0x35d9f	SOURCE/ADVMGR	?CheckDimHero@advManager@@QAEXXZ	address-operands-only	no-body-change-identified	No instruction or modeled-reference difference identified beyond address translation. Referenced mutable-data contents are outside this classification.
0x35dd1	0x35e30	SOURCE/ADVMGR	?CheckDimNextHeroBut@advManager@@QAEXXZ	address-operands-only	no-body-change-identified	No instruction or modeled-reference difference identified beyond address translation. Referenced mutable-data contents are outside this classification.
0x35e3f	0x35e9e	SOURCE/ADVMGR	?SeedTo@advManager@@QAEXHH@Z	address-operands-only	no-body-change-identified	No instruction or modeled-reference difference identified beyond address translation. Referenced mutable-data contents are outside this classification.
0x35f91	0x35ff0	SOURCE/ADVMGR	?ForceNewHover@advManager@@QAEXXZ	address-operands-only	no-body-change-identified	No instruction or modeled-reference difference identified beyond address translation. Referenced mutable-data contents are outside this classification.
0x35fe0	0x3603f	SOURCE/ADVMGR	?ScreenScroll@advManager@@QAEXCH@Z	address-operands-only	no-body-change-identified	No instruction or modeled-reference difference identified beyond address translation. Referenced mutable-data contents are outside this classification.
0x36196	0x361f5	SOURCE/ADVMGR	?CheckScreenScroll@advManager@@QAEXXZ	address-operands-only	no-body-change-identified	No instruction or modeled-reference difference identified beyond address translation. Referenced mutable-data contents are outside this classification.
0x36377	0x363d6	SOURCE/ADVMGR	?MouseInScrollZone@advManager@@QAEHXZ	address-operands-only	no-body-change-identified	No instruction or modeled-reference difference identified beyond address translation. Referenced mutable-data contents are outside this classification.
0x3641a	0x36479	SOURCE/ADVMGR	?SetInitialMapOrigin@advManager@@QAEXXZ	address-operands-only	no-body-change-identified	No instruction or modeled-reference difference identified beyond address translation. Referenced mutable-data contents are outside this classification.
0x3669d	0x366fc	SOURCE/ADVMGR	?LoadRemote@advManager@@QAEXXZ	changed-body	behavior	Calls ForceNewHover after loading a remote turn.
0x367ef	0x36859	SOURCE/ADVMGR	?CheckHandleNet@advManager@@QAEPAURemoteMessage@@XZ	address-operands-only	no-body-change-identified	No instruction or modeled-reference difference identified beyond address translation. Referenced mutable-data contents are outside this classification.
0x36967	0x369d1	SOURCE/ADVMGR	?CheckHandleNetPlayerWait@advManager@@QAEFAAUtag_message@@C@Z	changed-body	behavior	Chat key changes from F1 to F2 while waiting for a network player.
0x36a3b	0x36aa5	SOURCE/ADVMGR	?TrimLoopingSounds@advManager@@QAEXH@Z	address-operands-only	no-body-change-identified	No instruction or modeled-reference difference identified beyond address translation. Referenced mutable-data contents are outside this classification.
0x36bfd	0x36c67	SOURCE/ADVMGR	?DisableButtons@advManager@@QAEXXZ	address-operands-only	no-body-change-identified	No instruction or modeled-reference difference identified beyond address translation. Referenced mutable-data contents are outside this classification.
0x36ccd	0x36d37	SOURCE/ADVMGR	?EnableButtons@advManager@@QAEXXZ	address-operands-only	no-body-change-identified	No instruction or modeled-reference difference identified beyond address translation. Referenced mutable-data contents are outside this classification.
0x36d9d	0x36e07	SOURCE/ADVMGR	?SaveAdventureBorder@advManager@@QAEXXZ	address-operands-only	no-body-change-identified	No instruction or modeled-reference difference identified beyond address translation. Referenced mutable-data contents are outside this classification.
0x36ed5	0x36f3f	SOURCE/ADVMGR	?DrawAdventureBorder@advManager@@QAEXXZ	address-operands-only	no-body-change-identified	No instruction or modeled-reference difference identified beyond address translation. Referenced mutable-data contents are outside this classification.
0x37010	0x37080	SOURCE/SPELLAI	?DoSpellAI@combatManager@@QAEHC@Z	address-operands-only	no-body-change-identified	No instruction or modeled-reference difference identified beyond address translation. Referenced mutable-data contents are outside this classification.
0x371cd	0x3723d	SOURCE/SPELLAI	?DetermineEffectOfSpell@combatManager@@QAEXHPAH0@Z	address-operands-only	no-body-change-identified	No instruction or modeled-reference difference identified beyond address translation. Referenced mutable-data contents are outside this classification.
0x37681	0x376f1	SOURCE/SPELLAI	?RawEffectSpellInfluence@combatManager@@QAEHPAVarmy@@H@Z	address-operands-only	no-body-change-identified	No instruction or modeled-reference difference identified beyond address translation. Referenced mutable-data contents are outside this classification.
0x37977	0x379e7	SOURCE/SPELLAI	?ClearEffects@combatManager@@QAEXXZ	address-operands-only	no-body-change-identified	No instruction or modeled-reference difference identified beyond address translation. Referenced mutable-data contents are outside this classification.
0x379da	0x37a4a	SOURCE/SPELLAI	?NextPos@combatManager@@QAEXPAH@Z	identical-bytes	no-body-change-identified	No instruction or modeled-reference difference identified beyond address translation. Referenced mutable-data contents are outside this classification.
0x37a1a	0x37a8a	SOURCE/SPELLAI	?FirstArmy@combatManager@@QAEHHHPAH@Z	identical-bytes	no-body-change-identified	No instruction or modeled-reference difference identified beyond address translation. Referenced mutable-data contents are outside this classification.
0x37aa1	0x37b11	SOURCE/SPELLAI	?EffectSpellCure@combatManager@@QAEXPAHHC@Z	address-operands-only	no-body-change-identified	No instruction or modeled-reference difference identified beyond address translation. Referenced mutable-data contents are outside this classification.
0x37d14	0x37d84	SOURCE/SPELLAI	?EffectSpellResurrect@combatManager@@QAEXPAHH@Z	identical-bytes	no-body-change-identified	No instruction or modeled-reference difference identified beyond address translation. Referenced mutable-data contents are outside this classification.
0x37e0d	0x37e7d	SOURCE/SPELLAI	?EffectSpellDamage@combatManager@@QAEXPAHHHH@Z	address-operands-only	no-body-change-identified	No instruction or modeled-reference difference identified beyond address translation. Referenced mutable-data contents are outside this classification.
0x38310	0x38380	SOURCE/VIEW	?ViewGeneral@combatManager@@QAECHHH@Z	address-operands-only	no-body-change-identified	No instruction or modeled-reference difference identified beyond address translation. Referenced mutable-data contents are outside this classification.
0x3887d	0x388ed	SOURCE/VIEW	?HandleViewGeneral@@YAFAAUtag_message@@@Z	address-operands-only	no-body-change-identified	No instruction or modeled-reference difference identified beyond address translation. Referenced mutable-data contents are outside this classification.
0x38a9f	0x38b0f	SOURCE/VIEW	?ViewArmy@combatManager@@QAEXPAVarmy@@HH@Z	address-operands-only	no-body-change-identified	No instruction or modeled-reference difference identified beyond address translation. Referenced mutable-data contents are outside this classification.
0x38c00	0x38c70	SOURCE/GAME	?Write@playerData@@QAEXH@Z	address-operands-only	no-body-change-identified	No instruction or modeled-reference difference identified beyond address translation. Referenced mutable-data contents are outside this classification.
0x38df8	0x38e68	SOURCE/GAME	?Read@playerData@@QAEXH@Z	address-operands-only	no-body-change-identified	No instruction or modeled-reference difference identified beyond address translation. Referenced mutable-data contents are outside this classification.
0x38fe0	0x39050	SOURCE/GAME	?NextHero@playerData@@QAECH@Z	address-operands-only	no-body-change-identified	No instruction or modeled-reference difference identified beyond address translation. Referenced mutable-data contents are outside this classification.
0x3910c	0x3917c	SOURCE/GAME	?HasMobileHero@playerData@@QAECXZ	address-operands-only	no-body-change-identified	No instruction or modeled-reference difference identified beyond address translation. Referenced mutable-data contents are outside this classification.
0x39174	0x391e4	SOURCE/GAME	?CountVisitedObelisks@playerData@@QAECXZ	address-operands-only	no-body-change-identified	No instruction or modeled-reference difference identified beyond address translation. Referenced mutable-data contents are outside this classification.
0x391d3	0x39243	SOURCE/GAME	?BuildingsOwned@playerData@@QAEHHHH@Z	address-operands-only	no-body-change-identified	No instruction or modeled-reference difference identified beyond address translation. Referenced mutable-data contents are outside this classification.
0x392a4	0x39314	SOURCE/GAME	?NumOfGivenArtifact@playerData@@QAEHH@Z	address-operands-only	no-body-change-identified	No instruction or modeled-reference difference identified beyond address translation. Referenced mutable-data contents are outside this classification.
0x3933d	0x393ad	SOURCE/GAME	?ComputeUALoc@@YAXH@Z	address-operands-only	no-body-change-identified	No instruction or modeled-reference difference identified beyond address translation. Referenced mutable-data contents are outside this classification.
0x396c3	0x39733	SOURCE/GAME	?VisitObelisk@game@@QAEXC@Z	address-operands-only	no-body-change-identified	No instruction or modeled-reference difference identified beyond address translation. Referenced mutable-data contents are outside this classification.
0x39873	0x398e3	SOURCE/GAME	?IsMobile@game@@QAECC@Z	address-operands-only	no-body-change-identified	No instruction or modeled-reference difference identified beyond address translation. Referenced mutable-data contents are outside this classification.
0x39926	0x39996	SOURCE/GAME	?GetWorldMapData@game@@QAEPAY0EI@VmapCell@@XZ	identical-bytes	no-body-change-identified	No instruction or modeled-reference difference identified beyond address translation. Referenced mutable-data contents are outside this classification.
0x39944	0x399b4	SOURCE/GAME	?CreateBoat@game@@QAECCC@Z	address-operands-only	no-body-change-identified	No instruction or modeled-reference difference identified beyond address translation. Referenced mutable-data contents are outside this classification.
0x39a1d	0x39a8d	SOURCE/GAME	?Scan@game@@QAECPACCC@Z	identical-bytes	no-body-change-identified	No instruction or modeled-reference difference identified beyond address translation. Referenced mutable-data contents are outside this classification.
0x39a7c	0x39aec	SOURCE/GAME	?RandomScan@game@@QAECPACCCH@Z	address-operands-only	no-body-change-identified	No instruction or modeled-reference difference identified beyond address translation. Referenced mutable-data contents are outside this classification.
0x39af0	0x39b60	SOURCE/GAME	?GetNewHeroId@game@@QAECC@Z	identical-bytes	no-body-change-identified	No instruction or modeled-reference difference identified beyond address translation. Referenced mutable-data contents are outside this classification.
0x39bfe	0x39c6e	SOURCE/GAME	?GetTownId@game@@QAECCC@Z	identical-bytes	no-body-change-identified	No instruction or modeled-reference difference identified beyond address translation. Referenced mutable-data contents are outside this classification.
0x39c8d	0x39cfd	SOURCE/GAME	?GetMineId@game@@QAECCC@Z	identical-bytes	no-body-change-identified	No instruction or modeled-reference difference identified beyond address translation. Referenced mutable-data contents are outside this classification.
0x39d14	0x39d84	SOURCE/GAME	?GenerateStandardFileName@@YAXPAD0@Z	address-operands-only	no-body-change-identified	No instruction or modeled-reference difference identified beyond address translation. Referenced mutable-data contents are outside this classification.
0x39e3d	0x39ead	SOURCE/GAME	?SaveGame@game@@QAEFPADC@Z	address-operands-only	no-body-change-identified	No instruction or modeled-reference difference identified beyond address translation. Referenced mutable-data contents are outside this classification.
0x3a5ef	0x3a65f	SOURCE/GAME	?LoadGame@game@@QAEFPADHH@Z	changed-body	codegen	Local-seat equality comparison reverses operand loads.
0x3afa1	0x3b012	SOURCE/GAME	?NewGameHandler@@YAFAAUtag_message@@@Z	address-operands-only	no-body-change-identified	No instruction or modeled-reference difference identified beyond address translation. Referenced mutable-data contents are outside this classification.
0x3b522	0x3b593	SOURCE/GAME	?UpdateNewGameWindow@game@@QAEXXZ	address-operands-only	no-body-change-identified	No instruction or modeled-reference difference identified beyond address translation. Referenced mutable-data contents are outside this classification.
0x3b7e5	0x3b856	SOURCE/GAME	?GiveTroopsToNeutralTowns@game@@QAEXXZ	address-operands-only	no-body-change-identified	No instruction or modeled-reference difference identified beyond address translation. Referenced mutable-data contents are outside this classification.
0x3baa8	0x3bb19	SOURCE/GAME	?NewGame@game@@QAECXZ	changed-body	behavior	When restoring saved setup settings, unset later human handicaps inherit the first human's handicap. The saved-settings guard must include the new loop.
0x3be93	0x3bf67	SOURCE/GAME	?ShowCampaignInfo@game@@QAEXHHH@Z	address-operands-only	no-body-change-identified	No instruction or modeled-reference difference identified beyond address translation. Referenced mutable-data contents are outside this classification.
0x3c140	0x3c214	SOURCE/GAME	?InitEntireCampaign@game@@QAEXH@Z	address-operands-only	no-body-change-identified	No instruction or modeled-reference difference identified beyond address translation. Referenced mutable-data contents are outside this classification.
0x3c1bf	0x3c293	SOURCE/GAME	?InitCampaignMap@game@@QAEXHH@Z	address-operands-only	no-body-change-identified	No instruction or modeled-reference difference identified beyond address translation. Referenced mutable-data contents are outside this classification.
0x3c44b	0x3c51f	SOURCE/GAME	?NewMap@game@@QAEXPAD@Z	changed-body	rng-order	Ultimate-artifact spread rolls execute 30/20/20 instead of 20/20/30 at both sites. Same ranges and sum distribution; fixed-RNG-state behavior can differ.
0x3d454	0x3d528	SOURCE/GAME	?GetObjectFamily@@YAHH@Z	address-operands-only	no-body-change-identified	No instruction or modeled-reference difference identified beyond address translation. Referenced mutable-data contents are outside this classification.
0x3d4c3	0x3d597	SOURCE/GAME	?SettleOverlay@game@@QAEXHH@Z	address-operands-only	no-body-change-identified	No instruction or modeled-reference difference identified beyond address translation. Referenced mutable-data contents are outside this classification.
0x3d6a7	0x3d77b	SOURCE/GAME	?RandomizeEvents@game@@QAEXXZ	address-operands-only	no-body-change-identified	No instruction or modeled-reference difference identified beyond address translation. Referenced mutable-data contents are outside this classification.
0x3e30a	0x3e3de	SOURCE/GAME	?LoadMap@game@@QAEFPAD@Z	address-operands-only	no-body-change-identified	No instruction or modeled-reference difference identified beyond address translation. Referenced mutable-data contents are outside this classification.
0x3e744	0x3e818	SOURCE/GAME	?ClaimTown@game@@QAEXCC@Z	address-operands-only	no-body-change-identified	No instruction or modeled-reference difference identified beyond address translation. Referenced mutable-data contents are outside this classification.
0x3ea65	0x3eb39	SOURCE/GAME	?ClaimMine@game@@QAEXCC@Z	address-operands-only	no-body-change-identified	No instruction or modeled-reference difference identified beyond address translation. Referenced mutable-data contents are outside this classification.
0x3ed2e	0x3ee02	SOURCE/GAME	?ViewSpells@game@@QAECPAVhero@@CP6AFAAUtag_message@@@ZC@Z	address-operands-only	no-body-change-identified	No instruction or modeled-reference difference identified beyond address translation. Referenced mutable-data contents are outside this classification.
0x3efc5	0x3f099	SOURCE/GAME	?SetupSpellRange@game@@QAEXF@Z	identical-bytes	no-body-change-identified	No instruction or modeled-reference difference identified beyond address translation. Referenced mutable-data contents are outside this classification.
0x3f080	0x3f154	SOURCE/GAME	?UpdateSpellWidgets@game@@QAEXXZ	address-operands-only	no-body-change-identified	No instruction or modeled-reference difference identified beyond address translation. Referenced mutable-data contents are outside this classification.
0x3f260	0x3f334	SOURCE/GAME	?ViewSpellsHandler@@YAFAAUtag_message@@@Z	address-operands-only	no-body-change-identified	No instruction or modeled-reference difference identified beyond address translation. Referenced mutable-data contents are outside this classification.
0x3f758	0x3f82c	SOURCE/GAME	?ViewSpecialHandler@@YAFAAUtag_message@@@Z	address-operands-only	no-body-change-identified	No instruction or modeled-reference difference identified beyond address translation. Referenced mutable-data contents are outside this classification.
0x3f8cd	0x3f9a1	SOURCE/GAME	?ViewArmy@game@@QAEXFFCFPAVtown@@CCCPAVhero@@PAVarmy@@PAVarmyGroup@@@Z	address-operands-only	no-body-change-identified	No instruction or modeled-reference difference identified beyond address translation. Referenced mutable-data contents are outside this classification.
0x401ae	0x40282	SOURCE/GAME	?ViewArmyHandler@@YAFAAUtag_message@@@Z	address-operands-only	no-body-change-identified	No instruction or modeled-reference difference identified beyond address translation. Referenced mutable-data contents are outside this classification.
0x40366	0x4043a	SOURCE/GAME	?Overview@game@@QAEXXZ	address-operands-only	no-body-change-identified	No instruction or modeled-reference difference identified beyond address translation. Referenced mutable-data contents are outside this classification.
0x40f58	0x4102c	SOURCE/GAME	?GetRandomNumTroops@game@@QAECC@Z	address-operands-only	no-body-change-identified	No instruction or modeled-reference difference identified beyond address translation. Referenced mutable-data contents are outside this classification.
0x411e3	0x412b7	SOURCE/GAME	?TurnOnAIMusic@game@@QAEXXZ	address-operands-only	no-body-change-identified	No instruction or modeled-reference difference identified beyond address translation. Referenced mutable-data contents are outside this classification.
0x41220	0x412f4	SOURCE/GAME	?TurnOffAIMusic@game@@QAEXXZ	address-operands-only	no-body-change-identified	No instruction or modeled-reference difference identified beyond address translation. Referenced mutable-data contents are outside this classification.
0x41245	0x41319	SOURCE/GAME	?NextPlayer@game@@QAEXXZ	changed-body	behavior	Clears Identify Hero on player change; refreshes hover for a local human turn.
0x41726	0x41827	SOURCE/GAME	?ComputeDailyGold@game@@QAEHH@Z	address-operands-only	no-body-change-identified	No instruction or modeled-reference difference identified beyond address translation. Referenced mutable-data contents are outside this classification.
0x419a6	0x41aa7	SOURCE/GAME	?PerDay@game@@QAEXXZ	changed-body	behavior	Removes the daily Identify Hero clear, now performed by NextPlayer.
0x41e09	0x41efe	SOURCE/GAME	?PerWeek@game@@QAEXXZ	address-operands-only	no-body-change-identified	No instruction or modeled-reference difference identified beyond address translation. Referenced mutable-data contents are outside this classification.
0x42654	0x42749	SOURCE/GAME	?PerMonth@game@@QAEXXZ	address-operands-only	no-body-change-identified	No instruction or modeled-reference difference identified beyond address translation. Referenced mutable-data contents are outside this classification.
0x42935	0x42a2a	SOURCE/GAME	?RandomizeTown@game@@QAEXCCC@Z	address-operands-only	no-body-change-identified	No instruction or modeled-reference difference identified beyond address translation. Referenced mutable-data contents are outside this classification.
0x42fb4	0x430a9	SOURCE/GAME	?SetupTown@game@@QAEXCC@Z	address-operands-only	no-body-change-identified	No instruction or modeled-reference difference identified beyond address translation. Referenced mutable-data contents are outside this classification.
0x43368	0x4345d	SOURCE/GAME	?RandomizeMine@game@@QAEXCC@Z	address-operands-only	no-body-change-identified	No instruction or modeled-reference difference identified beyond address translation. Referenced mutable-data contents are outside this classification.
0x439c1	0x43ab6	SOURCE/GAME	?GetRandomArtifactId@game@@QAECXZ	address-operands-only	no-body-change-identified	No instruction or modeled-reference difference identified beyond address translation. Referenced mutable-data contents are outside this classification.
0x43a3a	0x43b2f	SOURCE/GAME	?RandomizeHeroPool@game@@QAEXXZ	address-operands-only	no-body-change-identified	No instruction or modeled-reference difference identified beyond address translation. Referenced mutable-data contents are outside this classification.
0x43b3c	0x43c31	SOURCE/GAME	?SetRandomHeroArmies@game@@QAEXFH@Z	address-operands-only	no-body-change-identified	No instruction or modeled-reference difference identified beyond address translation. Referenced mutable-data contents are outside this classification.
0x43e1c	0x43f11	SOURCE/GAME	?ProcessRandomObjects@game@@QAEXH@Z	address-operands-only	no-body-change-identified	No instruction or modeled-reference difference identified beyond address translation. Referenced mutable-data contents are outside this classification.
0x440e9	0x441de	SOURCE/GAME	?SetVisibility@game@@QAEXFFFF@Z	address-operands-only	no-body-change-identified	No instruction or modeled-reference difference identified beyond address translation. Referenced mutable-data contents are outside this classification.
0x44342	0x44437	SOURCE/GAME	?GiveArmy@game@@QAEXPAVarmyGroup@@HHH@Z	identical-bytes	no-body-change-identified	No instruction or modeled-reference difference identified beyond address translation. Referenced mutable-data contents are outside this classification.
0x4443e	0x44533	SOURCE/GAME	?ExperienceValueOfStack@game@@QAEHPAVarmyGroup@@PAVhero@@@Z	identical-bytes	no-body-change-identified	No instruction or modeled-reference difference identified beyond address translation. Referenced mutable-data contents are outside this classification.
0x444ca	0x445bf	SOURCE/GAME	?SGenRand@@YAHXZ	identical-bytes	no-body-change-identified	No instruction or modeled-reference difference identified beyond address translation. Referenced mutable-data contents are outside this classification.
0x4455c	0x44651	SOURCE/GAME	?SRandom@@YAHHH@Z	identical-bytes	no-body-change-identified	No instruction or modeled-reference difference identified beyond address translation. Referenced mutable-data contents are outside this classification.
0x445ae	0x446a3	SOURCE/GAME	?SIncRandomize@@YAXHH@Z	identical-bytes	no-body-change-identified	No instruction or modeled-reference difference identified beyond address translation. Referenced mutable-data contents are outside this classification.
0x44637	0x4472c	SOURCE/GAME	?SRand@@YAXH@Z	address-operands-only	no-body-change-identified	No instruction or modeled-reference difference identified beyond address translation. Referenced mutable-data contents are outside this classification.
0x4465b	0x44750	SOURCE/GAME	?GetLuck@game@@QAEHPAVhero@@PAVarmy@@@Z	address-operands-only	no-body-change-identified	No instruction or modeled-reference difference identified beyond address translation. Referenced mutable-data contents are outside this classification.
0x4471a	0x4480f	SOURCE/GAME	?FindAdjacentMonster@advManager@@QAECHHPAH0HH@Z	changed-body	codegen	Map-cell address calculation evaluates the 720*x and 10*y terms in the opposite order.
0x44a6a	0x44b5d	SOURCE/GAME	?SetupAdjacentMons@game@@QAEXXZ	address-operands-only	no-body-change-identified	No instruction or modeled-reference difference identified beyond address translation. Referenced mutable-data contents are outside this classification.
0x44b48	0x44c3b	SOURCE/GAME	?CancelComputerScreen@game@@QAEXXZ	address-operands-only	no-body-change-identified	No instruction or modeled-reference difference identified beyond address translation. Referenced mutable-data contents are outside this classification.
0x44ba9	0x44c9c	SOURCE/GAME	?ShowComputerScreen@game@@QAEXXZ	address-operands-only	no-body-change-identified	No instruction or modeled-reference difference identified beyond address translation. Referenced mutable-data contents are outside this classification.
0x44cbe	0x44db1	SOURCE/GAME	?ShowHeroesLogo@game@@QAEXXZ	address-operands-only	no-body-change-identified	No instruction or modeled-reference difference identified beyond address translation. Referenced mutable-data contents are outside this classification.
0x44d66	0x44e59	SOURCE/GAME	?WaitForPlayer@game@@QAEXPADH@Z	address-operands-only	no-body-change-identified	No instruction or modeled-reference difference identified beyond address translation. Referenced mutable-data contents are outside this classification.
0x44ebb	0x44fae	SOURCE/GAME	?RandomizeTerrainTiles@game@@QAEXXZ	address-operands-only	no-body-change-identified	No instruction or modeled-reference difference identified beyond address translation. Referenced mutable-data contents are outside this classification.
0x44f6d	0x45060	SOURCE/GAME	?ProcessMapExtra@game@@QAEXXZ	address-operands-only	no-body-change-identified	No instruction or modeled-reference difference identified beyond address translation. Referenced mutable-data contents are outside this classification.
0x45096	0x45189	SOURCE/GAME	?SetupTowns@game@@QAECXZ	address-operands-only	no-body-change-identified	No instruction or modeled-reference difference identified beyond address translation. Referenced mutable-data contents are outside this classification.
0x452a9	0x4539c	SOURCE/GAME	?ProcessOnMapHeroes@game@@QAEXXZ	address-operands-only	no-body-change-identified	No instruction or modeled-reference difference identified beyond address translation. Referenced mutable-data contents are outside this classification.
0x455f0	0x456e3	SOURCE/GAME	?CheckHeroConsistency@game@@QAEXXZ	address-operands-only	no-body-change-identified	No instruction or modeled-reference difference identified beyond address translation. Referenced mutable-data contents are outside this classification.
0x459a5	0x45a98	SOURCE/GAME	?TransmitSaveGame@game@@QAEHHH@Z	address-operands-only	no-body-change-identified	No instruction or modeled-reference difference identified beyond address translation. Referenced mutable-data contents are outside this classification.
0x4608e	0x46181	SOURCE/GAME	?ReceiveSaveGame@game@@QAEHHH@Z	address-operands-only	no-body-change-identified	No instruction or modeled-reference difference identified beyond address translation. Referenced mutable-data contents are outside this classification.
0x46607	0x466fa	SOURCE/GAME	?DoNewTurn@game@@QAEXXZ	address-operands-only	no-body-change-identified	No instruction or modeled-reference difference identified beyond address translation. Referenced mutable-data contents are outside this classification.
0x46a32	0x46b25	SOURCE/GAME	?GetBoatsBuilt@game@@QAEHXZ	identical-bytes	no-body-change-identified	No instruction or modeled-reference difference identified beyond address translation. Referenced mutable-data contents are outside this classification.
0x46a8a	0x46b7d	SOURCE/GAME	?GetMap@game@@SAXXZ	address-operands-only	no-body-change-identified	No instruction or modeled-reference difference identified beyond address translation. Referenced mutable-data contents are outside this classification.
0x46df9	0x46eec	SOURCE/GAME	?GetNumThievesGuilds@game@@QAEHH@Z	address-operands-only	no-body-change-identified	No instruction or modeled-reference difference identified beyond address translation. Referenced mutable-data contents are outside this classification.
0x46e91	0x46f84	SOURCE/GAME	?CalcDifficultyRating@game@@QAEHXZ	changed-body	codegen	Human-player loop comparison reverses operands with a mirrored condition.
0x471a0	0x47294	SOURCE/GAME	?GetBaseScore@@YAHH@Z	address-operands-only	no-body-change-identified	No instruction or modeled-reference difference identified beyond address translation. Referenced mutable-data contents are outside this classification.
0x472d8	0x473cc	SOURCE/GAME	?ShowScenInfo@game@@QAEXXZ	address-operands-only	no-body-change-identified	No instruction or modeled-reference difference identified beyond address translation. Referenced mutable-data contents are outside this classification.
0x47726	0x4781a	SOURCE/GAME	?RandomizePlayerCrests@game@@QAEXXZ	address-operands-only	no-body-change-identified	No instruction or modeled-reference difference identified beyond address translation. Referenced mutable-data contents are outside this classification.
0x47875	0x47969	SOURCE/GAME	?RestoreCell@game@@QAEXHHHHPAVmapCell@@H@Z	address-operands-only	no-body-change-identified	No instruction or modeled-reference difference identified beyond address translation. Referenced mutable-data contents are outside this classification.
0x47920	0x47a10	SOURCE/ARMYGRP	??0armyGroup@@QAE@XZ	address-operands-only	no-body-change-identified	No instruction or modeled-reference difference identified beyond address translation. Referenced mutable-data contents are outside this classification.
0x4795c	0x47a4c	SOURCE/ARMYGRP	?View@armyGroup@@QAEXH@Z	identical-bytes	no-body-change-identified	No instruction or modeled-reference difference identified beyond address translation. Referenced mutable-data contents are outside this classification.
0x47974	0x47a64	SOURCE/ARMYGRP	?GetMorale@armyGroup@@QAEFPAVhero@@PAVtown@@@Z	address-operands-only	no-body-change-identified	No instruction or modeled-reference difference identified beyond address translation. Referenced mutable-data contents are outside this classification.
0x47a8f	0x47b7f	SOURCE/ARMYGRP	?Dismiss@armyGroup@@QAEXC@Z	identical-bytes	no-body-change-identified	No instruction or modeled-reference difference identified beyond address translation. Referenced mutable-data contents are outside this classification.
0x47ac0	0x47bb0	SOURCE/ARMYGRP	?IsMember@armyGroup@@QAECC@Z	identical-bytes	no-body-change-identified	No instruction or modeled-reference difference identified beyond address translation. Referenced mutable-data contents are outside this classification.
0x47b19	0x47c09	SOURCE/ARMYGRP	?IsHomogeneous@armyGroup@@QAECC@Z	identical-bytes	no-body-change-identified	No instruction or modeled-reference difference identified beyond address translation. Referenced mutable-data contents are outside this classification.
0x47c6c	0x47d5c	SOURCE/ARMYGRP	?CanJoin@armyGroup@@QAECC@Z	identical-bytes	no-body-change-identified	No instruction or modeled-reference difference identified beyond address translation. Referenced mutable-data contents are outside this classification.
0x47cc0	0x47db0	SOURCE/ARMYGRP	?GetNumArmies@armyGroup@@QAEFXZ	identical-bytes	no-body-change-identified	No instruction or modeled-reference difference identified beyond address translation. Referenced mutable-data contents are outside this classification.
0x47d19	0x47e09	SOURCE/ARMYGRP	?Add@armyGroup@@QAEFCFC@Z	identical-bytes	no-body-change-identified	No instruction or modeled-reference difference identified beyond address translation. Referenced mutable-data contents are outside this classification.
0x47e4b	0x47f3b	SOURCE/ARMYGRP	?Swap@armyGroup@@QAEXCPAV1@C@Z	identical-bytes	no-body-change-identified	No instruction or modeled-reference difference identified beyond address translation. Referenced mutable-data contents are outside this classification.
0x47ec8	0x47fb8	SOURCE/ARMYGRP	?DamageGroup@armyGroup@@QAEXM@Z	address-operands-only	no-body-change-identified	No instruction or modeled-reference difference identified beyond address translation. Referenced mutable-data contents are outside this classification.
0x48020	0x48110	SOURCE/REQUEST	?ShowThisMap@@YAHPAD@Z	identical-bytes	no-body-change-identified	No instruction or modeled-reference difference identified beyond address translation. Referenced mutable-data contents are outside this classification.
0x4803c	0x4812c	SOURCE/REQUEST	??0fileRequester@@QAE@FFFPBD00@Z	address-operands-only	no-body-change-identified	No instruction or modeled-reference difference identified beyond address translation. Referenced mutable-data contents are outside this classification.
0x48879	0x48969	SOURCE/REQUEST	??1fileRequester@@QAE@XZ	identical-bytes	no-body-change-identified	No instruction or modeled-reference difference identified beyond address translation. Referenced mutable-data contents are outside this classification.
0x48898	0x48988	SOURCE/REQUEST	?Close@fileRequester@@UAEXXZ	address-operands-only	no-body-change-identified	No instruction or modeled-reference difference identified beyond address translation. Referenced mutable-data contents are outside this classification.
0x489c4	0x48ab4	SOURCE/REQUEST	?Open@fileRequester@@UAEFF@Z	address-operands-only	no-body-change-identified	No instruction or modeled-reference difference identified beyond address translation. Referenced mutable-data contents are outside this classification.
0x48df5	0x48ee5	SOURCE/REQUEST	?SetOK@fileRequester@@QAEXC@Z	address-operands-only	no-body-change-identified	No instruction or modeled-reference difference identified beyond address translation. Referenced mutable-data contents are outside this classification.
0x48e7f	0x48f6f	SOURCE/REQUEST	?Main@fileRequester@@UAEFAAUtag_message@@@Z	address-operands-only	no-body-change-identified	No instruction or modeled-reference difference identified beyond address translation. Referenced mutable-data contents are outside this classification.
0x4990b	0x499fb	SOURCE/REQUEST	?UpdateMapInfo@fileRequester@@QAEXXZ	address-operands-only	no-body-change-identified	No instruction or modeled-reference difference identified beyond address translation. Referenced mutable-data contents are outside this classification.
0x499a8	0x49a98	SOURCE/REQUEST	?DoKnob@fileRequester@@QAEXXZ	address-operands-only	no-body-change-identified	No instruction or modeled-reference difference identified beyond address translation. Referenced mutable-data contents are outside this classification.
0x49c5a	0x49d4a	SOURCE/REQUEST	?Update@fileRequester@@QAEXC@Z	address-operands-only	no-body-change-identified	No instruction or modeled-reference difference identified beyond address translation. Referenced mutable-data contents are outside this classification.
0x4a1b8	0x4a2a8	SOURCE/REQUEST	?GetMapName@fileRequester@@QAEPADXZ	identical-bytes	no-body-change-identified	No instruction or modeled-reference difference identified beyond address translation. Referenced mutable-data contents are outside this classification.
0x4a235	0x4a325	SOURCE/REQUEST	?GetFilename@fileRequester@@QAEPADXZ	address-operands-only	no-body-change-identified	No instruction or modeled-reference difference identified beyond address translation. Referenced mutable-data contents are outside this classification.
0x4a374	0x4a464	SOURCE/REQUEST	?ShowMapInfo@fileRequester@@QAEXXZ	address-operands-only	no-body-change-identified	No instruction or modeled-reference difference identified beyond address translation. Referenced mutable-data contents are outside this classification.
0x4a5e0	0x4a6d0	SOURCE/FLY	?CanFit@army@@QAEFPAF@Z	address-operands-only	no-body-change-identified	No instruction or modeled-reference difference identified beyond address translation. Referenced mutable-data contents are outside this classification.
0x4a847	0x4a937	SOURCE/FLY	?ValidFlight@army@@QAEFFC@Z	address-operands-only	no-body-change-identified	No instruction or modeled-reference difference identified beyond address translation. Referenced mutable-data contents are outside this classification.
0x4acaf	0x4ad9f	SOURCE/FLY	?FlyTo@army@@QAEFXZ	identical-bytes	no-body-change-identified	No instruction or modeled-reference difference identified beyond address translation. Referenced mutable-data contents are outside this classification.
0x4acd6	0x4adc6	SOURCE/FLY	?FlyTo@army@@QAEFF@Z	changed-body	codegen	Minimum-X clipping comparison reverses operands and condition; body grows one byte inside the same alignment span.
0x4b440	0x4b530	SOURCE/CMBTMGR	??0combatManager@@QAE@XZ	address-operands-only	no-body-change-identified	No instruction or modeled-reference difference identified beyond address translation. Referenced mutable-data contents are outside this classification.
0x4b5f8	0x4b6e8	SOURCE/CMBTMGR	?CombineGroups@combatManager@@QAEXPAVarmyGroup@@0@Z	identical-bytes	no-body-change-identified	No instruction or modeled-reference difference identified beyond address translation. Referenced mutable-data contents are outside this classification.
0x4b730	0x4b820	SOURCE/CMBTMGR	?SetupCombat@combatManager@@QAEXHHPAVhero@@PAVarmyGroup@@PAVtown@@01HHH@Z	address-operands-only	no-body-change-identified	No instruction or modeled-reference difference identified beyond address translation. Referenced mutable-data contents are outside this classification.
0x4bb0b	0x4bbfb	SOURCE/CMBTMGR	?Open@combatManager@@UAEFF@Z	changed-body	behavior	Flushes input and moves ResetMouse after the music setup.
0x4bf19	0x4c014	SOURCE/CMBTMGR	?Close@combatManager@@UAEXXZ	address-operands-only	no-body-change-identified	No instruction or modeled-reference difference identified beyond address translation. Referenced mutable-data contents are outside this classification.
0x4c103	0x4c1fe	SOURCE/CMBTMGR	?UpdateArmyGroup@combatManager@@QAEXC@Z	identical-bytes	no-body-change-identified	No instruction or modeled-reference difference identified beyond address translation. Referenced mutable-data contents are outside this classification.
0x4c264	0x4c35f	SOURCE/CMBTMGR	?GenerateMap@combatManager@@QAEXXZ	address-operands-only	no-body-change-identified	No instruction or modeled-reference difference identified beyond address translation. Referenced mutable-data contents are outside this classification.
0x4ca22	0x4cb1d	SOURCE/CMBTMGR	?GetBackgroundName@combatManager@@QAEPADXZ	address-operands-only	no-body-change-identified	No instruction or modeled-reference difference identified beyond address translation. Referenced mutable-data contents are outside this classification.
0x4cbb0	0x4ccab	SOURCE/CMBTMGR	?MoreTreesNear@combatManager@@QAECXZ	address-operands-only	no-body-change-identified	No instruction or modeled-reference difference identified beyond address translation. Referenced mutable-data contents are outside this classification.
0x4cd97	0x4ce92	SOURCE/CMBTMGR	?LoadIcons@combatManager@@QAEXXZ	address-operands-only	no-body-change-identified	No instruction or modeled-reference difference identified beyond address translation. Referenced mutable-data contents are outside this classification.
0x4cf6e	0x4d069	SOURCE/CMBTMGR	?FreeIcons@combatManager@@QAEXXZ	address-operands-only	no-body-change-identified	No instruction or modeled-reference difference identified beyond address translation. Referenced mutable-data contents are outside this classification.
0x4cfe9	0x4d0e4	SOURCE/CMBTMGR	?LoadArmies@combatManager@@QAEXXZ	address-operands-only	no-body-change-identified	No instruction or modeled-reference difference identified beyond address translation. Referenced mutable-data contents are outside this classification.
0x4d270	0x4d36b	SOURCE/CMBTMGR	?FreeArmies@combatManager@@QAEXXZ	address-operands-only	no-body-change-identified	No instruction or modeled-reference difference identified beyond address translation. Referenced mutable-data contents are outside this classification.
0x4d34c	0x4d447	SOURCE/CMBTMGR	?NoShowCombatLog@combatManager@@QAEXPAD@Z	identical-bytes	no-body-change-identified	No instruction or modeled-reference difference identified beyond address translation. Referenced mutable-data contents are outside this classification.
0x4d364	0x4d45f	SOURCE/CMBTMGR	?GetGridIndex@combatManager@@QAEFFF@Z	identical-bytes	no-body-change-identified	No instruction or modeled-reference difference identified beyond address translation. Referenced mutable-data contents are outside this classification.
0x4d422	0x4d51d	SOURCE/CMBTMGR	?CheckApplyGoodMorale@combatManager@@QAEXHH@Z	address-operands-only	no-body-change-identified	No instruction or modeled-reference difference identified beyond address translation. Referenced mutable-data contents are outside this classification.
0x4d5fb	0x4d6f6	SOURCE/CMBTMGR	?CheckApplyBadMorale@combatManager@@QAEHHH@Z	address-operands-only	no-body-change-identified	No instruction or modeled-reference difference identified beyond address translation. Referenced mutable-data contents are outside this classification.
0x4d7c1	0x4d8bc	SOURCE/CMBTMGR	?GetNextArmy@combatManager@@QAECH@Z	address-operands-only	no-body-change-identified	No instruction or modeled-reference difference identified beyond address translation. Referenced mutable-data contents are outside this classification.
0x4d9ca	0x4dac5	SOURCE/CMBTMGR	?IsWinner@combatManager@@QAECC@Z	identical-bytes	no-body-change-identified	No instruction or modeled-reference difference identified beyond address translation. Referenced mutable-data contents are outside this classification.
0x4da9d	0x4db98	SOURCE/CMBTMGR	?CatAttack@combatManager@@QAEXC@Z	address-operands-only	no-body-change-identified	No instruction or modeled-reference difference identified beyond address translation. Referenced mutable-data contents are outside this classification.
0x4e7f2	0x4e8ed	SOURCE/CMBTMGR	?RegenerateField@combatManager@@QAEXXZ	address-operands-only	no-body-change-identified	No instruction or modeled-reference difference identified beyond address translation. Referenced mutable-data contents are outside this classification.
0x4e840	0x4e93b	SOURCE/CMBTMGR	?KeepAttack@combatManager@@QAEXXZ	address-operands-only	no-body-change-identified	No instruction or modeled-reference difference identified beyond address translation. Referenced mutable-data contents are outside this classification.
0x4f3cb	0x4f4c6	SOURCE/CMBTMGR	?ExperienceValueOfStack@combatManager@@QAEHC@Z	identical-bytes	no-body-change-identified	No instruction or modeled-reference difference identified beyond address translation. Referenced mutable-data contents are outside this classification.
0x4f4df	0x4f5da	SOURCE/CMBTMGR	?ResetHitByCreature@combatManager@@QAEXXZ	identical-bytes	no-body-change-identified	No instruction or modeled-reference difference identified beyond address translation. Referenced mutable-data contents are outside this classification.
0x4f557	0x4f652	SOURCE/CMBTMGR	?ValidHex@@YAHH@Z	identical-bytes	no-body-change-identified	No instruction or modeled-reference difference identified beyond address translation. Referenced mutable-data contents are outside this classification.
0x4f587	0x4f682	SOURCE/CMBTMGR	?SaveCombatBorder@combatManager@@QAEXXZ	address-operands-only	no-body-change-identified	No instruction or modeled-reference difference identified beyond address translation. Referenced mutable-data contents are outside this classification.
0x4f5eb	0x4f6e6	SOURCE/CMBTMGR	?DrawCombatBorder@combatManager@@QAEXXZ	address-operands-only	no-body-change-identified	No instruction or modeled-reference difference identified beyond address translation. Referenced mutable-data contents are outside this classification.
0x4f640	0x4f740	SOURCE/KB	_PollSound	address-operands-only	no-body-change-identified	No instruction or modeled-reference difference identified beyond address translation. Referenced mutable-data contents are outside this classification.
0x4f6b2	0x4f7b2	SOURCE/KB	?ForcePollSound@@YAXXZ	address-operands-only	no-body-change-identified	No instruction or modeled-reference difference identified beyond address translation. Referenced mutable-data contents are outside this classification.
0x4f6d2	0x4f7d2	SOURCE/KB	?InitMainClasses@@YAXXZ	address-operands-only	no-body-change-identified	No instruction or modeled-reference difference identified beyond address translation. Referenced mutable-data contents are outside this classification.
0x4fcd9	0x4fdd9	SOURCE/KB	?DeleteMainClasses@@YAXXZ	address-operands-only	no-body-change-identified	No instruction or modeled-reference difference identified beyond address translation. Referenced mutable-data contents are outside this classification.
0x50046	0x50146	SOURCE/KB	?EarlySetup@@YAHXZ	address-operands-only	no-body-change-identified	No instruction or modeled-reference difference identified beyond address translation. Referenced mutable-data contents are outside this classification.
0x5015c	0x5025c	SOURCE/KB	?oldmain@@YAHXZ	changed-body	codegen+version-data	Human-player loop comparison reverses operands with a mirrored condition; internal labels move. The loading-message version changes from 1.0 to 1.1.
0x50f7e	0x5107f	SOURCE/KB	?toupper@@YADD@Z	identical-bytes	no-body-change-identified	No instruction or modeled-reference difference identified beyond address translation. Referenced mutable-data contents are outside this classification.
0x50fbc	0x510bd	SOURCE/KB	?InterpretCommandLine@@YAHXZ	address-operands-only	no-body-change-identified	No instruction or modeled-reference difference identified beyond address translation. Referenced mutable-data contents are outside this classification.
0x51244	0x51345	SOURCE/KB	?InitMenuHandler@@YAFAAUtag_message@@@Z	address-operands-only	no-body-change-identified	No instruction or modeled-reference difference identified beyond address translation. Referenced mutable-data contents are outside this classification.
0x513fa	0x514fb	SOURCE/KB	?NullHandler@@YAFAAUtag_message@@@Z	identical-bytes	no-body-change-identified	No instruction or modeled-reference difference identified beyond address translation. Referenced mutable-data contents are outside this classification.
0x5140e	0x5150f	SOURCE/KB	?RecruitHeroHandler@@YAFAAUtag_message@@@Z	address-operands-only	no-body-change-identified	No instruction or modeled-reference difference identified beyond address translation. Referenced mutable-data contents are outside this classification.
0x515d9	0x516da	SOURCE/KB	?GetBuildingName@@YAPADHF@Z	identical-bytes	no-body-change-identified	No instruction or modeled-reference difference identified beyond address translation. Referenced mutable-data contents are outside this classification.
0x51620	0x51721	SOURCE/KB	?GetBuildingCost@@YAXHFQAHH@Z	address-operands-only	no-body-change-identified	No instruction or modeled-reference difference identified beyond address translation. Referenced mutable-data contents are outside this classification.
0x516bf	0x517c0	SOURCE/KB	?GetMonsterName@@YAPADH@Z	identical-bytes	no-body-change-identified	No instruction or modeled-reference difference identified beyond address translation. Referenced mutable-data contents are outside this classification.
0x516d9	0x517da	SOURCE/KB	?GetMonsterCost@@YAXHQAH@Z	address-operands-only	no-body-change-identified	No instruction or modeled-reference difference identified beyond address translation. Referenced mutable-data contents are outside this classification.
0x517bf	0x518c0	SOURCE/KB	?CanBuild@@YACPAVtown@@F@Z	address-operands-only	no-body-change-identified	No instruction or modeled-reference difference identified beyond address translation. Referenced mutable-data contents are outside this classification.
0x51903	0x51a04	SOURCE/KB	?CanBuy@@YACPAVtown@@F@Z	address-operands-only	no-body-change-identified	No instruction or modeled-reference difference identified beyond address translation. Referenced mutable-data contents are outside this classification.
0x519d1	0x51ad2	SOURCE/KB	?GetBuildingBaseResourceValue@@YAHHHH@Z	identical-bytes	no-body-change-identified	No instruction or modeled-reference difference identified beyond address translation. Referenced mutable-data contents are outside this classification.
0x51a31	0x51b32	SOURCE/KB	?NormalDialog@@YAXPADHHHHHHHH@Z	address-operands-only	no-body-change-identified	No instruction or modeled-reference difference identified beyond address translation. Referenced mutable-data contents are outside this classification.
0x52934	0x52a35	SOURCE/KB	?UpdateNormalDialog@@YAXPAD@Z	address-operands-only	no-body-change-identified	No instruction or modeled-reference difference identified beyond address translation. Referenced mutable-data contents are outside this classification.
0x5299f	0x52aa0	SOURCE/KB	?WaitHandler@@YAFAAUtag_message@@@Z	address-operands-only	no-body-change-identified	No instruction or modeled-reference difference identified beyond address translation. Referenced mutable-data contents are outside this classification.
0x52b64	0x52c65	SOURCE/KB	?EventWindowHandler@@YAFAAUtag_message@@@Z	address-operands-only	no-body-change-identified	No instruction or modeled-reference difference identified beyond address translation. Referenced mutable-data contents are outside this classification.
0x52c78	0x52d79	SOURCE/KB	?TrueFalseDialogHandler@@YAFAAUtag_message@@@Z	identical-bytes	no-body-change-identified	No instruction or modeled-reference difference identified beyond address translation. Referenced mutable-data contents are outside this classification.
0x52c94	0x52d95	SOURCE/KB	?PlayerDead@@YAXH@Z	address-operands-only	no-body-change-identified	No instruction or modeled-reference difference identified beyond address translation. Referenced mutable-data contents are outside this classification.
0x52e00	0x52f01	SOURCE/KB	?HandleRemoteDeadPlayerExit@@YAXH@Z	changed-body	codegen	Local-seat equality comparison reverses operand loads.
0x52e99	0x52f9b	SOURCE/KB	?HandleRemoteSuddenExit@@YAXXZ	address-operands-only	codegen	Host/local-seat equality comparison reverses operands.
0x52f8a	0x5308c	SOURCE/KB	?ReceiveRemotePlayerExit@@YAXCCCC@Z	address-operands-only	no-body-change-identified	No instruction or modeled-reference difference identified beyond address translation. Referenced mutable-data contents are outside this classification.
0x53174	0x53276	SOURCE/KB	?CheckEndGame@@YAXH@Z	address-operands-only	no-body-change-identified	No instruction or modeled-reference difference identified beyond address translation. Referenced mutable-data contents are outside this classification.
0x53948	0x53a4a	SOURCE/KB	?QuickViewWait@@YAXXZ	address-operands-only	no-body-change-identified	No instruction or modeled-reference difference identified beyond address translation. Referenced mutable-data contents are outside this classification.
0x539dd	0x53adf	SOURCE/KB	?InitVars@@YAXXZ	address-operands-only	no-body-change-identified	No instruction or modeled-reference difference identified beyond address translation. Referenced mutable-data contents are outside this classification.
0x53ba8	0x53caa	SOURCE/KB	?ShowMoraleInfo@game@@QAEXPAVhero@@H@Z	address-operands-only	no-body-change-identified	No instruction or modeled-reference difference identified beyond address translation. Referenced mutable-data contents are outside this classification.
0x53ff8	0x540fa	SOURCE/KB	?ShowLuckInfo@game@@QAEXPAVhero@@H@Z	address-operands-only	no-body-change-identified	No instruction or modeled-reference difference identified beyond address translation. Referenced mutable-data contents are outside this classification.
0x541ef	0x542f1	SOURCE/KB	?ClearMapExtra@@YAXXZ	address-operands-only	no-body-change-identified	No instruction or modeled-reference difference identified beyond address translation. Referenced mutable-data contents are outside this classification.
0x5425f	0x54361	SOURCE/KB	?GetMonType@@YAFHH@Z	identical-bytes	no-body-change-identified	No instruction or modeled-reference difference identified beyond address translation. Referenced mutable-data contents are outside this classification.
0x542ed	0x543ef	SOURCE/KB	?AddScoreToHighScore@@YAHHHPAD0@Z	address-operands-only	no-body-change-identified	No instruction or modeled-reference difference identified beyond address translation. Referenced mutable-data contents are outside this classification.
0x546bf	0x547c1	SOURCE/KB	?BVResMsg@@YAXPADHH@Z	address-operands-only	no-body-change-identified	No instruction or modeled-reference difference identified beyond address translation. Referenced mutable-data contents are outside this classification.
0x5471a	0x5481c	SOURCE/KB	?GOut@@YAXPAD@Z	address-operands-only	no-body-change-identified	No instruction or modeled-reference difference identified beyond address translation. Referenced mutable-data contents are outside this classification.
0x54748	0x5484a	SOURCE/KB	?NetPosToGamePos@@YACH@Z	identical-bytes	no-body-change-identified	No instruction or modeled-reference difference identified beyond address translation. Referenced mutable-data contents are outside this classification.
0x54781	0x54883	SOURCE/KB	?WaitForOtherPlayer@@YACXZ	address-operands-only	no-body-change-identified	No instruction or modeled-reference difference identified beyond address translation. Referenced mutable-data contents are outside this classification.
0x5485b	0x5495d	SOURCE/KB	?PopNetBox@@YAXPAD@Z	address-operands-only	no-body-change-identified	No instruction or modeled-reference difference identified beyond address translation. Referenced mutable-data contents are outside this classification.
0x54f4f	0x55051	SOURCE/KB	?AddNetBoxLine@@YAXPAD@Z	address-operands-only	no-body-change-identified	No instruction or modeled-reference difference identified beyond address translation. Referenced mutable-data contents are outside this classification.
0x54f8a	0x5508c	SOURCE/KB	?ShutDown@@YAXPAD@Z	address-operands-only	no-body-change-identified	No instruction or modeled-reference difference identified beyond address translation. Referenced mutable-data contents are outside this classification.
0x550d9	0x551db	SOURCE/KB	?FileError@@YAXPAD@Z	address-operands-only	no-body-change-identified	No instruction or modeled-reference difference identified beyond address translation. Referenced mutable-data contents are outside this classification.
0x55123	0x55225	SOURCE/KB	?ShowCongrats@@YAXXZ	address-operands-only	no-body-change-identified	No instruction or modeled-reference difference identified beyond address translation. Referenced mutable-data contents are outside this classification.
0x554e1	0x555e3	SOURCE/KB	?CongratsWait@@YAXXZ	address-operands-only	no-body-change-identified	No instruction or modeled-reference difference identified beyond address translation. Referenced mutable-data contents are outside this classification.
0x55592	0x55694	SOURCE/KB	?GetDataEntry@@YAXPAD0H0@Z	address-operands-only	no-body-change-identified	No instruction or modeled-reference difference identified beyond address translation. Referenced mutable-data contents are outside this classification.
0x55759	0x5585b	SOURCE/KB	?DataEntryWindowHandler@@YAFAAUtag_message@@@Z	address-operands-only	no-body-change-identified	No instruction or modeled-reference difference identified beyond address translation. Referenced mutable-data contents are outside this classification.
0x55932	0x55a34	SOURCE/KB	?LoadPlaySample@@YA?AUSAMPLE2@@PAD@Z	address-operands-only	no-body-change-identified	No instruction or modeled-reference difference identified beyond address translation. Referenced mutable-data contents are outside this classification.
0x55983	0x55a85	SOURCE/KB	?WaitEndSample@@YAXUSAMPLE2@@H@Z	address-operands-only	no-body-change-identified	No instruction or modeled-reference difference identified beyond address translation. Referenced mutable-data contents are outside this classification.
0x55a0d	0x55b0f	SOURCE/KB	?MemError@@YAXXZ	address-operands-only	no-body-change-identified	No instruction or modeled-reference difference identified beyond address translation. Referenced mutable-data contents are outside this classification.
0x55a88	0x55b8a	SOURCE/KB	?MemSize@@YAHH@Z	identical-bytes	no-body-change-identified	No instruction or modeled-reference difference identified beyond address translation. Referenced mutable-data contents are outside this classification.
0x55a9d	0x55b9f	SOURCE/KB	?CheckMem@@YACXZ	identical-bytes	no-body-change-identified	No instruction or modeled-reference difference identified beyond address translation. Referenced mutable-data contents are outside this classification.
0x55aaf	0x55bb1	SOURCE/KB	?GetTownName@@YAPADH@Z	address-operands-only	no-body-change-identified	No instruction or modeled-reference difference identified beyond address translation. Referenced mutable-data contents are outside this classification.
0x55b8b	0x55c8d	SOURCE/KB	?IsCDDrive@@YAHH@Z	address-operands-only	no-body-change-identified	No instruction or modeled-reference difference identified beyond address translation. Referenced mutable-data contents are outside this classification.
0x55bdc	0x55cde	SOURCE/KB	?LoadSystemwideIcons@@YAXXZ	address-operands-only	no-body-change-identified	No instruction or modeled-reference difference identified beyond address translation. Referenced mutable-data contents are outside this classification.
0x55c40	0x55d42	SOURCE/KB	?UnloadSystemwideIcons@@YAXXZ	address-operands-only	no-body-change-identified	No instruction or modeled-reference difference identified beyond address translation. Referenced mutable-data contents are outside this classification.
0x55c94	0x55d96	SOURCE/KB	?EarlyShutDownSystem@@YAXXZ	identical-bytes	no-body-change-identified	No instruction or modeled-reference difference identified beyond address translation. Referenced mutable-data contents are outside this classification.
0x55ca4	0x55da6	SOURCE/KB	?GameUnsaved@@YAHXZ	address-operands-only	no-body-change-identified	No instruction or modeled-reference difference identified beyond address translation. Referenced mutable-data contents are outside this classification.
0x55d22	0x55e24	SOURCE/KB	?HandleAppSpecificMenuCommands@@YAHH@Z	address-operands-only	no-body-change-identified	No instruction or modeled-reference difference identified beyond address translation. Referenced mutable-data contents are outside this classification.
0x5634b	0x5644d	SOURCE/KB	?UpdateSystemOptionsMenu@@YAXXZ	address-operands-only	codegen	Application/adventure menu handle equality comparison reverses operands.
0x56702	0x56804	SOURCE/KB	?CleanUpMenus@@YAXXZ	address-operands-only	no-body-change-identified	No instruction or modeled-reference difference identified beyond address translation. Referenced mutable-data contents are outside this classification.
0x5679b	0x5689d	SOURCE/KB	?UpdateAppSpecificMenus@@YAXPAX@Z	identical-bytes	no-body-change-identified	No instruction or modeled-reference difference identified beyond address translation. Referenced mutable-data contents are outside this classification.
0x567bf	0x568c1	SOURCE/KB	?EarlyResizeWindow@@YAXHHHH@Z	identical-bytes	no-body-change-identified	No instruction or modeled-reference difference identified beyond address translation. Referenced mutable-data contents are outside this classification.
0x567f0	0x568f0	SOURCE/SETUP	?SetupCampaignGame@game@@QAECXZ	address-operands-only	no-body-change-identified	No instruction or modeled-reference difference identified beyond address translation. Referenced mutable-data contents are outside this classification.
0x56954	0x56a54	SOURCE/SETUP	?SetupBaud@game@@QAECXZ	address-operands-only	no-body-change-identified	No instruction or modeled-reference difference identified beyond address translation. Referenced mutable-data contents are outside this classification.
0x56ae4	0x56be4	SOURCE/SETUP	?SetupComPort@game@@QAECXZ	address-operands-only	no-body-change-identified	No instruction or modeled-reference difference identified beyond address translation. Referenced mutable-data contents are outside this classification.
0x56d06	0x56e06	SOURCE/SETUP	?SetupHotSeatGame@game@@QAECXZ	address-operands-only	no-body-change-identified	No instruction or modeled-reference difference identified beyond address translation. Referenced mutable-data contents are outside this classification.
0x56e63	0x56f63	SOURCE/SETUP	?SetupNetworkGame@game@@QAECXZ	address-operands-only	no-body-change-identified	No instruction or modeled-reference difference identified beyond address translation. Referenced mutable-data contents are outside this classification.
0x56f96	0x57096	SOURCE/SETUP	?SetupModemGame@game@@QAECXZ	address-operands-only	no-body-change-identified	No instruction or modeled-reference difference identified beyond address translation. Referenced mutable-data contents are outside this classification.
0x572c9	0x573c9	SOURCE/SETUP	?SetupMultiPlayerGame@game@@QAECXZ	address-operands-only	no-body-change-identified	No instruction or modeled-reference difference identified beyond address translation. Referenced mutable-data contents are outside this classification.
0x574e1	0x575e1	SOURCE/SETUP	?SetupGame@game@@QAECC@Z	address-operands-only	no-body-change-identified	No instruction or modeled-reference difference identified beyond address translation. Referenced mutable-data contents are outside this classification.
0x57967	0x57a67	SOURCE/SETUP	?PickLoadGame@game@@QAECXZ	address-operands-only	no-body-change-identified	No instruction or modeled-reference difference identified beyond address translation. Referenced mutable-data contents are outside this classification.
0x57b4e	0x57c4e	SOURCE/SETUP	?SetupCampaignGameHandler@@YAFAAUtag_message@@@Z	address-operands-only	no-body-change-identified	No instruction or modeled-reference difference identified beyond address translation. Referenced mutable-data contents are outside this classification.
0x57c60	0x57d60	SOURCE/SETUP	?SetupComPortHandler@@YAFAAUtag_message@@@Z	address-operands-only	no-body-change-identified	No instruction or modeled-reference difference identified beyond address translation. Referenced mutable-data contents are outside this classification.
0x57da9	0x57ea9	SOURCE/SETUP	?SetupBaudHandler@@YAFAAUtag_message@@@Z	address-operands-only	no-body-change-identified	No instruction or modeled-reference difference identified beyond address translation. Referenced mutable-data contents are outside this classification.
0x57ef2	0x57ff2	SOURCE/SETUP	?SetupHotSeatGameHandler@@YAFAAUtag_message@@@Z	address-operands-only	no-body-change-identified	No instruction or modeled-reference difference identified beyond address translation. Referenced mutable-data contents are outside this classification.
0x57ff4	0x580f4	SOURCE/SETUP	?SetupModemGameHandler@@YAFAAUtag_message@@@Z	address-operands-only	no-body-change-identified	No instruction or modeled-reference difference identified beyond address translation. Referenced mutable-data contents are outside this classification.
0x5812d	0x5822d	SOURCE/SETUP	?SetupMultiPlayerGameHandler@@YAFAAUtag_message@@@Z	address-operands-only	no-body-change-identified	No instruction or modeled-reference difference identified beyond address translation. Referenced mutable-data contents are outside this classification.
0x5823f	0x5833f	SOURCE/SETUP	?SetupNetworkGameHandler@@YAFAAUtag_message@@@Z	address-operands-only	no-body-change-identified	No instruction or modeled-reference difference identified beyond address translation. Referenced mutable-data contents are outside this classification.
0x58320	0x58420	SOURCE/SETUP	?SetupGameHandler@@YAFAAUtag_message@@@Z	address-operands-only	no-body-change-identified	No instruction or modeled-reference difference identified beyond address translation. Referenced mutable-data contents are outside this classification.
0x58422	0x58522	SOURCE/SETUP	?BaseSetupHandler@@YAFAAUtag_message@@@Z	address-operands-only	no-body-change-identified	No instruction or modeled-reference difference identified beyond address translation. Referenced mutable-data contents are outside this classification.
0x58520	0x58620	SOURCE/REMOTE	?RemoteCleanup@@YAXXZ	address-operands-only	no-body-change-identified	No instruction or modeled-reference difference identified beyond address translation. Referenced mutable-data contents are outside this classification.
0x585ad	0x586ad	SOURCE/REMOTE	?ReadFileBlock@@YAPAXPADPAXHH@Z	address-operands-only	no-body-change-identified	No instruction or modeled-reference difference identified beyond address translation. Referenced mutable-data contents are outside this classification.
0x58621	0x58721	SOURCE/REMOTE	?FileSize@@YAHPAD@Z	address-operands-only	no-body-change-identified	No instruction or modeled-reference difference identified beyond address translation. Referenced mutable-data contents are outside this classification.
0x5869c	0x5879c	SOURCE/REMOTE	?RemoteMain@@YAXH@Z	address-operands-only	no-body-change-identified	No instruction or modeled-reference difference identified beyond address translation. Referenced mutable-data contents are outside this classification.
0x58916	0x58a16	SOURCE/REMOTE	?UnloadRemoteDriver@@YAXF@Z	address-operands-only	no-body-change-identified	No instruction or modeled-reference difference identified beyond address translation. Referenced mutable-data contents are outside this classification.
0x58971	0x58a71	SOURCE/REMOTE	?calc_crc@@YAXPAGPAEH@Z	identical-bytes	no-body-change-identified	No instruction or modeled-reference difference identified beyond address translation. Referenced mutable-data contents are outside this classification.
0x58a27	0x58b27	SOURCE/REMOTE	?EncodePacket@@YAHPAURemoteMessage@@CCH@Z	address-operands-only	no-body-change-identified	No instruction or modeled-reference difference identified beyond address translation. Referenced mutable-data contents are outside this classification.
0x58aad	0x58bad	SOURCE/REMOTE	?DecodePacket@@YAHPAURemoteMessage@@H@Z	address-operands-only	no-body-change-identified	No instruction or modeled-reference difference identified beyond address translation. Referenced mutable-data contents are outside this classification.
0x58c0f	0x58d0f	SOURCE/REMOTE	?SendRemoteData@@YAHPAURemoteMessage@@PAEHH@Z	address-operands-only	no-body-change-identified	No instruction or modeled-reference difference identified beyond address translation. Referenced mutable-data contents are outside this classification.
0x58d50	0x58e50	SOURCE/REMOTE	?ReceiveRemoteData@@YAHPAEPAURemoteMessage@@H@Z	address-operands-only	no-body-change-identified	No instruction or modeled-reference difference identified beyond address translation. Referenced mutable-data contents are outside this classification.
0x58e44	0x58f44	SOURCE/REMOTE	?InitNetHost@@YACXZ	address-operands-only	no-body-change-identified	No instruction or modeled-reference difference identified beyond address translation. Referenced mutable-data contents are outside this classification.
0x58fd8	0x590d8	SOURCE/REMOTE	?InitNetGuest@@YACXZ	address-operands-only	no-body-change-identified	No instruction or modeled-reference difference identified beyond address translation. Referenced mutable-data contents are outside this classification.
0x591c9	0x592c9	SOURCE/REMOTE	?WaitForHost@@YACXZ	address-operands-only	no-body-change-identified	No instruction or modeled-reference difference identified beyond address translation. Referenced mutable-data contents are outside this classification.
0x59267	0x59367	SOURCE/REMOTE	?WaitForGuest@@YACXZ	address-operands-only	no-body-change-identified	No instruction or modeled-reference difference identified beyond address translation. Referenced mutable-data contents are outside this classification.
0x59368	0x59468	SOURCE/REMOTE	?nbnet_init@@YAHXZ	address-operands-only	no-body-change-identified	No instruction or modeled-reference difference identified beyond address translation. Referenced mutable-data contents are outside this classification.
0x59530	0x59630	SOURCE/REMOTE	?ModemSetup@@YAXXZ	address-operands-only	no-body-change-identified	No instruction or modeled-reference difference identified beyond address translation. Referenced mutable-data contents are outside this classification.
0x59627	0x59727	SOURCE/REMOTE	?Dial@@YAHXZ	address-operands-only	no-body-change-identified	No instruction or modeled-reference difference identified beyond address translation. Referenced mutable-data contents are outside this classification.
0x596cc	0x597cc	SOURCE/REMOTE	?Wait@@YAHXZ	identical-bytes	no-body-change-identified	No instruction or modeled-reference difference identified beyond address translation. Referenced mutable-data contents are outside this classification.
0x59729	0x59829	SOURCE/REMOTE	?GUIModemCommand@@YAXPAD0@Z	address-operands-only	no-body-change-identified	No instruction or modeled-reference difference identified beyond address translation. Referenced mutable-data contents are outside this classification.
0x5979a	0x5989a	SOURCE/REMOTE	?GUIModemCommandExec@@YACXZ	address-operands-only	no-body-change-identified	No instruction or modeled-reference difference identified beyond address translation. Referenced mutable-data contents are outside this classification.
0x5982e	0x5992e	SOURCE/REMOTE	?ModemCommand@@YAXPAD@Z	address-operands-only	no-body-change-identified	No instruction or modeled-reference difference identified beyond address translation. Referenced mutable-data contents are outside this classification.
0x5989a	0x5999a	SOURCE/REMOTE	?GUIModemResponse@@YACPAD0@Z	address-operands-only	no-body-change-identified	No instruction or modeled-reference difference identified beyond address translation. Referenced mutable-data contents are outside this classification.
0x59914	0x59a14	SOURCE/REMOTE	?GUIModemResponseExec@@YACXZ	address-operands-only	no-body-change-identified	No instruction or modeled-reference difference identified beyond address translation. Referenced mutable-data contents are outside this classification.
0x599f6	0x59af6	SOURCE/REMOTE	?write_buffer@@YAHPADH@Z	address-operands-only	no-body-change-identified	No instruction or modeled-reference difference identified beyond address translation. Referenced mutable-data contents are outside this classification.
0x59a21	0x59b21	SOURCE/REMOTE	?read_byte@@YAHXZ	address-operands-only	no-body-change-identified	No instruction or modeled-reference difference identified beyond address translation. Referenced mutable-data contents are outside this classification.
0x59a68	0x59b68	SOURCE/REMOTE	?write_byte@@YAXH@Z	address-operands-only	no-body-change-identified	No instruction or modeled-reference difference identified beyond address translation. Referenced mutable-data contents are outside this classification.
0x59a8c	0x59b8c	SOURCE/REMOTE	?Connect@@YAXXZ	address-operands-only	no-body-change-identified	No instruction or modeled-reference difference identified beyond address translation. Referenced mutable-data contents are outside this classification.
0x59d4c	0x59e4c	SOURCE/REMOTE	?WaitForDirectConnect@@YAHXZ	address-operands-only	no-body-change-identified	No instruction or modeled-reference difference identified beyond address translation. Referenced mutable-data contents are outside this classification.
0x5a062	0x5a162	SOURCE/REMOTE	?ReadPacket@@YADXZ	address-operands-only	no-body-change-identified	No instruction or modeled-reference difference identified beyond address translation. Referenced mutable-data contents are outside this classification.
0x5a16b	0x5a26b	SOURCE/REMOTE	?WriteModemPacket@@YAXPADH@Z	identical-bytes	no-body-change-identified	No instruction or modeled-reference difference identified beyond address translation. Referenced mutable-data contents are outside this classification.
0x5a247	0x5a347	SOURCE/REMOTE	?TransmitRemoteData@@YAHPAXHHCCCCC@Z	address-operands-only	no-body-change-identified	No instruction or modeled-reference difference identified beyond address translation. Referenced mutable-data contents are outside this classification.
0x5a478	0x5a578	SOURCE/REMOTE	?GetRemoteData@@YAPAURemoteMessage@@C@Z	address-operands-only	no-body-change-identified	No instruction or modeled-reference difference identified beyond address translation. Referenced mutable-data contents are outside this classification.
0x5a584	0x5a684	SOURCE/REMOTE	?PollRemote@@YAXXZ	address-operands-only	codegen	Two host/local-seat equality comparisons reverse operands.
0x5aa82	0x5ab82	SOURCE/REMOTE	?TransmitAndWait@@YAHPAXHHCCPAPAURemoteMessage@@@Z	address-operands-only	no-body-change-identified	No instruction or modeled-reference difference identified beyond address translation. Referenced mutable-data contents are outside this classification.
0x5abe0	0x5ace0	SOURCE/SMACKMGR	_radmalloc	address-operands-only	no-body-change-identified	No instruction or modeled-reference difference identified beyond address translation. Referenced mutable-data contents are outside this classification.
0x5ac2c	0x5ad2c	SOURCE/SMACKMGR	_radfree	address-operands-only	no-body-change-identified	No instruction or modeled-reference difference identified beyond address translation. Referenced mutable-data contents are outside this classification.
0x5ac48	0x5ad48	SOURCE/SMACKMGR	??0smackManager@@QAE@XZ	address-operands-only	no-body-change-identified	No instruction or modeled-reference difference identified beyond address translation. Referenced mutable-data contents are outside this classification.
0x5ac72	0x5ad72	SOURCE/SMACKMGR	?Open@smackManager@@UAEFF@Z	address-operands-only	no-body-change-identified	No instruction or modeled-reference difference identified beyond address translation. Referenced mutable-data contents are outside this classification.
0x5acc5	0x5adc5	SOURCE/SMACKMGR	?Close@smackManager@@UAEXXZ	identical-bytes	no-body-change-identified	No instruction or modeled-reference difference identified beyond address translation. Referenced mutable-data contents are outside this classification.
0x5ace4	0x5ade4	SOURCE/SMACKMGR	?Main@smackManager@@UAEFAAUtag_message@@@Z	address-operands-only	no-body-change-identified	No instruction or modeled-reference difference identified beyond address translation. Referenced mutable-data contents are outside this classification.
0x5b659	0x5b759	SOURCE/SMACKMGR	?PlaySmacker@@YAXC@Z	address-operands-only	no-body-change-identified	No instruction or modeled-reference difference identified beyond address translation. Referenced mutable-data contents are outside this classification.
0x5b6f0	0x5b7f0	SOURCE/kbwin	_WinMain@16	address-operands-only	no-body-change-identified	No instruction or modeled-reference difference identified beyond address translation. Referenced mutable-data contents are outside this classification.
0x5b83e	0x5b93e	SOURCE/kbwin	?AppInit@@YAHPAX0HPAD@Z	address-operands-only	no-body-change-identified	No instruction or modeled-reference difference identified beyond address translation. Referenced mutable-data contents are outside this classification.
0x5bb14	0x5bc14	SOURCE/kbwin	?AppIdle@@YAHXZ	identical-bytes	no-body-change-identified	No instruction or modeled-reference difference identified beyond address translation. Referenced mutable-data contents are outside this classification.
0x5bb45	0x5bc45	SOURCE/kbwin	?AppWndProc@@YGJPAXIIJ@Z	address-operands-only	no-body-change-identified	No instruction or modeled-reference difference identified beyond address translation. Referenced mutable-data contents are outside this classification.
0x5c15c	0x5c25c	SOURCE/kbwin	_AppAbout@16	address-operands-only	no-body-change-identified	No instruction or modeled-reference difference identified beyond address translation. Referenced mutable-data contents are outside this classification.
0x5c1ec	0x5c2ec	SOURCE/kbwin	?AppExit@@YAXXZ	address-operands-only	no-body-change-identified	No instruction or modeled-reference difference identified beyond address translation. Referenced mutable-data contents are outside this classification.
0x5c206	0x5c306	SOURCE/kbwin	?Process1WindowsMessage@@YAXXZ	address-operands-only	no-body-change-identified	No instruction or modeled-reference difference identified beyond address translation. Referenced mutable-data contents are outside this classification.
0x5c2d0	0x5c3d0	SOURCE/kbwin	?ResizeWindow@@YAXHHHH@Z	address-operands-only	no-body-change-identified	No instruction or modeled-reference difference identified beyond address translation. Referenced mutable-data contents are outside this classification.
0x5c3f7	0x5c4f7	SOURCE/kbwin	?AppCommand@@YAHPAXIIH@Z	address-operands-only	no-body-change-identified	No instruction or modeled-reference difference identified beyond address translation. Referenced mutable-data contents are outside this classification.
0x5c57c	0x5c67c	SOURCE/kbwin	?UpdateDfltMenu@@YAXPAX@Z	address-operands-only	no-body-change-identified	No instruction or modeled-reference difference identified beyond address translation. Referenced mutable-data contents are outside this classification.
0x5c64c	0x5c74c	SOURCE/kbwin	?KBChangeMenu@@YAXPAX@Z	address-operands-only	no-body-change-identified	No instruction or modeled-reference difference identified beyond address translation. Referenced mutable-data contents are outside this classification.
0x5c6f6	0x5c7f6	SOURCE/kbwin	?SetMenuStatus@@YAXH@Z	address-operands-only	no-body-change-identified	No instruction or modeled-reference difference identified beyond address translation. Referenced mutable-data contents are outside this classification.
0x5c82b	0x5c92b	SOURCE/kbwin	?SetNoDialogMenus@@YAXH@Z	identical-bytes	no-body-change-identified	No instruction or modeled-reference difference identified beyond address translation. Referenced mutable-data contents are outside this classification.
0x5c8a4	0x5c9a4	SOURCE/kbwin	?SetMenus@@YAXPAXH@Z	address-operands-only	no-body-change-identified	No instruction or modeled-reference difference identified beyond address translation. Referenced mutable-data contents are outside this classification.
0x5c9fe	0x5cafe	SOURCE/kbwin	?SetGameDefaults@@YAXXZ	address-operands-only	no-body-change-identified	No instruction or modeled-reference difference identified beyond address translation. Referenced mutable-data contents are outside this classification.
0x5cba1	0x5cca1	SOURCE/kbwin	?ReadPrefsFromFile@@YAXXZ	address-operands-only	no-body-change-identified	No instruction or modeled-reference difference identified beyond address translation. Referenced mutable-data contents are outside this classification.
0x5cdae	0x5ceae	SOURCE/kbwin	?ReadPrefsFromRegistry@@YAXXZ	address-operands-only	no-body-change-identified	No instruction or modeled-reference difference identified beyond address translation. Referenced mutable-data contents are outside this classification.
0x5d2d1	0x5d3d1	SOURCE/kbwin	?ReadPrefs@@YAXXZ	identical-bytes	no-body-change-identified	No instruction or modeled-reference difference identified beyond address translation. Referenced mutable-data contents are outside this classification.
0x5d2e6	0x5d3e6	SOURCE/kbwin	?WritePrefsToFile@@YAXXZ	address-operands-only	no-body-change-identified	No instruction or modeled-reference difference identified beyond address translation. Referenced mutable-data contents are outside this classification.
0x5d370	0x5d470	SOURCE/kbwin	?WritePrefsToRegistry@@YAXXZ	address-operands-only	no-body-change-identified	No instruction or modeled-reference difference identified beyond address translation. Referenced mutable-data contents are outside this classification.
0x5d740	0x5d840	SOURCE/kbwin	?WritePrefs@@YAXXZ	address-operands-only	no-body-change-identified	No instruction or modeled-reference difference identified beyond address translation. Referenced mutable-data contents are outside this classification.
0x5d75a	0x5d85a	SOURCE/kbwin	?SetupCDDrive@@YAHXZ	address-operands-only	no-body-change-identified	No instruction or modeled-reference difference identified beyond address translation. Referenced mutable-data contents are outside this classification.
0x5dc1f	0x5dd1f	SOURCE/kbwin	?SetWinText@@YAXPAVheroWindow@@F@Z	address-operands-only	no-body-change-identified	No instruction or modeled-reference difference identified beyond address translation. Referenced mutable-data contents are outside this classification.
0x5dc9b	0x5dd9b	SOURCE/kbwin	?KBTickCount@@YAHXZ	address-operands-only	no-body-change-identified	No instruction or modeled-reference difference identified beyond address translation. Referenced mutable-data contents are outside this classification.
0x5dcb1	0x5ddb1	SOURCE/kbwin	?ProcessAssert@@YAXHPADH@Z	address-operands-only	no-body-change-identified	No instruction or modeled-reference difference identified beyond address translation. Referenced mutable-data contents are outside this classification.
0x5dd14	0x5de14	SOURCE/kbwin	?FindToken@@YAPADPADD@Z	address-operands-only	no-body-change-identified	No instruction or modeled-reference difference identified beyond address translation. Referenced mutable-data contents are outside this classification.
0x5dd79	0x5de79	SOURCE/kbwin	?FindLastToken@@YAPADPADD@Z	address-operands-only	no-body-change-identified	No instruction or modeled-reference difference identified beyond address translation. Referenced mutable-data contents are outside this classification.
0x5dde0	0x5dee0	SOURCE/EVENTS	?DoEvent@advManager@@QAEXPAVmapCell@@HH@Z	address-operands-only	no-body-change-identified	No instruction or modeled-reference difference identified beyond address translation. Referenced mutable-data contents are outside this classification.
0x5fcfa	0x5fdfa	SOURCE/EVENTS	?EraseObj@advManager@@QAEXPAVmapCell@@HH@Z	changed-body	behavior	Clears the erased object's animation flag in addition to its existing object state.
0x5fed1	0x5fff3	SOURCE/EVENTS	?HeroSwap@advManager@@QAEXPAVhero@@0@Z	address-operands-only	no-body-change-identified	No instruction or modeled-reference difference identified beyond address translation. Referenced mutable-data contents are outside this classification.
0x5ff9e	0x600c0	SOURCE/EVENTS	?TownEvent@advManager@@QAEXPAVmapCell@@HH@Z	address-operands-only	no-body-change-identified	No instruction or modeled-reference difference identified beyond address translation. Referenced mutable-data contents are outside this classification.
0x6015d	0x6027f	SOURCE/EVENTS	?EventSound@advManager@@QAEXFF@Z	address-operands-only	no-body-change-identified	No instruction or modeled-reference difference identified beyond address translation. Referenced mutable-data contents are outside this classification.
0x603a0	0x604c2	SOURCE/EVENTS	?EventWindow@advManager@@QAEXFHPADHHHHH@Z	address-operands-only	no-body-change-identified	No instruction or modeled-reference difference identified beyond address translation. Referenced mutable-data contents are outside this classification.
0x6047e	0x605a0	SOURCE/EVENTS	?GiveArtifact@advManager@@QAEFPAVhero@@C@Z	address-operands-only	no-body-change-identified	No instruction or modeled-reference difference identified beyond address translation. Referenced mutable-data contents are outside this classification.
0x60527	0x60649	SOURCE/EVENTS	?GiveRandomArtifact@advManager@@QAEHPAVhero@@@Z	address-operands-only	no-body-change-identified	No instruction or modeled-reference difference identified beyond address translation. Referenced mutable-data contents are outside this classification.
0x60586	0x606a8	SOURCE/EVENTS	?GiveExperience@advManager@@QAEHPAVhero@@HC@Z	address-operands-only	diagnostic-data	The /Gi function-line static changes from 1110 to 1113; assertion offsets remain +8 and +9. Experience logic is unchanged.
0x60636	0x60758	SOURCE/EVENTS	?GiveResource@advManager@@QAEXPAVhero@@CF@Z	address-operands-only	no-body-change-identified	No instruction or modeled-reference difference identified beyond address translation. Referenced mutable-data contents are outside this classification.
0x60690	0x607b2	SOURCE/EVENTS	?RecruitEvent@advManager@@QAEXPAVhero@@HPAVmapCell@@@Z	address-operands-only	no-body-change-identified	No instruction or modeled-reference difference identified beyond address translation. Referenced mutable-data contents are outside this classification.
0x6077c	0x6089e	SOURCE/EVENTS	?GhostEvent@advManager@@QAECPAVhero@@PAVmapCell@@HHH@Z	address-operands-only	no-body-change-identified	No instruction or modeled-reference difference identified beyond address translation. Referenced mutable-data contents are outside this classification.
0x60a5c	0x60b7e	SOURCE/EVENTS	?HouseEvent@advManager@@QAEXPAVhero@@PAVmapCell@@@Z	address-operands-only	no-body-change-identified	No instruction or modeled-reference difference identified beyond address translation. Referenced mutable-data contents are outside this classification.
0x60b7a	0x60c9c	SOURCE/EVENTS	?CombatMonsterEvent@advManager@@QAECPAVhero@@CFPAVmapCell@@HHCHH@Z	address-operands-only	no-body-change-identified	No instruction or modeled-reference difference identified beyond address translation. Referenced mutable-data contents are outside this classification.
0x60d7a	0x60e9c	SOURCE/EVENTS	?GiveTakeArtifactStat@advManager@@QAEXPAVhero@@CC@Z	address-operands-only	no-body-change-identified	No instruction or modeled-reference difference identified beyond address translation. Referenced mutable-data contents are outside this classification.
0x60fbd	0x610df	SOURCE/EVENTS	?TransferArtifacts@advManager@@QAEXPAVhero@@0@Z	address-operands-only	no-body-change-identified	No instruction or modeled-reference difference identified beyond address translation. Referenced mutable-data contents are outside this classification.
0x611bd	0x612df	SOURCE/EVENTS	?HeroLoses@advManager@@QAEXPAVhero@@@Z	address-operands-only	no-body-change-identified	No instruction or modeled-reference difference identified beyond address translation. Referenced mutable-data contents are outside this classification.
0x6123a	0x6135c	SOURCE/EVENTS	?DoWhirlpool@advManager@@QAEXPAVhero@@@Z	address-operands-only	no-body-change-identified	No instruction or modeled-reference difference identified beyond address translation. Referenced mutable-data contents are outside this classification.
0x61371	0x61493	SOURCE/EVENTS	?FizzleCenter@advManager@@QAEXH@Z	address-operands-only	no-body-change-identified	No instruction or modeled-reference difference identified beyond address translation. Referenced mutable-data contents are outside this classification.
0x61484	0x615a6	SOURCE/EVENTS	?DoAIEvent@advManager@@QAEXPAVmapCell@@PAVhero@@HH@Z	address-operands-only	no-body-change-identified	No instruction or modeled-reference difference identified beyond address translation. Referenced mutable-data contents are outside this classification.
0x625c5	0x626e7	SOURCE/EVENTS	?PlayerMonsterInteract@advManager@@QAEXPAVmapCell@@0PAVhero@@PACHHCHH@Z	address-operands-only	no-body-change-identified	No instruction or modeled-reference difference identified beyond address translation. Referenced mutable-data contents are outside this classification.
0x6275f	0x62881	SOURCE/EVENTS	?ComputerMonsterInteract@advManager@@QAEXPAVmapCell@@PAVhero@@PAC@Z	address-operands-only	no-body-change-identified	No instruction or modeled-reference difference identified beyond address translation. Referenced mutable-data contents are outside this classification.
0x628b1	0x629d3	SOURCE/EVENTS	?DoNetCombat@advManager@@QAEHPAURemoteMessage@@@Z	address-operands-only	no-body-change-identified	No instruction or modeled-reference difference identified beyond address translation. Referenced mutable-data contents are outside this classification.
0x62a40	0x62b62	SOURCE/EVENTS	?DoCombat@advManager@@QAEHHHPAVhero@@PAVarmyGroup@@PAVtown@@01HHHC@Z	address-operands-only	no-body-change-identified	No instruction or modeled-reference difference identified beyond address translation. Referenced mutable-data contents are outside this classification.
0x63006	0x63128	SOURCE/EVENTS	?SendHeroTownData@advManager@@QAEXHHPAVhero@@PAVarmyGroup@@PAVtown@@01HHHCCCC@Z	address-operands-only	no-body-change-identified	No instruction or modeled-reference difference identified beyond address translation. Referenced mutable-data contents are outside this classification.
0x632e0	0x63402	SOURCE/EVENTS	?ReceiveHeroTownData@advManager@@QAEXPAURemoteMessage@@PAH11PAPAVhero@@PAPAVarmyGroup@@PAPAVtown@@23111PAC55@Z	address-operands-only	no-body-change-identified	No instruction or modeled-reference difference identified beyond address translation. Referenced mutable-data contents are outside this classification.
0x63630	0x63750	SOURCE/STRIP	??0strip@@QAE@FFCFCPAVarmyGroup@@FH@Z	address-operands-only	no-body-change-identified	No instruction or modeled-reference difference identified beyond address translation. Referenced mutable-data contents are outside this classification.
0x6390e	0x63a2e	SOURCE/STRIP	??1strip@@QAE@XZ	address-operands-only	no-body-change-identified	No instruction or modeled-reference difference identified beyond address translation. Referenced mutable-data contents are outside this classification.
0x63a20	0x63b40	SOURCE/STRIP	?Draw@strip@@QAEXXZ	address-operands-only	no-body-change-identified	No instruction or modeled-reference difference identified beyond address translation. Referenced mutable-data contents are outside this classification.
0x63a62	0x63b82	SOURCE/STRIP	?DrawIcons@strip@@QAEXC@Z	address-operands-only	no-body-change-identified	No instruction or modeled-reference difference identified beyond address translation. Referenced mutable-data contents are outside this classification.
0x63cd0	0x63df0	SOURCE/STRIP	?DrawFrame@strip@@QAEXXZ	address-operands-only	no-body-change-identified	No instruction or modeled-reference difference identified beyond address translation. Referenced mutable-data contents are outside this classification.
0x63d07	0x63e27	SOURCE/STRIP	??0bankBox@@QAE@FFPAVplayerData@@@Z	address-operands-only	no-body-change-identified	No instruction or modeled-reference difference identified beyond address translation. Referenced mutable-data contents are outside this classification.
0x63e05	0x63f25	SOURCE/STRIP	??1bankBox@@QAE@XZ	address-operands-only	no-body-change-identified	No instruction or modeled-reference difference identified beyond address translation. Referenced mutable-data contents are outside this classification.
0x63e48	0x63f68	SOURCE/STRIP	?Update@bankBox@@QAEXXZ	address-operands-only	no-body-change-identified	No instruction or modeled-reference difference identified beyond address translation. Referenced mutable-data contents are outside this classification.
0x63f10	0x64030	SOURCE/TOWN	??0town@@QAE@XZ	address-operands-only	no-body-change-identified	No instruction or modeled-reference difference identified beyond address translation. Referenced mutable-data contents are outside this classification.
0x63f7b	0x6409b	SOURCE/TOWN	?HasGarrison@town@@QAECXZ	identical-bytes	no-body-change-identified	No instruction or modeled-reference difference identified beyond address translation. Referenced mutable-data contents are outside this classification.
0x63fd0	0x640f0	SOURCE/TOWN	?GiveSpells@town@@QAEXXZ	address-operands-only	no-body-change-identified	No instruction or modeled-reference difference identified beyond address translation. Referenced mutable-data contents are outside this classification.
0x640b1	0x641d1	SOURCE/TOWN	?XformToCastle@town@@QAEXXZ	address-operands-only	no-body-change-identified	No instruction or modeled-reference difference identified beyond address translation. Referenced mutable-data contents are outside this classification.
0x6422d	0x6434d	SOURCE/TOWN	?View@town@@QAEXXZ	address-operands-only	no-body-change-identified	No instruction or modeled-reference difference identified beyond address translation. Referenced mutable-data contents are outside this classification.
0x642d2	0x643f2	SOURCE/TOWN	?Deallocate@town@@QAEXXZ	address-operands-only	no-body-change-identified	No instruction or modeled-reference difference identified beyond address translation. Referenced mutable-data contents are outside this classification.
0x64430	0x64550	SOURCE/NOOPT	?DelayTicks@@YAXH@Z	address-operands-only	no-body-change-identified	No instruction or modeled-reference difference identified beyond address translation. Referenced mutable-data contents are outside this classification.
0x64470	0x64590	SOURCE/NOOPT	?DelayTil@@YAXPAH@Z	address-operands-only	no-body-change-identified	No instruction or modeled-reference difference identified beyond address translation. Referenced mutable-data contents are outside this classification.
0x644c4	0x645e4	SOURCE/NOOPT	?DelayMilli@@YAXH@Z	address-operands-only	no-body-change-identified	No instruction or modeled-reference difference identified beyond address translation. Referenced mutable-data contents are outside this classification.
0x644e7	0x64607	SOURCE/NOOPT	?DelayTilMilli@@YAXH@Z	address-operands-only	no-body-change-identified	No instruction or modeled-reference difference identified beyond address translation. Referenced mutable-data contents are outside this classification.
0x64520	0x64640	SOURCE/AI	?AICheckRetreat@combatManager@@QAEHXZ	address-operands-only	no-body-change-identified	No instruction or modeled-reference difference identified beyond address translation. Referenced mutable-data contents are outside this classification.
0x64ca3	0x64dc3	SOURCE/AI	?DoCompAI@combatManager@@QAEXC@Z	address-operands-only	no-body-change-identified	No instruction or modeled-reference difference identified beyond address translation. Referenced mutable-data contents are outside this classification.
0x65671	0x65791	SOURCE/AI	?GetShooterMask@combatManager@@QAEFC@Z	identical-bytes	no-body-change-identified	No instruction or modeled-reference difference identified beyond address translation. Referenced mutable-data contents are outside this classification.
0x6573b	0x6585b	SOURCE/AI	?GetFlyerMask@combatManager@@QAEFC@Z	identical-bytes	no-body-change-identified	No instruction or modeled-reference difference identified beyond address translation. Referenced mutable-data contents are outside this classification.
0x657f6	0x65916	SOURCE/AI	?GetWalkerMask@combatManager@@QAEFC@Z	identical-bytes	no-body-change-identified	No instruction or modeled-reference difference identified beyond address translation. Referenced mutable-data contents are outside this classification.
0x658cd	0x659ed	SOURCE/AI	?GetBestArmy@combatManager@@QAEFCF@Z	address-operands-only	no-body-change-identified	No instruction or modeled-reference difference identified beyond address translation. Referenced mutable-data contents are outside this classification.
0x65980	0x65aa0	SOURCE/AI	?GetWorstArmy@combatManager@@QAEFCF@Z	address-operands-only	no-body-change-identified	No instruction or modeled-reference difference identified beyond address translation. Referenced mutable-data contents are outside this classification.
0x65a33	0x65b53	SOURCE/AI	?GetClosestArmy@combatManager@@QAEFPAVarmy@@CF@Z	address-operands-only	no-body-change-identified	No instruction or modeled-reference difference identified beyond address translation. Referenced mutable-data contents are outside this classification.
0x65b3c	0x65c5c	SOURCE/AI	?GetStrength@combatManager@@QAEICF@Z	address-operands-only	no-body-change-identified	No instruction or modeled-reference difference identified beyond address translation. Referenced mutable-data contents are outside this classification.
0x65bf7	0x65d17	SOURCE/AI	?AttemptAttack@combatManager@@QAECPAVarmy@@CF@Z	address-operands-only	no-body-change-identified	No instruction or modeled-reference difference identified beyond address translation. Referenced mutable-data contents are outside this classification.
0x65da7	0x65ec7	SOURCE/AI	?AttemptAdjacentAttack@combatManager@@QAECPAVarmy@@@Z	address-operands-only	no-body-change-identified	No instruction or modeled-reference difference identified beyond address translation. Referenced mutable-data contents are outside this classification.
0x66050	0x66170	SOURCE/AI	?WalkTowardArmyFront@combatManager@@QAECPAVarmy@@CF@Z	address-operands-only	no-body-change-identified	No instruction or modeled-reference difference identified beyond address translation. Referenced mutable-data contents are outside this classification.
0x6625f	0x6637f	SOURCE/AI	?WalkTowardArmy@combatManager@@QAECPAVarmy@@CF@Z	address-operands-only	no-body-change-identified	No instruction or modeled-reference difference identified beyond address translation. Referenced mutable-data contents are outside this classification.
0x66490	0x665b0	SOURCE/ARMY	??0army@@QAE@XZ	address-operands-only	no-body-change-identified	No instruction or modeled-reference difference identified beyond address translation. Referenced mutable-data contents are outside this classification.
0x66559	0x66679	SOURCE/ARMY	?WaitSample@army@@QAEXH@Z	identical-bytes	no-body-change-identified	No instruction or modeled-reference difference identified beyond address translation. Referenced mutable-data contents are outside this classification.
0x66571	0x66691	SOURCE/ARMY	?InitClean@army@@QAEXXZ	identical-bytes	no-body-change-identified	No instruction or modeled-reference difference identified beyond address translation. Referenced mutable-data contents are outside this classification.
0x665e2	0x66702	SOURCE/ARMY	?Init@army@@QAEXCFCC@Z	address-operands-only	no-body-change-identified	No instruction or modeled-reference difference identified beyond address translation. Referenced mutable-data contents are outside this classification.
0x66704	0x66824	SOURCE/ARMY	?LoadResources@army@@QAEXXZ	address-operands-only	no-body-change-identified	No instruction or modeled-reference difference identified beyond address translation. Referenced mutable-data contents are outside this classification.
0x6693b	0x66a5b	SOURCE/ARMY	?FreeResources@army@@QAEXXZ	address-operands-only	no-body-change-identified	No instruction or modeled-reference difference identified beyond address translation. Referenced mutable-data contents are outside this classification.
0x66a2c	0x66b4c	SOURCE/ARMY	?DrawToBuffer@army@@QAEXFF@Z	changed-body	codegen	Active-side/member-side equality comparison reverses loads; switch destinations move with the one-byte growth.
0x67281	0x673a2	SOURCE/ARMY	?Stand@army@@QAEXC@Z	address-operands-only	no-body-change-identified	No instruction or modeled-reference difference identified beyond address translation. Referenced mutable-data contents are outside this classification.
0x672e4	0x67405	SOURCE/ARMY	?Wince@army@@QAEXXZ	address-operands-only	no-body-change-identified	No instruction or modeled-reference difference identified beyond address translation. Referenced mutable-data contents are outside this classification.
0x67345	0x67466	SOURCE/ARMY	?Walk@army@@QAEXFCC@Z	changed-body	codegen	Minimum-X clipping comparison reverses operands with the corresponding mirrored condition.
0x67b97	0x67cb9	SOURCE/ARMY	?SpecialAttack@army@@QAEXXZ	address-operands-only	no-body-change-identified	No instruction or modeled-reference difference identified beyond address translation. Referenced mutable-data contents are outside this classification.
0x68861	0x68983	SOURCE/ARMY	?DoHydraAttack@army@@QAEXXZ	address-operands-only	no-body-change-identified	No instruction or modeled-reference difference identified beyond address translation. Referenced mutable-data contents are outside this classification.
0x68fc6	0x690e8	SOURCE/ARMY	?DirDoAttack@army@@QAEXF@Z	identical-bytes	no-body-change-identified	No instruction or modeled-reference difference identified beyond address translation. Referenced mutable-data contents are outside this classification.
0x68ff3	0x69115	SOURCE/ARMY	?DoAttack@army@@QAEXH@Z	changed-body	codegen	Side/index products are evaluated in a different order while retaining the same army-array and occupant-counter addresses.
0x6a080	0x6a1a2	SOURCE/ARMY	?ResetPath@army@@QAEXXZ	address-operands-only	no-body-change-identified	No instruction or modeled-reference difference identified beyond address translation. Referenced mutable-data contents are outside this classification.
0x6a0c9	0x6a1eb	SOURCE/ARMY	?WalkTo@army@@QAEFXZ	identical-bytes	no-body-change-identified	No instruction or modeled-reference difference identified beyond address translation. Referenced mutable-data contents are outside this classification.
0x6a0f0	0x6a212	SOURCE/ARMY	?WalkTo@army@@QAEFF@Z	address-operands-only	no-body-change-identified	No instruction or modeled-reference difference identified beyond address translation. Referenced mutable-data contents are outside this classification.
0x6a1ec	0x6a30e	SOURCE/ARMY	?AttackTo@army@@QAEFXZ	identical-bytes	no-body-change-identified	No instruction or modeled-reference difference identified beyond address translation. Referenced mutable-data contents are outside this classification.
0x6a213	0x6a335	SOURCE/ARMY	?AttackTo@army@@QAEFF@Z	address-operands-only	no-body-change-identified	No instruction or modeled-reference difference identified beyond address translation. Referenced mutable-data contents are outside this classification.
0x6a3dc	0x6a4fe	SOURCE/ARMY	?CheckLuck@army@@QAEXXZ	address-operands-only	no-body-change-identified	No instruction or modeled-reference difference identified beyond address translation. Referenced mutable-data contents are outside this classification.
0x6a625	0x6a747	SOURCE/ARMY	?DamageEnemy@army@@QAEXPAV1@PAH1HH@Z	address-operands-only	no-body-change-identified	No instruction or modeled-reference difference identified beyond address translation. Referenced mutable-data contents are outside this classification.
0x6a8d3	0x6a9f5	SOURCE/ARMY	?Damage@army@@QAEHH@Z	address-operands-only	no-body-change-identified	No instruction or modeled-reference difference identified beyond address translation. Referenced mutable-data contents are outside this classification.
0x6aa49	0x6ab6b	SOURCE/ARMY	?PowEffect@army@@QAEXC@Z	address-operands-only	no-body-change-identified	No instruction or modeled-reference difference identified beyond address translation. Referenced mutable-data contents are outside this classification.
0x6b2f2	0x6b414	SOURCE/ARMY	?Strength@army@@QAEIXZ	identical-bytes	no-body-change-identified	No instruction or modeled-reference difference identified beyond address translation. Referenced mutable-data contents are outside this classification.
0x6b326	0x6b448	SOURCE/ARMY	?SpellEffect@army@@QAEXFH@Z	address-operands-only	no-body-change-identified	No instruction or modeled-reference difference identified beyond address translation. Referenced mutable-data contents are outside this classification.
0x6b457	0x6b579	SOURCE/ARMY	?CancelSpell@army@@QAEXXZ	address-operands-only	no-body-change-identified	No instruction or modeled-reference difference identified beyond address translation. Referenced mutable-data contents are outside this classification.
0x6b509	0x6b62b	SOURCE/ARMY	?GoBerserk@army@@QAEXXZ	address-operands-only	no-body-change-identified	No instruction or modeled-reference difference identified beyond address translation. Referenced mutable-data contents are outside this classification.
0x6b6e7	0x6b809	SOURCE/ARMY	?MoveAttack@army@@QAEXHH@Z	address-operands-only	no-body-change-identified	No instruction or modeled-reference difference identified beyond address translation. Referenced mutable-data contents are outside this classification.
0x6ba90	0x6bbb0	SOURCE/HERO	??0hero@@QAE@XZ	address-operands-only	no-body-change-identified	No instruction or modeled-reference difference identified beyond address translation. Referenced mutable-data contents are outside this classification.
0x6baf8	0x6bc18	SOURCE/HERO	?GetArmyStrengths@hero@@QAEXQAI@Z	identical-bytes	no-body-change-identified	No instruction or modeled-reference difference identified beyond address translation. Referenced mutable-data contents are outside this classification.
0x6bb10	0x6bc30	SOURCE/HERO	?HasArtifact@hero@@QAECC@Z	identical-bytes	no-body-change-identified	No instruction or modeled-reference difference identified beyond address translation. Referenced mutable-data contents are outside this classification.
0x6bb6d	0x6bc8d	SOURCE/HERO	?CalcMobility@hero@@QAEFXZ	address-operands-only	no-body-change-identified	No instruction or modeled-reference difference identified beyond address translation. Referenced mutable-data contents are outside this classification.
0x6bd5a	0x6be7a	SOURCE/HERO	?HasSpell@hero@@QAECC@Z	identical-bytes	no-body-change-identified	No instruction or modeled-reference difference identified beyond address translation. Referenced mutable-data contents are outside this classification.
0x6bdb0	0x6bed0	SOURCE/HERO	?GetNumSpells@hero@@QAEFC@Z	identical-bytes	no-body-change-identified	No instruction or modeled-reference difference identified beyond address translation. Referenced mutable-data contents are outside this classification.
0x6bea0	0x6bfc0	SOURCE/HERO	?UseSpell@hero@@QAEXC@Z	identical-bytes	no-body-change-identified	No instruction or modeled-reference difference identified beyond address translation. Referenced mutable-data contents are outside this classification.
0x6c0b7	0x6c1d7	SOURCE/HERO	?AddSpell@hero@@QAEHCCH@Z	identical-bytes	no-body-change-identified	No instruction or modeled-reference difference identified beyond address translation. Referenced mutable-data contents are outside this classification.
0x6c29a	0x6c3ba	SOURCE/HERO	?RedrawHeroScreen@hero@@QAEXXZ	address-operands-only	no-body-change-identified	No instruction or modeled-reference difference identified beyond address translation. Referenced mutable-data contents are outside this classification.
0x6c2ed	0x6c40d	SOURCE/HERO	?HeroView@hero@@QAECC@Z	address-operands-only	no-body-change-identified	No instruction or modeled-reference difference identified beyond address translation. Referenced mutable-data contents are outside this classification.
0x6c9af	0x6cacf	SOURCE/HERO	?HeroMessageUpdate@@YAXPAD@Z	address-operands-only	no-body-change-identified	No instruction or modeled-reference difference identified beyond address translation. Referenced mutable-data contents are outside this classification.
0x6ca2b	0x6cb4b	SOURCE/HERO	?HeroScreenUpdate@hero@@QAEXXZ	address-operands-only	no-body-change-identified	No instruction or modeled-reference difference identified beyond address translation. Referenced mutable-data contents are outside this classification.
0x6cad6	0x6cbf6	SOURCE/HERO	?UpdateArmies@hero@@QAEXXZ	address-operands-only	no-body-change-identified	No instruction or modeled-reference difference identified beyond address translation. Referenced mutable-data contents are outside this classification.
0x6cc90	0x6cdb0	SOURCE/HERO	?ViewStat@hero@@QAEXCC@Z	address-operands-only	no-body-change-identified	No instruction or modeled-reference difference identified beyond address translation. Referenced mutable-data contents are outside this classification.
0x6ce3f	0x6cf5f	SOURCE/HERO	?ViewArtifact@hero@@QAEXCC@Z	address-operands-only	no-body-change-identified	No instruction or modeled-reference difference identified beyond address translation. Referenced mutable-data contents are outside this classification.
0x6ce89	0x6cfa9	SOURCE/HERO	?Dismiss@hero@@QAECXZ	address-operands-only	no-body-change-identified	No instruction or modeled-reference difference identified beyond address translation. Referenced mutable-data contents are outside this classification.
0x6cee2	0x6d002	SOURCE/HERO	?Deallocate@hero@@QAEXXZ	address-operands-only	no-body-change-identified	No instruction or modeled-reference difference identified beyond address translation. Referenced mutable-data contents are outside this classification.
0x6d334	0x6d454	SOURCE/HERO	?GetExperience@hero@@QAEHH@Z	address-operands-only	no-body-change-identified	No instruction or modeled-reference difference identified beyond address translation. Referenced mutable-data contents are outside this classification.
0x6d404	0x6d524	SOURCE/HERO	?GetLevel@hero@@QAEHH@Z	address-operands-only	no-body-change-identified	No instruction or modeled-reference difference identified beyond address translation. Referenced mutable-data contents are outside this classification.
0x6d4f6	0x6d616	SOURCE/HERO	?ApplyBattleWinTemps@hero@@QAEXXZ	identical-bytes	no-body-change-identified	No instruction or modeled-reference difference identified beyond address translation. Referenced mutable-data contents are outside this classification.
0x6d645	0x6d765	SOURCE/HERO	?ApplyBattleLossTemps@hero@@QAEXXZ	identical-bytes	no-body-change-identified	No instruction or modeled-reference difference identified beyond address translation. Referenced mutable-data contents are outside this classification.
0x6d663	0x6d783	SOURCE/HERO	?CheckLevel@hero@@QAEXXZ	address-operands-only	no-body-change-identified	No instruction or modeled-reference difference identified beyond address translation. Referenced mutable-data contents are outside this classification.
0x6d957	0x6da77	SOURCE/HERO	?NumArtifacts@hero@@QAEHXZ	identical-bytes	no-body-change-identified	No instruction or modeled-reference difference identified beyond address translation. Referenced mutable-data contents are outside this classification.
0x6d9ae	0x6dace	SOURCE/HERO	?UpdateHeroScreenStatusBar@@YAXF@Z	address-operands-only	no-body-change-identified	No instruction or modeled-reference difference identified beyond address translation. Referenced mutable-data contents are outside this classification.
0x6dedc	0x6dffc	SOURCE/HERO	?HeroHandler@@YAFAAUtag_message@@@Z	address-operands-only	no-body-change-identified	No instruction or modeled-reference difference identified beyond address translation. Referenced mutable-data contents are outside this classification.
0x6e5b0	0x6e6d0	SOURCE/HEXCELL	??0hexcell@@QAE@XZ	identical-bytes	no-body-change-identified	No instruction or modeled-reference difference identified beyond address translation. Referenced mutable-data contents are outside this classification.
0x6e5fa	0x6e71a	SOURCE/HEXCELL	?TakeOccupant@hexcell@@QAEPAV1@PAV1@@Z	identical-bytes	no-body-change-identified	No instruction or modeled-reference difference identified beyond address translation. Referenced mutable-data contents are outside this classification.
0x6e647	0x6e767	SOURCE/HEXCELL	?DrawGround@hexcell@@QAEXXZ	address-operands-only	no-body-change-identified	No instruction or modeled-reference difference identified beyond address translation. Referenced mutable-data contents are outside this classification.
0x6e692	0x6e7b2	SOURCE/HEXCELL	?DrawOccupant@hexcell@@QAEXXZ	address-operands-only	no-body-change-identified	No instruction or modeled-reference difference identified beyond address translation. Referenced mutable-data contents are outside this classification.
0x6e71c	0x6e83c	SOURCE/HEXCELL	?DrawTower@hexcell@@QAEXC@Z	address-operands-only	no-body-change-identified	No instruction or modeled-reference difference identified beyond address translation. Referenced mutable-data contents are outside this classification.
0x6e86d	0x6e98d	SOURCE/HEXCELL	?DrawWall@hexcell@@QAEXXZ	address-operands-only	no-body-change-identified	No instruction or modeled-reference difference identified beyond address translation. Referenced mutable-data contents are outside this classification.
0x6eb20	0x6ec40	SOURCE/HEXCELL	?DrawObstacle@hexcell@@QAEXXZ	address-operands-only	no-body-change-identified	No instruction or modeled-reference difference identified beyond address translation. Referenced mutable-data contents are outside this classification.
0x6ecb0	0x6edd0	SOURCE/SWAPMGR	??0swapManager@@QAE@XZ	address-operands-only	no-body-change-identified	No instruction or modeled-reference difference identified beyond address translation. Referenced mutable-data contents are outside this classification.
0x6ed25	0x6ee45	SOURCE/SWAPMGR	??0swapManager@@QAE@PAVhero@@0@Z	address-operands-only	no-body-change-identified	No instruction or modeled-reference difference identified beyond address translation. Referenced mutable-data contents are outside this classification.
0x6ed63	0x6ee83	SOURCE/SWAPMGR	?Reset@swapManager@@QAEXXZ	identical-bytes	no-body-change-identified	No instruction or modeled-reference difference identified beyond address translation. Referenced mutable-data contents are outside this classification.
0x6edb0	0x6eed0	SOURCE/SWAPMGR	?Open@swapManager@@UAEFF@Z	address-operands-only	no-body-change-identified	No instruction or modeled-reference difference identified beyond address translation. Referenced mutable-data contents are outside this classification.
0x6f085	0x6f1a5	SOURCE/SWAPMGR	?Close@swapManager@@UAEXXZ	address-operands-only	no-body-change-identified	No instruction or modeled-reference difference identified beyond address translation. Referenced mutable-data contents are outside this classification.
0x6f1a8	0x6f2c8	SOURCE/SWAPMGR	?DrawSelector@swapManager@@QAEXXZ	address-operands-only	no-body-change-identified	No instruction or modeled-reference difference identified beyond address translation. Referenced mutable-data contents are outside this classification.
0x6f3c7	0x6f4e7	SOURCE/SWAPMGR	?Main@swapManager@@UAEFAAUtag_message@@@Z	address-operands-only	no-body-change-identified	No instruction or modeled-reference difference identified beyond address translation. Referenced mutable-data contents are outside this classification.
0x6fd73	0x6fe93	SOURCE/SWAPMGR	?ViewMon@swapManager@@QAEXXZ	address-operands-only	no-body-change-identified	No instruction or modeled-reference difference identified beyond address translation. Referenced mutable-data contents are outside this classification.
0x6fe18	0x6ff38	SOURCE/SWAPMGR	?SwapArtifacts@swapManager@@QAEXXZ	address-operands-only	no-body-change-identified	No instruction or modeled-reference difference identified beyond address translation. Referenced mutable-data contents are outside this classification.
0x6ff2a	0x7004a	SOURCE/SWAPMGR	?SwapMons@swapManager@@QAEXXZ	address-operands-only	no-body-change-identified	No instruction or modeled-reference difference identified beyond address translation. Referenced mutable-data contents are outside this classification.
0x701b8	0x702d8	SOURCE/SWAPMGR	?Update@swapManager@@QAEXXZ	address-operands-only	no-body-change-identified	No instruction or modeled-reference difference identified beyond address translation. Referenced mutable-data contents are outside this classification.
0x7064a	0x7076a	SOURCE/SWAPMGR	?SplitMons@swapManager@@QAEXXZ	address-operands-only	no-body-change-identified	No instruction or modeled-reference difference identified beyond address translation. Referenced mutable-data contents are outside this classification.
0x709f0	0x70b10	SOURCE/DRAWING	?UpdateGrid@combatManager@@QAEXFH@Z	identical-bytes	no-body-change-identified	No instruction or modeled-reference difference identified beyond address translation. Referenced mutable-data contents are outside this classification.
0x70a4f	0x70b6f	SOURCE/DRAWING	?UpdateGridForMove@combatManager@@QAEXFCH@Z	identical-bytes	no-body-change-identified	No instruction or modeled-reference difference identified beyond address translation. Referenced mutable-data contents are outside this classification.
0x70aa9	0x70bc9	SOURCE/DRAWING	?CombatMessage@combatManager@@QAEXPADH@Z	address-operands-only	no-body-change-identified	No instruction or modeled-reference difference identified beyond address translation. Referenced mutable-data contents are outside this classification.
0x70b5e	0x70c7e	SOURCE/DRAWING	?CombatMessage@combatManager@@QAEXF@Z	address-operands-only	no-body-change-identified	No instruction or modeled-reference difference identified beyond address translation. Referenced mutable-data contents are outside this classification.
0x70e51	0x70f71	SOURCE/DRAWING	?ResetLimitCreature@combatManager@@QAEXXZ	identical-bytes	no-body-change-identified	No instruction or modeled-reference difference identified beyond address translation. Referenced mutable-data contents are outside this classification.
0x70f25	0x71045	SOURCE/DRAWING	?SetGridMode@combatManager@@QAEXC@Z	identical-bytes	no-body-change-identified	No instruction or modeled-reference difference identified beyond address translation. Referenced mutable-data contents are outside this classification.
0x70f49	0x71069	SOURCE/DRAWING	?UpdateCombatArea@combatManager@@QAEXXZ	address-operands-only	no-body-change-identified	No instruction or modeled-reference difference identified beyond address translation. Referenced mutable-data contents are outside this classification.
0x71027	0x71147	SOURCE/DRAWING	?DrawBackground@combatManager@@QAEXXZ	address-operands-only	no-body-change-identified	No instruction or modeled-reference difference identified beyond address translation. Referenced mutable-data contents are outside this classification.
0x711fb	0x7131b	SOURCE/DRAWING	?DrawFrame@combatManager@@QAEXC@Z	address-operands-only	no-body-change-identified	No instruction or modeled-reference difference identified beyond address translation. Referenced mutable-data contents are outside this classification.
0x72030	0x72150	SOURCE/CPUSPEED	?CPUSpeed@@YAHE@Z	address-operands-only	no-body-change-identified	No instruction or modeled-reference difference identified beyond address translation. Referenced mutable-data contents are outside this classification.
0x721f9	0x72319	SOURCE/CPUSPEED	?GetCPUType@@YAFXZ	identical-bytes	no-body-change-identified	No instruction or modeled-reference difference identified beyond address translation. Referenced mutable-data contents are outside this classification.
0x72279	0x72399	SOURCE/CPUSPEED	?TimeProcessor@@YAFXZ	identical-bytes	no-body-change-identified	No instruction or modeled-reference difference identified beyond address translation. Referenced mutable-data contents are outside this classification.
0x72c60	0x72d80	SOURCE/comwin	?add_node@@YAXPAUtag_Anchor@@PAUtag_Node@@@Z	identical-bytes	no-body-change-identified	No instruction or modeled-reference difference identified beyond address translation. Referenced mutable-data contents are outside this classification.
0x72ccb	0x72deb	SOURCE/comwin	?pop_node@@YAPAUtag_Node@@PAUtag_Anchor@@@Z	identical-bytes	no-body-change-identified	No instruction or modeled-reference difference identified beyond address translation. Referenced mutable-data contents are outside this classification.
0x72d14	0x72e34	SOURCE/comwin	?init_anchor@@YAXPAUtag_Anchor@@HH@Z	identical-bytes	no-body-change-identified	No instruction or modeled-reference difference identified beyond address translation. Referenced mutable-data contents are outside this classification.
0x72d37	0x73231	SOURCE/comwin	?com_init@@YAFEHH@Z	changed-body	behavior	Adds fatal error reporting for CreateFile, SetupComm, SetCommState, and SetCommTimeouts failures.
0x7301c	0x73589	SOURCE/comwin	?com_term@@YAXF@Z	address-operands-only	no-body-change-identified	No instruction or modeled-reference difference identified beyond address translation. Referenced mutable-data contents are outside this classification.
0x7312d	0x7369a	SOURCE/comwin	?com_rcv@@YAFFGPAX@Z	changed-body	behavior	Checks ClearCommError and ReadFile results and reports failures through ShutdownComError.
0x731da	0x73773	SOURCE/comwin	?com_snd@@YAFFGGPAXH@Z	changed-body	behavior	Checks SetCommBreak and ClearCommBreak results and reports failures through ShutdownComError.
0x732ed	0x738ba	SOURCE/comwin	?com_sess@@YAFHHZZ	identical-bytes	no-body-change-identified	No instruction or modeled-reference difference identified beyond address translation. Referenced mutable-data contents are outside this classification.
0x73300	0x738cd	SOURCE/comwin	?com_stat@@YAEFG@Z	address-operands-only	no-body-change-identified	No instruction or modeled-reference difference identified beyond address translation. Referenced mutable-data contents are outside this classification.
0x73366	0x73933	SOURCE/comwin	?comm_wrt_task@@YAXXZ	changed-body	behavior	Checks WriteFile results and reports failures through ShutdownComError.
0x7343c	0x73a1a		0x7343c	address-operands-only	no-body-change-identified	No instruction or modeled-reference difference identified beyond address translation. Referenced mutable-data contents are outside this classification.
0x73450	0x73a20	BASE/miscwin	?BlitBitmapToScreen@@YAXPAVbitmap@@HHHHHH@Z	address-operands-only	no-body-change-identified	No instruction or modeled-reference difference identified beyond address translation. Referenced mutable-data contents are outside this classification.
0x735f0	0x73bc0	BASE/miscwin	?GrabScreenBitmap@@YAXPAVbitmap@@HH@Z	address-operands-only	no-body-change-identified	No instruction or modeled-reference difference identified beyond address translation. Referenced mutable-data contents are outside this classification.
0x73620	0x73bf0	BASE/miscwin	?SetPalette@@YAXPACH@Z	address-operands-only	no-body-change-identified	No instruction or modeled-reference difference identified beyond address translation. Referenced mutable-data contents are outside this classification.
0x73670	0x73c40	BASE/miscwin	?FadeIn@@YAXH@Z	address-operands-only	no-body-change-identified	No instruction or modeled-reference difference identified beyond address translation. Referenced mutable-data contents are outside this classification.
0x73750	0x73d20	BASE/miscwin	?FadeOut@@YAXH@Z	address-operands-only	no-body-change-identified	No instruction or modeled-reference difference identified beyond address translation. Referenced mutable-data contents are outside this classification.
0x73820	0x73df0	BASE/miscwin	?Random@@YAHHH@Z	address-operands-only	no-body-change-identified	No instruction or modeled-reference difference identified beyond address translation. Referenced mutable-data contents are outside this classification.
0x73860	0x73e30	BASE/miscwin	?PostprocessPalette@@YAXPAC@Z	identical-bytes	no-body-change-identified	No instruction or modeled-reference difference identified beyond address translation. Referenced mutable-data contents are outside this classification.
0x738c0	0x73e90	BASE/miscwin	?PostprocessBitmap@@YAXPACHH@Z	identical-bytes	no-body-change-identified	No instruction or modeled-reference difference identified beyond address translation. Referenced mutable-data contents are outside this classification.
0x738d0	0x73ea0	BASE/miscwin	?PostprocessIcon@@YAXPAVicon@@@Z	identical-bytes	no-body-change-identified	No instruction or modeled-reference difference identified beyond address translation. Referenced mutable-data contents are outside this classification.
0x738e0	0x73eb0	BASE/miscwin	?ClippedMonoIconToBitmap@@YAXPAVicon@@PAVbitmap@@HHHHHHHHH@Z	identical-bytes	no-body-change-identified	No instruction or modeled-reference difference identified beyond address translation. Referenced mutable-data contents are outside this classification.
0x73ad0	0x740a0	BASE/miscwin	?ClipIconToBitmap@@YAXPAVicon@@PAVbitmap@@HHHHHHHH@Z	changed-body	codegen	Clipping comparisons mirror operands; register allocation and copy-address scheduling change, reducing the body by eight bytes.
0x73d80	0x74350	BASE/miscwin	?PrintMemoryLeaks@@YAXXZ	identical-bytes	no-body-change-identified	No instruction or modeled-reference difference identified beyond address translation. Referenced mutable-data contents are outside this classification.
0x73d90	0x74360	BASE/BASEMGR	??0baseManager@@QAE@XZ	address-operands-only	no-body-change-identified	No instruction or modeled-reference difference identified beyond address translation. Referenced mutable-data contents are outside this classification.
0x73de0	0x743b0	BASE/WINMGR	?CycleColors@@YAXXZ	address-operands-only	no-body-change-identified	No instruction or modeled-reference difference identified beyond address translation. Referenced mutable-data contents are outside this classification.
0x73f90	0x74560	BASE/WINMGR	??0heroWindowManager@@QAE@XZ	identical-bytes	no-body-change-identified	No instruction or modeled-reference difference identified beyond address translation. Referenced mutable-data contents are outside this classification.
0x73fe0	0x745b0	BASE/WINMGR	?Open@heroWindowManager@@UAEFF@Z	address-operands-only	no-body-change-identified	No instruction or modeled-reference difference identified beyond address translation. Referenced mutable-data contents are outside this classification.
0x740a0	0x74670	BASE/WINMGR	?Close@heroWindowManager@@UAEXXZ	identical-bytes	no-body-change-identified	No instruction or modeled-reference difference identified beyond address translation. Referenced mutable-data contents are outside this classification.
0x740f0	0x746c0	BASE/WINMGR	?Main@heroWindowManager@@UAEFAAUtag_message@@@Z	identical-bytes	no-body-change-identified	No instruction or modeled-reference difference identified beyond address translation. Referenced mutable-data contents are outside this classification.
0x74130	0x74700	BASE/WINMGR	?BroadcastMessage@heroWindowManager@@QAEFFFFF@Z	identical-bytes	no-body-change-identified	No instruction or modeled-reference difference identified beyond address translation. Referenced mutable-data contents are outside this classification.
0x7416c	0x7473c		0x7416c	identical-bytes	no-body-change-identified	No instruction or modeled-reference difference identified beyond address translation. Referenced mutable-data contents are outside this classification.
0x74170	0x74740	BASE/WINMGR	?AddWindow@heroWindowManager@@QAEXPAVheroWindow@@FC@Z	identical-bytes	no-body-change-identified	No instruction or modeled-reference difference identified beyond address translation. Referenced mutable-data contents are outside this classification.
0x74240	0x74810	BASE/WINMGR	?RemoveWindow@heroWindowManager@@QAEXPAVheroWindow@@@Z	identical-bytes	no-body-change-identified	No instruction or modeled-reference difference identified beyond address translation. Referenced mutable-data contents are outside this classification.
0x742c7	0x74897		0x742c7	identical-bytes	no-body-change-identified	No instruction or modeled-reference difference identified beyond address translation. Referenced mutable-data contents are outside this classification.
0x742d0	0x748a0	BASE/WINMGR	?DoDialog@heroWindowManager@@QAEFPAVheroWindow@@P6AFAAUtag_message@@@ZH@Z	address-operands-only	no-body-change-identified	No instruction or modeled-reference difference identified beyond address translation. Referenced mutable-data contents are outside this classification.
0x744b0	0x74a80	BASE/WINMGR	?UpdateScreenRegion@heroWindowManager@@QAEXFFFF@Z	address-operands-only	no-body-change-identified	No instruction or modeled-reference difference identified beyond address translation. Referenced mutable-data contents are outside this classification.
0x745a0	0x74b70	BASE/WINMGR	?FadeScreen@heroWindowManager@@QAEXFFPAVpalette@@@Z	address-operands-only	no-body-change-identified	No instruction or modeled-reference difference identified beyond address translation. Referenced mutable-data contents are outside this classification.
0x74660	0x74c30	BASE/WINMGR	?ScreenShot@heroWindowManager@@QAEXXZ	address-operands-only	no-body-change-identified	No instruction or modeled-reference difference identified beyond address translation. Referenced mutable-data contents are outside this classification.
0x746b0	0x74c80	BASE/WINMGR	?SaveFizzleSource@heroWindowManager@@QAEXFFFF@Z	address-operands-only	no-body-change-identified	No instruction or modeled-reference difference identified beyond address translation. Referenced mutable-data contents are outside this classification.
0x74740	0x74d10	BASE/WINMGR	?FizzleForward@heroWindowManager@@QAEXFFFFH@Z	address-operands-only	no-body-change-identified	No instruction or modeled-reference difference identified beyond address translation. Referenced mutable-data contents are outside this classification.
0x74a60	0x75030	BASE/WINMGR	?ReleaseFizzleSource@heroWindowManager@@QAEXXZ	identical-bytes	no-body-change-identified	No instruction or modeled-reference difference identified beyond address translation. Referenced mutable-data contents are outside this classification.
0x74a80	0x75050	BASE/WINDOW	??0heroWindow@@QAE@FFFFF@Z	address-operands-only	no-body-change-identified	No instruction or modeled-reference difference identified beyond address translation. Referenced mutable-data contents are outside this classification.
0x74b30	0x75100	BASE/WINDOW	??0heroWindow@@QAE@FFPAD@Z	address-operands-only	no-body-change-identified	No instruction or modeled-reference difference identified beyond address translation. Referenced mutable-data contents are outside this classification.
0x74f78	0x75548		0x74f78	identical-bytes	no-body-change-identified	No instruction or modeled-reference difference identified beyond address translation. Referenced mutable-data contents are outside this classification.
0x74f80	0x75550	BASE/WINDOW	?Open@heroWindow@@QAEFFC@Z	address-operands-only	no-body-change-identified	No instruction or modeled-reference difference identified beyond address translation. Referenced mutable-data contents are outside this classification.
0x75020	0x755f0	BASE/WINDOW	?Close@heroWindow@@QAEXXZ	identical-bytes	no-body-change-identified	No instruction or modeled-reference difference identified beyond address translation. Referenced mutable-data contents are outside this classification.
0x750d0	0x756a0	BASE/WINDOW	?AddWidget@heroWindow@@QAEXPAVwidget@@F@Z	identical-bytes	no-body-change-identified	No instruction or modeled-reference difference identified beyond address translation. Referenced mutable-data contents are outside this classification.
0x75220	0x757f0	BASE/WINDOW	?RemoveWidget@heroWindow@@QAEXPAVwidget@@@Z	identical-bytes	no-body-change-identified	No instruction or modeled-reference difference identified beyond address translation. Referenced mutable-data contents are outside this classification.
0x75340	0x75910	BASE/WINDOW	?BroadcastMessage@heroWindow@@QAEFAAUtag_message@@@Z	identical-bytes	no-body-change-identified	No instruction or modeled-reference difference identified beyond address translation. Referenced mutable-data contents are outside this classification.
0x753e0	0x759b0	BASE/WINDOW	?DrawWindow@heroWindow@@QAEXXZ	identical-bytes	no-body-change-identified	No instruction or modeled-reference difference identified beyond address translation. Referenced mutable-data contents are outside this classification.
0x75400	0x759d0	BASE/WINDOW	?DrawWindow@heroWindow@@QAEXF@Z	identical-bytes	no-body-change-identified	No instruction or modeled-reference difference identified beyond address translation. Referenced mutable-data contents are outside this classification.
0x75430	0x75a00	BASE/WINDOW	?DrawWindow@heroWindow@@QAEXFHH@Z	address-operands-only	no-body-change-identified	No instruction or modeled-reference difference identified beyond address translation. Referenced mutable-data contents are outside this classification.
0x75530	0x75b00	BASE/WINDOW	?SaveBackground@heroWindow@@QAEFXZ	address-operands-only	no-body-change-identified	No instruction or modeled-reference difference identified beyond address translation. Referenced mutable-data contents are outside this classification.
0x755c0	0x75b90	BASE/WINDOW	?RestoreBackground@heroWindow@@QAEXXZ	address-operands-only	no-body-change-identified	No instruction or modeled-reference difference identified beyond address translation. Referenced mutable-data contents are outside this classification.
0x75650	0x75c20	BASE/WINDOW	?MoveWindow@heroWindow@@QAEXFF@Z	address-operands-only	no-body-change-identified	No instruction or modeled-reference difference identified beyond address translation. Referenced mutable-data contents are outside this classification.
0x75830	0x75e00	BASE/RESMGR	??0resourceManager@@QAE@XZ	address-operands-only	no-body-change-identified	No instruction or modeled-reference difference identified beyond address translation. Referenced mutable-data contents are outside this classification.
0x758d0	0x75ea0	BASE/RESMGR	?GetBackdrop@resourceManager@@QAEXPADPAVbitmap@@@Z	identical-bytes	no-body-change-identified	No instruction or modeled-reference difference identified beyond address translation. Referenced mutable-data contents are outside this classification.
0x75960	0x75f30	BASE/RESMGR	?GetBackdropAtLoc@resourceManager@@QAEXPADPAVbitmap@@HH@Z	identical-bytes	no-body-change-identified	No instruction or modeled-reference difference identified beyond address translation. Referenced mutable-data contents are outside this classification.
0x759f0	0x75fc0	BASE/RESMGR	?GetPalette@resourceManager@@QAEPAVpalette@@PAD@Z	identical-bytes	no-body-change-identified	No instruction or modeled-reference difference identified beyond address translation. Referenced mutable-data contents are outside this classification.
0x75a90	0x76060	BASE/RESMGR	?GetBitmap@resourceManager@@QAEPAVbitmap@@PAD@Z	identical-bytes	no-body-change-identified	No instruction or modeled-reference difference identified beyond address translation. Referenced mutable-data contents are outside this classification.
0x75b30	0x76100	BASE/RESMGR	?GetIcon@resourceManager@@QAEPAVicon@@PAD@Z	identical-bytes	no-body-change-identified	No instruction or modeled-reference difference identified beyond address translation. Referenced mutable-data contents are outside this classification.
0x75b70	0x76140	BASE/RESMGR	?GetIcon@resourceManager@@QAEPAVicon@@F@Z	identical-bytes	no-body-change-identified	No instruction or modeled-reference difference identified beyond address translation. Referenced mutable-data contents are outside this classification.
0x75c00	0x761d0	BASE/RESMGR	?GetTileset@resourceManager@@QAEPAVtileset@@PAD@Z	identical-bytes	no-body-change-identified	No instruction or modeled-reference difference identified beyond address translation. Referenced mutable-data contents are outside this classification.
0x75ca0	0x76270	BASE/RESMGR	?GetFont@resourceManager@@QAEPAVfont@@PAD@Z	identical-bytes	no-body-change-identified	No instruction or modeled-reference difference identified beyond address translation. Referenced mutable-data contents are outside this classification.
0x75d40	0x76310	BASE/RESMGR	?GetSample@resourceManager@@QAEPAVsample@@PAD@Z	identical-bytes	no-body-change-identified	No instruction or modeled-reference difference identified beyond address translation. Referenced mutable-data contents are outside this classification.
0x75de0	0x763b0	BASE/RESMGR	?Dispose@resourceManager@@QAEXPAVresource@@@Z	identical-bytes	no-body-change-identified	No instruction or modeled-reference difference identified beyond address translation. Referenced mutable-data contents are outside this classification.
0x75e70	0x76440	BASE/RESMGR	?AddResource@resourceManager@@QAEXPAVresource@@@Z	identical-bytes	no-body-change-identified	No instruction or modeled-reference difference identified beyond address translation. Referenced mutable-data contents are outside this classification.
0x75ed0	0x764a0	BASE/RESMGR	?Expunge@resourceManager@@QAEXXZ	identical-bytes	no-body-change-identified	No instruction or modeled-reference difference identified beyond address translation. Referenced mutable-data contents are outside this classification.
0x75f60	0x76530	BASE/RESMGR	?Query@resourceManager@@QAEPAVresource@@F@Z	identical-bytes	no-body-change-identified	No instruction or modeled-reference difference identified beyond address translation. Referenced mutable-data contents are outside this classification.
0x75fb0	0x76580	BASE/RESMGR	?Main@resourceManager@@UAEFAAUtag_message@@@Z	identical-bytes	no-body-change-identified	No instruction or modeled-reference difference identified beyond address translation. Referenced mutable-data contents are outside this classification.
0x75fd0	0x765a0	BASE/RESMGR	?Open@resourceManager@@UAEFF@Z	address-operands-only	no-body-change-identified	No instruction or modeled-reference difference identified beyond address translation. Referenced mutable-data contents are outside this classification.
0x76060	0x76630	BASE/RESMGR	?RemoveResource@resourceManager@@QAEXPAVresource@@@Z	identical-bytes	no-body-change-identified	No instruction or modeled-reference difference identified beyond address translation. Referenced mutable-data contents are outside this classification.
0x760f0	0x766c0	BASE/RESMGR	?Close@resourceManager@@UAEXXZ	identical-bytes	no-body-change-identified	No instruction or modeled-reference difference identified beyond address translation. Referenced mutable-data contents are outside this classification.
0x76180	0x76750	BASE/RESMGR	?LoadAggregateHeader@resourceManager@@QAEFPAD@Z	address-operands-only	no-body-change-identified	No instruction or modeled-reference difference identified beyond address translation. Referenced mutable-data contents are outside this classification.
0x76280	0x76850	BASE/RESMGR	?PointToFile@resourceManager@@QAEXF@Z	address-operands-only	no-body-change-identified	No instruction or modeled-reference difference identified beyond address translation. Referenced mutable-data contents are outside this classification.
0x76380	0x76950	BASE/RESMGR	?GetFileSize@resourceManager@@QAEIF@Z	address-operands-only	no-body-change-identified	No instruction or modeled-reference difference identified beyond address translation. Referenced mutable-data contents are outside this classification.
0x76470	0x76a40	BASE/RESMGR	?SavePosition@resourceManager@@QAEXXZ	identical-bytes	no-body-change-identified	No instruction or modeled-reference difference identified beyond address translation. Referenced mutable-data contents are outside this classification.
0x764a0	0x76a70	BASE/RESMGR	?RestorePosition@resourceManager@@QAEXXZ	identical-bytes	no-body-change-identified	No instruction or modeled-reference difference identified beyond address translation. Referenced mutable-data contents are outside this classification.
0x764d0	0x76aa0	BASE/RESMGR	?ReadByte@resourceManager@@QAECXZ	address-operands-only	no-body-change-identified	No instruction or modeled-reference difference identified beyond address translation. Referenced mutable-data contents are outside this classification.
0x76530	0x76b00	BASE/RESMGR	?ReadWord@resourceManager@@QAEFXZ	address-operands-only	no-body-change-identified	No instruction or modeled-reference difference identified beyond address translation. Referenced mutable-data contents are outside this classification.
0x76590	0x76b60	BASE/RESMGR	?ReadLong@resourceManager@@QAEHXZ	address-operands-only	no-body-change-identified	No instruction or modeled-reference difference identified beyond address translation. Referenced mutable-data contents are outside this classification.
0x765f0	0x76bc0	BASE/RESMGR	?MakeId@resourceManager@@QAEFPAD@Z	identical-bytes	no-body-change-identified	No instruction or modeled-reference difference identified beyond address translation. Referenced mutable-data contents are outside this classification.
0x76650	0x76c20	BASE/RESMGR	?Read13@resourceManager@@QAEXPAC@Z	identical-bytes	no-body-change-identified	No instruction or modeled-reference difference identified beyond address translation. Referenced mutable-data contents are outside this classification.
0x76680	0x76c50	BASE/RESMGR	?ReadBlock@resourceManager@@QAEXPACI@Z	address-operands-only	no-body-change-identified	No instruction or modeled-reference difference identified beyond address translation. Referenced mutable-data contents are outside this classification.
0x766e0	0x76cb0	BASE/MOUSEMGR	??0mouseManager@@QAE@XZ	address-operands-only	no-body-change-identified	No instruction or modeled-reference difference identified beyond address translation. Referenced mutable-data contents are outside this classification.
0x76790	0x76d60	BASE/MOUSEMGR	?Open@mouseManager@@UAEFF@Z	identical-bytes	no-body-change-identified	No instruction or modeled-reference difference identified beyond address translation. Referenced mutable-data contents are outside this classification.
0x767e0	0x76db0	BASE/MOUSEMGR	?Close@mouseManager@@UAEXXZ	address-operands-only	no-body-change-identified	No instruction or modeled-reference difference identified beyond address translation. Referenced mutable-data contents are outside this classification.
0x768e0	0x76eb0	BASE/MOUSEMGR	?Main@mouseManager@@UAEFAAUtag_message@@@Z	identical-bytes	no-body-change-identified	No instruction or modeled-reference difference identified beyond address translation. Referenced mutable-data contents are outside this classification.
0x768f0	0x76ec0	BASE/MOUSEMGR	?SetPointer@mouseManager@@QAEXPADF@Z	address-operands-only	no-body-change-identified	No instruction or modeled-reference difference identified beyond address translation. Referenced mutable-data contents are outside this classification.
0x76940	0x76f10	BASE/MOUSEMGR	?SetPointer@mouseManager@@QAEXF@Z	address-operands-only	no-body-change-identified	No instruction or modeled-reference difference identified beyond address translation. Referenced mutable-data contents are outside this classification.
0x76dd0	0x773a0	BASE/MOUSEMGR	?ReallyShowPointer@mouseManager@@QAEXXZ	identical-bytes	no-body-change-identified	No instruction or modeled-reference difference identified beyond address translation. Referenced mutable-data contents are outside this classification.
0x76de0	0x773b0	BASE/MOUSEMGR	?ReallyHidePointer@mouseManager@@QAEXXZ	identical-bytes	no-body-change-identified	No instruction or modeled-reference difference identified beyond address translation. Referenced mutable-data contents are outside this classification.
0x76df0	0x773c0	BASE/MOUSEMGR	?HideColorPointer@mouseManager@@QAEXXZ	identical-bytes	no-body-change-identified	No instruction or modeled-reference difference identified beyond address translation. Referenced mutable-data contents are outside this classification.
0x76e00	0x773d0	BASE/MOUSEMGR	?RestoreUnderlying@mouseManager@@QAEXXZ	identical-bytes	no-body-change-identified	No instruction or modeled-reference difference identified beyond address translation. Referenced mutable-data contents are outside this classification.
0x76e10	0x773e0	BASE/MOUSEMGR	?SaveAndDraw@mouseManager@@QAEXPAVbitmap@@FFF@Z	identical-bytes	no-body-change-identified	No instruction or modeled-reference difference identified beyond address translation. Referenced mutable-data contents are outside this classification.
0x76e20	0x773f0	BASE/MOUSEMGR	?MovePointer@mouseManager@@QAEXFF@Z	identical-bytes	no-body-change-identified	No instruction or modeled-reference difference identified beyond address translation. Referenced mutable-data contents are outside this classification.
0x76e30	0x77400	BASE/MOUSEMGR	?ShowColorPointer@mouseManager@@QAEXXZ	identical-bytes	no-body-change-identified	No instruction or modeled-reference difference identified beyond address translation. Referenced mutable-data contents are outside this classification.
0x76e40	0x77410	BASE/MOUSEMGR	?NewUpdate@mouseManager@@QAEXH@Z	identical-bytes	no-body-change-identified	No instruction or modeled-reference difference identified beyond address translation. Referenced mutable-data contents are outside this classification.
0x76e50	0x77420	BASE/MOUSEMGR	?WarpPointer@mouseManager@@QAEXFF@Z	identical-bytes	no-body-change-identified	No instruction or modeled-reference difference identified beyond address translation. Referenced mutable-data contents are outside this classification.
0x76e60	0x77430	BASE/MOUSEMGR	?MouseCoords@mouseManager@@QAEXAAF0@Z	address-operands-only	no-body-change-identified	No instruction or modeled-reference difference identified beyond address translation. Referenced mutable-data contents are outside this classification.
0x76ec0	0x77490	BASE/MOUSEMGR	?SetCursorShape@mouseManager@@QAEXH@Z	identical-bytes	no-body-change-identified	No instruction or modeled-reference difference identified beyond address translation. Referenced mutable-data contents are outside this classification.
0x76ed0	0x774a0	BASE/MOUSEMGR	?SetColorMice@mouseManager@@QAEXH@Z	identical-bytes	no-body-change-identified	No instruction or modeled-reference difference identified beyond address translation. Referenced mutable-data contents are outside this classification.
0x76ee0	0x774b0	BASE/MOUSEMGR	?HideSystemCursor@mouseManager@@QAEXXZ	address-operands-only	no-body-change-identified	No instruction or modeled-reference difference identified beyond address translation. Referenced mutable-data contents are outside this classification.
0x76ef0	0x774c0	BASE/MOUSEMGR	?ShowSystemCursor@mouseManager@@QAEXXZ	address-operands-only	no-body-change-identified	No instruction or modeled-reference difference identified beyond address translation. Referenced mutable-data contents are outside this classification.
0x76f00	0x774d0	BASE/soundmgr	?CDStop@soundManager@@QAEXXZ	address-operands-only	behavior-data	"MCI command changes from ""stop CD"" to ""stop CD wait"". Calls and instruction layout are otherwise unchanged."
0x77110	0x776e0	BASE/soundmgr	?CDStartup@soundManager@@QAEIXZ	address-operands-only	no-body-change-identified	No instruction or modeled-reference difference identified beyond address translation. Referenced mutable-data contents are outside this classification.
0x771f0	0x777c0	BASE/soundmgr	?CDPlay@soundManager@@QAEXHHHH@Z	address-operands-only	no-body-change-identified	No instruction or modeled-reference difference identified beyond address translation. Referenced mutable-data contents are outside this classification.
0x777b0	0x77d80	BASE/soundmgr	?SetReady2Poll@@YAXXZ	address-operands-only	no-body-change-identified	No instruction or modeled-reference difference identified beyond address translation. Referenced mutable-data contents are outside this classification.
0x77800	0x77dd0	BASE/soundmgr	??0soundManager@@QAE@XZ	address-operands-only	no-body-change-identified	No instruction or modeled-reference difference identified beyond address translation. Referenced mutable-data contents are outside this classification.
0x77870	0x77e40	BASE/soundmgr	?WAVE_init_driver@@YAPAU_DIG_DRIVER@@IGGG@Z	address-operands-only	no-body-change-identified	No instruction or modeled-reference difference identified beyond address translation. Referenced mutable-data contents are outside this classification.
0x77970	0x77f40	BASE/soundmgr	?Open@soundManager@@UAEFF@Z	changed-body	codegen	Sample-handle allocation counter and destination pointer exchange EBX/EDI.
0x77b30	0x78100	BASE/soundmgr	?Close@soundManager@@UAEXXZ	address-operands-only	no-body-change-identified	No instruction or modeled-reference difference identified beyond address translation. Referenced mutable-data contents are outside this classification.
0x77cb0	0x78280	BASE/soundmgr	?Main@soundManager@@UAEFAAUtag_message@@@Z	identical-bytes	no-body-change-identified	No instruction or modeled-reference difference identified beyond address translation. Referenced mutable-data contents are outside this classification.
0x77cc0	0x78290	BASE/soundmgr	?StartSample@soundManager@@QAEPAU_SAMPLE@@PADPAPADFFHHH@Z	changed-body	codegen	Delay-loop counter and cached AIL service address exchange EBX/EDI.
0x78000	0x785d0	BASE/soundmgr	?StopAllSamples@soundManager@@QAEXXZ	changed-body	codegen	A different AIL import is cached in EDI; loop counter/service registers also exchange. API call identities remain the same.
0x780f0	0x786c0	BASE/soundmgr	?StopSample@soundManager@@QAEXPAU_SAMPLE@@@Z	changed-body	codegen	Delay-loop counter and cached AIL service address exchange ESI/EDI.
0x78140	0x78710	BASE/soundmgr	?ModifySample@soundManager@@QAEXPAU_SAMPLE@@FH@Z	address-operands-only	no-body-change-identified	No instruction or modeled-reference difference identified beyond address translation. Referenced mutable-data contents are outside this classification.
0x78340	0x78910	BASE/soundmgr	?DigitalReport@soundManager@@QAEHPAU_SAMPLE@@F@Z	address-operands-only	no-body-change-identified	No instruction or modeled-reference difference identified beyond address translation. Referenced mutable-data contents are outside this classification.
0x78390	0x78960	BASE/soundmgr	?AdjustSoundVolumes@soundManager@@QAEXXZ	address-operands-only	no-body-change-identified	No instruction or modeled-reference difference identified beyond address translation. Referenced mutable-data contents are outside this classification.
0x78450	0x78a20	BASE/soundmgr	?AdjustMusicVolumes@soundManager@@QAEXXZ	address-operands-only	no-body-change-identified	No instruction or modeled-reference difference identified beyond address translation. Referenced mutable-data contents are outside this classification.
0x785c0	0x78b90	BASE/soundmgr	?SetMusicQuality@soundManager@@QAEXH@Z	changed-body	codegen	Delay-loop counter and cached AIL service address exchange EBX/EDI.
0x786d0	0x78ca0	BASE/soundmgr	?PlayAmbientMusic@soundManager@@QAEXHHH@Z	changed-body	codegen	Delay-loop counter and cached AIL service address exchange EBP/EDI.
0x78940	0x78f10	BASE/soundmgr	?PollSound@soundManager@@QAEXXZ	address-operands-only	no-body-change-identified	No instruction or modeled-reference difference identified beyond address translation. Referenced mutable-data contents are outside this classification.
0x78dc9	0x79399		0x78dc9	identical-bytes	no-body-change-identified	No instruction or modeled-reference difference identified beyond address translation. Referenced mutable-data contents are outside this classification.
0x78dd0	0x793a0	BASE/soundmgr	?SwitchAmbientMusic@soundManager@@QAEXH@Z	changed-body	codegen	Inlined sample-status handling uses different registers; body grows one byte inside the same alignment span.
0x78f80	0x79550	BASE/soundmgr	?MemorySample@soundManager@@QAEPAU_SAMPLE@@PAVsample@@@Z	address-operands-only	no-body-change-identified	No instruction or modeled-reference difference identified beyond address translation. Referenced mutable-data contents are outside this classification.
0x79170	0x79740	BASE/soundmgr	?ServiceSound@soundManager@@QAEXXZ	address-operands-only	no-body-change-identified	No instruction or modeled-reference difference identified beyond address translation. Referenced mutable-data contents are outside this classification.
0x79180	0x79750	BASE/soundmgr	?MusicPlaying@soundManager@@QAEHXZ	address-operands-only	no-body-change-identified	No instruction or modeled-reference difference identified beyond address translation. Referenced mutable-data contents are outside this classification.
0x79280	0x79850	BASE/Icon2b	?IconToBitmap@@YAXPAVicon@@PAVbitmap@@HHHH@Z	address-operands-only	no-body-change-identified	No instruction or modeled-reference difference identified beyond address translation. Referenced mutable-data contents are outside this classification.
0x79356	0x79926	BASE/Icon2b	?FlipIconToBitmap@@YAXPAVicon@@PAVbitmap@@HHHH@Z	address-operands-only	no-body-change-identified	No instruction or modeled-reference difference identified beyond address translation. Referenced mutable-data contents are outside this classification.
0x79422	0x799f2	BASE/Icon2b	?MonoIconToBitmap@@YAXPAVicon@@PAVbitmap@@HHHHH@Z	address-operands-only	no-body-change-identified	No instruction or modeled-reference difference identified beyond address translation. Referenced mutable-data contents are outside this classification.
0x794f8	0x79ac8	BASE/Icon2b	?FlipMonoIconToBitmap@@YAXPAVicon@@PAVbitmap@@HHHHH@Z	address-operands-only	no-body-change-identified	No instruction or modeled-reference difference identified beyond address translation. Referenced mutable-data contents are outside this classification.
0x795cc	0x79b9c	BASE/Icon2b	?DimIconToBitmap@@YAXPAVicon@@PAVbitmap@@HHHH@Z	address-operands-only	no-body-change-identified	No instruction or modeled-reference difference identified beyond address translation. Referenced mutable-data contents are outside this classification.
0x796a6	0x79c76	BASE/Icon2b	?FlipDimIconToBitmap@@YAXPAVicon@@PAVbitmap@@HHHH@Z	address-operands-only	no-body-change-identified	No instruction or modeled-reference difference identified beyond address translation. Referenced mutable-data contents are outside this classification.
0x79780	0x79d50	BASE/BORDER	??0border@@QAE@XZ	identical-bytes	no-body-change-identified	No instruction or modeled-reference difference identified beyond address translation. Referenced mutable-data contents are outside this classification.
0x797b0	0x79d80	BASE/BORDER	??_Gborder@@UAEPAXI@Z	address-operands-only	no-body-change-identified	No instruction or modeled-reference difference identified beyond address translation. Referenced mutable-data contents are outside this classification.
0x797f0	0x79dc0	BASE/BORDER	??0border@@QAE@FFFFFFFPAD@Z	address-operands-only	no-body-change-identified	No instruction or modeled-reference difference identified beyond address translation. Referenced mutable-data contents are outside this classification.
0x79850	0x79e20	BASE/BORDER	?Read@border@@QAEXXZ	address-operands-only	no-body-change-identified	No instruction or modeled-reference difference identified beyond address translation. Referenced mutable-data contents are outside this classification.
0x79920	0x79ef0	BASE/BORDER	?Main@border@@UAEFAAUtag_message@@@Z	address-operands-only	no-body-change-identified	No instruction or modeled-reference difference identified beyond address translation. Referenced mutable-data contents are outside this classification.
0x79a80	0x7a050	BASE/BORDER	?Draw@border@@UAEXXZ	address-operands-only	no-body-change-identified	No instruction or modeled-reference difference identified beyond address translation. Referenced mutable-data contents are outside this classification.
0x79b20	0x7a0f0	BASE/ICON	??0icon@@QAE@F@Z	address-operands-only	no-body-change-identified	No instruction or modeled-reference difference identified beyond address translation. Referenced mutable-data contents are outside this classification.
0x79b90	0x7a160	BASE/ICON	??_Gicon@@UAEPAXI@Z	identical-bytes	no-body-change-identified	No instruction or modeled-reference difference identified beyond address translation. Referenced mutable-data contents are outside this classification.
0x79bd0	0x7a1a0	BASE/ICON	?DrawToBuffer@icon@@QAEXFFFCC@Z	changed-body	codegen	Maximum-X/Y clipping comparisons reverse operands with mirrored conditions.
0x79e00	0x7a3d0	BASE/ICON	?ClipFillToBuffer@icon@@QAEXFFFFCCHHHH@Z	address-operands-only	no-body-change-identified	No instruction or modeled-reference difference identified beyond address translation. Referenced mutable-data contents are outside this classification.
0x79e60	0x7a430	BASE/ICON	?FillToBuffer@icon@@QAEXFFFFCC@Z	address-operands-only	no-body-change-identified	No instruction or modeled-reference difference identified beyond address translation. Referenced mutable-data contents are outside this classification.
0x79fa0	0x7a570	BASE/ICON	?DimToBuffer@icon@@QAEXFFFCC@Z	changed-body	codegen	Maximum-X/Y clipping comparisons reverse operands with mirrored conditions.
0x7a170	0x7a740	BASE/EXEC	??0executive@@QAE@XZ	identical-bytes	no-body-change-identified	No instruction or modeled-reference difference identified beyond address translation. Referenced mutable-data contents are outside this classification.
0x7a180	0x7a750	BASE/EXEC	?InitSystem@executive@@QAEFXZ	address-operands-only	no-body-change-identified	No instruction or modeled-reference difference identified beyond address translation. Referenced mutable-data contents are outside this classification.
0x7a230	0x7a800	BASE/EXEC	?ShutDownSystem@executive@@QAEXXZ	changed-body	codegen	Window-manager/current-manager equality comparison reverses operands.
0x7a2c0	0x7a890	BASE/EXEC	?DoDialog@executive@@QAEFPAVbaseManager@@@Z	address-operands-only	no-body-change-identified	No instruction or modeled-reference difference identified beyond address translation. Referenced mutable-data contents are outside this classification.
0x7a3d0	0x7a9a0	BASE/EXEC	?AddManager@executive@@QAEFPAVbaseManager@@F@Z	identical-bytes	no-body-change-identified	No instruction or modeled-reference difference identified beyond address translation. Referenced mutable-data contents are outside this classification.
0x7a4b0	0x7aa80	BASE/EXEC	?RemoveManager@executive@@QAEXPAVbaseManager@@@Z	identical-bytes	no-body-change-identified	No instruction or modeled-reference difference identified beyond address translation. Referenced mutable-data contents are outside this classification.
0x7a530	0x7ab00	BASE/EXEC	?CallManager@executive@@QAEXPAVbaseManager@@@Z	address-operands-only	no-body-change-identified	No instruction or modeled-reference difference identified beyond address translation. Referenced mutable-data contents are outside this classification.
0x7a5a0	0x7ab70	BASE/EXEC	?MainLoop@executive@@QAEXXZ	address-operands-only	no-body-change-identified	No instruction or modeled-reference difference identified beyond address translation. Referenced mutable-data contents are outside this classification.
0x7a6b0	0x7ac80	BASE/BITMAP	??0bitmap@@QAE@XZ	identical-bytes	no-body-change-identified	No instruction or modeled-reference difference identified beyond address translation. Referenced mutable-data contents are outside this classification.
0x7a6e0	0x7acb0	BASE/BITMAP	??_Gbitmap@@UAEPAXI@Z	identical-bytes	no-body-change-identified	No instruction or modeled-reference difference identified beyond address translation. Referenced mutable-data contents are outside this classification.
0x7a720	0x7acf0	BASE/BITMAP	??0bitmap@@QAE@FFF@Z	identical-bytes	no-body-change-identified	No instruction or modeled-reference difference identified beyond address translation. Referenced mutable-data contents are outside this classification.
0x7a770	0x7ad40	BASE/BITMAP	??0bitmap@@QAE@F@Z	address-operands-only	no-body-change-identified	No instruction or modeled-reference difference identified beyond address translation. Referenced mutable-data contents are outside this classification.
0x7a820	0x7adf0	BASE/BITMAP	?DrawToBuffer@bitmap@@QAEXFF@Z	address-operands-only	no-body-change-identified	No instruction or modeled-reference difference identified beyond address translation. Referenced mutable-data contents are outside this classification.
0x7a860	0x7ae30	BASE/BITMAP	?GrabScreen@bitmap@@QAEXFF@Z	identical-bytes	no-body-change-identified	No instruction or modeled-reference difference identified beyond address translation. Referenced mutable-data contents are outside this classification.
0x7a880	0x7ae50	BASE/BITMAP	?GrabBitmap@bitmap@@QAEXPAV1@FF@Z	identical-bytes	no-body-change-identified	No instruction or modeled-reference difference identified beyond address translation. Referenced mutable-data contents are outside this classification.
0x7a8b0	0x7ae80	BASE/BITMAP	?Write@bitmap@@QAEXPAD@Z	address-operands-only	no-body-change-identified	No instruction or modeled-reference difference identified beyond address translation. Referenced mutable-data contents are outside this classification.
0x7a930	0x7af00	BASE/BITMAP	?CopyTo@bitmap@@QAEXPAV1@HHHHHH@Z	address-operands-only	no-body-change-identified	No instruction or modeled-reference difference identified beyond address translation. Referenced mutable-data contents are outside this classification.
0x7a9f0	0x7afc0	BASE/ICONWDGT	??0iconWidget@@QAE@XZ	identical-bytes	no-body-change-identified	No instruction or modeled-reference difference identified beyond address translation. Referenced mutable-data contents are outside this classification.
0x7aa20	0x7aff0	BASE/ICONWDGT	??_GiconWidget@@UAEPAXI@Z	address-operands-only	no-body-change-identified	No instruction or modeled-reference difference identified beyond address translation. Referenced mutable-data contents are outside this classification.
0x7aa60	0x7b030	BASE/ICONWDGT	??0iconWidget@@QAE@FFFFPADCCFFF@Z	address-operands-only	no-body-change-identified	No instruction or modeled-reference difference identified beyond address translation. Referenced mutable-data contents are outside this classification.
0x7aad0	0x7b0a0	BASE/ICONWDGT	?Read@iconWidget@@QAEXXZ	address-operands-only	no-body-change-identified	No instruction or modeled-reference difference identified beyond address translation. Referenced mutable-data contents are outside this classification.
0x7aba0	0x7b170	BASE/ICONWDGT	?Main@iconWidget@@UAEFAAUtag_message@@@Z	address-operands-only	no-body-change-identified	No instruction or modeled-reference difference identified beyond address translation. Referenced mutable-data contents are outside this classification.
0x7ad60	0x7b330	BASE/ICONWDGT	?Draw@iconWidget@@UAEXXZ	address-operands-only	no-body-change-identified	No instruction or modeled-reference difference identified beyond address translation. Referenced mutable-data contents are outside this classification.
0x7add0	0x7b3a0	BASE/TEXTWDGT	??0textWidget@@QAE@XZ	identical-bytes	no-body-change-identified	No instruction or modeled-reference difference identified beyond address translation. Referenced mutable-data contents are outside this classification.
0x7ae10	0x7b3e0	BASE/TEXTWDGT	??_GtextWidget@@UAEPAXI@Z	address-operands-only	no-body-change-identified	No instruction or modeled-reference difference identified beyond address translation. Referenced mutable-data contents are outside this classification.
0x7ae60	0x7b430	BASE/TEXTWDGT	??0textWidget@@QAE@FFFFPAD0FFF@Z	address-operands-only	no-body-change-identified	No instruction or modeled-reference difference identified beyond address translation. Referenced mutable-data contents are outside this classification.
0x7aed0	0x7b4a0	BASE/TEXTWDGT	?Read@textWidget@@QAEXXZ	address-operands-only	no-body-change-identified	No instruction or modeled-reference difference identified beyond address translation. Referenced mutable-data contents are outside this classification.
0x7afc0	0x7b590	BASE/TEXTWDGT	??1textWidget@@UAE@XZ	address-operands-only	no-body-change-identified	No instruction or modeled-reference difference identified beyond address translation. Referenced mutable-data contents are outside this classification.
0x7aff0	0x7b5c0	BASE/TEXTWDGT	?Main@textWidget@@UAEFAAUtag_message@@@Z	identical-bytes	no-body-change-identified	No instruction or modeled-reference difference identified beyond address translation. Referenced mutable-data contents are outside this classification.
0x7b1e0	0x7b7b0	BASE/TEXTWDGT	?Draw@textWidget@@UAEXXZ	identical-bytes	no-body-change-identified	No instruction or modeled-reference difference identified beyond address translation. Referenced mutable-data contents are outside this classification.
0x7b220	0x7b7f0	BASE/TEXTWDGT	?SetText@textWidget@@QAEXPAD@Z	identical-bytes	no-body-change-identified	No instruction or modeled-reference difference identified beyond address translation. Referenced mutable-data contents are outside this classification.
0x7b2c0	0x7b890	BASE/FONT	??0font@@QAE@F@Z	address-operands-only	no-body-change-identified	No instruction or modeled-reference difference identified beyond address translation. Referenced mutable-data contents are outside this classification.
0x7b370	0x7b940	BASE/FONT	??_Gfont@@UAEPAXI@Z	identical-bytes	no-body-change-identified	No instruction or modeled-reference difference identified beyond address translation. Referenced mutable-data contents are outside this classification.
0x7b3b0	0x7b980	BASE/FONT	??1font@@UAE@XZ	address-operands-only	no-body-change-identified	No instruction or modeled-reference difference identified beyond address translation. Referenced mutable-data contents are outside this classification.
0x7b3f0	0x7b9c0	BASE/FONT	?DrawString@font@@QAEXPADFFF@Z	identical-bytes	no-body-change-identified	No instruction or modeled-reference difference identified beyond address translation. Referenced mutable-data contents are outside this classification.
0x7b4d0	0x7baa0	BASE/FONT	?DrawBoundedString@font@@QAEXPADFFFFFF@Z	identical-bytes	no-body-change-identified	No instruction or modeled-reference difference identified beyond address translation. Referenced mutable-data contents are outside this classification.
0x7b7a0	0x7bd70	BASE/FONT	?LineLength@font@@QAEHPADF@Z	identical-bytes	no-body-change-identified	No instruction or modeled-reference difference identified beyond address translation. Referenced mutable-data contents are outside this classification.
0x7b9c0	0x7bf90	BASE/FONT	?LineWidth@font@@QAEHPAD@Z	identical-bytes	no-body-change-identified	No instruction or modeled-reference difference identified beyond address translation. Referenced mutable-data contents are outside this classification.
0x7bac8	0x7c098	BASE/BITS	_BitTest	identical-bytes	no-body-change-identified	No instruction or modeled-reference difference identified beyond address translation. Referenced mutable-data contents are outside this classification.
0x7baf6	0x7c0c6	BASE/BITS	_BitSet	identical-bytes	no-body-change-identified	No instruction or modeled-reference difference identified beyond address translation. Referenced mutable-data contents are outside this classification.
0x7bb16	0x7c0e6	BASE/BITS	_BitClear	identical-bytes	no-body-change-identified	No instruction or modeled-reference difference identified beyond address translation. Referenced mutable-data contents are outside this classification.
0x7bb40	0x7c110	BASE/INPUTMGR	?KeyboardMessageHandler@@YAHPAXIIH@Z	address-operands-only	no-body-change-identified	No instruction or modeled-reference difference identified beyond address translation. Referenced mutable-data contents are outside this classification.
0x7be30	0x7c400	BASE/INPUTMGR	?MouseMessageHandler@@YAHPAXIIH@Z	address-operands-only	no-body-change-identified	No instruction or modeled-reference difference identified beyond address translation. Referenced mutable-data contents are outside this classification.
0x7c0b0	0x7c680	BASE/INPUTMGR	??0inputManager@@QAE@XZ	identical-bytes	no-body-change-identified	No instruction or modeled-reference difference identified beyond address translation. Referenced mutable-data contents are outside this classification.
0x7c120	0x7c6f0	BASE/INPUTMGR	?Open@inputManager@@UAEFF@Z	address-operands-only	no-body-change-identified	No instruction or modeled-reference difference identified beyond address translation. Referenced mutable-data contents are outside this classification.
0x7c1b0	0x7c780	BASE/INPUTMGR	?Close@inputManager@@UAEXXZ	identical-bytes	no-body-change-identified	No instruction or modeled-reference difference identified beyond address translation. Referenced mutable-data contents are outside this classification.
0x7c1f0	0x7c7c0	BASE/INPUTMGR	?Main@inputManager@@UAEFAAUtag_message@@@Z	identical-bytes	no-body-change-identified	No instruction or modeled-reference difference identified beyond address translation. Referenced mutable-data contents are outside this classification.
0x7c200	0x7c7d0	BASE/INPUTMGR	?Flush@inputManager@@QAEXXZ	identical-bytes	no-body-change-identified	No instruction or modeled-reference difference identified beyond address translation. Referenced mutable-data contents are outside this classification.
0x7c220	0x7c7f0	BASE/INPUTMGR	?GetEvent@inputManager@@QAE?AUtag_message@@XZ	address-operands-only	no-body-change-identified	No instruction or modeled-reference difference identified beyond address translation. Referenced mutable-data contents are outside this classification.
0x7c300	0x7c8d0	BASE/INPUTMGR	?SetKeyCodeType@inputManager@@QAEXF@Z	identical-bytes	no-body-change-identified	No instruction or modeled-reference difference identified beyond address translation. Referenced mutable-data contents are outside this classification.
0x7c320	0x7c8f0	BASE/INPUTMGR	?AsciiConvert@inputManager@@QAEXAAUtag_message@@@Z	address-operands-only	no-body-change-identified	No instruction or modeled-reference difference identified beyond address translation. Referenced mutable-data contents are outside this classification.
0x7c4f0	0x7cac0	BASE/INPUTMGR	?MakeScanCodeTable@inputManager@@QAEXXZ	identical-bytes	no-body-change-identified	No instruction or modeled-reference difference identified beyond address translation. Referenced mutable-data contents are outside this classification.
0x7c82c	0x7cdfc	BASE/BMAP2	?BlitBitmap@@YAXPAVbitmap@@HHHH0HH@Z	address-operands-only	no-body-change-identified	No instruction or modeled-reference difference identified beyond address translation. Referenced mutable-data contents are outside this classification.
0x7c8a0	0x7ce70	BASE/BMAP2	?MoveBitmapArea@@YAXPAVbitmap@@HHHHHH@Z	address-operands-only	no-body-change-identified	No instruction or modeled-reference difference identified beyond address translation. Referenced mutable-data contents are outside this classification.
0x7c986	0x7cf56	BASE/BMAP2	?DimBitmapArea@@YAXPAVbitmap@@HHHH@Z	address-operands-only	no-body-change-identified	No instruction or modeled-reference difference identified beyond address translation. Referenced mutable-data contents are outside this classification.
0x7c9d2	0x7cfa2	BASE/BMAP2	?FillBitmapArea@@YAXPAVbitmap@@HHHHH@Z	address-operands-only	no-body-change-identified	No instruction or modeled-reference difference identified beyond address translation. Referenced mutable-data contents are outside this classification.
0x7ca18	0x7cfe8	BASE/MAKEFILEID	?MAKEFILEID@@YAIPAD@Z	identical-bytes	no-body-change-identified	No instruction or modeled-reference difference identified beyond address translation. Referenced mutable-data contents are outside this classification.
0x7ca44	0x7d014	BASE/Icon2bc	?ClippedIconToBitmap@@YAXPAVicon@@PAVbitmap@@HHHH@Z	address-operands-only	no-body-change-identified	No instruction or modeled-reference difference identified beyond address translation. Referenced mutable-data contents are outside this classification.
0x7cca4	0x7d274	BASE/Icon2bc	?FlipClippedIconToBitmap@@YAXPAVicon@@PAVbitmap@@HHHH@Z	address-operands-only	no-body-change-identified	No instruction or modeled-reference difference identified beyond address translation. Referenced mutable-data contents are outside this classification.
0x7cf00	0x7d4d0	BASE/PALETTE	??0palette@@QAE@XZ	identical-bytes	no-body-change-identified	No instruction or modeled-reference difference identified beyond address translation. Referenced mutable-data contents are outside this classification.
0x7cf30	0x7d500	BASE/PALETTE	??_Gpalette@@UAEPAXI@Z	identical-bytes	no-body-change-identified	No instruction or modeled-reference difference identified beyond address translation. Referenced mutable-data contents are outside this classification.
0x7cf70	0x7d540	BASE/PALETTE	??0palette@@QAE@F@Z	address-operands-only	no-body-change-identified	No instruction or modeled-reference difference identified beyond address translation. Referenced mutable-data contents are outside this classification.
0x7cfd0	0x7d5a0	BASE/PALETTE	?Data@palette@@QAEPACXZ	identical-bytes	no-body-change-identified	No instruction or modeled-reference difference identified beyond address translation. Referenced mutable-data contents are outside this classification.
0x7cfe0	0x7d5b0	BASE/BACKDROP	??0backdropWidget@@QAE@XZ	identical-bytes	no-body-change-identified	No instruction or modeled-reference difference identified beyond address translation. Referenced mutable-data contents are outside this classification.
0x7d000	0x7d5d0	BASE/BACKDROP	??_GbackdropWidget@@UAEPAXI@Z	identical-bytes	no-body-change-identified	No instruction or modeled-reference difference identified beyond address translation. Referenced mutable-data contents are outside this classification.
0x7d030	0x7d600	BASE/BACKDROP	??0backdropWidget@@QAE@FFFFFF@Z	identical-bytes	no-body-change-identified	No instruction or modeled-reference difference identified beyond address translation. Referenced mutable-data contents are outside this classification.
0x7d070	0x7d640	BASE/BACKDROP	?Read@backdropWidget@@QAEXXZ	address-operands-only	no-body-change-identified	No instruction or modeled-reference difference identified beyond address translation. Referenced mutable-data contents are outside this classification.
0x7d0d0	0x7d6a0	BASE/BACKDROP	?Main@backdropWidget@@UAEFAAUtag_message@@@Z	identical-bytes	no-body-change-identified	No instruction or modeled-reference difference identified beyond address translation. Referenced mutable-data contents are outside this classification.
0x7d0e0	0x7d6b0	BASE/BACKDROP	?Draw@backdropWidget@@UAEXXZ	address-operands-only	no-body-change-identified	No instruction or modeled-reference difference identified beyond address translation. Referenced mutable-data contents are outside this classification.
0x7d110	0x7d6e0	BASE/TILE	_TileToBitmap	address-operands-only	no-body-change-identified	No instruction or modeled-reference difference identified beyond address translation. Referenced mutable-data contents are outside this classification.
0x7d250	0x7d820	BASE/LZHUF	?DecodeData@@YAHPAD0@Z	address-operands-only	no-body-change-identified	No instruction or modeled-reference difference identified beyond address translation. Referenced mutable-data contents are outside this classification.
0x7d310	0x7d8e0	BASE/LZHUF	?EncodeData@@YAHPAD0I@Z	address-operands-only	no-body-change-identified	No instruction or modeled-reference difference identified beyond address translation. Referenced mutable-data contents are outside this classification.
0x7da60	0x7e030	BASE/LZHUF	?ReconstructEncoderTree@@YAXXZ	address-operands-only	no-body-change-identified	No instruction or modeled-reference difference identified beyond address translation. Referenced mutable-data contents are outside this classification.
0x7dbb0	0x7e180	BASE/LZHUF	?UpdateEncoderTree@@YAXF@Z	address-operands-only	no-body-change-identified	No instruction or modeled-reference difference identified beyond address translation. Referenced mutable-data contents are outside this classification.
0x7ddf0	0x7e3c0	BASE/LZHUF	?InsertNode@@YAXF@Z	address-operands-only	no-body-change-identified	No instruction or modeled-reference difference identified beyond address translation. Referenced mutable-data contents are outside this classification.
0x7dfd0	0x7e5a0	BASE/LZHUF	?DeleteNode@@YAXF@Z	address-operands-only	no-body-change-identified	No instruction or modeled-reference difference identified beyond address translation. Referenced mutable-data contents are outside this classification.
0x7e100	0x7e6d0	BASE/TEXTNTRY	??0textEntryWidget@@QAE@XZ	identical-bytes	no-body-change-identified	No instruction or modeled-reference difference identified beyond address translation. Referenced mutable-data contents are outside this classification.
0x7e130	0x7e700	BASE/TEXTNTRY	??_GtextEntryWidget@@UAEPAXI@Z	address-operands-only	no-body-change-identified	No instruction or modeled-reference difference identified beyond address translation. Referenced mutable-data contents are outside this classification.
0x7e170	0x7e740	BASE/TEXTNTRY	?Read@textEntryWidget@@QAEXH@Z	address-operands-only	no-body-change-identified	No instruction or modeled-reference difference identified beyond address translation. Referenced mutable-data contents are outside this classification.
0x7e360	0x7e930	BASE/TEXTNTRY	?Main@textEntryWidget@@UAEFAAUtag_message@@@Z	address-operands-only	no-body-change-identified	No instruction or modeled-reference difference identified beyond address translation. Referenced mutable-data contents are outside this classification.
0x7eb60	0x7f130	BASE/TEXTNTRY	?Draw@textEntryWidget@@UAEXXZ	identical-bytes	no-body-change-identified	No instruction or modeled-reference difference identified beyond address translation. Referenced mutable-data contents are outside this classification.
0x7ec90	0x7f260	BASE/TEXTNTRY	?SetupDisplayString@textEntryWidget@@QAEXPADG@Z	identical-bytes	no-body-change-identified	No instruction or modeled-reference difference identified beyond address translation. Referenced mutable-data contents are outside this classification.
0x7ee20	0x7f3f0	BASE/DIMMER	??0dimmerWidget@@QAE@XZ	identical-bytes	no-body-change-identified	No instruction or modeled-reference difference identified beyond address translation. Referenced mutable-data contents are outside this classification.
0x7ee70	0x7f440	BASE/DIMMER	?Read@dimmerWidget@@QAEXXZ	address-operands-only	no-body-change-identified	No instruction or modeled-reference difference identified beyond address translation. Referenced mutable-data contents are outside this classification.
0x7eed0	0x7f4a0	BASE/DIMMER	?Main@dimmerWidget@@UAEFAAUtag_message@@@Z	identical-bytes	no-body-change-identified	No instruction or modeled-reference difference identified beyond address translation. Referenced mutable-data contents are outside this classification.
0x7eee0	0x7f4b0	BASE/DIMMER	?Draw@dimmerWidget@@UAEXXZ	identical-bytes	no-body-change-identified	No instruction or modeled-reference difference identified beyond address translation. Referenced mutable-data contents are outside this classification.
0x7eef0	0x7f4c0	BASE/BUTTON	??0button@@QAE@XZ	identical-bytes	no-body-change-identified	No instruction or modeled-reference difference identified beyond address translation. Referenced mutable-data contents are outside this classification.
0x7ef30	0x7f500	BASE/BUTTON	??_Gbutton@@UAEPAXI@Z	address-operands-only	no-body-change-identified	No instruction or modeled-reference difference identified beyond address translation. Referenced mutable-data contents are outside this classification.
0x7ef70	0x7f540	BASE/BUTTON	?Read@button@@QAEXXZ	address-operands-only	no-body-change-identified	No instruction or modeled-reference difference identified beyond address translation. Referenced mutable-data contents are outside this classification.
0x7f050	0x7f620	BASE/BUTTON	?Main@button@@UAEFAAUtag_message@@@Z	address-operands-only	no-body-change-identified	No instruction or modeled-reference difference identified beyond address translation. Referenced mutable-data contents are outside this classification.
0x7f580	0x7fb50	BASE/BUTTON	?Select@button@@QAEFAAUtag_message@@@Z	address-operands-only	no-body-change-identified	No instruction or modeled-reference difference identified beyond address translation. Referenced mutable-data contents are outside this classification.
0x7f620	0x7fbf0	BASE/BUTTON	?Draw@button@@UAEXXZ	identical-bytes	no-body-change-identified	No instruction or modeled-reference difference identified beyond address translation. Referenced mutable-data contents are outside this classification.
0x7f670	0x7fc40	BASE/WIDGET	??0widget@@QAE@FFFFFF@Z	identical-bytes	no-body-change-identified	No instruction or modeled-reference difference identified beyond address translation. Referenced mutable-data contents are outside this classification.
0x7f6d0	0x7fca0	BASE/WIDGET	??1widget@@UAE@XZ	identical-bytes	no-body-change-identified	No instruction or modeled-reference difference identified beyond address translation. Referenced mutable-data contents are outside this classification.
0x7f6e0	0x7fcb0	BASE/WIDGET	?Open@widget@@QAEFFPAVheroWindow@@@Z	identical-bytes	no-body-change-identified	No instruction or modeled-reference difference identified beyond address translation. Referenced mutable-data contents are outside this classification.
0x7f700	0x7fcd0	BASE/WIDGET	?Close@widget@@QAEXXZ	identical-bytes	no-body-change-identified	No instruction or modeled-reference difference identified beyond address translation. Referenced mutable-data contents are outside this classification.
0x7f710	0x7fce0	BASE/WIDGET	?Main@widget@@UAEFAAUtag_message@@@Z	address-operands-only	no-body-change-identified	No instruction or modeled-reference difference identified beyond address translation. Referenced mutable-data contents are outside this classification.
0x7f930	0x7ff00	BASE/WIDGET	?Dim@widget@@QAEXXZ	address-operands-only	no-body-change-identified	No instruction or modeled-reference difference identified beyond address translation. Referenced mutable-data contents are outside this classification.
0x7f970	0x7ff40	BASE/TILESET	??0tileset@@QAE@F@Z	address-operands-only	no-body-change-identified	No instruction or modeled-reference difference identified beyond address translation. Referenced mutable-data contents are outside this classification.
0x7fa20	0x7fff0	BASE/TILESET	??_Gtileset@@UAEPAXI@Z	identical-bytes	no-body-change-identified	No instruction or modeled-reference difference identified beyond address translation. Referenced mutable-data contents are outside this classification.
0x7fa60	0x80030	BASE/SAMPLE	??0sample@@QAE@PADHHH@Z	address-operands-only	no-body-change-identified	No instruction or modeled-reference difference identified beyond address translation. Referenced mutable-data contents are outside this classification.
0x7fbe0	0x801b0	BASE/SAMPLE	??_Gsample@@UAEPAXI@Z	identical-bytes	no-body-change-identified	No instruction or modeled-reference difference identified beyond address translation. Referenced mutable-data contents are outside this classification.
0x7fc20	0x801f0	BASE/RESOURCE	??0resource@@QAE@FFFPAV0@@Z	identical-bytes	no-body-change-identified	No instruction or modeled-reference difference identified beyond address translation. Referenced mutable-data contents are outside this classification.
0x7fc50	0x80220	BASE/RESOURCE	??1resource@@UAE@XZ	identical-bytes	no-body-change-identified	No instruction or modeled-reference difference identified beyond address translation. Referenced mutable-data contents are outside this classification.
0x7fc58	0x80228	BASE/LZHUFDEC	_LzhufMemmove	identical-bytes	no-body-change-identified	No instruction or modeled-reference difference identified beyond address translation. Referenced mutable-data contents are outside this classification.
0x7fca5	0x80275	BASE/LZHUFDEC	_GetBit	address-operands-only	no-body-change-identified	No instruction or modeled-reference difference identified beyond address translation. Referenced mutable-data contents are outside this classification.
0x7fd2a	0x802fa	BASE/LZHUFDEC	_DecodePosition	address-operands-only	no-body-change-identified	No instruction or modeled-reference difference identified beyond address translation. Referenced mutable-data contents are outside this classification.
0x7fdf3	0x803c3	BASE/LZHUFDEC	_UpdateDecoderTree	address-operands-only	no-body-change-identified	No instruction or modeled-reference difference identified beyond address translation. Referenced mutable-data contents are outside this classification.
0x7ff0c	0x804dc	BASE/LZHUFDEC	_ReconstructDecoderTree	address-operands-only	no-body-change-identified	No instruction or modeled-reference difference identified beyond address translation. Referenced mutable-data contents are outside this classification.
0x8005f	0x8062f	BASE/LZHUFDEC	_Decode	address-operands-only	no-body-change-identified	No instruction or modeled-reference difference identified beyond address translation. Referenced mutable-data contents are outside this classification.
0x80188	0x80758		0x80188	address-operands-only	no-body-change-identified	No instruction or modeled-reference difference identified beyond address translation. Referenced mutable-data contents are outside this classification.
0x8018e	0x8075e		0x8018e	address-operands-only	no-body-change-identified	No instruction or modeled-reference difference identified beyond address translation. Referenced mutable-data contents are outside this classification.
0x80194	0x80764		0x80194	address-operands-only	no-body-change-identified	No instruction or modeled-reference difference identified beyond address translation. Referenced mutable-data contents are outside this classification.
0x8019a	0x8076a		0x8019a	address-operands-only	no-body-change-identified	No instruction or modeled-reference difference identified beyond address translation. Referenced mutable-data contents are outside this classification.
0x801a0	0x80770		0x801a0	address-operands-only	no-body-change-identified	No instruction or modeled-reference difference identified beyond address translation. Referenced mutable-data contents are outside this classification.
0x801a6	0x80776		0x801a6	address-operands-only	no-body-change-identified	No instruction or modeled-reference difference identified beyond address translation. Referenced mutable-data contents are outside this classification.
0x801ac	0x8077c		0x801ac	address-operands-only	no-body-change-identified	No instruction or modeled-reference difference identified beyond address translation. Referenced mutable-data contents are outside this classification.
0x801b2	0x80782		0x801b2	address-operands-only	no-body-change-identified	No instruction or modeled-reference difference identified beyond address translation. Referenced mutable-data contents are outside this classification.
0x801b8	0x80788		0x801b8	address-operands-only	no-body-change-identified	No instruction or modeled-reference difference identified beyond address translation. Referenced mutable-data contents are outside this classification.
0x801be	0x8078e		0x801be	address-operands-only	no-body-change-identified	No instruction or modeled-reference difference identified beyond address translation. Referenced mutable-data contents are outside this classification.
0x801c4	0x80794		0x801c4	address-operands-only	no-body-change-identified	No instruction or modeled-reference difference identified beyond address translation. Referenced mutable-data contents are outside this classification.
0x801ca	0x8079a		0x801ca	address-operands-only	no-body-change-identified	No instruction or modeled-reference difference identified beyond address translation. Referenced mutable-data contents are outside this classification.
0x801d0	0x807a0		0x801d0	address-operands-only	no-body-change-identified	No instruction or modeled-reference difference identified beyond address translation. Referenced mutable-data contents are outside this classification.
0x801d6	0x807a6		0x801d6	address-operands-only	no-body-change-identified	No instruction or modeled-reference difference identified beyond address translation. Referenced mutable-data contents are outside this classification.
0x801dc	0x807ac		0x801dc	address-operands-only	no-body-change-identified	No instruction or modeled-reference difference identified beyond address translation. Referenced mutable-data contents are outside this classification.
0x801e2	0x807b2		0x801e2	address-operands-only	no-body-change-identified	No instruction or modeled-reference difference identified beyond address translation. Referenced mutable-data contents are outside this classification.
0x801e8	0x807b8		0x801e8	address-operands-only	no-body-change-identified	No instruction or modeled-reference difference identified beyond address translation. Referenced mutable-data contents are outside this classification.
0x801f0	0x807c0		0x801f0	address-operands-only	no-body-change-identified	No instruction or modeled-reference difference identified beyond address translation. Referenced mutable-data contents are outside this classification.
0x80232	0x80802		0x80232	address-operands-only	no-body-change-identified	No instruction or modeled-reference difference identified beyond address translation. Referenced mutable-data contents are outside this classification.
0x8029a	0x8086a		0x8029a	address-operands-only	no-body-change-identified	No instruction or modeled-reference difference identified beyond address translation. Referenced mutable-data contents are outside this classification.
0x802bd	0x8088d		0x802bd	address-operands-only	no-body-change-identified	No instruction or modeled-reference difference identified beyond address translation. Referenced mutable-data contents are outside this classification.
0x802c6	0x80896		0x802c6	address-operands-only	no-body-change-identified	No instruction or modeled-reference difference identified beyond address translation. Referenced mutable-data contents are outside this classification.
0x802e0	0x808b0		0x802e0	identical-bytes	no-body-change-identified	No instruction or modeled-reference difference identified beyond address translation. Referenced mutable-data contents are outside this classification.
0x80320	0x808f0		0x80320	identical-bytes	no-body-change-identified	No instruction or modeled-reference difference identified beyond address translation. Referenced mutable-data contents are outside this classification.
0x80330	0x80900		0x80330	identical-bytes	no-body-change-identified	No instruction or modeled-reference difference identified beyond address translation. Referenced mutable-data contents are outside this classification.
0x80340	0x80910		0x80340	identical-bytes	no-body-change-identified	No instruction or modeled-reference difference identified beyond address translation. Referenced mutable-data contents are outside this classification.
0x80350	0x80920		0x80350	address-operands-only	no-body-change-identified	No instruction or modeled-reference difference identified beyond address translation. Referenced mutable-data contents are outside this classification.
0x803b0	0x80980		0x803b0	identical-bytes	no-body-change-identified	No instruction or modeled-reference difference identified beyond address translation. Referenced mutable-data contents are outside this classification.
0x803f0	0x809c0		0x803f0	address-operands-only	no-body-change-identified	No instruction or modeled-reference difference identified beyond address translation. Referenced mutable-data contents are outside this classification.
0x80490	0x80a60		0x80490	address-operands-only	no-body-change-identified	No instruction or modeled-reference difference identified beyond address translation. Referenced mutable-data contents are outside this classification.
0x80570	0x80b40		0x80570	identical-bytes	no-body-change-identified	No instruction or modeled-reference difference identified beyond address translation. Referenced mutable-data contents are outside this classification.
0x805e0	0x80bb0		0x805e0	identical-bytes	no-body-change-identified	No instruction or modeled-reference difference identified beyond address translation. Referenced mutable-data contents are outside this classification.
0x805f0	0x80bc0		0x805f0	identical-bytes	no-body-change-identified	No instruction or modeled-reference difference identified beyond address translation. Referenced mutable-data contents are outside this classification.
0x805f8	0x80bc8		0x805f8	identical-bytes	no-body-change-identified	No instruction or modeled-reference difference identified beyond address translation. Referenced mutable-data contents are outside this classification.
0x806e0	0x80cb0		0x806e0	identical-bytes	no-body-change-identified	No instruction or modeled-reference difference identified beyond address translation. Referenced mutable-data contents are outside this classification.
0x806f0	0x80cc0		0x806f0	identical-bytes	no-body-change-identified	No instruction or modeled-reference difference identified beyond address translation. Referenced mutable-data contents are outside this classification.
0x80760	0x80d30		0x80760	address-operands-only	no-body-change-identified	No instruction or modeled-reference difference identified beyond address translation. Referenced mutable-data contents are outside this classification.
0x80810	0x80de0		0x80810	identical-bytes	no-body-change-identified	No instruction or modeled-reference difference identified beyond address translation. Referenced mutable-data contents are outside this classification.
0x80820	0x80df0		_memset	identical-bytes	no-body-change-identified	No instruction or modeled-reference difference identified beyond address translation. Referenced mutable-data contents are outside this classification.
0x80880	0x80e50		0x80880	address-operands-only	no-body-change-identified	No instruction or modeled-reference difference identified beyond address translation. Referenced mutable-data contents are outside this classification.
0x808a0	0x80e70		0x808a0	address-operands-only	no-body-change-identified	No instruction or modeled-reference difference identified beyond address translation. Referenced mutable-data contents are outside this classification.
0x809f0	0x80fc0		0x809f0	address-operands-only	no-body-change-identified	No instruction or modeled-reference difference identified beyond address translation. Referenced mutable-data contents are outside this classification.
0x80a10	0x80fe0		0x80a10	identical-bytes	no-body-change-identified	No instruction or modeled-reference difference identified beyond address translation. Referenced mutable-data contents are outside this classification.
0x80a50	0x81020		0x80a50	address-operands-only	no-body-change-identified	No instruction or modeled-reference difference identified beyond address translation. Referenced mutable-data contents are outside this classification.
0x80a68	0x81038		0x80a68	identical-bytes	no-body-change-identified	No instruction or modeled-reference difference identified beyond address translation. Referenced mutable-data contents are outside this classification.
0x80a90	0x81060		0x80a90	address-operands-only	no-body-change-identified	No instruction or modeled-reference difference identified beyond address translation. Referenced mutable-data contents are outside this classification.
0x80ac0	0x81090		0x80ac0	address-operands-only	no-body-change-identified	No instruction or modeled-reference difference identified beyond address translation. Referenced mutable-data contents are outside this classification.
0x80b00	0x810d0		0x80b00	address-operands-only	no-body-change-identified	No instruction or modeled-reference difference identified beyond address translation. Referenced mutable-data contents are outside this classification.
0x80c17	0x811e7		0x80c17	address-operands-only	no-body-change-identified	No instruction or modeled-reference difference identified beyond address translation. Referenced mutable-data contents are outside this classification.
0x810b6	0x81686		0x810b6	identical-bytes	no-body-change-identified	No instruction or modeled-reference difference identified beyond address translation. Referenced mutable-data contents are outside this classification.
0x810c9	0x81699		0x810c9	identical-bytes	no-body-change-identified	No instruction or modeled-reference difference identified beyond address translation. Referenced mutable-data contents are outside this classification.
0x810dc	0x816ac		0x810dc	identical-bytes	no-body-change-identified	No instruction or modeled-reference difference identified beyond address translation. Referenced mutable-data contents are outside this classification.
0x81128	0x816f8		0x81128	identical-bytes	no-body-change-identified	No instruction or modeled-reference difference identified beyond address translation. Referenced mutable-data contents are outside this classification.
0x811dc	0x817ac		0x811dc	identical-bytes	no-body-change-identified	No instruction or modeled-reference difference identified beyond address translation. Referenced mutable-data contents are outside this classification.
0x81228	0x817f8		0x81228	address-operands-only	no-body-change-identified	No instruction or modeled-reference difference identified beyond address translation. Referenced mutable-data contents are outside this classification.
0x81890	0x81e60		0x81890	identical-bytes	no-body-change-identified	No instruction or modeled-reference difference identified beyond address translation. Referenced mutable-data contents are outside this classification.
0x818a0	0x81e70		0x818a0	identical-bytes	no-body-change-identified	No instruction or modeled-reference difference identified beyond address translation. Referenced mutable-data contents are outside this classification.
0x81920	0x81ef0		0x81920	identical-bytes	no-body-change-identified	No instruction or modeled-reference difference identified beyond address translation. Referenced mutable-data contents are outside this classification.
0x81940	0x81f10		0x81940	identical-bytes	no-body-change-identified	No instruction or modeled-reference difference identified beyond address translation. Referenced mutable-data contents are outside this classification.
0x81980	0x81f50		0x81980	identical-bytes	no-body-change-identified	No instruction or modeled-reference difference identified beyond address translation. Referenced mutable-data contents are outside this classification.
0x819e0	0x81fb0		0x819e0	identical-bytes	no-body-change-identified	No instruction or modeled-reference difference identified beyond address translation. Referenced mutable-data contents are outside this classification.
0x81a50	0x82020		0x81a50	identical-bytes	no-body-change-identified	No instruction or modeled-reference difference identified beyond address translation. Referenced mutable-data contents are outside this classification.
0x81a90	0x82060		0x81a90	identical-bytes	no-body-change-identified	No instruction or modeled-reference difference identified beyond address translation. Referenced mutable-data contents are outside this classification.
0x81ab0	0x82080		0x81ab0	address-operands-only	no-body-change-identified	No instruction or modeled-reference difference identified beyond address translation. Referenced mutable-data contents are outside this classification.
0x81b00	0x820d0		0x81b00	address-operands-only	no-body-change-identified	No instruction or modeled-reference difference identified beyond address translation. Referenced mutable-data contents are outside this classification.
0x81c50	0x82220		0x81c50	identical-bytes	no-body-change-identified	No instruction or modeled-reference difference identified beyond address translation. Referenced mutable-data contents are outside this classification.
0x81ce0	0x822b0		0x81ce0	identical-bytes	no-body-change-identified	No instruction or modeled-reference difference identified beyond address translation. Referenced mutable-data contents are outside this classification.
0x81d00	0x822d0		0x81d00	identical-bytes	no-body-change-identified	No instruction or modeled-reference difference identified beyond address translation. Referenced mutable-data contents are outside this classification.
0x81d10	0x822e0		0x81d10	identical-bytes	no-body-change-identified	No instruction or modeled-reference difference identified beyond address translation. Referenced mutable-data contents are outside this classification.
0x81d40	0x82310		0x81d40	address-operands-only	no-body-change-identified	No instruction or modeled-reference difference identified beyond address translation. Referenced mutable-data contents are outside this classification.
0x81d70	0x82340		0x81d70	identical-bytes	no-body-change-identified	No instruction or modeled-reference difference identified beyond address translation. Referenced mutable-data contents are outside this classification.
0x81d90	0x82360		0x81d90	identical-bytes	no-body-change-identified	No instruction or modeled-reference difference identified beyond address translation. Referenced mutable-data contents are outside this classification.
0x81db0	0x82380		0x81db0	address-operands-only	no-body-change-identified	No instruction or modeled-reference difference identified beyond address translation. Referenced mutable-data contents are outside this classification.
0x81e40	0x82410		0x81e40	identical-bytes	no-body-change-identified	No instruction or modeled-reference difference identified beyond address translation. Referenced mutable-data contents are outside this classification.
0x81e50	0x82420		0x81e50	identical-bytes	no-body-change-identified	No instruction or modeled-reference difference identified beyond address translation. Referenced mutable-data contents are outside this classification.
0x81e60	0x82430		0x81e60	identical-bytes	no-body-change-identified	No instruction or modeled-reference difference identified beyond address translation. Referenced mutable-data contents are outside this classification.
0x81e80	0x82450		0x81e80	identical-bytes	no-body-change-identified	No instruction or modeled-reference difference identified beyond address translation. Referenced mutable-data contents are outside this classification.
0x81eb0	0x82480		0x81eb0	identical-bytes	no-body-change-identified	No instruction or modeled-reference difference identified beyond address translation. Referenced mutable-data contents are outside this classification.
0x81ef0	0x824c0		0x81ef0	identical-bytes	no-body-change-identified	No instruction or modeled-reference difference identified beyond address translation. Referenced mutable-data contents are outside this classification.
0x82040	0x82610		0x82040	identical-bytes	no-body-change-identified	No instruction or modeled-reference difference identified beyond address translation. Referenced mutable-data contents are outside this classification.
0x82080	0x82650		0x82080	identical-bytes	no-body-change-identified	No instruction or modeled-reference difference identified beyond address translation. Referenced mutable-data contents are outside this classification.
0x82120	0x826f0		0x82120	identical-bytes	no-body-change-identified	No instruction or modeled-reference difference identified beyond address translation. Referenced mutable-data contents are outside this classification.
0x82150	0x82720		0x82150	address-operands-only	no-body-change-identified	No instruction or modeled-reference difference identified beyond address translation. Referenced mutable-data contents are outside this classification.
0x82300	0x828d0		0x82300	identical-bytes	no-body-change-identified	No instruction or modeled-reference difference identified beyond address translation. Referenced mutable-data contents are outside this classification.
0x82340	0x82910		0x82340	identical-bytes	no-body-change-identified	No instruction or modeled-reference difference identified beyond address translation. Referenced mutable-data contents are outside this classification.
0x82380	0x82950		0x82380	identical-bytes	no-body-change-identified	No instruction or modeled-reference difference identified beyond address translation. Referenced mutable-data contents are outside this classification.
0x82500	0x82ad0		0x82500	address-operands-only	no-body-change-identified	No instruction or modeled-reference difference identified beyond address translation. Referenced mutable-data contents are outside this classification.
0x82580	0x82b50		0x82580	address-operands-only	no-body-change-identified	No instruction or modeled-reference difference identified beyond address translation. Referenced mutable-data contents are outside this classification.
0x82610	0x82be0		0x82610	address-operands-only	no-body-change-identified	No instruction or modeled-reference difference identified beyond address translation. Referenced mutable-data contents are outside this classification.
0x826c0	0x82c90		0x826c0	address-operands-only	no-body-change-identified	No instruction or modeled-reference difference identified beyond address translation. Referenced mutable-data contents are outside this classification.
0x82860	0x82e30		0x82860	address-operands-only	no-body-change-identified	No instruction or modeled-reference difference identified beyond address translation. Referenced mutable-data contents are outside this classification.
0x82890	0x82e60		0x82890	address-operands-only	no-body-change-identified	No instruction or modeled-reference difference identified beyond address translation. Referenced mutable-data contents are outside this classification.
0x82900	0x82ed0		0x82900	address-operands-only	no-body-change-identified	No instruction or modeled-reference difference identified beyond address translation. Referenced mutable-data contents are outside this classification.
0x82990	0x82f60		0x82990	address-operands-only	no-body-change-identified	No instruction or modeled-reference difference identified beyond address translation. Referenced mutable-data contents are outside this classification.
0x82a10	0x82fe0		0x82a10	address-operands-only	no-body-change-identified	No instruction or modeled-reference difference identified beyond address translation. Referenced mutable-data contents are outside this classification.
0x82c40	0x83210		0x82c40	identical-bytes	no-body-change-identified	No instruction or modeled-reference difference identified beyond address translation. Referenced mutable-data contents are outside this classification.
0x82c60	0x83230		0x82c60	address-operands-only	no-body-change-identified	No instruction or modeled-reference difference identified beyond address translation. Referenced mutable-data contents are outside this classification.
0x830c0	0x83690		0x830c0	address-operands-only	no-body-change-identified	No instruction or modeled-reference difference identified beyond address translation. Referenced mutable-data contents are outside this classification.
0x83140	0x83710		0x83140	address-operands-only	no-body-change-identified	No instruction or modeled-reference difference identified beyond address translation. Referenced mutable-data contents are outside this classification.
0x83340	0x83910		0x83340	address-operands-only	no-body-change-identified	No instruction or modeled-reference difference identified beyond address translation. Referenced mutable-data contents are outside this classification.
0x83410	0x839e0		0x83410	address-operands-only	no-body-change-identified	No instruction or modeled-reference difference identified beyond address translation. Referenced mutable-data contents are outside this classification.
0x834c0	0x83a90		0x834c0	address-operands-only	no-body-change-identified	No instruction or modeled-reference difference identified beyond address translation. Referenced mutable-data contents are outside this classification.
0x83520	0x83af0		0x83520	address-operands-only	no-body-change-identified	No instruction or modeled-reference difference identified beyond address translation. Referenced mutable-data contents are outside this classification.
0x83590	0x83b60		0x83590	identical-bytes	no-body-change-identified	No instruction or modeled-reference difference identified beyond address translation. Referenced mutable-data contents are outside this classification.
0x83650	0x83c20		0x83650	identical-bytes	no-body-change-identified	No instruction or modeled-reference difference identified beyond address translation. Referenced mutable-data contents are outside this classification.
0x838f0	0x83ec0		0x838f0	identical-bytes	no-body-change-identified	No instruction or modeled-reference difference identified beyond address translation. Referenced mutable-data contents are outside this classification.
0x839d0	0x83fa0		0x839d0	identical-bytes	no-body-change-identified	No instruction or modeled-reference difference identified beyond address translation. Referenced mutable-data contents are outside this classification.
0x83a70	0x84040		0x83a70	address-operands-only	no-body-change-identified	No instruction or modeled-reference difference identified beyond address translation. Referenced mutable-data contents are outside this classification.
0x83b60	0x84130		0x83b60	identical-bytes	no-body-change-identified	No instruction or modeled-reference difference identified beyond address translation. Referenced mutable-data contents are outside this classification.
0x83c00	0x841d0		0x83c00	address-operands-only	no-body-change-identified	No instruction or modeled-reference difference identified beyond address translation. Referenced mutable-data contents are outside this classification.
0x83d50	0x84320		0x83d50	address-operands-only	no-body-change-identified	No instruction or modeled-reference difference identified beyond address translation. Referenced mutable-data contents are outside this classification.
0x83f50	0x84520		0x83f50	address-operands-only	no-body-change-identified	No instruction or modeled-reference difference identified beyond address translation. Referenced mutable-data contents are outside this classification.
0x83fd0	0x845a0		0x83fd0	identical-bytes	no-body-change-identified	No instruction or modeled-reference difference identified beyond address translation. Referenced mutable-data contents are outside this classification.
0x84000	0x845d0		0x84000	identical-bytes	no-body-change-identified	No instruction or modeled-reference difference identified beyond address translation. Referenced mutable-data contents are outside this classification.
0x84050	0x84620		0x84050	address-operands-only	no-body-change-identified	No instruction or modeled-reference difference identified beyond address translation. Referenced mutable-data contents are outside this classification.
0x840b0	0x84680		0x840b0	address-operands-only	no-body-change-identified	No instruction or modeled-reference difference identified beyond address translation. Referenced mutable-data contents are outside this classification.
0x840d0	0x846a0		0x840d0	address-operands-only	no-body-change-identified	No instruction or modeled-reference difference identified beyond address translation. Referenced mutable-data contents are outside this classification.
0x84140	0x84710		0x84140	address-operands-only	no-body-change-identified	No instruction or modeled-reference difference identified beyond address translation. Referenced mutable-data contents are outside this classification.
0x84290	0x84860		0x84290	address-operands-only	no-body-change-identified	No instruction or modeled-reference difference identified beyond address translation. Referenced mutable-data contents are outside this classification.
0x84c70	0x85240		0x84c70	identical-bytes	no-body-change-identified	No instruction or modeled-reference difference identified beyond address translation. Referenced mutable-data contents are outside this classification.
0x84cc0	0x85290		0x84cc0	identical-bytes	no-body-change-identified	No instruction or modeled-reference difference identified beyond address translation. Referenced mutable-data contents are outside this classification.
0x84d00	0x852d0		0x84d00	identical-bytes	no-body-change-identified	No instruction or modeled-reference difference identified beyond address translation. Referenced mutable-data contents are outside this classification.
0x84d40	0x85310		0x84d40	identical-bytes	no-body-change-identified	No instruction or modeled-reference difference identified beyond address translation. Referenced mutable-data contents are outside this classification.
0x84d50	0x85320		0x84d50	identical-bytes	no-body-change-identified	No instruction or modeled-reference difference identified beyond address translation. Referenced mutable-data contents are outside this classification.
0x84d70	0x85340		0x84d70	identical-bytes	no-body-change-identified	No instruction or modeled-reference difference identified beyond address translation. Referenced mutable-data contents are outside this classification.
0x84d80	0x85350		0x84d80	address-operands-only	no-body-change-identified	No instruction or modeled-reference difference identified beyond address translation. Referenced mutable-data contents are outside this classification.
0x84e20	0x853f0		0x84e20	address-operands-only	no-body-change-identified	No instruction or modeled-reference difference identified beyond address translation. Referenced mutable-data contents are outside this classification.
0x84e40	0x85410		0x84e40	address-operands-only	no-body-change-identified	No instruction or modeled-reference difference identified beyond address translation. Referenced mutable-data contents are outside this classification.
0x84e80	0x85450		0x84e80	identical-bytes	no-body-change-identified	No instruction or modeled-reference difference identified beyond address translation. Referenced mutable-data contents are outside this classification.
0x84ea0	0x85470		0x84ea0	identical-bytes	no-body-change-identified	No instruction or modeled-reference difference identified beyond address translation. Referenced mutable-data contents are outside this classification.
0x84ef0	0x854c0		0x84ef0	address-operands-only	no-body-change-identified	No instruction or modeled-reference difference identified beyond address translation. Referenced mutable-data contents are outside this classification.
0x85150	0x85720		0x85150	identical-bytes	no-body-change-identified	No instruction or modeled-reference difference identified beyond address translation. Referenced mutable-data contents are outside this classification.
0x851d0	0x857a0		0x851d0	address-operands-only	no-body-change-identified	No instruction or modeled-reference difference identified beyond address translation. Referenced mutable-data contents are outside this classification.
0x852c0	0x85890		0x852c0	identical-bytes	no-body-change-identified	No instruction or modeled-reference difference identified beyond address translation. Referenced mutable-data contents are outside this classification.
0x85330	0x85900		0x85330	address-operands-only	no-body-change-identified	No instruction or modeled-reference difference identified beyond address translation. Referenced mutable-data contents are outside this classification.
0x853f0	0x859c0		0x853f0	identical-bytes	no-body-change-identified	No instruction or modeled-reference difference identified beyond address translation. Referenced mutable-data contents are outside this classification.
0x85510	0x85ae0		0x85510	identical-bytes	no-body-change-identified	No instruction or modeled-reference difference identified beyond address translation. Referenced mutable-data contents are outside this classification.
0x85540	0x85b10		0x85540	address-operands-only	no-body-change-identified	No instruction or modeled-reference difference identified beyond address translation. Referenced mutable-data contents are outside this classification.
0x85570	0x85b40		0x85570	address-operands-only	no-body-change-identified	No instruction or modeled-reference difference identified beyond address translation. Referenced mutable-data contents are outside this classification.
0x855e0	0x85bb0		0x855e0	address-operands-only	no-body-change-identified	No instruction or modeled-reference difference identified beyond address translation. Referenced mutable-data contents are outside this classification.
0x85600	0x85bd0		0x85600	address-operands-only	no-body-change-identified	No instruction or modeled-reference difference identified beyond address translation. Referenced mutable-data contents are outside this classification.
0x85640	0x85c10		0x85640	address-operands-only	no-body-change-identified	No instruction or modeled-reference difference identified beyond address translation. Referenced mutable-data contents are outside this classification.
0x85670	0x85c40		0x85670	address-operands-only	no-body-change-identified	No instruction or modeled-reference difference identified beyond address translation. Referenced mutable-data contents are outside this classification.
0x856b0	0x85c80		0x856b0	address-operands-only	no-body-change-identified	No instruction or modeled-reference difference identified beyond address translation. Referenced mutable-data contents are outside this classification.
0x856e0	0x85cb0		0x856e0	identical-bytes	no-body-change-identified	No instruction or modeled-reference difference identified beyond address translation. Referenced mutable-data contents are outside this classification.
0x85720	0x85cf0		0x85720	identical-bytes	no-body-change-identified	No instruction or modeled-reference difference identified beyond address translation. Referenced mutable-data contents are outside this classification.
0x85760	0x85d30		0x85760	identical-bytes	no-body-change-identified	No instruction or modeled-reference difference identified beyond address translation. Referenced mutable-data contents are outside this classification.
0x857e0	0x85db0		0x857e0	address-operands-only	no-body-change-identified	No instruction or modeled-reference difference identified beyond address translation. Referenced mutable-data contents are outside this classification.
0x858a0	0x85e70		0x858a0	address-operands-only	no-body-change-identified	No instruction or modeled-reference difference identified beyond address translation. Referenced mutable-data contents are outside this classification.
0x85940	0x85f10		0x85940	identical-bytes	no-body-change-identified	No instruction or modeled-reference difference identified beyond address translation. Referenced mutable-data contents are outside this classification.
0x85980	0x85f50		0x85980	address-operands-only	no-body-change-identified	No instruction or modeled-reference difference identified beyond address translation. Referenced mutable-data contents are outside this classification.
0x85b90	0x86160		0x85b90	address-operands-only	no-body-change-identified	No instruction or modeled-reference difference identified beyond address translation. Referenced mutable-data contents are outside this classification.
0x85e90	0x86460		0x85e90	address-operands-only	no-body-change-identified	No instruction or modeled-reference difference identified beyond address translation. Referenced mutable-data contents are outside this classification.
0x85ece	0x8649e		0x85ece	address-operands-only	no-body-change-identified	No instruction or modeled-reference difference identified beyond address translation. Referenced mutable-data contents are outside this classification.
0x85f0b	0x864db		0x85f0b	identical-bytes	no-body-change-identified	No instruction or modeled-reference difference identified beyond address translation. Referenced mutable-data contents are outside this classification.
0x85f53	0x86523		0x85f53	identical-bytes	no-body-change-identified	No instruction or modeled-reference difference identified beyond address translation. Referenced mutable-data contents are outside this classification.
0x85f5a	0x8652a		0x85f5a	address-operands-only	no-body-change-identified	No instruction or modeled-reference difference identified beyond address translation. Referenced mutable-data contents are outside this classification.
0x8608b	0x8665b		0x8608b	identical-bytes	no-body-change-identified	No instruction or modeled-reference difference identified beyond address translation. Referenced mutable-data contents are outside this classification.
0x860be	0x8668e		0x860be	identical-bytes	no-body-change-identified	No instruction or modeled-reference difference identified beyond address translation. Referenced mutable-data contents are outside this classification.
0x86100	0x866d0		0x86100	address-operands-only	no-body-change-identified	No instruction or modeled-reference difference identified beyond address translation. Referenced mutable-data contents are outside this classification.
0x86200	0x867d0		0x86200	address-operands-only	no-body-change-identified	No instruction or modeled-reference difference identified beyond address translation. Referenced mutable-data contents are outside this classification.
0x86280	0x86850		0x86280	identical-bytes	no-body-change-identified	No instruction or modeled-reference difference identified beyond address translation. Referenced mutable-data contents are outside this classification.
0x86290	0x86860		0x86290	identical-bytes	no-body-change-identified	No instruction or modeled-reference difference identified beyond address translation. Referenced mutable-data contents are outside this classification.
0x862a0	0x86870		0x862a0	address-operands-only	no-body-change-identified	No instruction or modeled-reference difference identified beyond address translation. Referenced mutable-data contents are outside this classification.
0x86480	0x86a50		0x86480	address-operands-only	no-body-change-identified	No instruction or modeled-reference difference identified beyond address translation. Referenced mutable-data contents are outside this classification.
0x865d0	0x86ba0		0x865d0	address-operands-only	no-body-change-identified	No instruction or modeled-reference difference identified beyond address translation. Referenced mutable-data contents are outside this classification.
0x86680	0x86c50		0x86680	address-operands-only	no-body-change-identified	No instruction or modeled-reference difference identified beyond address translation. Referenced mutable-data contents are outside this classification.
0x86720	0x86cf0		0x86720	address-operands-only	no-body-change-identified	No instruction or modeled-reference difference identified beyond address translation. Referenced mutable-data contents are outside this classification.
0x86770	0x86d40		0x86770	address-operands-only	no-body-change-identified	No instruction or modeled-reference difference identified beyond address translation. Referenced mutable-data contents are outside this classification.
0x867e0	0x86db0		0x867e0	address-operands-only	no-body-change-identified	No instruction or modeled-reference difference identified beyond address translation. Referenced mutable-data contents are outside this classification.
0x86810	0x86de0		0x86810	address-operands-only	no-body-change-identified	No instruction or modeled-reference difference identified beyond address translation. Referenced mutable-data contents are outside this classification.
0x868a0	0x86e70		0x868a0	address-operands-only	no-body-change-identified	No instruction or modeled-reference difference identified beyond address translation. Referenced mutable-data contents are outside this classification.
0x869f0	0x86fc0		0x869f0	address-operands-only	no-body-change-identified	No instruction or modeled-reference difference identified beyond address translation. Referenced mutable-data contents are outside this classification.
0x86a20	0x86ff0		0x86a20	identical-bytes	no-body-change-identified	No instruction or modeled-reference difference identified beyond address translation. Referenced mutable-data contents are outside this classification.
0x86a40	0x87010		0x86a40	address-operands-only	no-body-change-identified	No instruction or modeled-reference difference identified beyond address translation. Referenced mutable-data contents are outside this classification.
0x86a80	0x87050		0x86a80	address-operands-only	no-body-change-identified	No instruction or modeled-reference difference identified beyond address translation. Referenced mutable-data contents are outside this classification.
0x86b60	0x87130		0x86b60	address-operands-only	no-body-change-identified	No instruction or modeled-reference difference identified beyond address translation. Referenced mutable-data contents are outside this classification.
0x86c00	0x871d0		0x86c00	address-operands-only	no-body-change-identified	No instruction or modeled-reference difference identified beyond address translation. Referenced mutable-data contents are outside this classification.
0x86de0	0x873b0		0x86de0	address-operands-only	no-body-change-identified	No instruction or modeled-reference difference identified beyond address translation. Referenced mutable-data contents are outside this classification.
0x86f80	0x87550		0x86f80	address-operands-only	no-body-change-identified	No instruction or modeled-reference difference identified beyond address translation. Referenced mutable-data contents are outside this classification.
0x871b0	0x87780		0x871b0	address-operands-only	no-body-change-identified	No instruction or modeled-reference difference identified beyond address translation. Referenced mutable-data contents are outside this classification.
0x87200	0x877d0		0x87200	address-operands-only	no-body-change-identified	No instruction or modeled-reference difference identified beyond address translation. Referenced mutable-data contents are outside this classification.
0x87260	0x87830		0x87260	address-operands-only	no-body-change-identified	No instruction or modeled-reference difference identified beyond address translation. Referenced mutable-data contents are outside this classification.
0x87290	0x87860		0x87290	identical-bytes	no-body-change-identified	No instruction or modeled-reference difference identified beyond address translation. Referenced mutable-data contents are outside this classification.
0x87361	0x87931		0x87361	identical-bytes	no-body-change-identified	No instruction or modeled-reference difference identified beyond address translation. Referenced mutable-data contents are outside this classification.
0x87380	0x87950		0x87380	address-operands-only	no-body-change-identified	No instruction or modeled-reference difference identified beyond address translation. Referenced mutable-data contents are outside this classification.
0x873c0	0x87990		0x873c0	address-operands-only	no-body-change-identified	No instruction or modeled-reference difference identified beyond address translation. Referenced mutable-data contents are outside this classification.
0x875b0	0x87b80		0x875b0	address-operands-only	no-body-change-identified	No instruction or modeled-reference difference identified beyond address translation. Referenced mutable-data contents are outside this classification.
0x876f0	0x87cc0		0x876f0	address-operands-only	no-body-change-identified	No instruction or modeled-reference difference identified beyond address translation. Referenced mutable-data contents are outside this classification.
0x87740	0x87d10		0x87740	address-operands-only	no-body-change-identified	No instruction or modeled-reference difference identified beyond address translation. Referenced mutable-data contents are outside this classification.
0x878d0	0x87ea0		0x878d0	address-operands-only	no-body-change-identified	No instruction or modeled-reference difference identified beyond address translation. Referenced mutable-data contents are outside this classification.
0x87950	0x87f20		0x87950	address-operands-only	no-body-change-identified	No instruction or modeled-reference difference identified beyond address translation. Referenced mutable-data contents are outside this classification.
0x879d0	0x87fa0		0x879d0	address-operands-only	no-body-change-identified	No instruction or modeled-reference difference identified beyond address translation. Referenced mutable-data contents are outside this classification.
0x879f0	0x87fc0		0x879f0	address-operands-only	no-body-change-identified	No instruction or modeled-reference difference identified beyond address translation. Referenced mutable-data contents are outside this classification.
0x87a10	0x87fe0		0x87a10	address-operands-only	no-body-change-identified	No instruction or modeled-reference difference identified beyond address translation. Referenced mutable-data contents are outside this classification.
0x87a30	0x88000		0x87a30	address-operands-only	no-body-change-identified	No instruction or modeled-reference difference identified beyond address translation. Referenced mutable-data contents are outside this classification.
0x87a90	0x88060		0x87a90	address-operands-only	no-body-change-identified	No instruction or modeled-reference difference identified beyond address translation. Referenced mutable-data contents are outside this classification.
0x87ae0	0x880b0		0x87ae0	address-operands-only	no-body-change-identified	No instruction or modeled-reference difference identified beyond address translation. Referenced mutable-data contents are outside this classification.
0x87c00	0x881d0		0x87c00	identical-bytes	no-body-change-identified	No instruction or modeled-reference difference identified beyond address translation. Referenced mutable-data contents are outside this classification.
0x87c30	0x88200		0x87c30	address-operands-only	no-body-change-identified	No instruction or modeled-reference difference identified beyond address translation. Referenced mutable-data contents are outside this classification.
0x87cd0	0x882a0		0x87cd0	identical-bytes	no-body-change-identified	No instruction or modeled-reference difference identified beyond address translation. Referenced mutable-data contents are outside this classification.
0x87d40	0x88310		0x87d40	identical-bytes	no-body-change-identified	No instruction or modeled-reference difference identified beyond address translation. Referenced mutable-data contents are outside this classification.
0x87dc0	0x88390		0x87dc0	address-operands-only	no-body-change-identified	No instruction or modeled-reference difference identified beyond address translation. Referenced mutable-data contents are outside this classification.
0x87ef0	0x884c0		0x87ef0	identical-bytes	no-body-change-identified	No instruction or modeled-reference difference identified beyond address translation. Referenced mutable-data contents are outside this classification.
0x87f30	0x88500		0x87f30	identical-bytes	no-body-change-identified	No instruction or modeled-reference difference identified beyond address translation. Referenced mutable-data contents are outside this classification.
0x87f50	0x88520		0x87f50	identical-bytes	no-body-change-identified	No instruction or modeled-reference difference identified beyond address translation. Referenced mutable-data contents are outside this classification.
0x88000	0x885d0		0x88000	identical-bytes	no-body-change-identified	No instruction or modeled-reference difference identified beyond address translation. Referenced mutable-data contents are outside this classification.
0x88090	0x88660		0x88090	identical-bytes	no-body-change-identified	No instruction or modeled-reference difference identified beyond address translation. Referenced mutable-data contents are outside this classification.
0x880a0	0x88670		0x880a0	identical-bytes	no-body-change-identified	No instruction or modeled-reference difference identified beyond address translation. Referenced mutable-data contents are outside this classification.
0x88110	0x886e0		0x88110	identical-bytes	no-body-change-identified	No instruction or modeled-reference difference identified beyond address translation. Referenced mutable-data contents are outside this classification.
0x88180	0x88750		0x88180	identical-bytes	no-body-change-identified	No instruction or modeled-reference difference identified beyond address translation. Referenced mutable-data contents are outside this classification.
0x88230	0x88800		0x88230	identical-bytes	no-body-change-identified	No instruction or modeled-reference difference identified beyond address translation. Referenced mutable-data contents are outside this classification.
0x88250	0x88820		0x88250	identical-bytes	no-body-change-identified	No instruction or modeled-reference difference identified beyond address translation. Referenced mutable-data contents are outside this classification.
0x88260	0x88830		0x88260	identical-bytes	no-body-change-identified	No instruction or modeled-reference difference identified beyond address translation. Referenced mutable-data contents are outside this classification.
0x88280	0x88850		0x88280	identical-bytes	no-body-change-identified	No instruction or modeled-reference difference identified beyond address translation. Referenced mutable-data contents are outside this classification.
0x88330	0x88900		0x88330	identical-bytes	no-body-change-identified	No instruction or modeled-reference difference identified beyond address translation. Referenced mutable-data contents are outside this classification.
0x88500	0x88ad0		0x88500	address-operands-only	no-body-change-identified	No instruction or modeled-reference difference identified beyond address translation. Referenced mutable-data contents are outside this classification.
0x88520	0x88af0		0x88520	address-operands-only	no-body-change-identified	No instruction or modeled-reference difference identified beyond address translation. Referenced mutable-data contents are outside this classification.
0x88540	0x88b10		0x88540	identical-bytes	no-body-change-identified	No instruction or modeled-reference difference identified beyond address translation. Referenced mutable-data contents are outside this classification.
0x88580	0x88b50		0x88580	identical-bytes	no-body-change-identified	No instruction or modeled-reference difference identified beyond address translation. Referenced mutable-data contents are outside this classification.
0x885c0	0x88b90		0x885c0	identical-bytes	no-body-change-identified	No instruction or modeled-reference difference identified beyond address translation. Referenced mutable-data contents are outside this classification.
0x88650	0x88c20		0x88650	identical-bytes	no-body-change-identified	No instruction or modeled-reference difference identified beyond address translation. Referenced mutable-data contents are outside this classification.
0x886e0	0x88cb0		0x886e0	identical-bytes	no-body-change-identified	No instruction or modeled-reference difference identified beyond address translation. Referenced mutable-data contents are outside this classification.
0x887a0	0x88d70		0x887a0	address-operands-only	no-body-change-identified	No instruction or modeled-reference difference identified beyond address translation. Referenced mutable-data contents are outside this classification.
0x88850	0x88e20		0x88850	address-operands-only	no-body-change-identified	No instruction or modeled-reference difference identified beyond address translation. Referenced mutable-data contents are outside this classification.
0x888b7	0x88e87		0x888b7	address-operands-only	no-body-change-identified	No instruction or modeled-reference difference identified beyond address translation. Referenced mutable-data contents are outside this classification.
0x88c70	0x89240		0x88c70	identical-bytes	no-body-change-identified	No instruction or modeled-reference difference identified beyond address translation. Referenced mutable-data contents are outside this classification.
0x88cf0	0x892c0		0x88cf0	address-operands-only	no-body-change-identified	No instruction or modeled-reference difference identified beyond address translation. Referenced mutable-data contents are outside this classification.
0x88e10	0x893e0		0x88e10	address-operands-only	no-body-change-identified	No instruction or modeled-reference difference identified beyond address translation. Referenced mutable-data contents are outside this classification.
0x89040	0x89610		0x89040	identical-bytes	no-body-change-identified	No instruction or modeled-reference difference identified beyond address translation. Referenced mutable-data contents are outside this classification.
0x89070	0x89640		0x89070	address-operands-only	no-body-change-identified	No instruction or modeled-reference difference identified beyond address translation. Referenced mutable-data contents are outside this classification.
0x89110	0x896e0		0x89110	address-operands-only	no-body-change-identified	No instruction or modeled-reference difference identified beyond address translation. Referenced mutable-data contents are outside this classification.
0x89180	0x89750		0x89180	address-operands-only	no-body-change-identified	No instruction or modeled-reference difference identified beyond address translation. Referenced mutable-data contents are outside this classification.
0x892a0	0x89870		0x892a0	identical-bytes	no-body-change-identified	No instruction or modeled-reference difference identified beyond address translation. Referenced mutable-data contents are outside this classification.
0x892c0	0x89890		0x892c0	address-operands-only	no-body-change-identified	No instruction or modeled-reference difference identified beyond address translation. Referenced mutable-data contents are outside this classification.
0x89360	0x89930		0x89360	address-operands-only	no-body-change-identified	No instruction or modeled-reference difference identified beyond address translation. Referenced mutable-data contents are outside this classification.
0x89540	0x89b10		0x89540	address-operands-only	no-body-change-identified	No instruction or modeled-reference difference identified beyond address translation. Referenced mutable-data contents are outside this classification.
0x89580	0x89b50		0x89580	identical-bytes	no-body-change-identified	No instruction or modeled-reference difference identified beyond address translation. Referenced mutable-data contents are outside this classification.
0x895c0	0x89b90		0x895c0	identical-bytes	no-body-change-identified	No instruction or modeled-reference difference identified beyond address translation. Referenced mutable-data contents are outside this classification.
0x895f0	0x89bc0		0x895f0	identical-bytes	no-body-change-identified	No instruction or modeled-reference difference identified beyond address translation. Referenced mutable-data contents are outside this classification.
0x89660	0x89c30		0x89660	identical-bytes	no-body-change-identified	No instruction or modeled-reference difference identified beyond address translation. Referenced mutable-data contents are outside this classification.
0x896a0	0x89c70		0x896a0	identical-bytes	no-body-change-identified	No instruction or modeled-reference difference identified beyond address translation. Referenced mutable-data contents are outside this classification.
0x896e0	0x89cb0		0x896e0	identical-bytes	no-body-change-identified	No instruction or modeled-reference difference identified beyond address translation. Referenced mutable-data contents are outside this classification.
0x897d0	0x89da0		0x897d0	address-operands-only	no-body-change-identified	No instruction or modeled-reference difference identified beyond address translation. Referenced mutable-data contents are outside this classification.
0x89f20	0x8a4f0		0x89f20	address-operands-only	no-body-change-identified	No instruction or modeled-reference difference identified beyond address translation. Referenced mutable-data contents are outside this classification.
0x8a2c0	0x8a890		0x8a2c0	identical-bytes	no-body-change-identified	No instruction or modeled-reference difference identified beyond address translation. Referenced mutable-data contents are outside this classification.
0x8a300	0x8a8d0		0x8a300	identical-bytes	no-body-change-identified	No instruction or modeled-reference difference identified beyond address translation. Referenced mutable-data contents are outside this classification.
0x8a370	0x8a940		0x8a370	identical-bytes	no-body-change-identified	No instruction or modeled-reference difference identified beyond address translation. Referenced mutable-data contents are outside this classification.
0x8a460	0x8aa30		0x8a460	identical-bytes	no-body-change-identified	No instruction or modeled-reference difference identified beyond address translation. Referenced mutable-data contents are outside this classification.
0x8a480	0x8aa50		0x8a480	identical-bytes	no-body-change-identified	No instruction or modeled-reference difference identified beyond address translation. Referenced mutable-data contents are outside this classification.
0x8a530	0x8ab00		0x8a530	address-operands-only	no-body-change-identified	No instruction or modeled-reference difference identified beyond address translation. Referenced mutable-data contents are outside this classification.
0x8a8a0	0x8ae70		0x8a8a0	address-operands-only	no-body-change-identified	No instruction or modeled-reference difference identified beyond address translation. Referenced mutable-data contents are outside this classification.
0x8ab60	0x8b130		0x8ab60	identical-bytes	no-body-change-identified	No instruction or modeled-reference difference identified beyond address translation. Referenced mutable-data contents are outside this classification.
0x8ab90	0x8b160		0x8ab90	identical-bytes	no-body-change-identified	No instruction or modeled-reference difference identified beyond address translation. Referenced mutable-data contents are outside this classification.
0x8aba0	0x8b170		0x8aba0	identical-bytes	no-body-change-identified	No instruction or modeled-reference difference identified beyond address translation. Referenced mutable-data contents are outside this classification.
0x8abc0	0x8b190		0x8abc0	identical-bytes	no-body-change-identified	No instruction or modeled-reference difference identified beyond address translation. Referenced mutable-data contents are outside this classification.
0x8abe0	0x8b1b0		0x8abe0	identical-bytes	no-body-change-identified	No instruction or modeled-reference difference identified beyond address translation. Referenced mutable-data contents are outside this classification.
0x8ac20	0x8b1f0		0x8ac20	address-operands-only	no-body-change-identified	No instruction or modeled-reference difference identified beyond address translation. Referenced mutable-data contents are outside this classification.
0x8ad10	0x8b2e0		0x8ad10	identical-bytes	no-body-change-identified	No instruction or modeled-reference difference identified beyond address translation. Referenced mutable-data contents are outside this classification.
0x8afc0	0x8b590		0x8afc0	address-operands-only	no-body-change-identified	No instruction or modeled-reference difference identified beyond address translation. Referenced mutable-data contents are outside this classification.
0x8b03c	0x8b60c		0x8b03c	address-operands-only	no-body-change-identified	No instruction or modeled-reference difference identified beyond address translation. Referenced mutable-data contents are outside this classification.
0x8b050	0x8b620		0x8b050	identical-bytes	no-body-change-identified	No instruction or modeled-reference difference identified beyond address translation. Referenced mutable-data contents are outside this classification.
0x8b070	0x8b640		0x8b070	identical-bytes	no-body-change-identified	No instruction or modeled-reference difference identified beyond address translation. Referenced mutable-data contents are outside this classification.
	0x72e57	SOURCE/comwin	?ShutdownComError@@YAXPAD@Z	added	added	New serial error formatter: reads GetLastError, names supported errors, adds troubleshooting text, and invokes ShutDown.
