source_enum	members	decision	current_enums	member_reuse	reason
include/BASE/MISC_TYPES.h:MiscLogConstant	MISC_FILE_DEBUG_BEGIN=2;MISC_DEBUGGER_OUTPUT_LEVEL=3;MISC_LOG_TEXT_CAPACITY=500;MISC_LOG_VALUE_TEXT_CAPACITY=100;MISC_LOG_VALUES_TEXT_CAPACITY=130;MISC_FORCED_DEBUG_LEVEL=9	retain	include/BASE/MISC_TYPES.h:MiscLogConstant		Constant group (H1_ENUM_CONST), not a value domain: Misc.cpp debug-log levels and the log text capacity; coincident 2/3/9 elsewhere select other tables. MISC_LOG_VALUE(S)_TEXT_CAPACITY size the 100/130-byte log buffers of the LogInt/LogStr overloads.
include/BASE/MISC_TYPES.h:ScreenBlitConstant	SCREEN_BLIT_WIDTH=640;SCREEN_BLIT_HEIGHT=480;SCREEN_BLIT_WIDTH_END=640;SCREEN_BLIT_ENLARGE_END=637;SCREEN_BLIT_ENLARGE_PIXELS=4	pending	include/BASE/MISC_TYPES.h:ScreenBlitConstant		Reuse lead: SCREEN_BLIT_WIDTH/HEIGHT/WIDTH_END clip miscwin blits to the 640x480 logical screen; Buka spells the same clips with display.h LOGICAL_SCREEN_WIDTH/HEIGHT (BITMAP.cpp, WINMGR.cpp). Move to LogicalScreenConstant after the Lane D merge; ENLARGE_* stay.
include/BASE/MISC_TYPES.h:PaletteGraphicsConstant	PALETTE_GRAPHICS_BYTES=768;PALETTE_GRAPHICS_END=768;PALETTE_GRAPHICS_CHANNELS=3;PALETTE_CYCLE_FIRST=214;PALETTE_CYCLE_COLOR_COUNT=32;PALETTE_FADE_LEVEL_END=64;PALETTE_FADE_LEVEL_LAST=63;PALETTE_WINDOWED_FADE_SCALE=2;PALETTE_CYCLE_BYTES=96	retain	include/BASE/MISC_TYPES.h:PaletteGraphicsConstant		Constant group (H1_ENUM_CONST), not a value domain: palette byte extents, cycle range 214..245 and fade levels used by WINMGR/miscwin; BitmapCopyConstant's PALETTE_RAW_BYTES repeats the 768-byte extent and is reviewed on that row.
include/BASE/MOUSEMGR_TYPES.h:MouseManagerConstant	MOUSE_CURSOR_COUNT=75;MOUSE_CURSOR_AXIS_COUNT=2;MOUSE_CURSOR_HORIZONTAL=0;MOUSE_CURSOR_VERTICAL=1;MOUSE_CURSOR_BITMAP_BEGIN=0;MOUSE_CURSOR_BITMAP_END=32;MOUSE_CURSOR_BITMAP_WIDTH=32;MOUSE_CURSOR_MASK_HEIGHT=64;MOUSE_CURSOR_MASK_ROW_BYTES=4;MOUSE_CURSOR_COLOR_BYTES=1024;MOUSE_CURSOR_AND_BYTES=256;MOUSE_CURSOR_MASK_PLANE_BYTES=128;MOUSE_CURSOR_BITMAP_HEADER_BYTES=6;MOUSE_CURSOR_BITMAP_PLANES=1;MOUSE_CURSOR_BITMAP_BITS_PER_PIXEL=1;MOUSE_CURSOR_COLOR_BITS_PER_PIXEL=8;MOUSE_CURSOR_MASK_SHIFT=3;MOUSE_CURSOR_MASK_HIGH_BIT=7;MOUSE_CURSOR_ADVENTURE=0;MOUSE_CURSOR_COMBAT=1;MOUSE_CURSOR_SPELL=2;MOUSE_KEEP_CURRENT_FRAME=1000;CONFIG_EXECUTABLE_EDITOR=1	retain	include/BASE/MOUSEMGR_TYPES.h:MouseManagerConstant		Constant group (H1_ENUM_CONST), not a value domain: cursor table count, cursor bitmap/mask byte geometry and cursor-set selectors used by MOUSEMGR.cpp/kbwin.cpp; equal small numbers elsewhere are other extents. MOUSE_CURSOR_COLOR_BITS_PER_PIXEL (8) is the colour cursor bitmap depth (the mask uses 1).
include/BASE/WINMGR_TYPES.h:WindowFadeMode	WINDOW_FADE_IN=0;WINDOW_FADE_OUT=1	retain	include/BASE/WINMGR_TYPES.h:WindowFadeMode		heroWindowManager fade direction (in/out) passed to the WINMGR fade loop; WindowState and ArmySizeNameVariant share 0/1 but describe a window's open state and a name grammar form.
include/BASE/WINMGR_TYPES.h:WindowManagerConstant	WINDOW_MANAGER_NO_DIALOG_RESULT=-1;WINDOW_MANAGER_NO_HOVER_WIDGET=-1;WINDOW_MANAGER_INITIAL_FADE_STEP=128;WINDOW_MANAGER_DIALOG_FADE_STEP=8;WINDOW_MANAGER_OPEN_FAILURE=1;WINDOW_MANAGER_SCREEN_BITMAP_TYPE=33	pending	include/BASE/WINMGR_TYPES.h:WindowManagerConstant;include/BASE/bitmap.h:BitmapType;include/BASE/WINMGR_TYPES.h:WindowFadeSteps	WINDOW_MANAGER_SCREEN_BITMAP_TYPE=include/BASE/bitmap.h:BitmapType::BITMAP_TYPE_MEMORY;WINDOW_MANAGER_INITIAL_FADE_STEP=include/BASE/WINMGR_TYPES.h:WindowFadeSteps::WINDOW_FADE_STEPS_NORMAL;WINDOW_MANAGER_DIALOG_FADE_STEP=include/BASE/WINMGR_TYPES.h:WindowFadeSteps::WINDOW_FADE_STEPS_SHORT	Mostly WINMGR.cpp sentinels and fade steps, but WINDOW_MANAGER_SCREEN_BITMAP_TYPE=0x21 is the same bitmap::m_bitmapType code as MOUSEMGR.cpp's MOUSE_SAVED_BITMAP_TYPE; both need one bitmap-type domain before this row can be decided. WINDOW_MANAGER_OPEN_FAILURE (1) is heroWindowManager::Open's missing-screen return.
include/BASE/baseManager.h:BaseManagerMessageMask	BASE_MANAGER_MESSAGE_MASK_ALL=-1;BASE_MANAGER_ACCEPT_MOUSE_MOVE=4;BASE_MANAGER_ACCEPT_LEFT_BUTTON_UP=16;BASE_MANAGER_ACCEPT_RIGHT_BUTTON_DOWN=32;BASE_MANAGER_ACCEPT_RIGHT_BUTTON_UP=64;BASE_MANAGER_ACCEPT_RESOURCE=128;BASE_MANAGER_ACCEPT_SWAP=256;BASE_MANAGER_ACCEPT_WIDGET=512;BASE_MANAGER_ACCEPT_ADVENTURE=1024;BASE_MANAGER_ACCEPT_TOWN_EVENT=2048;BASE_MANAGER_ACCEPT_EXECUTIVE=16384	retain	include/BASE/baseManager.h:BaseManagerMessageMask		baseManager::m_messageMask; its bits align with MessageType bits but HoMM2 Buka keeps the same BaseManagerMessageMask flag domain separate from MessageType (include/BASE/baseManager.h), and HoMM1 only stores it per manager.
include/BASE/baseManager.h:BaseManagerConstant	BASE_MANAGER_NAME_CAPACITY=30	retain	include/BASE/baseManager.h:BaseManagerConstant		Constant group (H1_ENUM_CONST), not a value domain: baseManager::m_name capacity (30 bytes).
include/BASE/bitmap.h:BitmapCopyConstant	BITMAP_COPY_STRIDE=640;PALETTE_RAW_BYTES=768	pending	include/BASE/bitmap.h:BitmapCopyConstant;include/BASE/palette.h:PaletteConstant	PALETTE_RAW_BYTES=include/BASE/palette.h:PaletteConstant::PALETTE_DATA_SIZE	Reuse lead: BITMAP_COPY_STRIDE is the 640-byte row of the logical screen bitmap (Buka BITMAP.cpp:163-174 spells it LOGICAL_SCREEN_WIDTH) and PALETTE_RAW_BYTES repeats PaletteGraphicsConstant's 768-byte palette extent.
include/BASE/border.h:BorderBackgroundKind	BORDER_BACKGROUND_SOLID=1024;BORDER_BACKGROUND_BITMAP=2048	retain	include/BASE/border.h:BorderBackgroundKind		border::m_kind selects a solid or bitmap background in BORDER.cpp; the 0x400/0x800 bits are not widget, window or message flags.
include/BASE/button.h:ButtonConstant	BUTTON_SELECT_DIALOG_RESULT=1;BUTTON_REPEAT_DELAY_TICKS=60;BUTTON_NO_HOTKEY=-1	retain	include/BASE/button.h:ButtonConstant		Constant group (H1_ENUM_CONST), not a value domain: button select mode, repeat delay and the no-hotkey sentinel in BUTTON.cpp.
include/BASE/dialog.h:DialogButtonId	DIALOG_BUTTON_0=30720;DIALOG_BUTTON_1=30721;DIALOG_BUTTON_2=30722;DIALOG_BUTTON_3=30723;DIALOG_BUTTON_5=30725;DIALOG_BUTTON_6=30726	canonical	include/BASE/dialog.h:DialogButtonId		Reserved dialog widget slots 0x7800+n (Buka include/BASE/dialog.h). Per-window role names that equal a slot (OK/CANCEL/CLOSE/CONFIRM) stay in their window's control set as role aliases, as Buka's fileRequester.h spells FILE_REQUESTER_OK = DIALOG_BUTTON_2.
include/BASE/display.h:LogicalScreenConstant	LOGICAL_SCREEN_WIDTH=640;LOGICAL_SCREEN_HEIGHT=480	canonical	include/BASE/display.h:LogicalScreenConstant		The fixed 640x480 logical screen (Buka include/BASE/display.h). Screen-size duplicates in ScreenBlit, Wingraph, InputManager, BitmapCopy and IconMonoRle constants are pending reuse into this group.
include/BASE/executive.h:ExecutiveConstant	EXECUTIVE_DIALOG_MANAGER_CAPACITY=20	retain	include/BASE/executive.h:ExecutiveConstant		Constant group (H1_ENUM_CONST), not a value domain: executive dialog-manager stack capacity.
include/BASE/font.h:FontAlignment	FONT_ALIGN_LEFT=0;FONT_ALIGN_CENTER=1;FONT_ALIGN_RIGHT=2	retain	include/BASE/font.h:FontAlignment		font::DrawString alignment (left/center/right); MessageDispatchResult and MultiplayerBaseType share 0..2 as manager dispatch results and multiplayer link kinds.
include/BASE/font.h:FontGlyphConstant	FONT_GLYPH_INDEX_LAST=95;FONT_GLYPH_ADVANCE_SPACING=1	retain	include/BASE/font.h:FontGlyphConstant		Constant group (H1_ENUM_CONST), not a value domain: last glyph index and inter-glyph spacing in FONT.cpp.
include/BASE/heroWindow.h:WindowFlag	WINDOW_FLAG_NONE=0;WINDOW_FLAG_FIXED_LAYER=1;WINDOW_FLAG_SAVE_BACKGROUND=2;WINDOW_FLAG_STRIP_WINDOW=8;WINDOW_FLAG_OWNS_WIDGETS=16384;WINDOW_UPDATE_SUPPRESS_MASK=32767	retain	include/BASE/heroWindow.h:WindowFlag		heroWindow::m_flags bits (fixed layer, save background, strip window, owns widgets); WidgetFlag bits live in widget::m_flags.
include/BASE/heroWindow.h:WindowState	WINDOW_STATE_CLOSED=0;WINDOW_STATE_OPEN=1	retain	include/BASE/heroWindow.h:WindowState		heroWindow open/closed state in WINDOW.cpp; equal 0/1 fade modes and name variants select other operations.
include/BASE/heroWindow.h:HeroWindowConstant	HERO_WINDOW_NAME_CAPACITY=20;WINDOW_Z_ORDER_APPEND=-1;WINDOW_ALL_WIDGETS_LOW=-65535;WINDOW_ALL_WIDGETS_HIGH=65535	retain	include/BASE/heroWindow.h:HeroWindowConstant		Constant group (H1_ENUM_CONST), not a value domain: window name capacity and the all-widget id range passed to heroWindow broadcasts. WINDOW_Z_ORDER_APPEND (-1) is the AddWindow/AddWidget z-order sentinel (one above the current top) and the unlinked z-order of heroWindow/widget.
include/BASE/icon.h:IconMonoRleConstant	ICON_MONO_SKIP_MASK=127;ICON_MONO_END_COMMAND=128;ICON_MONO_NEWLINE_COMMAND=0;ICON_SCREEN_ROW_BYTES=640	pending	include/BASE/icon.h:IconMonoRleConstant		Mono-icon RLE command bytes are their own encoding, but ICON_SCREEN_ROW_BYTES is the 640-byte logical-screen row (Buka ICON.cpp passes LOGICAL_SCREEN_WIDTH); split that member into LogicalScreenConstant.
include/BASE/iconWidget.h:IconWidgetKind	ICON_WIDGET_DRAW=16;ICON_WIDGET_FILL=128	retain	include/BASE/iconWidget.h:IconWidgetKind		iconWidget draw/fill kind bits passed to the iconWidget constructor (KB.cpp NormalDialog); WidgetKind bits 0x200+ are the widget base kind.
include/BASE/inputManager.h:InputManagerConstant	INPUT_GAME_WIDTH=640;INPUT_GAME_HEIGHT=480;INPUT_EVENT_RING_CAPACITY=32;INPUT_SCAN_CODE_CAPACITY=128;INPUT_KEY_CODE_ASCII=0;INPUT_KEY_CODE_SCAN=1;INPUT_CURSOR_INTERIOR_X_MIN=3;INPUT_CURSOR_INTERIOR_Y_MIN=3;INPUT_CURSOR_INTERIOR_X_MAX=636;INPUT_CURSOR_INTERIOR_Y_MAX=476;INPUT_KEEP_CURRENT_MOUSE_FRAME=1000	pending	include/BASE/inputManager.h:InputManagerConstant		Input ring/scan capacities and cursor interior bounds are inputManager extents, but INPUT_GAME_WIDTH/HEIGHT are the 640x480 logical screen (Buka INPUTMGR.cpp:539 compares LOGICAL_SCREEN_WIDTH/HEIGHT).
include/BASE/inputManager.h:InputScanCode	INPUT_SCAN_NONE=0;INPUT_SCAN_ESCAPE=1;INPUT_SCAN_1=2;INPUT_SCAN_2=3;INPUT_SCAN_3=4;INPUT_SCAN_4=5;INPUT_SCAN_5=6;INPUT_SCAN_6=7;INPUT_SCAN_7=8;INPUT_SCAN_8=9;INPUT_SCAN_9=10;INPUT_SCAN_0=11;INPUT_SCAN_MINUS=12;INPUT_SCAN_EQUALS=13;INPUT_SCAN_BACKSPACE=14;INPUT_SCAN_TAB=15;INPUT_SCAN_Q=16;INPUT_SCAN_W=17;INPUT_SCAN_E=18;INPUT_SCAN_R=19;INPUT_SCAN_T=20;INPUT_SCAN_Y=21;INPUT_SCAN_U=22;INPUT_SCAN_I=23;INPUT_SCAN_O=24;INPUT_SCAN_P=25;INPUT_SCAN_LEFT_BRACKET=26;INPUT_SCAN_RIGHT_BRACKET=27;INPUT_SCAN_ENTER=28;INPUT_SCAN_CONTROL=29;INPUT_SCAN_A=30;INPUT_SCAN_S=31;INPUT_SCAN_D=32;INPUT_SCAN_F=33;INPUT_SCAN_G=34;INPUT_SCAN_H=35;INPUT_SCAN_J=36;INPUT_SCAN_K=37;INPUT_SCAN_L=38;INPUT_SCAN_SEMICOLON=39;INPUT_SCAN_APOSTROPHE=40;INPUT_SCAN_GRAVE=41;INPUT_SCAN_LEFT_SHIFT=42;INPUT_SCAN_BACKSLASH=43;INPUT_SCAN_Z=44;INPUT_SCAN_X=45;INPUT_SCAN_C=46;INPUT_SCAN_V=47;INPUT_SCAN_B=48;INPUT_SCAN_N=49;INPUT_SCAN_M=50;INPUT_SCAN_COMMA=51;INPUT_SCAN_PERIOD=52;INPUT_SCAN_SLASH=53;INPUT_SCAN_RIGHT_SHIFT=54;INPUT_SCAN_NUMPAD_MULTIPLY=55;INPUT_SCAN_ALT=56;INPUT_SCAN_SPACE=57;INPUT_SCAN_CAPS_LOCK=58;INPUT_SCAN_F1=59;INPUT_SCAN_F2=60;INPUT_SCAN_F3=61;INPUT_SCAN_F4=62;INPUT_SCAN_F5=63;INPUT_SCAN_F6=64;INPUT_SCAN_F7=65;INPUT_SCAN_F8=66;INPUT_SCAN_F9=67;INPUT_SCAN_F10=68;INPUT_SCAN_FUNCTION_KEY_FIRST=59;INPUT_SCAN_FUNCTION_KEY_LAST=68;INPUT_SCAN_NUM_LOCK=69;INPUT_SCAN_SCROLL_LOCK=70;INPUT_SCAN_NUMPAD_7=71;INPUT_SCAN_NUMPAD_8=72;INPUT_SCAN_NUMPAD_9=73;INPUT_SCAN_NUMPAD_MINUS=74;INPUT_SCAN_NUMPAD_4=75;INPUT_SCAN_NUMPAD_5=76;INPUT_SCAN_NUMPAD_6=77;INPUT_SCAN_NUMPAD_PLUS=78;INPUT_SCAN_NUMPAD_1=79;INPUT_SCAN_NUMPAD_2=80;INPUT_SCAN_NUMPAD_3=81;INPUT_SCAN_NUMPAD_0=82;INPUT_SCAN_NUMPAD_DELETE=83;INPUT_SCAN_SYSREQ=84;INPUT_SCAN_RESERVED_55=85;INPUT_SCAN_ISO_BACKSLASH=86;INPUT_SCAN_F11=87;INPUT_SCAN_F12=88;INPUT_SCAN_CODE_MASK=255	canonical	include/BASE/inputManager.h:InputScanCode		Set-1 PC scan codes carried in message.keyCode; TextEntryConstant's key and keypad codes are pending reuse into this domain. Equal 0..0x58 values in object, artifact or text tables are unrelated ordinals.
include/BASE/inputManager.h:InputKeyCodeConstant	INPUT_KEY_SCAN_SHIFT=8;INPUT_ASCII_ESCAPE=27;INPUT_ASCII_DELETE=127	retain	include/BASE/inputManager.h:InputKeyCodeConstant		Constant group (H1_ENUM_CONST), not a value domain: key-code packing shift and ASCII escape/delete codes in INPUTMGR.cpp; scan codes are InputScanCode.
include/BASE/message.h:MessageType	MESSAGE_NONE=0;MESSAGE_KEY_DOWN=1;MESSAGE_KEY_UP=2;MESSAGE_MOUSE_MOVE=4;MESSAGE_LEFT_BUTTON_DOWN=8;MESSAGE_LEFT_BUTTON_UP=16;MESSAGE_RIGHT_BUTTON_DOWN=32;MESSAGE_RIGHT_BUTTON_UP=64;MESSAGE_WIDGET=512;MESSAGE_EXECUTIVE=16384	retain	include/BASE/message.h:MessageType		tag_message::type event bits; townManager/highScoreManager dispatch masks are composites of these bits and BaseManagerMessageMask is Buka's separate per-manager flag set.
include/BASE/message.h:ExecutiveCommand	EXECUTIVE_COMMAND_TERMINATE_LOOP=1;EXECUTIVE_COMMAND_REMOVE_MANAGER=2;EXECUTIVE_COMMAND_RETURN_RESULT=4	retain	include/BASE/message.h:ExecutiveCommand		Executive command codes in tag_message::command for MESSAGE_EXECUTIVE; widget commands use the same field under a different message type.
include/BASE/message.h:MessageDispatchResult	MESSAGE_DISPATCH_CONTINUE=0;MESSAGE_DISPATCH_CONSUME=1;MESSAGE_DISPATCH_FORWARD=2	retain	include/BASE/message.h:MessageDispatchResult		baseManager::Main return (continue/consume/forward) consumed by the executive loop; font alignment and multiplayer base types are other 0..2 domains.
include/BASE/message.h:BaseWidgetCommand	WIDGET_COMMAND_DRAW=2;WIDGET_COMMAND_SET_TEXT=3;WIDGET_COMMAND_SET_FLAGS=5;WIDGET_COMMAND_CLEAR_FLAGS=6;WIDGET_COMMAND_DIALOG_SELECT=10;WIDGET_COMMAND_HOVER=11;WIDGET_COMMAND_DIMMED=4096;WIDGET_COMMAND_SET_FRAME=4;WIDGET_COMMAND_SET_COLOR=8;WIDGET_COMMAND_SET_ICON=9;WIDGET_COMMAND_GET_TEXT=7;WIDGET_COMMAND_SET_MAX_LENGTH=51;WIDGET_NOTIFY_SELECT=12;WIDGET_NOTIFY_DESELECT=13;WIDGET_NOTIFY_RIGHT_CLICK=14	canonical	include/BASE/message.h:BaseWidgetCommand		Widget command/notification codes in tag_message::command for MESSAGE_WIDGET; RecruitConstant's NOTIFY_SELECT/GET_TEXT copies are pending reuse into this domain.
include/BASE/message.h:MessageModifier	MESSAGE_MODIFIER_NONE=0;MESSAGE_MODIFIER_RIGHT_SHIFT=1;MESSAGE_MODIFIER_LEFT_SHIFT=2;MESSAGE_MODIFIER_SHIFT_KEYS=3;MESSAGE_MODIFIER_CONTROL=4;MESSAGE_MODIFIER_CONTROL_KEYS=12;MESSAGE_MODIFIER_ALT=32;MESSAGE_MODIFIER_RIGHT_BUTTON=512;MESSAGE_MODIFIER_BUTTON_MASK=768	retain	include/BASE/message.h:MessageModifier		tag_message::modifiers shift/control/alt/button bits from INPUTMGR; message types and widget flags are other bit sets.
include/BASE/resource.h:ResourceCategory	RESOURCE_CATEGORY_BITMAP=0;RESOURCE_CATEGORY_ICON=1;RESOURCE_CATEGORY_PALETTE=2;RESOURCE_CATEGORY_TILESET=3;RESOURCE_CATEGORY_FONT=5;RESOURCE_CATEGORY_SAMPLE=6	retain	include/BASE/resource.h:ResourceCategory		resourceManager cache categories (bitmap, icon, palette, tileset, font, sample) selected by each resource loader; ResourceType 0..6 is the game's wood..gold.
include/BASE/resourceManager.h:ResourceManagerConstant	RESOURCE_MANAGER_INVALID_FILE=-1;RESOURCE_MANAGER_LOAD_ERROR=3;RESOURCE_MANAGER_BINARY_OPEN_MODE=32768;RESOURCE_MANAGER_BACKDROP_ROW_BYTES=640;RESOURCE_MANAGER_FILENAME_CAPACITY=60;RESOURCE_NAME_CAPACITY=13	retain	include/BASE/resourceManager.h:ResourceManagerConstant		Constant group (H1_ENUM_CONST), not a value domain: RESMGR.cpp file-handle sentinel, load error, open mode, backdrop row and filename capacity. RESOURCE_NAME_CAPACITY is Read13's 13-byte resource-name field (name buffers in button/border/iconWidget/textWidget/textEntryWidget/font Read).
include/BASE/sample.h:SamplePlaybackChannel	SAMPLE_PLAYBACK_CHANNEL_MUSIC=0;SAMPLE_PLAYBACK_CHANNEL_GROUP=2;SAMPLE_PLAYBACK_CHANNEL_NONE=4	retain	include/BASE/sample.h:SamplePlaybackChannel		sample playback channelType (group/none) tested by soundManager::StartSample; other 2/4 values are sound operations and reports. SAMPLE_PLAYBACK_CHANNEL_MUSIC (0) selects SCS[0], channel 0, which StartSample treats as the music stream channel (AdjustMusicVolumes adjusts m_sampleHandles[0] as music).
include/BASE/soundManager.h:SoundManagerConstant	MUSIC_TRACK_COUNT=60;MUSIC_POSITION_TRACK_END=7;MUSIC_POSITION_TRACK_1=47;MUSIC_POSITION_TRACK_2=48;MUSIC_POSITION_TRACK_3=49;MUSIC_FADE_HOLD_LAST=10;MUSIC_FADE_TOTAL_STEPS=11;MUSIC_FADE_RISE_STEPS=6;MUSIC_FADE_STEP_TICKS=60;SAMPLE_VOLUME_MAX=64;MIDI_VOLUME_MAX=127;CD_VOLUME_SCALE_DIVISOR=640;SOUND_OPERATION_VOLUME=1;SOUND_OPERATION_START=5;SOUND_OPERATION_EFFECT_VOLUME=100;SOUND_OPERATION_MUSIC_VOLUME=101;MUSIC_STREAM_BUFFER_SIZE=16384;MUSIC_STREAM_RATE=22050;SAMPLE_STATUS_PLAYING=4	retain	include/BASE/soundManager.h:SoundManagerConstant		Constant group (H1_ENUM_CONST), not a value domain: music track/position, fade, volume-scale and stream constants in soundmgr.cpp. SOUND_OPERATION_* stay apart from SampleStreamConstant's SOUND_VOLUME_*: Buka separates the sample operation and the volume-conversion mode (soundManager.h).
include/BASE/soundManager.h:SoundStartupConstant	SOUND_SAMPLE_HANDLE_COUNT=15;SOUND_DEFAULT_SAMPLE_BITS=8;SOUND_DEFAULT_SAMPLE_CHANNELS=1	retain	include/BASE/soundManager.h:SoundStartupConstant		Constant group (H1_ENUM_CONST), not a value domain: soundManager startup handle count and default sample format. Its priority (-1) is BASE_MANAGER_PRIORITY_UNASSIGNED (reused).
include/BASE/soundmgr.h:CDPlaybackConstant	CD_POSITION_BUFFER_SIZE=20;CD_POSITION_CAPACITY=15;CD_MCI_RESULT_LAST=255;CD_VOLUME_LEVEL_COUNT=12;CD_VOLUME_LEVEL_SHIFT=12;CD_STEREO_CHANNEL_SHIFT=16;CD_FADE_DELAY_TICKS=480;CD_NOTIFY_FIRST=40;CD_NOTIFY_LAST=42;CD_NOTIFY_EXTRA_FIRST=53;CD_NOTIFY_EXTRA_LAST=54;CD_NOTIFY_SCENARIO_FIRST=29;CD_NOTIFY_SCENARIO_LAST=32;MUSIC_FILENAME_CAPACITY=40;MUSIC_STOP_WAIT_COUNT=10;SAMPLE_STOP_ALL_WAIT_COUNT=5;AMBIENT_FADE_DELAY_TICKS=900;SAMPLE_STATUS_DONE=2;SAMPLE_VOLUME_TABLE_BYTES=64;SOUND_STATE_RESET_SPAN=174;MUSIC_STOP_WAIT_MILLISECONDS=5	retain	include/BASE/soundmgr.h:CDPlaybackConstant		Constant group (H1_ENUM_CONST), not a value domain: CD/MCI buffers, notify ranges, fade delays and wait counts in soundmgr.cpp/kbwin.cpp.
include/BASE/soundmgr.h:SampleStreamConstant	SAMPLE_PATH_CAPACITY=352;SAMPLE_SUFFIX_COUNT=3;SAMPLE_RATE_LOW=11025;SAMPLE_RATE_NORMAL=22050;SAMPLE_RATE_HIGH=44100;SAMPLE_FORMAT_16_BIT=1;SAMPLE_FORMAT_STEREO=2;SOUND_VOLUME_FIRST=1;SOUND_VOLUME_LAST=10;SOUND_VOLUME_EFFECT=100;SOUND_VOLUME_MUSIC=101;PCM_BITS_PER_BYTE_SHIFT=3;SOUND_VOLUME_FROM_CONFIG=-1	retain	include/BASE/soundmgr.h:SampleStreamConstant		Constant group (H1_ENUM_CONST), not a value domain: sample path/suffix sizes, rates, format bits, configured volume range and the ConvertVolume effect/music modes (Buka SoundVolumeConversionMode). SOUND_VOLUME_FROM_CONFIG (-1) is the volume argument that CDSetVolume/PlayAmbientMusic replace with gConfig.musicVolume.
include/BASE/soundmgr.h:SampleReportQuery	SAMPLE_REPORT_VOLUME=1;SAMPLE_REPORT_PLAYING=4	retain	include/BASE/soundmgr.h:SampleReportQuery		soundManager::DigitalReport query selector (volume, playing); SAMPLE_STATUS_* are the MSS AIL_sample_status results the PLAYING query compares against.
include/BASE/textEntryWidget.h:TextEntryReadMode	TEXT_ENTRY_READ_DEFAULT=1;TEXT_ENTRY_READ_RECT=2;TEXT_ENTRY_READ_MULTILINE=3	retain	include/BASE/textEntryWidget.h:TextEntryReadMode		textEntryWidget read mode (default, rect, multiline) chosen from WINDOW.cpp widget records; WindowWidgetRecordType encodes record kinds.
include/BASE/textEntryWidget.h:TextEntryConstant	TEXT_ENTRY_DISPLAY_CAPACITY=300;TEXT_ENTRY_PRESERVE_TEXT=1;TEXT_ENTRY_ALLOCATION_PADDING=5;TEXT_ENTRY_KEY_ESCAPE=1;TEXT_ENTRY_KEY_LEFT=75;TEXT_ENTRY_KEY_RIGHT=77;TEXT_ENTRY_KEY_DELETE=83;TEXT_ENTRY_KEY_ACCEPT=10;TEXT_ENTRY_KEY_BACKSPACE=127;TEXT_ENTRY_EXTENDED_KEY_BASE=256;TEXT_ENTRY_KEYPAD_7=71;TEXT_ENTRY_KEYPAD_8=72;TEXT_ENTRY_KEYPAD_9=73;TEXT_ENTRY_KEYPAD_4=75;TEXT_ENTRY_KEYPAD_5=76;TEXT_ENTRY_KEYPAD_6=77;TEXT_ENTRY_KEYPAD_1=79;TEXT_ENTRY_KEYPAD_2=80;TEXT_ENTRY_KEYPAD_3=81;TEXT_ENTRY_KEYPAD_0=82	pending	include/BASE/textEntryWidget.h:TextEntryConstant		Reuse lead: TEXT_ENTRY_KEY_LEFT/RIGHT/DELETE/ESCAPE and TEXT_ENTRY_KEYPAD_* are set-1 scan codes switched from event.keyCode in TEXTNTRY.cpp, the same values as InputScanCode (INPUT_SCAN_NUMPAD_4=0x4b...); the display capacity and ASCII codes stay.
include/BASE/widget.h:WidgetFlag	WIDGET_FLAG_SELECTED=1;WIDGET_FLAG_ENABLED=2;WIDGET_FLAG_DRAW=4;WIDGET_FLAG_DIMMED=8;WIDGET_FLAG_UPDATE=16384	canonical	include/BASE/widget.h:WidgetFlag		widget::m_flags bits (selected, enabled, draw, dimmed, update); RECRUIT.cpp spells its flag sets with these members.
include/BASE/widget.h:WidgetKind	WIDGET_KIND_NONE=0;WIDGET_KIND_TEXT=512;WIDGET_KIND_AUTO_REPEAT=4096;WIDGET_KIND_TRACK_PRESS=8192;WIDGET_KIND_TEXT_ENTRY=16384	retain	include/BASE/widget.h:WidgetKind		widget base kind bits (text, auto-repeat, track press, text entry); widget flags and record kinds are separate fields; WIDGET_KIND_NONE is the kind the default widget constructors pass (Buka widgetKind.h).
include/SOURCE/FINDPATH.h:FindPathDistanceConstant	DISTANCE_MINOR_DIVISOR=2;FINDPATH_INITIAL_BEST_DISTANCE=640	retain	include/SOURCE/FINDPATH.h:FindPathDistanceConstant		Constant group (H1_ENUM_CONST), not a value domain: minor-axis divisor in the FINDPATH distance estimate; FINDPATH_INITIAL_BEST_DISTANCE is the 640 starting best QuickDistance of FindCombatPath and GetClosestArmy (Buka INITIAL_BEST_DISTANCE, not the screen width).
include/SOURCE/FINDPATH.h:FindPathTerrainConstant	FINDPATH_TERRAIN_COUNT=7;FINDPATH_STEP_STRAIGHT=0;FINDPATH_STEP_DIAGONAL=1;FINDPATH_STEP_COST_COUNT=2;FINDPATH_WATER_TERRAIN=1;FINDPATH_WATER_MODE=1	retain	include/SOURCE/FINDPATH.h:FindPathTerrainConstant		Constant group (H1_ENUM_CONST), not a value domain: terrain cost table extents; FINDPATH_WATER_TERRAIN=1 is a cost-table row, not TerrainType's TERRAIN_WATER=0. FINDPATH_STEP_STRAIGHT/DIAGONAL (0/1) index giTerrainCost's step kind and CalcTerrainCost's diagonal argument (SeedPosition's s_stepCost pair).
include/SOURCE/Modem.h:ModemResponseLimit	MODEM_RESPONSE_LAST=79	retain	include/SOURCE/Modem.h:ModemResponseLimit		last modem response character index in Modem.cpp.
include/SOURCE/Modem.h:ModemPacketControl	MODEM_PACKET_ESCAPE=112	retain	include/SOURCE/Modem.h:ModemPacketControl		modem packet escape byte in Modem.cpp/REMOTE.cpp framing.
include/SOURCE/REMOTE.h:RemoteMessageType	REMOTE_MESSAGE_DEFAULT=-1;REMOTE_MESSAGE_NONE=0;REMOTE_MESSAGE_CONFIRM=1;REMOTE_MESSAGE_RELIABLE=2;REMOTE_MESSAGE_UNRELIABLE=3;REMOTE_MESSAGE_HEARTBEAT=4	retain	include/SOURCE/REMOTE.h:RemoteMessageType		remote message delivery class (confirm, reliable, unreliable, heartbeat) in REMOTE.cpp headers.
include/SOURCE/REMOTE.h:RemoteBoxCommand	BOX_REMOTE_SAVE=1;BOX_REMOTE_SETUP=31	retain	include/SOURCE/REMOTE.h:RemoteBoxCommand		TransmitRemoteData box command (save, setup) dispatched in KB.cpp; RemoteMessageType is the delivery class of the packet.
include/SOURCE/REMOTE.h:RemoteConstant	REMOTE_BROADCAST_PLAYER=127;REMOTE_MESSAGE_HEADER_SIZE=9;REMOTE_MESSAGE_SIZE=256;REMOTE_QUEUE_CAPACITY=7;REMOTE_RECENT_ID_COUNT=30;REMOTE_RETRY_COUNT=7;REMOTE_CONFIRM_POLL_COUNT=200;REMOTE_NET_NAME_LAST=10	retain	include/SOURCE/REMOTE.h:RemoteConstant		Constant group (H1_ENUM_CONST), not a value domain: REMOTE.cpp broadcast id, message header/size, queue and retry counts. NET_NAME_LAST is the highest HHOST%d/HGUEST%d NetBIOS name suffix InitNetHost/InitNetGuest try.
include/SOURCE/REMOTE.h:RemoteGameMode	REMOTE_GAME_NONE=0;REMOTE_GAME_NETWORK_HOST=1;REMOTE_GAME_NETWORK_GUEST=2;REMOTE_GAME_MODEM_HOST=3;REMOTE_GAME_MODEM_GUEST=4;REMOTE_GAME_UNSET=10	retain	include/SOURCE/REMOTE.h:RemoteGameMode		gRemoteGameMode (none, network host/guest, modem host/guest) tested across SETUP.cpp. UNSET (10) is the value game::SetupGame resets iMPExtendedType to before the setup menus choose.
include/SOURCE/REMOTE.h:MultiplayerBaseType	MULTIPLAYER_BASE_MODEM=0;MULTIPLAYER_BASE_NETWORK=1;MULTIPLAYER_BASE_HOT_SEAT=2;MULTIPLAYER_BASE_UNSET=10	retain	include/SOURCE/REMOTE.h:MultiplayerBaseType		multiplayer link kind (modem, network, hot seat) chosen in SETUP.cpp; RemoteGameMode encodes host/guest per link. UNSET (10) is game::SetupGame reset of iMPBaseType.
include/SOURCE/advManager.h:AdventureCommand	ADVMGR_COMMAND_NONE=-1;ADVMGR_COMMAND_MOVE_TO=1;ADVMGR_COMMAND_HERO_VIEW=2;ADVMGR_COMMAND_TOWN_VIEW=3;ADVMGR_COMMAND_SELECT_HERO=4;ADVMGR_COMMAND_SELECT_TOWN=5;ADVMGR_COMMAND_OCCUPIED_TOWN_VIEW=6;ADVMGR_COMMAND_CONTINUE_ROUTE=7	canonical	include/SOURCE/advManager.h:AdventureCommand		advManager::m_selectedCell pending action set by ProcessSelect/DoCommand and dispatched by the selection switch (Buka AdventureCommand, identical numbering); AdventureControl ids 1..7 are widget ids, not actions.
include/SOURCE/advManager.h:AdventureHeroIcon	ADVMGR_HERO_ICON_KNIGHT=0;ADVMGR_HERO_ICON_BARBARIAN=1;ADVMGR_HERO_ICON_SORCERESS=2;ADVMGR_HERO_ICON_WARLOCK=3;ADVMGR_HERO_ICON_CLASS_END=4;ADVMGR_HERO_ICON_BOAT=4	canonical	include/SOURCE/advManager.h:AdventureHeroIcon		advManager hero sprite slot / m_cursorType: hero classes 0..3 then the boat (4); the class values are the hero class numbering, the boat slot is local to the adventure sprites.
include/SOURCE/advManager.h:AdventureManagerStorageConstant	ADVMGR_BOTTOM_VIEW_WIDGET_COUNT=12;ADVMGR_BOTTOM_VIEW_BACKGROUND=0;ADVMGR_BOTTOM_VIEW_FOREGROUND=1;ADVMGR_BOTTOM_VIEW_ICON_FIRST=2;ADVMGR_BOTTOM_VIEW_HERO_TEXT_FIRST=1;ADVMGR_OBJECT_ICON_COUNT=21;ADVMGR_PANEL_ICON_COUNT=5;ADVMGR_ANIMATION_PHASE_COUNT=4;ADVMGR_HERO_ICON_COUNT=5;ADVMGR_PLAYER_COLOR_COUNT=4;ADVMGR_ACTIVE_SOUND_COUNT=8;ADVMGR_ENVIRONMENT_SOUND_COUNT=22;ADVMGR_CURSOR_SAMPLE_COUNT=7	retain	include/SOURCE/advManager.h:AdventureManagerStorageConstant		Constant group (H1_ENUM_CONST), not a value domain: advManager member array extents (bottom-view widgets, icons, sounds).
include/SOURCE/appMenu.h:AppMenuCommand	APP_MENU_NONE=-1;APP_MENU_VIEW_WORLD=40012;APP_MENU_VIEW_PUZZLE=40013;APP_MENU_CAST_SPELL=40014;APP_MENU_DIG=40015;APP_MENU_MUSIC_FIRST=40016;APP_MENU_MUSIC_OFF=40016;APP_MENU_MUSIC_100=40017;APP_MENU_MUSIC_90=40018;APP_MENU_MUSIC_80=40019;APP_MENU_MUSIC_70=40020;APP_MENU_MUSIC_60=40021;APP_MENU_MUSIC_50=40022;APP_MENU_MUSIC_40=40023;APP_MENU_MUSIC_30=40024;APP_MENU_MUSIC_20=40025;APP_MENU_MUSIC_LAST=40026;APP_MENU_MUSIC_10=40026;APP_MENU_SOUND_FIRST=40028;APP_MENU_SOUND_OFF=40028;APP_MENU_SOUND_100=40029;APP_MENU_SOUND_90=40030;APP_MENU_SOUND_80=40031;APP_MENU_SOUND_70=40032;APP_MENU_SOUND_60=40033;APP_MENU_SOUND_50=40034;APP_MENU_SOUND_40=40035;APP_MENU_SOUND_30=40036;APP_MENU_SOUND_20=40037;APP_MENU_SOUND_LAST=40038;APP_MENU_SOUND_10=40038;APP_MENU_SPEED_JUMP=40040;APP_MENU_SPEED_FIRST=40040;APP_MENU_SPEED_GALLOP=40041;APP_MENU_SPEED_CANTER=40042;APP_MENU_SPEED_TROT=40043;APP_MENU_SPEED_WALK=40044;APP_MENU_SPEED_LAST=40044;APP_MENU_CD_STEREO=40045;APP_MENU_SHOW_PATH=40046;APP_MENU_VIEW_ENEMY_MOVES=40047;APP_MENU_NEW_STANDARD_GAME=40102;APP_MENU_NEW_CAMPAIGN_IRONFIST=40104;APP_MENU_NEW_CAMPAIGN_SLAYER=40105;APP_MENU_NEW_CAMPAIGN_LAMANDA=40106;APP_MENU_NEW_CAMPAIGN_ALAMAR=40107;APP_MENU_NEW_HOT_SEAT_2=40110;APP_MENU_NEW_HOT_SEAT_3=40111;APP_MENU_NEW_HOT_SEAT_4=40112;APP_MENU_NEW_NETWORK_HOST=40114;APP_MENU_NEW_NETWORK_GUEST=40115;APP_MENU_NEW_MODEM_HOST=40117;APP_MENU_NEW_MODEM_GUEST=40118;APP_MENU_NEW_DIRECT_HOST=40120;APP_MENU_NEW_DIRECT_GUEST=40121;APP_MENU_LOAD_STANDARD_GAME=40123;APP_MENU_LOAD_CAMPAIGN_GAME=40124;APP_MENU_LOAD_HOT_SEAT_2=40127;APP_MENU_LOAD_HOT_SEAT_3=40128;APP_MENU_LOAD_HOT_SEAT_4=40129;APP_MENU_LOAD_NETWORK_HOST=40131;APP_MENU_LOAD_NETWORK_GUEST=40132;APP_MENU_LOAD_MODEM_HOST=40134;APP_MENU_LOAD_MODEM_GUEST=40135;APP_MENU_LOAD_DIRECT_HOST=40137;APP_MENU_LOAD_DIRECT_GUEST=40138;APP_MENU_SAVE_GAME=40139;APP_MENU_QUIT=40140	retain	include/SOURCE/appMenu.h:AppMenuCommand		Win32 menu command ids 40012+ from the retail menu resource, dispatched by KB.cpp/SETUP.cpp; KbwinMenuConstant holds kbwin's window-size items. APP_MENU_NONE (-1) is giMenuCommand's nothing-queued value.
include/SOURCE/armyGroup.h:ArmyGroupConstant	ARMY_GROUP_EMPTY_SLOT=-1;ARMY_GROUP_SLOT_COUNT=5;ARMY_GROUP_RACE_COUNT=5;ARMY_GROUP_MORALE_MIN=-3;ARMY_GROUP_MORALE_MAX=3	canonical	include/SOURCE/armyGroup.h:ArmyGroupConstant		Buka ArmyGroupConstant (HoMM1 values): Add's any-slot argument -1 (Buka ARMY_GROUP_EMPTY_SLOT, also IsHomogeneous' count-races selector), the 5 troop slots (gArmyEffected reuses it), IsHomogeneous' 5-race table (creature / CREATURE_FACTION_SIZE) and GetMorale's -3..3 clamp. CombatPointerCode's 5 is a pointer code.
include/SOURCE/armySizeNames.h:ArmySizeNameVariant	ARMY_SIZE_NAME_TITLE=0;ARMY_SIZE_NAME_SENTENCE=1	retain	include/SOURCE/armySizeNames.h:ArmySizeNameVariant		advManager::GetArmySizeName grammar column (title or sentence form); window state and fade mode share 0/1 only.
include/SOURCE/armySizeNames.h:ArmySizeNameCategory	ARMY_SIZE_FEW=0;ARMY_SIZE_SEVERAL=1;ARMY_SIZE_PACK=2;ARMY_SIZE_LOTS=3;ARMY_SIZE_HORDE=4;ARMY_SIZE_ZOUNDS=5	retain	include/SOURCE/armySizeNames.h:ArmySizeNameCategory		row of the army size name table (few..zounds) returned by the threshold walk in ADVMGR.cpp.
include/SOURCE/armySizeNames.h:ArmySizeLimit	ARMY_FEW_LIMIT=5;ARMY_SEVERAL_LIMIT=10;ARMY_PACK_LIMIT=20;ARMY_LOTS_LIMIT=50;ARMY_HORDE_LIMIT=100	retain	include/SOURCE/armySizeNames.h:ArmySizeLimit		creature-count thresholds for the army size names in ADVMGR.cpp; ArmySizeNameCategory indexes the name table.
include/SOURCE/artifactTypes.h:ArtifactType	ARTIFACT_NONE=-1;ARTIFACT_ULTIMATE_BOOK=0;ARTIFACT_ULTIMATE_SWORD=1;ARTIFACT_ULTIMATE_CLOAK=2;ARTIFACT_ULTIMATE_WAND=3;ARTIFACT_ULTIMATE_LAST=3;ARTIFACT_ARCANE_NECKLACE=4;ARTIFACT_CASTERS_BRACELET=5;ARTIFACT_MAGES_RING=6;ARTIFACT_WITCHS_BROACH=7;ARTIFACT_MEDAL_OF_VALOR=8;ARTIFACT_MEDAL_OF_COURAGE=9;ARTIFACT_MEDAL_OF_HONOR=10;ARTIFACT_MEDAL_OF_DISTINCTION=11;ARTIFACT_FIZBIN_OF_MISFORTUNE=12;ARTIFACT_THUNDER_MACE=13;ARTIFACT_ARMORED_GAUNTLETS=14;ARTIFACT_DEFENDER_HELM=15;ARTIFACT_GIANT_FLAIL=16;ARTIFACT_BALLISTA=17;ARTIFACT_STEALTH_SHIELD=18;ARTIFACT_DRAGON_SWORD=19;ARTIFACT_POWER_AXE=20;ARTIFACT_DIVINE_BREASTPLATE=21;ARTIFACT_MINOR_SCROLL=22;ARTIFACT_MAJOR_SCROLL=23;ARTIFACT_SUPERIOR_SCROLL=24;ARTIFACT_FOREMOST_SCROLL=25;ARTIFACT_ENDLESS_SACK_OF_GOLD=26;ARTIFACT_ENDLESS_BAG_OF_GOLD=27;ARTIFACT_ENDLESS_PURSE_OF_GOLD=28;ARTIFACT_NOMAD_BOOTS=29;ARTIFACT_TRAVELER_BOOTS=30;ARTIFACT_LUCKY_RABBITS_FOOT=31;ARTIFACT_GOLDEN_HORSESHOE=32;ARTIFACT_GAMBLERS_LUCKY_COIN=33;ARTIFACT_FOUR_LEAF_CLOVER=34;ARTIFACT_TRUE_COMPASS=35;ARTIFACT_SAILORS_ASTROLABE=36;ARTIFACT_MAGIC_BOOK=37;ARTIFACT_REGULAR_FIRST=4;ARTIFACT_REGULAR_END=37	retain	include/SOURCE/artifactTypes.h:ArtifactType		artifact ids from retail gArtifactNames tested by hero::HasArtifact; MoraleInfoText/LuckInfoText medal rows equal some ids only by table order (KB.cpp ShowMoraleInfo tests each artifact and appends a fixed text row). REGULAR_FIRST/REGULAR_END bound the regular artifacts (philAI loop from 4; AI/philAI hero-artifact tests < 37 exclude the magic book). ARTIFACT_ULTIMATE_LAST bounds the four ultimate artifacts (TransferArtifacts makes them vanish).
include/SOURCE/combatManager.h:CombatMessageCommand	COMBAT_INVALID_COMMAND=-99;COMBAT_MESSAGE_COMMAND_DEFAULT=0;COMBAT_MESSAGE_COMMAND_MOVE=1;COMBAT_MESSAGE_COMMAND_FLY=2;COMBAT_MESSAGE_COMMAND_SHOOT=3;COMBAT_MESSAGE_COMMAND_OPTIONS=4;COMBAT_MESSAGE_COMMAND_VIEW_INFO=5;COMBAT_MESSAGE_COMMAND_ATTACK=7;COMBAT_MESSAGE_COMMAND_CAST_SPELL=10;COMBAT_MESSAGE_COMMAND_RETREAT=11;COMBAT_MESSAGE_COMMAND_SURRENDER=12;COMBAT_MESSAGE_COMMAND_OPPOSING_OPTIONS=13	canonical	include/SOURCE/combatManager.h:CombatMessageCommand		combatManager command/pointer code from ProcessCombatMsg (Buka); GetPointer returns the command itself except 13, so CombatPointerCode is pending reuse into it.
include/SOURCE/combatManager.h:CombatAction	ACTION_NONE=0;ACTION_CAST_SPELL=1;ACTION_MOVE=2;ACTION_SKIP_TURN=3;ACTION_RETREAT=4;ACTION_SURRENDER=5;ACTION_ATTACK=6	retain	include/SOURCE/combatManager.h:CombatAction		army queued combat action (Buka) set in COMMAND/ARMY/SPELLS; TerrainType and BottomViewMode share 0..6 by coincidence.
include/SOURCE/combatManager.h:CombatPointerCode	COMBAT_POINTER_VIEW=5;COMBAT_POINTER_DEFAULT=6;COMBAT_POINTER_ATTACK_FIRST=7	pending	include/SOURCE/combatManager.h:CombatPointerCode		Reuse lead: combatManager::GetPointer (VA 0x004104b0) returns its CombatMessageCommand argument unchanged except OPPOSING_OPTIONS -> 5, so COMBAT_POINTER_VIEW is COMBAT_MESSAGE_COMMAND_VIEW_INFO transported as the pointer code. Extended with the cmbtmous.mse arrow (6, hotspot 1,1; Buka COMBAT_POINTER_DEFAULT) and the attack sword base (7 + CombatHexDirection, Buka POINTER_ATTACK_OFFSET); still pending the VIEW reuse decision.
include/SOURCE/combatManager.h:CombatGridConstant	COMBAT_HEX_COUNT=45;COMBAT_SIDE_ARMY_COUNT=6;COMBAT_CASTLE_WALL_COLUMN=5;COMBAT_ARMY_INDEX_NONE=-1	retain	include/SOURCE/combatManager.h:CombatGridConstant		Constant group (H1_ENUM_CONST), not a value domain: combat hex count, per-side army count, the 9x5 hex grid (columns, last column, rows) and the two combat sides; CombatEffectDimension COMBAT_EFFECT_SIDE_COUNT repeats the side count. CombatSpellAIGrid COMBAT_SPELL_AI_ROW_LENGTH repeats the column count; COMBAT_CASTLE_WALL_COLUMN is the siege wall column (DrawBackground, SpecialAttack, DoCompAI). COMBAT_ARMY_INDEX_NONE (-1): no stack slot in hexcell::m_occupantIndex / army::m_targetIndex (Buka COMBAT_AI_NO_ARMY).
include/SOURCE/combatTypes.h:CombatHexDirection	COMBAT_DIRECTION_INVALID=-1;COMBAT_DIRECTION_NORTHEAST=0;COMBAT_DIRECTION_EAST=1;COMBAT_DIRECTION_SOUTHEAST=2;COMBAT_DIRECTION_SOUTHWEST=3;COMBAT_DIRECTION_WEST=4;COMBAT_DIRECTION_NORTHWEST=5;COMBAT_DIRECTION_ADJACENT_LAST=5;COMBAT_DIRECTION_WIDE_WEST=6;COMBAT_DIRECTION_WIDE_EAST=7;COMBAT_DIRECTION_EASTERN_FIRST=0;COMBAT_DIRECTION_EASTERN_LAST=2;COMBAT_DIRECTION_WESTERN_FIRST=3;COMBAT_DIRECTION_WESTERN_LAST=5;COMBAT_DIRECTION_WIDE_FIRST=6;COMBAT_DIRECTION_OPPOSITE_OFFSET=3;COMBAT_DIRECTION_ADJACENT_COUNT=6;COMBAT_DIRECTION_COUNT=8	retain	include/SOURCE/combatTypes.h:CombatHexDirection		combat hex neighbour directions indexing the adjacency tables in PATH/FINDPATH; MapDirection is the adventure 8-way direction with a different order. EASTERN_LAST/WESTERN_FIRST split the six neighbours into the eastern (0..2) and western (3..5) halves for wide-stack ValidAttack/ValidRange (Buka compares against SOUTHEAST/SOUTHWEST). ADJACENT_LAST marks the last of the six neighbour directions (GetMoveMask). combat hex neighbour directions indexing the adjacency tables in PATH/FINDPATH; MapDirection is the adventure 8-way direction with a different order. EASTERN_LAST/WESTERN_FIRST split the six neighbours into the eastern (0..2) and western (3..5) halves for wide-stack ValidAttack/ValidRange (Buka compares against SOUTHEAST/SOUTHWEST). EASTERN_FIRST/WESTERN_LAST/WIDE_FIRST (0/5/6) are the inclusive range markers army::DoAttack/DoHydraAttack/MoveAttack compare the attack direction against (eastern 0..2, western 3..5, wide 6..7).
include/SOURCE/combatTypes.h:CombatSpellAIGrid	COMBAT_SPELL_AI_ROW_END_OFFSET=2;COMBAT_SPELL_AI_ROW_SKIP=3	retain	include/SOURCE/combatTypes.h:CombatSpellAIGrid		SPELLAI area-scan row geometry. The row length is COMBAT_GRID_COLUMNS (reused, not duplicated).
include/SOURCE/creatureTypes.h:CreatureType	CREATURE_NONE=-1;CREATURE_PEASANT=0;CREATURE_ARCHER=1;CREATURE_PIKEMAN=2;CREATURE_SWORDSMAN=3;CREATURE_CAVALRY=4;CREATURE_PALADIN=5;CREATURE_GOBLIN=6;CREATURE_ORC=7;CREATURE_WOLF=8;CREATURE_OGRE=9;CREATURE_TROLL=10;CREATURE_CYCLOPS=11;CREATURE_SPRITE=12;CREATURE_DWARF=13;CREATURE_ELF=14;CREATURE_DRUID=15;CREATURE_UNICORN=16;CREATURE_PHOENIX=17;CREATURE_CENTAUR=18;CREATURE_GARGOYLE=19;CREATURE_GRIFFIN=20;CREATURE_MINOTAUR=21;CREATURE_HYDRA=22;CREATURE_DRAGON=23;CREATURE_ROGUE=24;CREATURE_NOMAD=25;CREATURE_GHOST=26;CREATURE_GENIE=27;CREATURE_COUNT=28	retain	include/SOURCE/creatureTypes.h:CreatureType		creature ids in army::m_creatureType and armyGroup::m_creatureTypes (gMonsterDatabase rows); SpellType shares the 0..27 prefix only by table length.
include/SOURCE/cursorTypes.h:MapDirection	MAP_DIRECTION_NORTH=0;MAP_DIRECTION_NORTH_EAST=1;MAP_DIRECTION_EAST=2;MAP_DIRECTION_SOUTH_EAST=3;MAP_DIRECTION_SOUTH=4;MAP_DIRECTION_SOUTH_WEST=5;MAP_DIRECTION_WEST=6;MAP_DIRECTION_NORTH_WEST=7;MAP_DIRECTION_COUNT=8	retain	include/SOURCE/cursorTypes.h:MapDirection		adventure 8-way direction for hero movement and cursor frames in ADVMGR/CURSOR; BuildingSlotType/ResourceType/SmackVideo share 0..7 by length only. MAP_DIRECTION_COUNT bounds the eight-direction loops in SEARCH/FINDPATH (Buka KB_TYPES.h).
include/SOURCE/cursorTypes.h:CursorFrameConstant	CURSOR_FRAMES_PER_DIRECTION=9;CURSOR_BOAT_BASE_FRAME_5=155;CURSOR_BOAT_BASE_FRAME_6=146;CURSOR_BOAT_BASE_FRAME_7=137	retain	include/SOURCE/cursorTypes.h:CursorFrameConstant		Constant group (H1_ENUM_CONST), not a value domain: adventure cursor frame layout (frames per direction, boat frame bases) in CURSOR.cpp.
include/SOURCE/dialogTypes.h:NormalDialogWidgetRange	NORMAL_DIALOG_FOREGROUND_WIDGET_LIMIT=36864;NORMAL_DIALOG_BACKGROUND_WIDGET_LAST_ID=-256	retain	include/SOURCE/dialogTypes.h:NormalDialogWidgetRange		foreground/background widget id bounds for NormalDialog broadcasts.
include/SOURCE/dialogTypes.h:NormalDialogResult	NORMAL_DIALOG_CONFIRM=30725;NORMAL_DIALOG_CANCEL=30726	retain	include/SOURCE/dialogTypes.h:NormalDialogResult		NormalDialog return value naming the confirm/cancel slot pressed; role names on DialogButtonId slots, like NormalDialogButton.
include/SOURCE/dialogTypes.h:NormalDialogResourceType	NORMAL_DIALOG_NO_RESOURCE=-1;NORMAL_DIALOG_RESOURCE_WOOD=0;NORMAL_DIALOG_RESOURCE_MERCURY=1;NORMAL_DIALOG_RESOURCE_ORE=2;NORMAL_DIALOG_RESOURCE_SULFUR=3;NORMAL_DIALOG_RESOURCE_CRYSTAL=4;NORMAL_DIALOG_RESOURCE_GEMS=5;NORMAL_DIALOG_RESOURCE_GOLD=6;NORMAL_DIALOG_RESOURCE_LAST=6;NORMAL_DIALOG_ARTIFACT=7;NORMAL_DIALOG_SPELL=8;NORMAL_DIALOG_CREST=9;NORMAL_DIALOG_LUCK_BONUS=10;NORMAL_DIALOG_LUCK_PENALTY=11;NORMAL_DIALOG_MORALE_BONUS=12;NORMAL_DIALOG_MORALE_PENALTY=13;NORMAL_DIALOG_EXPERIENCE=14;NORMAL_DIALOG_EXPMRL_FIRST=10;NORMAL_DIALOG_HERO=15	retain	include/SOURCE/dialogTypes.h:NormalDialogResourceType		NormalDialog resource icon kind (resource 0..6, artifact, spell, crest, luck/morale, experience, hero) chosen per call; only the 0..6 resource prefix aliases ResourceType by design of the icon row. The 0..5 resource kinds are spelled like Buka KBDeclarations.h (NORMAL_DIALOG_RESOURCE_WOOD..GEMS); retail passes WOOD (sawmill) and MERCURY (alchemist lab) from DoEvent's mine arms, and NormalDialog draws every kind <= RESOURCE_LAST as that resource.icn frame.
include/SOURCE/dialogTypes.h:NormalDialogType	NORMAL_DIALOG_TYPE_OK=1;NORMAL_DIALOG_TYPE_YES_NO=2;NORMAL_DIALOG_TYPE_NO_BUTTONS=3;NORMAL_DIALOG_TYPE_QUICK_VIEW=4;NORMAL_DIALOG_TYPE_WAIT_OK=5;NORMAL_DIALOG_TYPE_WAIT_CANCEL=6	retain	include/SOURCE/dialogTypes.h:NormalDialogType		NormalDialog type argument (OK, yes/no, no buttons, quick view, wait variants) selecting the button layout.
include/SOURCE/dialogTypes.h:NormalDialogOrText	NORMAL_DIALOG_NO_OR_TEXT=-1;NORMAL_DIALOG_SHOW_OR_TEXT=1	retain	include/SOURCE/dialogTypes.h:NormalDialogOrText		NormalDialog/EventWindow showOrText argument: NormalDialog draws the "or" caption only for SHOW_OR_TEXT (KB.cpp NormalDialog), passed by DoEvent's treasure-chest gold-or-experience choice; every other retail caller pushes -1 (Buka's default). Distinct from NORMAL_DIALOG_NO_VALUE, the -1 resource-quantity sentinel.
include/SOURCE/dialogTypes.h:NormalDialogButton	NORMAL_DIALOG_BUTTON_OK=30721;NORMAL_DIALOG_BUTTON_CANCEL=30722;NORMAL_DIALOG_BUTTON_YES=30725;NORMAL_DIALOG_BUTTON_NO=30726	retain	include/SOURCE/dialogTypes.h:NormalDialogButton		NormalDialog button role names (OK, cancel, yes, no) on reserved DialogButtonId slots; role aliases stay per dialog, as Buka's FILE_REQUESTER_OK = DIALOG_BUTTON_2.
include/SOURCE/dialogTypes.h:NormalDialogLayout	NORMAL_DIALOG_RESOURCE_COUNT=2;NORMAL_DIALOG_SHOW_OR_TEXT=1;NORMAL_DIALOG_NO_VALUE=-1;NORMAL_DIALOG_TEXT_LENGTH=40;NORMAL_DIALOG_FILENAME_LENGTH=16;NORMAL_DIALOG_TEXT_LINE_WIDTH=240;NORMAL_DIALOG_TEXT_LINE_HEIGHT=16;NORMAL_DIALOG_BUTTON_AREA_HEIGHT=39;NORMAL_DIALOG_RESOURCE_LABEL_HEIGHT=12;NORMAL_DIALOG_WINDOW_ROW_HEIGHT=45;NORMAL_DIALOG_MAX_ROWS=7;NORMAL_DIALOG_WINDOW_WIDTH=286;NORMAL_DIALOG_WINDOW_BASE_HEIGHT=129;NORMAL_DIALOG_ADVENTURE_X=97;NORMAL_DIALOG_MAX_TOP=28;NORMAL_DIALOG_RESOURCE_BOTTOM_INSET=27;NORMAL_DIALOG_TEXT_WIDGET_FIRST_ID=100;NORMAL_DIALOG_TEXT_WIDGET_ID=1;NORMAL_DIALOG_BUTTON_FLAGS=6	reuse	include/SOURCE/dialogTypes.h:NormalDialogLayout;include/SOURCE/dialogTypes.h:NormalDialogOrText	NORMAL_DIALOG_SHOW_OR_TEXT=include/SOURCE/dialogTypes.h:NormalDialogOrText::NORMAL_DIALOG_SHOW_OR_TEXT	Constant group (H1_ENUM_CONST), not a value domain: NormalDialog layout pixels, row counts and widget id bases in KB.cpp. SHOW_OR_TEXT moved to the NormalDialogOrText argument domain with its -1 counterpart.
include/SOURCE/fileRequester.h:FileRequesterStorageConstant	FILE_REQUESTER_NAME_SIZE=351;FILE_REQUESTER_EXTENSION_SIZE=5;FILE_REQUESTER_LOCAL_NAME_SIZE=352;FILE_REQUESTER_LOCAL_EXTENSION_SIZE=208;FILE_REQUESTER_MAP_DESCRIPTION_SIZE=101;FILE_REQUESTER_UPDATE_STORAGE_SIZE=372	retain	include/SOURCE/fileRequester.h:FileRequesterStorageConstant		Constant group (H1_ENUM_CONST), not a value domain: fileRequester name/extension buffer sizes.
include/SOURCE/hero.h:HeroConstant	HERO_PRIMARY_STAT_COUNT=4;HERO_STARTING_STAT_COUNT=5;HERO_COMBAT_SPELL_SLOT_COUNT=19;HERO_SPELL_SLOT_COUNT=29;HERO_ARTIFACT_SLOT_COUNT=14;HERO_EXPERIENCE_LEVEL_TABLE_COUNT=12;HERO_PER_CLASS_COUNT=9;HERO_CLASS_COUNT=4;HERO_OWNER_NONE=-1;HERO_DESTINATION_NONE=-1;HERO_ID_NONE=-1;HERO_AVAILABLE_SLOT_COUNT=2;HERO_LEVEL_RANDOM_SEED_FACTOR=30;HERO_SKILL_BONUS_FIRST_LEVEL=2;HERO_SKILL_BONUS_ROW_LAST=8	retain	include/SOURCE/hero.h:HeroConstant		Constant group (H1_ENUM_CONST), not a value domain: hero array extents (primary stats, spells, artifacts, experience table); nine hero ids per class over four classes (GetNewHeroId, RecruitHero). HERO_OWNER_NONE/DESTINATION_NONE (Buka hero.h), HERO_ID_NONE (playerData hero lists and boat records), HERO_AVAILABLE_SLOT_COUNT (Buka), CheckLevel's SRand seed factor (Buka HERO_LEVEL_RANDOM_SEED_FACTOR) and gHeroSkillBonus row mapping.
include/SOURCE/hero.h:HeroPrimaryStat	HERO_PRIMARY_NONE=-1;HERO_PRIMARY_ATTACK=0;HERO_PRIMARY_DEFENSE=1;HERO_PRIMARY_SPELL_POWER=2;HERO_PRIMARY_KNOWLEDGE=3;HERO_PRIMARY_BALLISTA=4	retain	include/SOURCE/hero.h:HeroPrimaryStat		index into hero::m_primaryStats in retail gPrimarySkillNames order (attack, defense, power, knowledge); equal 0..3 values elsewhere are other ordinals; -1 is GiveTakeArtifactStat's no-stat sentinel and 4 the fifth (Ballista of Quickness) stat byte it raises.
include/SOURCE/kbwin.h:WindowTextConstant	WINDOW_TEXT_ENTRY_COUNT=68	retain	include/SOURCE/kbwin.h:WindowTextConstant		Constant group (H1_ENUM_CONST), not a value domain: kbwin window text table length.
include/SOURCE/kbwin.h:KbwinMenuConstant	KBWIN_WIDTH_640=640;KBWIN_WIDTH_800=800;KBWIN_WIDTH_1024=1024;KBWIN_WIDTH_1280=1280;KBWIN_MENU_SIZE_640_480=40005;KBWIN_MENU_SIZE_800_600=40006;KBWIN_MENU_SIZE_1024_768=40007;KBWIN_MENU_SIZE_1280_1024=40008;KBWIN_MENU_FULLSCREEN=40009;KBWIN_MENU_ENTRY_COUNT=70;KBWIN_MENU_HELP=40052;KBWIN_MENU_ABOUT=40053;KBWIN_HEIGHT_480=480;KBWIN_HEIGHT_600=600;KBWIN_HEIGHT_768=768;KBWIN_HEIGHT_1024=1024	retain	include/SOURCE/kbwin.h:KbwinMenuConstant		Constant group (H1_ENUM_CONST), not a value domain: kbwin window-size menu items and their client sizes (640..1280); the 640x480 item is a selectable window size, not the logical screen.
include/SOURCE/mapCell.h:MapCellConstant	MAP_CELL_GRID_SIZE=72;MAP_CELL_NO_FRAME=255;MAP_CELL_TILESET_MASK=15;MAP_CELL_EXTRA_TILESET_SHIFT=4;MAP_CELL_SECONDARY_BLOCKED=128;MAP_CELL_TILES_PER_TERRAIN=20;MAP_CELL_GROUND_TILE_COUNT=140;MAP_CELL_GROUND_FLIP_SHIFT=14	canonical	include/SOURCE/mapCell.h:MapCellConstant		map grid side (72), the no-frame sentinel, the tileset-byte nibble layout and m_secondaryTrigger's blocking bit for mapCell; SearchStorageConstant's grid side is pending reuse into it. MAP_CELL_GROUND_TILE_COUNT (140) is giGroundToTerrain's extent: seven terrains of MAP_CELL_TILES_PER_TERRAIN tiles (InitVars). MAP_CELL_GROUND_FLIP_SHIFT (14) moves the two m_flags flip bits above the tile index for TileToBitmap (DrawCell).
include/SOURCE/kbwin.h:PrefsConstant	CONFIG_EXECUTABLE_GAME=0;CONFIG_EXECUTABLE_EDITOR_RECORD=1;CONFIG_EXECUTABLE_COUNT=2;CONFIG_UNINITIALIZED=99;KBWIN_KEEP_POSITION=-1;CPU_FAMILY_386=3;CPU_FAMILY_486=4;CPU_FAMILY_PENTIUM=5;DEFAULT_WINDOW_ORIGIN=10;DEFAULT_WINDOW_WIDTH=640;DEFAULT_WINDOW_HEIGHT=480;DEFAULT_SMALL_WINDOW_WIDTH=480;DEFAULT_SMALL_WINDOW_HEIGHT=360;DEFAULT_MAP_OFFSET_LIMIT=32000;MINIMUM_WINDOW_WIDTH=320;MINIMUM_WINDOW_HEIGHT=240;WINDOW_POSITION_MARGIN=200;REGISTRY_TEXT_BUFFER_SIZE=100;REGISTRY_TEXT_VALUE_SIZE=99;REGISTRY_DWORD_BYTES=4;CD_DRIVE_LETTER_COUNT=26;CD_FIRST_DRIVE_LETTER=2;CD_SETUP_ATTEMPTS=2;CD_SETUP_RETRY_DELAY=3000;CD_AUTORUN_TAIL_BYTES=100;MCI_COMMAND_BUFFER_SIZE=256;KBWIN_COMMAND_LINE_CLEAR_SIZE=61;KBWIN_COMMAND_LINE_LIMIT=60;KBWIN_MESSAGE_FILTER_SIZE=1024;KBWIN_CLASS_STYLE=4107;KBWIN_WINDOWED_STYLE=349110272;KBWIN_FULLSCREEN_STYLE=335544320;KBWIN_TRACE_DEBUG_LEVEL=4;KBWIN_TRACE_TICK_MODULUS=100000;KBWIN_TRACE_TICK_DIVISOR=100;KBWIN_PROCESS_MESSAGE_MAX=1023;KBWIN_TIMER_ID=1;KBWIN_TIMER_INTERVAL=10;KBWIN_POLL_INTERVAL=5;KBWIN_CYCLE_INTERVAL=150;KBWIN_CYCLE_WING_DELAY=300;KBWIN_MIN_WIDTH=240;KBWIN_MIN_HEIGHT=160	retain	include/SOURCE/kbwin.h:PrefsConstant		Constant group (H1_ENUM_CONST), not a value domain: ReadPrefs/WritePrefs registry layout (executable rows, sizes, defaults), CPU family, SetupCDDrive's drive scan and retry, MCI/command-line buffers and the kbwin window/timer constants. The walk-speed defaults now use WalkSpeed (CANTER/GALLOP), the music source SOUND_MUSIC_SOURCE_CD, the connection rows ConfigConnection and SetupCDDrive's results CdSetupResult. CONFIG_EXECUTABLE_* duplicates MouseManagerConstant's CONFIG_EXECUTABLE_EDITOR (W4 header) pending one ConfigExecutable domain. CPU_FAMILY_386/486 (3/4) are GetCPUType's pre-CPUID families (CPUSpeed cases).
include/SOURCE/mapCell.h:MapCellFlag	MAP_CELL_GROUND_FLIP_VERTICAL=1;MAP_CELL_GROUND_FLIP_HORIZONTAL=2;MAP_CELL_OBJECT_ANIMATED=4;MAP_CELL_OVERLAY_ANIMATED=8;MAP_CELL_OBJECT_EXTRA=16;MAP_CELL_OVERLAY_EXTRA=32;MAP_CELL_HERO_CURSOR=64;MAP_CELL_OBJECT_SHADOW_ONLY=128	canonical	include/SOURCE/mapCell.h:MapCellFlag		mapCell::m_flags bits read by DrawCell/ViewWorld/ComboDraw/FINDPATH and the hero cursor (Buka MapCellFlag keeps the 0x80 shadow-only bit); MapTriggerEncoding's 0x80 event bit lives in m_triggerType, a different byte.
include/SOURCE/mapCell.h:MapTileset	TILESET_OBJ32_00=0;TILESET_OBJ32_01=1;TILESET_OBJ32_02=2;TILESET_OBJ32_03=3;TILESET_OBJ32_04=4;TILESET_OBJ32_05=5;TILESET_OBJ32_06=6;TILESET_OBJ32_07=7;TILESET_MTN32=8;TILESET_TREE32=9;TILESET_TOWN32=10;TILESET_RSRC32=11;TILESET_MONS32=12;TILESET_ART32=13;TILESET_FLAG32=14;TILESET_RESSMALL=15;TILESET_HOURGLAS=16;TILESET_ROUTE=17;TILESET_SMCREST=18;TILESET_STONBACK=19;TILESET_MINIMON=20	canonical	include/SOURCE/mapCell.h:MapTileset		adventure object tileset (advManager m_objectIcons slot / ICN file in its constructor), the low/high nibble of mapCell tileset bytes; Buka TilesetId numbers 12..17/19/20 identically.
include/SOURCE/mapObjectTypes.h:MapTriggerEncoding	MAP_TRIGGER_TYPE_MASK=127;MAP_TRIGGER_EVENT=128	retain	include/SOURCE/mapObjectTypes.h:MapTriggerEncoding		Constant group (H1_ENUM_CONST), not a value domain: mapCell trigger byte layout (type mask 0x7f, event bit 0x80).
include/SOURCE/mapObjectTypes.h:MapObjectType	MAP_OBJECT_NONE=0;MAP_OBJECT_ALCHEMIST_LAB=1;MAP_OBJECT_SIGNPOST=2;MAP_OBJECT_BUOY=3;MAP_OBJECT_SKELETON=4;MAP_OBJECT_DAEMON_CAVE=5;MAP_OBJECT_TREASURE_CHEST=6;MAP_OBJECT_FAERIE_RING=7;MAP_OBJECT_CAMPFIRE=8;MAP_OBJECT_FOUNTAIN=9;MAP_OBJECT_GAZEBO=10;MAP_OBJECT_ANCIENT_LAMP=11;MAP_OBJECT_GRAVEYARD=12;MAP_OBJECT_STRAW_HUT=13;MAP_OBJECT_HOUSE_FIRST=13;MAP_OBJECT_HOUSE=14;MAP_OBJECT_CABIN=15;MAP_OBJECT_DWARF_LOG_CABIN=16;MAP_OBJECT_PEASANT_LOG_CABIN=17;MAP_OBJECT_INN_1=18;MAP_OBJECT_INN_2=19;MAP_OBJECT_INN_3=20;MAP_OBJECT_INN_4=21;MAP_OBJECT_DRAGON_CITY=22;MAP_OBJECT_LIGHTHOUSE=23;MAP_OBJECT_WATERWHEEL=24;MAP_OBJECT_MINE=25;MAP_OBJECT_MONSTER=26;MAP_OBJECT_OBELISK=27;MAP_OBJECT_OASIS=28;MAP_OBJECT_RESOURCE=29;MAP_OBJECT_ROSEBUSH=30;MAP_OBJECT_COAST=31;MAP_OBJECT_SAWMILL=32;MAP_OBJECT_RANKING_SHRINE=33;MAP_OBJECT_SPELL_SHRINE=34;MAP_OBJECT_SHIPWRECK=35;MAP_OBJECT_STATUE=36;MAP_OBJECT_TREE_STUMP=37;MAP_OBJECT_SWAN_POND=38;MAP_OBJECT_DESERT_TENT=39;MAP_OBJECT_TOWN=40;MAP_OBJECT_STONE_LITHS=41;MAP_OBJECT_WAGON_CAMP=42;MAP_OBJECT_WELL=43;MAP_OBJECT_WHIRLPOOL=44;MAP_OBJECT_WINDMILL=45;MAP_OBJECT_OAK_TREE=46;MAP_OBJECT_MEGALITH=47;MAP_OBJECT_ARTIFACT=48;MAP_OBJECT_EVENT_LAST=48;MAP_OBJECT_NOTHING_HERE=49;MAP_OBJECT_SHADOW=50;MAP_OBJECT_MOUNTAINS=52;MAP_OBJECT_MOUNTAINS_2=53;MAP_OBJECT_MOUNTAINS_3=54;MAP_OBJECT_MOUNTAINS_4=55;MAP_OBJECT_MOUNTAINS_LAST=55;MAP_OBJECT_TREES=56;MAP_OBJECT_TREES_2=57;MAP_OBJECT_TREES_3=58;MAP_OBJECT_TREES_4=59;MAP_OBJECT_TREES_5=60;MAP_OBJECT_TREES_LAST=60;MAP_OBJECT_HERO=61;MAP_OBJECT_SHIP=62;MAP_OBJECT_ULTIMATE_ARTIFACT=63	retain	include/SOURCE/mapObjectTypes.h:MapObjectType		mapCell object type from retail gObjectNames, tested across ADVMGR/CURSOR/EVENTS/FINDPATH; InputScanCode and other tables overlap 0..72 only by length. Mountain and tree variants 53..55/57..60 are numbered after their family member (GetObjectFamily folds them). ULTIMATE_ARTIFACT (63) lies past gObjectNames: EVENTS EventSound maps it to MUSIC_TRACK_ULTIMATE_ARTIFACT and game keeps its event bit. EVENT_LAST aliases ARTIFACT (48): RandomizeTown keeps a 1..48 event object under a placed town as the secondary trigger. SHADOW (50) is unnamed in gObjectNames; RandomizeEvents marks such cells shadow-only.
include/SOURCE/mapObjectTypes.h:MapFileObjectType	MAP_FILE_OBJECT_RANDOM_ARTIFACT=61;MAP_FILE_OBJECT_RANDOM_RESOURCE=62;MAP_FILE_OBJECT_RANDOM_MONSTER=63;MAP_FILE_OBJECT_RANDOM_TOWN=64;MAP_FILE_OBJECT_RANDOM_CASTLE=65;MAP_FILE_OBJECT_RANDOM_MINE=66;MAP_FILE_OBJECT_RANDOM_MONSTER_WEAK=67;MAP_FILE_OBJECT_RANDOM_MONSTER_MEDIUM=68;MAP_FILE_OBJECT_RANDOM_MONSTER_STRONG=69;MAP_FILE_OBJECT_RANDOM_MONSTER_VERY_STRONG=70;MAP_FILE_OBJECT_HERO=71	retain	include/SOURCE/mapObjectTypes.h:MapFileObjectType		map-file object codes that game::ProcessRandomObjects and hero setup replace before play; 61/62 mean random artifact/resource here but hero/ship in MapObjectType, so the encodings differ.
include/SOURCE/netwin.h:NetbiosProbeCommand	NETBIOS_COMMAND_PROBE=127	retain	include/SOURCE/netwin.h:NetbiosProbeCommand		NetBIOS probe command byte in netwin.cpp.
include/SOURCE/netwinRuntime.h:NetbiosRuntimeConstant	NETBIOS_SESSION_COUNT=7;NETBIOS_SESSION_ACTIVE=1;NETBIOS_SESSION_NAME_REGISTERED=2;NETBIOS_SESSION_CONNECTED=8;NETBIOS_SESSION_ERROR=128;NETBIOS_RESULT_SESSION_OUT_OF_RANGE=8;NETBIOS_PACKET_HEADER_SIZE=11;NETBIOS_INVALID_ID=255;NETBIOS_THREAD_EVENT_COUNT=9;NETBIOS_RECEIVE_EVENT_FIRST=2;NETBIOS_PAYLOAD_SIZE=4096;NETBIOS_CALL_RETRY_LIMIT=20;NETBIOS_CALL_RETRY_DELAY=100;NETBIOS_RECEIVE_RETRY_DELAY=50;NETBIOS_ADAPTER_STATUS_SIZE=1024;NETBIOS_RESET_SESSION_LIMIT_INDEX=0;NETBIOS_RESET_NAME_LIMIT_INDEX=2;NETBIOS_RESET_SESSION_LIMIT=20;NETBIOS_RESET_NAME_LIMIT=10	canonical	include/SOURCE/netwinRuntime.h:NetbiosRuntimeConstant		netwin.cpp session table and NetBIOS runtime constants; SETUP.cpp's NetbiosSessionStatus repeats its session status bits and is pending reuse into it.
include/SOURCE/netwinRuntime.h:NetbiosSessionOperation	NETBIOS_SESSION_REGISTER=0;NETBIOS_SESSION_RECEIVE_ANY=1;NETBIOS_SESSION_CALL=2;NETBIOS_SESSION_LISTEN_ANY=3;NETBIOS_SESSION_LISTEN=4;NETBIOS_SESSION_MOVE=5;NETBIOS_SESSION_CLOSE=6;NETBIOS_SESSION_CLEAR_CONNECTED=7;NETBIOS_SESSION_GET_NAME=9	retain	include/SOURCE/netwinRuntime.h:NetbiosSessionOperation		operation selector switched by netwin.cpp nb_sess (register, call, listen, close...); session status bits are a separate field.
include/SOURCE/philAI.h:AIResourceValue	RV_UNSET=-32001	retain	include/SOURCE/philAI.h:AIResourceValue		Constant group (H1_ENUM_CONST), not a value domain: the unevaluated sentinel of PHILAI's resource-value caches (Buka AIResourceValue::RV_UNSET), written by Misc ResetHeroRVs.
include/SOURCE/philAI.h:MapExtraFlag	MAP_EXTRA_MONSTER_ADJACENT=128	canonical	include/SOURCE/philAI.h:MapExtraFlag		mapExtra monster-adjacency bit set by game::SetupAdjacentMons and read by GoodAdjacent/ValueOfEventAtPosition/ProcessSelect/CURSOR/SEARCH; MapTriggerEncoding and MapCellFlag 0x80 live in other bytes.
include/SOURCE/recruitUnit.h:RecruitSourceType	RECRUIT_SOURCE_EVENT=-1;RECRUIT_SOURCE_TOWN=40	retain	include/SOURCE/recruitUnit.h:RecruitSourceType		recruitUnit::m_sourceType (event or town dwelling) tested in RECRUIT.cpp.
include/SOURCE/searchArray.h:SearchStorageConstant	SEARCH_QUEUE_CAPACITY=1024;SEARCH_CELL_CAPACITY=5184;SEARCH_GRID_SIZE=72;SEARCH_FLAG_BIT_COUNT=1;SEARCH_DIRECTION_BIT_COUNT=4;SEARCH_PATH_CAPACITY=256	pending	include/SOURCE/searchArray.h:SearchStorageConstant		Reuse lead: SEARCH_GRID_SIZE is the 72-cell map side (MAP_CELL_GRID_SIZE) and SEARCH_CELL_CAPACITY its square; the queue/path capacities and bit widths stay.
include/SOURCE/spellTypes.h:SpellType	SPELL_NONE=-1;SPELL_FIREBALL=0;SPELL_LIGHTNING_BOLT=1;SPELL_TELEPORT=2;SPELL_CURE=3;SPELL_RESURRECT=4;SPELL_HASTE=5;SPELL_SLOW=6;SPELL_BLIND=7;SPELL_BLESS=8;SPELL_PROTECTION=9;SPELL_CURSE=10;SPELL_TURN_UNDEAD=11;SPELL_ANTI_MAGIC=12;SPELL_DISPEL_MAGIC=13;SPELL_BERZERKER=14;SPELL_ARMAGEDDON=15;SPELL_STORM=16;SPELL_METEOR_SHOWER=17;SPELL_PARALYZE=18;SPELL_VIEW_MINES=19;SPELL_VIEW_RESOURCES=20;SPELL_VIEW_ARTIFACTS=21;SPELL_VIEW_TOWNS=22;SPELL_VIEW_HEROES=23;SPELL_VIEW_ALL=24;SPELL_IDENTIFY_HERO=25;SPELL_SUMMON_BOAT=26;SPELL_DIMENSION_DOOR=27;SPELL_TOWN_GATE=28	retain	include/SOURCE/spellTypes.h:SpellType		spell ids from retail gSpellNames in hero spellbooks and SPELLS/SPELLAI; CreatureType/ArtifactType share prefixes by table length only.
include/SOURCE/terrainTypes.h:TerrainType	TERRAIN_INVALID=-1;TERRAIN_WATER=0;TERRAIN_GRASS=1;TERRAIN_SNOW=2;TERRAIN_SWAMP=3;TERRAIN_LAVA=4;TERRAIN_DESERT=5;TERRAIN_DIRT=6	retain	include/SOURCE/terrainTypes.h:TerrainType		mapCell terrain (water..dirt) selecting combat backgrounds and path costs; CombatAction and BottomViewMode share 0..6 only. TERRAIN_INVALID (-1) is TestPossibleDirections' blocked-direction fill (Buka KB_TYPES.h TERRAIN_INVALID).
include/SOURCE/town.h:TownConstant	TOWN_MAGE_GUILD_SPELL_COUNT=9;TOWN_OCCUPYING_HERO_NONE=-1	canonical	include/SOURCE/town.h:TownConstant		town::m_mageGuildSpells extent (9); TownMageConstant's TOWN_MAGE_SPELL_COUNT is pending reuse of it. TOWN_OCCUPYING_HERO_NONE is the empty m_occupyingHeroId sentinel (Buka town.h); retail tests it before GetHero in town::GiveSpells/View and the town screen.
include/SOURCE/townManager.h:TownManagerStorageConstant	TOWN_MANAGER_OBJECT_CAPACITY=16;TOWN_MANAGER_STATUS_TEXT_SIZE=80;TOWN_MANAGER_DISPATCH_MASK=815;TOWN_STATUS_TEXT_CONTROL=902;TOWN_STATUS_REGION_Y=462;TOWN_STATUS_REGION_WIDTH=640;TOWN_STATUS_REGION_HEIGHT=16;TOWN_NAME_TEXT_CONTROL=37;TOWN_REDRAW_INTERVAL=150;TOWN_FRAME_TIMER_SLOT=0;TOWN_FIRST_FACTION_OBJECT=5;TOWN_CREST_NO_HERO_OFFSET=16;TOWN_MANAGER_MESSAGE_MASK=2048;TOWN_REDRAW_FIRST_CONTROL=36;TOWN_REDRAW_LAST_CONTROL=37;TOWN_VIEWPORT_WIDTH=640;TOWN_VIEWPORT_HEIGHT=256	retain	include/SOURCE/townManager.h:TownManagerStorageConstant		Constant group (H1_ENUM_CONST), not a value domain: townManager array extents, MessageType dispatch mask 0x32f, status/viewport rectangles and redraw ids in TOWNMGR.cpp.
include/SOURCE/townManager.h:TownArmyCommand	TOWN_ARMY_COMMAND_NONE=-1;TOWN_ARMY_COMMAND_SELECT=0;TOWN_ARMY_COMMAND_VIEW=1;TOWN_ARMY_COMMAND_MERGE=2;TOWN_ARMY_COMMAND_SWAP=3;TOWN_ARMY_COMMAND_VIEW_HERO=4;TOWN_ARMY_COMMAND_SPLIT=5;TOWN_ARMY_COMMAND_GARRISON=6;TOWN_SHIFT_QUALIFIER_MASK=3	retain	include/SOURCE/townManager.h:TownArmyCommand		townManager army-strip command (select, view, merge, swap, split, garrison) in TOWNMGR.cpp; TownCommandText indexes status text.
include/SOURCE/townManager.h:TownCommandText	TOWN_TEXT_REDISTRIBUTE_ARMY=0;TOWN_TEXT_CANNOT_COMBINE_LAST_ARMY=1;TOWN_TEXT_COMBINE_ARMIES=2;TOWN_TEXT_REDISTRIBUTE_TO_EMPTY_SLOT=3;TOWN_TEXT_VIEW_ARMY=4;TOWN_TEXT_CANNOT_MOVE_LAST_ARMY=5;TOWN_TEXT_MOVE_ARMY=6;TOWN_TEXT_EXCHANGE_ARMIES=7;TOWN_TEXT_EXIT=8;TOWN_TEXT_EMPTY_STATUS=9;TOWN_TEXT_GARRISON=10;TOWN_TEXT_EMPTY_SLOT=11;TOWN_TEXT_SELECT_ARMY=12;TOWN_TEXT_VIEW_HERO=13;TOWN_TEXT_BUILDING_0=14;TOWN_TEXT_DWELLING=21	retain	include/SOURCE/townManager.h:TownCommandText		row of the town status text table shown for army-strip actions; TownArmyCommand selects the action itself.
include/SOURCE/wingraph.h:WingraphPaintConstant	WINGRAPH_WIDTH=640;WINGRAPH_HEIGHT=480;WINGRAPH_PAINT_ALIGN_MASK=65532;WINGRAPH_PALETTE_SIZE=256;WINGRAPH_SYSTEM_PALETTE_SIZE=10;WINGRAPH_SYSTEM_PALETTE_END=10;WINGRAPH_MUTABLE_PALETTE_END=246;WINGRAPH_LIMITED_COMBAT_HEIGHT=458;WINGRAPH_COLOR_DEPTH=8;WINGRAPH_PALETTE_COMPONENT_COUNT=3;WINGRAPH_PALETTE_VALUE_SHIFT=2;WINGRAPH_SCROLL_MARGIN=16;WINGRAPH_SCROLL_SIZE=448;WINGRAPH_PAINT_TIMEOUT=10000;WINGRAPH_PAINT_X_END=640;WINGRAPH_PAINT_Y_END=480	pending	include/SOURCE/wingraph.h:WingraphPaintConstant		Reuse lead: WINGRAPH_WIDTH/HEIGHT and PAINT_X_END/Y_END are the 640x480 logical screen (Buka wingraph.cpp creates surfaces and DIBs with LOGICAL_SCREEN_WIDTH/HEIGHT); palette and timing members stay.
include/SOURCE/wingraph.h:DirectDrawReportCode	DDSD_REPORT_NONE=0;DDSD_REPORT_GENERIC=1;DDSD_REPORT_INVALIDCLIPLIST=2;DDSD_REPORT_INVALIDOBJECT=3;DDSD_REPORT_INVALIDPARAMS=4;DDSD_REPORT_INVALIDRECT=5;DDSD_REPORT_NOALPHAHW=6;DDSD_REPORT_NOBLTHW=7;DDSD_REPORT_NOCLIPLIST=8;DDSD_REPORT_NODDROPSHW=9;DDSD_REPORT_SURFACELOST=10;DDSD_REPORT_UNSUPPORTED=11;DDSD_REPORT_NOMIRRORHW=12;DDSD_REPORT_NORASTEROPHW=13;DDSD_REPORT_NOROTATIONHW=14;DDSD_REPORT_NOSTRETCHHW=15;DDSD_REPORT_SURFACEBUSY=16;DDSD_REPORT_NOZBUFFERHW=17;DDSD_REPORT_OUTOFMEMORY=18;DDSD_REPORT_CLIPPERISUSINGHWND=19;DDSD_REPORT_NOEXCLUSIVEMODE=20;DDSD_REPORT_NOT8BITCOLOR=21;DDSD_REPORT_NOPALETTEATTACHED=22;DDSD_REPORT_NOPALETTEHW=23;DDSD_REPORT_LOCKEDSURFACES=24;DDSD_REPORT_IMPLICITLYCREATED=25;DDSD_REPORT_WRONGMODE=26;DDSD_REPORT_INCOMPATIBLEPRIMARY=27;DDSD_REPORT_NOCLIPPERATTACHED=28;DDSD_REPORT_UNKNOWN=100	retain	include/SOURCE/wingraph.h:DirectDrawReportCode		wingraph DirectDraw report code chosen per DDERR_* case; its 0..30 order is the report list's, not another table's.
src/BASE/MOUSEMGR.cpp:MouseManagerStateConstant	MOUSE_INITIAL_POINTER_FLAGS=6;MOUSE_INITIAL_X=320;MOUSE_INITIAL_Y=240;MOUSE_SAVED_BITMAP_SIZE=64;MOUSE_MANAGER_MESSAGE_MASK=64;MOUSE_CURSOR_FILENAME_CAPACITY=16;MOUSE_SAVED_BITMAP_TYPE=33	pending	src/BASE/MOUSEMGR.cpp:MouseManagerStateConstant;include/BASE/bitmap.h:BitmapType	MOUSE_SAVED_BITMAP_TYPE=include/BASE/bitmap.h:BitmapType::BITMAP_TYPE_MEMORY	Initial pointer state stays, but MOUSE_SAVED_BITMAP_TYPE=0x21 is the bitmap type code WINMGR stores as WINDOW_MANAGER_SCREEN_BITMAP_TYPE; one bitmap-type domain should own it. MOUSE_CURSOR_FILENAME_CAPACITY sizes SetPointer's cursor bitmap name.
src/BASE/SAMPLE.cpp:SampleLoadConstant	SAMPLE_FILENAME_CAPACITY=32;SAMPLE_FORMAT_SUFFIX_LENGTH=3;SAMPLE_LOAD_RATE_11025=11025;SAMPLE_LOAD_RATE_22050=22050;SAMPLE_LOAD_RATE_44100=44100;SAMPLE_LOAD_FORMAT_8_BIT=0;SAMPLE_LOAD_FORMAT_16_BIT=1;SAMPLE_LOAD_STEREO=2	pending	src/BASE/SAMPLE.cpp:SampleLoadConstant		Reuse lead: SAMPLE_LOAD_RATE_* and SAMPLE_LOAD_FORMAT_16_BIT/STEREO repeat SampleStreamConstant's rates and MSS format bits (1 = 16-bit, 2 = stereo) for the same sample header fields.
src/BASE/WINDOW.cpp:WindowWidgetRecordType	WIDGET_RECORD_END=0;WIDGET_RECORD_BORDER=1;WIDGET_RECORD_BUTTON=2;WIDGET_RECORD_TEXT=8;WIDGET_RECORD_ICON=16;WIDGET_RECORD_BACKDROP=32;WIDGET_RECORD_DIMMER=64;WIDGET_RECORD_TEXT_ENTRY=256;WIDGET_RECORD_TEXT_ENTRY_RECT=513;WIDGET_RECORD_TEXT_ENTRY_MULTILINE=514	retain	src/BASE/WINDOW.cpp:WindowWidgetRecordType		window resource widget-record kind read by heroWindow loading in WINDOW.cpp; widget kind/flag bits are runtime fields.
src/SOURCE/ADVMGR.cpp:AdventureButtonConstant	BUTTON_BROADCAST_ARG=1;PANEL_CONTINUE_ROUTE=2	retain	src/SOURCE/ADVMGR.cpp:AdventureButtonConstant		Constant group (H1_ENUM_CONST), not a value domain: panel button broadcast argument and continue-route code in ADVMGR.cpp.
src/SOURCE/ADVMGR.cpp:AdventureScreenConstant	SCROLL_BORDER=16	retain	src/SOURCE/ADVMGR.cpp:AdventureScreenConstant		Constant group (H1_ENUM_CONST), not a value domain: adventure scroll border width.
src/SOURCE/ADVMGR.cpp:AdventureBorderConstant	ADVENTURE_VIEWPORT_EXTENT=480;BORDER_EDGE_SIZE=16;BORDER_SIDE_BYTES=16;BORDER_SAVED_SIDE_BYTES=32;BORDER_MIDDLE_END=464;BORDER_BUFFER_SIZE=29696	retain	src/SOURCE/ADVMGR.cpp:AdventureBorderConstant		Constant group (H1_ENUM_CONST), not a value domain: adventure border strip sizes; ADVENTURE_VIEWPORT_EXTENT is Buka's separate 480-pixel viewport (ADVMGR.h).
src/SOURCE/ADVMGR.cpp:BottomViewMode	BOTTOM_VIEW_NONE=0;BOTTOM_VIEW_NEW_TURN=1;BOTTOM_VIEW_KINGDOM=2;BOTTOM_VIEW_HERO=3;BOTTOM_VIEW_ENEMY_TURN=4;BOTTOM_VIEW_RESOURCE=5;BOTTOM_VIEW_OVERRIDE_DISABLED=6	reuse	include/SOURCE/advManager.h:BottomViewMode	BOTTOM_VIEW_NONE=include/SOURCE/advManager.h:BottomViewMode::BOTTOM_VIEW_NONE;BOTTOM_VIEW_NEW_TURN=include/SOURCE/advManager.h:BottomViewMode::BOTTOM_VIEW_NEW_TURN;BOTTOM_VIEW_KINGDOM=include/SOURCE/advManager.h:BottomViewMode::BOTTOM_VIEW_KINGDOM;BOTTOM_VIEW_HERO=include/SOURCE/advManager.h:BottomViewMode::BOTTOM_VIEW_HERO;BOTTOM_VIEW_ENEMY_TURN=include/SOURCE/advManager.h:BottomViewMode::BOTTOM_VIEW_ENEMY_TURN;BOTTOM_VIEW_RESOURCE=include/SOURCE/advManager.h:BottomViewMode::BOTTOM_VIEW_RESOURCE;BOTTOM_VIEW_OVERRIDE_DISABLED=include/SOURCE/advManager.h:BottomViewMode::BOTTOM_VIEW_OVERRIDE_DISABLED	Moved unchanged to advManager.h so KB (BVResMsg) and game share it with ADVMGR. advManager bottom view mode (new turn, kingdom, hero, enemy turn, resource); TerrainType and CombatAction share 0..6 only.
src/SOURCE/ADVMGR.cpp:AdventureScrollConstant	ADVMGR_VIEW_CENTER=7;SCROLL_MIN_ORIGIN=-7;SCROLL_MAX_ORIGIN=64;SCROLL_TICK_INTERVAL=70;HOVER_SCROLL_FRAME_FIRST=32;HOVER_SCROLL_FRAME_END=40	retain	src/SOURCE/ADVMGR.cpp:AdventureScrollConstant		Constant group (H1_ENUM_CONST), not a value domain: adventure map scroll origin bounds, tick and hover frames.
src/SOURCE/ADVMGR.cpp:AdventurePanelDialogConstant	PANEL_CLOSE_WIDGET=30720;PANEL_NO_HELP=-1;PANEL_VIEW_WORLD_HELP=0;PANEL_VIEW_PUZZLE_HELP=1;PANEL_CAST_SPELL_HELP=2;PANEL_SEARCH_HELP=3;PANEL_VIEW_WORLD=1;PANEL_VIEW_PUZZLE=2;PANEL_CAST_SPELL=3;PANEL_SEARCH=4	retain	src/SOURCE/ADVMGR.cpp:AdventurePanelDialogConstant		Constant group (H1_ENUM_CONST), not a value domain: adventure options panel ids and help rows; PANEL_CLOSE_WIDGET is the panel's role name for DialogButtonId slot 0.
src/SOURCE/ADVMGR.cpp:AdventureSpellConstant	SPELL_TRAVEL_MOBILITY_COST=12	reuse	include/SOURCE/advManager.h:AdventureSpellConstant	SPELL_TRAVEL_MOBILITY_COST=include/SOURCE/advManager.h:AdventureSpellConstant::SPELL_TRAVEL_MOBILITY_COST	Moved unchanged to include/SOURCE/advManager.h. Constant group (H1_ENUM_CONST), not a value domain: travel spell mobility cost.
src/SOURCE/ADVMGR.cpp:AdventureDrawMask	ADVMGR_DRAW_GROUND=1;ADVMGR_DRAW_OBJECT=2;ADVMGR_DRAW_OVERLAY=4;ADVMGR_DRAW_HERO=8;ADVMGR_DRAW_CLOUD=32;ADVMGR_VIEW_CELL_COUNT=15	retain	src/SOURCE/ADVMGR.cpp:AdventureDrawMask		advManager redraw layer bits (ground, object, overlay, hero, cloud) and the view cell count in ADVMGR.cpp.
src/SOURCE/ADVMGR.cpp:CloudNeighborMask	CLOUD_NORTH=1;CLOUD_EAST=2;CLOUD_SOUTH=4;CLOUD_WEST=8;CLOUD_NORTH_EAST=16;CLOUD_SOUTH_EAST=32;CLOUD_SOUTH_WEST=64;CLOUD_NORTH_WEST=128;CLOUD_EAST_EDGE=50;CLOUD_SOUTH_EDGE=100;CLOUD_NORTH_EDGE=145;CLOUD_WEST_EDGE=200	retain	src/SOURCE/ADVMGR.cpp:CloudNeighborMask		GetCloudLookup unseen-neighbour bits indexing giCloudType; local to ADVMGR.cpp, other 1..0x80 bit sets are other bytes.
include/SOURCE/advManager.h:AdventurePanelButtonConstant	ADVMGR_PANEL_BUTTON_FIRST=1;ADVMGR_PANEL_BUTTON_LAST=6	retain	include/SOURCE/advManager.h:AdventurePanelButtonConstant		Constant group (H1_ENUM_CONST), not a value domain: adventure panel button id range 1..6.
src/SOURCE/ADVMGR.cpp:ControlPanelDialogConstant	CONTROL_NEW_GAME=1;CONTROL_LOAD_GAME=2;CONTROL_SAVE_GAME=3;CONTROL_QUIT=4;CONTROL_MUSIC_VOLUME=5;CONTROL_SOUND_VOLUME=6;CONTROL_WALK_SPEED=7;CONTROL_MUSIC_SOURCE=11;CONTROL_SHOW_ROUTE=12;CONTROL_SHOW_ENEMY_MOVES=13;CONTROL_SCENARIO_INFO=17;CONTROL_MUSIC_VOLUME_TEXT=8;CONTROL_SOUND_VOLUME_TEXT=9;CONTROL_WALK_SPEED_TEXT=10;CONTROL_MUSIC_SOURCE_TEXT=14;CONTROL_SHOW_ROUTE_TEXT=15;CONTROL_SHOW_ENEMY_MOVES_TEXT=16	retain	src/SOURCE/ADVMGR.cpp:ControlPanelDialogConstant		Constant group (H1_ENUM_CONST), not a value domain: control panel widget ids in ADVMGR.cpp. The *_TEXT labels are the cpanel.bin text widgets UpdateCPanel fills next to each option button.
src/SOURCE/HERO.cpp:HeroScreenControl	HERO_SCREEN_TITLE=2;HERO_SCREEN_ARTIFACT_BACKGROUND_FIRST=6;HERO_SCREEN_ARTIFACT_FIRST=20;HERO_SCREEN_PORTRAIT=65;HERO_SCREEN_STAT_VALUE_FIRST=76;HERO_SCREEN_ATTACK=81;HERO_SCREEN_STAT_FIRST=81;HERO_SCREEN_DEFENSE=82;HERO_SCREEN_SPELL_POWER=83;HERO_SCREEN_KNOWLEDGE=84;HERO_SCREEN_CHARACTERISTICS=85;HERO_SCREEN_CREST=86;HERO_SCREEN_ARMY_BACKGROUND_FIRST=87;HERO_SCREEN_ARMY_CREATURE_FIRST=92;HERO_SCREEN_ARMY_COUNT_FIRST=97;HERO_SCREEN_ARMY_SLOT_FIRST=102;HERO_SCREEN_MORALE_FIRST=200;HERO_SCREEN_MORALE_LAST=202;HERO_SCREEN_LUCK_FIRST=203;HERO_SCREEN_LUCK_LAST=205;HERO_SCREEN_EXPERIENCE_ICON=206;HERO_SCREEN_EXPERIENCE=207;HERO_SCREEN_STATUS_FIRST=300;HERO_SCREEN_STATUS_TEXT=302;HERO_SCREEN_EXIT=30720;HERO_SCREEN_DISMISS=30723	retain	src/SOURCE/HERO.cpp:HeroScreenControl		hero screen widget ids in HERO.cpp; their stat sub-range (81..84) is ordered like HeroPrimaryStat but names widgets.
src/SOURCE/KB.cpp:MoraleInfoText	MORALE_INFO_GOOD=0;MORALE_INFO_NEUTRAL=1;MORALE_INFO_BAD=2;MORALE_INFO_HEADER=3;MORALE_INFO_KNIGHT=4;MORALE_INFO_ALL_TROOPS=5;MORALE_INFO_THREE_ALIGNMENTS=6;MORALE_INFO_FOUR_ALIGNMENTS=7;MORALE_INFO_MEDAL_OF_VALOR=8;MORALE_INFO_MEDAL_OF_COURAGE=9;MORALE_INFO_MEDAL_OF_HONOR=10;MORALE_INFO_MEDAL_OF_DISTINCTION=11;MORALE_INFO_FIZBIN=12;MORALE_INFO_BUOY=13;MORALE_INFO_OASIS=14;MORALE_INFO_STATUE=15;MORALE_INFO_GRAVEYARD=16;MORALE_INFO_SHIPWRECK=17;MORALE_INFO_COWARDICE=18;MORALE_INFO_NONE=19;MORALE_INFO_FIVE_ALIGNMENTS=20	retain	src/SOURCE/KB.cpp:MoraleInfoText		row of gMoraleInfoText in game::ShowMoraleInfo; medal rows 8..11 equal artifact ids only by order, since each artifact is tested with HasArtifact before a fixed row is appended.
src/SOURCE/KB.cpp:LuckInfoText	LUCK_INFO_GOOD=0;LUCK_INFO_NEUTRAL=1;LUCK_INFO_BAD=2;LUCK_INFO_HEADER=3;LUCK_INFO_RABBITS_FOOT=4;LUCK_INFO_HORSESHOE=5;LUCK_INFO_LUCKY_COIN=6;LUCK_INFO_CLOVER=7;LUCK_INFO_FAERIE_RING=8;LUCK_INFO_FOUNTAIN=9;LUCK_INFO_NONE=10	retain	src/SOURCE/KB.cpp:LuckInfoText		row of gLuckInfoText in game::ShowLuckInfo; MoraleInfoText shares good/neutral/bad/header rows 0..3 but indexes the separate gMoraleInfoText table.
src/SOURCE/SETUP.cpp:NetbiosSessionStatus	NETBIOS_SESSION_ACTIVE_FLAG=1;NETBIOS_SESSION_NAME_REGISTERED=2;NETBIOS_SESSION_NAME_ERROR=128	reuse	include/SOURCE/netwinRuntime.h:NetbiosRuntimeConstant	NETBIOS_SESSION_ACTIVE_FLAG=include/SOURCE/netwinRuntime.h:NetbiosRuntimeConstant::NETBIOS_SESSION_ACTIVE;NETBIOS_SESSION_NAME_REGISTERED=include/SOURCE/netwinRuntime.h:NetbiosRuntimeConstant::NETBIOS_SESSION_NAME_REGISTERED;NETBIOS_SESSION_NAME_ERROR=include/SOURCE/netwinRuntime.h:NetbiosRuntimeConstant::NETBIOS_SESSION_ERROR	Reused: the session status bits SETUP.cpp declared (active 1, name registered 2, error 0x80) test the same nb_stat()/gNetStatus session record as netwinRuntime.h; the modem/NetBIOS setup code now in REMOTE.cpp spells them NETBIOS_SESSION_ACTIVE/NAME_REGISTERED/ERROR and the private block is gone.
src/SOURCE/SETUP.cpp:SetupDialogResult	DIALOG_CANCEL=30721	retain	src/SOURCE/SETUP.cpp:SetupDialogResult		SETUP.cpp's role name for the DialogButtonId slot its dialogs return on cancel.
include/SOURCE/smackManager.h:SmackVideo	SMACK_NWCLOGO=0;SMACK_NWCLOGO1=1;SMACK_LOGO_LAST=1;SMACK_INTRO02C=2;SMACK_INTRO_FIRST=2;SMACK_INTRO02U=3;SMACK_INTRO_LAST=3;SMACK_WIN01C=4;SMACK_WIN01U=5;SMACK_WIN02=6;SMACK_LOSE1=7	retain	include/SOURCE/smackManager.h:SmackVideo		row of the Smacker movie table in SMACKMGR.cpp; direction and resource enums overlap 0..7 by length only.
src/SOURCE/comwin.cpp:ComConstant	COM_PORT_COUNT=7;COM_RECEIVE_BUFFER_SIZE=8192;COM_TRANSMIT_BUFFER_SIZE=4096;COM_BREAK_DELAY=500;COM_NODE_HEADER_SIZE=10	retain	src/SOURCE/comwin.cpp:ComConstant		Constant group (H1_ENUM_CONST), not a value domain: COM port count, buffer sizes, break delay and node header size in comwin.cpp (a raw .cpp enum).
src/SOURCE/SWAPMGR.cpp:SwapManagerControl	CONTROL_LEFT_HERO=65;CONTROL_RIGHT_HERO=66;CONTROL_LEFT_PRIMARY_SKILL_FIRST=67;CONTROL_RIGHT_PRIMARY_SKILL_FIRST=72;CONTROL_TITLE=77;CONTROL_LEFT_ARMY_FIRST=78;CONTROL_LEFT_ARMY_LAST=82;CONTROL_RIGHT_ARMY_FIRST=83;CONTROL_RIGHT_ARMY_LAST=87;CONTROL_LEFT_ARTIFACT_FIRST=88;CONTROL_LEFT_ARTIFACT_LAST=101;CONTROL_RIGHT_ARTIFACT_FIRST=102;CONTROL_RIGHT_ARTIFACT_LAST=115;CONTROL_LEFT_ARMY_COUNT_FIRST=116;CONTROL_RIGHT_ARMY_COUNT_FIRST=121	retain	src/SOURCE/SWAPMGR.cpp:SwapManagerControl		swapwin.bin widget ids in SWAPMGR.cpp (portraits, primary stats, title, army/artifact/count slots); Buka 2.1 SWAPMGR.cpp SwapManagerControl spells the same 0x41..0x73 ids. Other windows' widget ids are separate per-window control sets.
src/SOURCE/SWAPMGR.cpp:SwapManagerSide	SWAP_SIDE_NONE=-1;SWAP_SIDE_RIGHT=0;SWAP_SIDE_LEFT=1	retain	src/SOURCE/SWAPMGR.cpp:SwapManagerSide		swapManager::m_selectedSide/m_targetSide, the m_heroes index; DrawSelector draws side 1 in the left columns. Buka's SwapManagerSide numbers the sides the other way round, so equal 0/1 are not reused.
src/SOURCE/SWAPMGR.cpp:SwapManagerItemType	SWAP_ITEM_NONE=-1;SWAP_ITEM_ARMY=0;SWAP_ITEM_ARTIFACT=1	retain	src/SOURCE/SWAPMGR.cpp:SwapManagerItemType		swapManager::m_itemType (army or artifact selection; Buka SwapManagerItemType); equal 0/1 in other enums select other things.
include/BASE/icon.h:IconDrawOrientation	ICON_DRAW_NORMAL=0;ICON_DRAW_FLIPPED=1	retain	include/BASE/icon.h:IconDrawOrientation		Orientation argument of icon::DrawToBuffer/FillToBuffer/ClipFillToBuffer/DimToBuffer and iconWidget::m_orientation: nonzero selects the Flip*IconToBitmap blitters (ICON.cpp); Buka IconDraw.h IconDrawOrientation. Equal 0/1 flags (DrawToBuffer's mode byte) are not this domain.
src/SOURCE/GAME.cpp:NewGameHelp	NEW_GAME_HELP_NONE=-1;NEW_GAME_HELP_ACCEPT=0;NEW_GAME_HELP_MAIN_MENU=1;NEW_GAME_HELP_KING_OF_THE_HILL=2;NEW_GAME_HELP_SCENARIO=3;NEW_GAME_HELP_DIFFICULTY=4;NEW_GAME_HELP_OPPONENT=5;NEW_GAME_HELP_COLOR=6;NEW_GAME_HELP_RATING=7;NEW_GAME_HELP_HUMAN_OPPONENT=8	retain	src/SOURCE/GAME.cpp:NewGameHelp		gNewGameHelp row chosen by NewGameHandler right clicks; other windows have their own help tables.
include/SOURCE/cursorTypes.h:AdventurePointerFrame	ADVENTURE_POINTER_DEFAULT=0;ADVENTURE_POINTER_WAIT=1;ADVENTURE_POINTER_HERO=2;ADVENTURE_POINTER_TOWN=3;ADVENTURE_POINTER_MOVE=4;ADVENTURE_POINTER_ATTACK=5;ADVENTURE_POINTER_SAIL=6;ADVENTURE_POINTER_DISEMBARK=7;ADVENTURE_POINTER_SELECT_HERO=8;ADVENTURE_POINTER_ACTION=9;ADVENTURE_POINTER_WATER_ACTION=28	retain	include/SOURCE/cursorTypes.h:AdventurePointerFrame		advmice.mse frames passed to mouseManager::SetPointer in the adventure cursor set: ProcessHover's hover roles (hero, own town, move, attack, sail, disembark, own hero, action, water action), WAIT for non-local turns (game::NextPlayer, advManager::Open). Buka 2.1 ADVMGR.cpp AdventurePointerFrame has the same numbering; iHotSpot rows 0..39 group the day-repeated roles. Combat and spell frames are other cursor sets.
include/SOURCE/cursorTypes.h:AdventurePointerConstant	ADVENTURE_POINTER_DAY_STRIDE=6;ADVENTURE_POINTER_DAY_LAST=3	retain	include/SOURCE/cursorTypes.h:AdventurePointerConstant		Constant group (H1_ENUM_CONST): ProcessHover's per-day frame stride (6 roles) and last travel day (3).
src/SOURCE/SPELLS.cpp:SpellPointerFrame	SPELL_POINTER_NO_TARGET=19	retain	src/SOURCE/SPELLS.cpp:SpellPointerFrame		spelmous.mse frame shown by HandleCastSpell over an invalid target (19, after the 19 combat spell frames); valid targets show the SpellType frame.
include/BASE/soundManager.h:MusicTrack	MUSIC_TRACK_NONE=-1;MUSIC_TRACK_DAEMON_CAVE=7;MUSIC_TRACK_FAERIE_RING=8;MUSIC_TRACK_GAZEBO=9;MUSIC_TRACK_ANCIENT_LAMP=10;MUSIC_TRACK_GRAVEYARD=11;MUSIC_TRACK_DRAGON_CITY=12;MUSIC_TRACK_PUZZLE=13;MUSIC_TRACK_STATUE=14;MUSIC_TRACK_NETWORK_TURN=15;MUSIC_TRACK_DESERT_TENT=15;MUSIC_TRACK_TELEPORT=16;MUSIC_TRACK_WAGON_CAMP=17;MUSIC_TRACK_BUOY_OASIS=20;MUSIC_TRACK_OBELISK=21;MUSIC_TRACK_HOUSE=22;MUSIC_TRACK_MINE_CAPTURED=23;MUSIC_TRACK_FOUNTAIN=24;MUSIC_TRACK_WHIRLPOOL=25;MUSIC_TRACK_LIGHTHOUSE=26;MUSIC_TRACK_SPELL_SHRINE=27;MUSIC_TRACK_TREASURE=28;MUSIC_TRACK_BATTLE_1=40;MUSIC_TRACK_BATTLE_2=41;MUSIC_TRACK_BATTLE_3=42;MUSIC_TRACK_BATTLE_LOST=43;MUSIC_TRACK_BATTLE_WON=44;MUSIC_TRACK_ULTIMATE_ARTIFACT=46;MUSIC_TRACK_MAIN_MENU=48;MUSIC_TRACK_AI_TURN=49;MUSIC_TRACK_NEW_WEEK=50;MUSIC_TRACK_NEW_MONTH=51;MUSIC_TRACK_LEVEL_UP=52;MUSIC_TRACK_BATTLE_4=53;MUSIC_TRACK_CONGRATULATIONS=54	retain	include/BASE/soundManager.h:MusicTrack		Logical music track passed to soundManager::SwitchAmbientMusic/PlayAmbientMusic: TerrainType 0..6 and town themes from TOWN_THEME_MUSIC_BASE are passed computed; named members come from their call sites (EventSound object cues, combatManager::Open battle list, DoVictory win/lose, main menu, AI turn, level-up, end-game congratulations, puzzle, town gate/dimension door/stone liths teleport). Track 15 (desert tent and the net 'your turn' jingle) is left numeric: its role is not proven. Reuse lead: SoundManagerConstant MUSIC_POSITION_TRACK_1..3 (47..49) and townManager TOWN_TAVERN_MUSIC (0x2f) are resumable tracks of this domain. NETWORK_TURN (15) is switched to when a networked human player's turn starts (GAME/ADVMGR with giForceSwitchMusic). NEW_WEEK/NEW_MONTH (0x32/0x33) are game::NewDay's week and month announcement cues. DESERT_TENT aliases 15 for EVENTS' desert-tent cue.
src/SOURCE/SETUP.cpp:SetupDialogChoice	CHOICE_ONE=1;CHOICE_TWO=2;CHOICE_THREE=3;CHOICE_FOUR=4	retain	src/SOURCE/SETUP.cpp:SetupDialogChoice		Numbered choice buttons of the stp*.bin setup dialogs (BaseSetupHandler accepts ids 1..1000); each game::Setup* switch maps CHOICE_n to its option. Buka 2.1 SETUP.cpp SetupDialogChoice uses the same generic slots.
src/SOURCE/SETUP.cpp:SetupHelpIndex	NO_HELP=-1;HELP_FIRST=0	retain	src/SOURCE/SETUP.cpp:SetupHelpIndex		Setup handlers' help-row sentinel (NO_HELP) and first valid row (Buka SetupHelpIndex); the per-window rows themselves stay numeric as in Buka.
include/SOURCE/advManager.h:AdventureControl	ADVENTURE_CONTROL_NEXT_HERO=1;ADVENTURE_CONTROL_CONTINUE_ROUTE=2;ADVENTURE_CONTROL_OVERVIEW=3;ADVENTURE_CONTROL_END_TURN=4;ADVENTURE_CONTROL_ADVENTURE_OPTIONS=5;ADVENTURE_CONTROL_GAME_OPTIONS=6;ADVENTURE_CONTROL_RADAR=9;ADVENTURE_CONTROL_MAP_VIEW=10;ADVENTURE_CONTROL_TOWN_LOCATOR_1=16;ADVENTURE_CONTROL_TOWN_LOCATOR_2=17;ADVENTURE_CONTROL_TOWN_LOCATOR_3=18;ADVENTURE_CONTROL_TOWN_LOCATOR_4=19;ADVENTURE_CONTROL_HERO_PAGE_PREVIOUS=20;ADVENTURE_CONTROL_HERO_PAGE_NEXT=21;ADVENTURE_CONTROL_HERO_SCROLL=22;ADVENTURE_CONTROL_TOWN_PAGE_PREVIOUS=23;ADVENTURE_CONTROL_TOWN_PAGE_NEXT=24;ADVENTURE_CONTROL_TOWN_SCROLL=25;ADVENTURE_CONTROL_HERO_KNOB=26;ADVENTURE_CONTROL_TOWN_KNOB=27;ADVENTURE_CONTROL_HERO_LOCATOR_1=105;ADVENTURE_CONTROL_HERO_LOCATOR_2=112;ADVENTURE_CONTROL_HERO_LOCATOR_3=119;ADVENTURE_CONTROL_HERO_LOCATOR_4=126	retain	include/SOURCE/advManager.h:AdventureControl		Adventure-window widget ids: panel buttons 1..6 (ProcessDeSelect: next hero, continue route, overview, end turn, adventure options, game options (control panel); swapManager disables the same six), radar 9, map view 10, town locators 16..19, page/scroll/knob controls 20..27 and hero locators 105 + 7n. Buka 2.1 ADVMGR.cpp AdventurePanelCommand/AdventureLocatorConstant use the same ids; ADVMGR's private PANEL_*/ADVMGR_PANEL_BUTTON_* constant groups are reuse leads.
include/SOURCE/game.h:SpellBookControl	SPELL_BOOK_PREVIOUS_PAGE=2;SPELL_BOOK_NEXT_PAGE=3;SPELL_BOOK_ADVENTURE_SPELLS=4;SPELL_BOOK_COMBAT_SPELLS=5;SPELL_BOOK_ENTRY_FIRST=6;SPELL_BOOK_ENTRY_LAST=9;SPELL_BOOK_LABEL_FIRST=10	retain	include/SOURCE/game.h:SpellBookControl		spellwin.bin widget ids: page buttons, adventure/combat tabs (game::SetupSpellRange 1/0), visible spell entries 6..9 and their labels 10..13, handled by ViewSpellsHandler/ViewSpecialHandler (GAME.cpp) and CombatSpecialHandler (SPELLS.cpp); cSpellHelp rows 0..3 describe 2..5.
src/SOURCE/ADVMGR.cpp:ControlPanelHelp	CPANEL_HELP_NONE=-1;CPANEL_HELP_NEW_GAME=0;CPANEL_HELP_LOAD_GAME=1;CPANEL_HELP_QUIT=2;CPANEL_HELP_CLOSE=3;CPANEL_HELP_SAVE_GAME=4;CPANEL_HELP_MUSIC_VOLUME=5;CPANEL_HELP_SOUND_VOLUME=6;CPANEL_HELP_WALK_SPEED=7;CPANEL_HELP_MUSIC_SOURCE=8;CPANEL_HELP_SHOW_ROUTE=9;CPANEL_HELP_SHOW_ENEMY_MOVES=10;CPANEL_HELP_SCENARIO_INFO=11	retain	src/SOURCE/ADVMGR.cpp:ControlPanelHelp		gCPanelHelp row CPanelHandler shows for each cpanel.bin control on right click (texts: new/load game, quit, close, save, music, sound, walk speed, music source, show path, show enemy moves, scenario info).
src/SOURCE/VIEW.cpp:ViewGeneralControl	GENERAL_CONTROL_NONE=0;GENERAL_NAME_WIDGET=1;GENERAL_PORTRAIT_WIDGET=2;GENERAL_COLOR_WIDGET=3;GENERAL_STATS_WIDGET=4;GENERAL_CONTROL_SEVEN=7;GENERAL_CONTROL_EIGHT=8;GENERAL_CONTROL_NINE=9;GENERAL_CAST_SPELL=10;GENERAL_RETREAT=11;GENERAL_SURRENDER=12;GENERAL_CONTROL_THIRTEEN=13;GENERAL_CONTROL_FOURTEEN=14	retain	src/SOURCE/VIEW.cpp:ViewGeneralControl		vgenwin.bin widget ids (Buka 2.1 VIEW.cpp ViewGeneralControl). Reuse lead: CAST_SPELL/RETREAT/SURRENDER (10..12) are returned as m_dialogResult and fed to combatManager::DoCommand, i.e. transported as CombatMessageCommand CAST_SPELL/RETREAT/SURRENDER.
src/SOURCE/VIEW.cpp:ViewGeneralHoverHelp	GENERAL_HOVER_HELP_CAST_SPELL=1;GENERAL_HOVER_HELP_RETREAT=2;GENERAL_HOVER_HELP_SURRENDER=3;GENERAL_HOVER_HELP_CLOSE=4;GENERAL_HOVER_HELP_HERO=5	retain	src/SOURCE/VIEW.cpp:ViewGeneralHoverHelp		cViewGeneralHelp row HandleViewGeneral prints on hover (Buka ViewGeneralHoverHelp).
src/SOURCE/KB.cpp:GameEndSequence	GAME_END_LOST=0;GAME_END_WON=1;GAME_END_CAMPAIGN_COMPLETE=2	retain	src/SOURCE/KB.cpp:GameEndSequence		giEndSequence outcome set by CheckEndGame and read by oldmain (video index, replay/advance); equal 0..2 values elsewhere are other domains.
src/SOURCE/KB.cpp:MainMenuHelp	MAIN_MENU_HELP_NONE=-1;MAIN_MENU_HELP_NEW_GAME=0;MAIN_MENU_HELP_LOAD_GAME=1;MAIN_MENU_HELP_HIGH_SCORES=2;MAIN_MENU_HELP_CREDITS=3;MAIN_MENU_HELP_QUIT=4	retain	src/SOURCE/KB.cpp:MainMenuHelp		gInitMenuHelp row InitMenuHandler shows on right click.
src/SOURCE/ADVMGR.cpp:AdventurePanelHelp	ADVENTURE_HELP_NONE=-1;ADVENTURE_HELP_NEXT_HERO=0;ADVENTURE_HELP_CONTINUE_ROUTE=1;ADVENTURE_HELP_OVERVIEW=2;ADVENTURE_HELP_END_TURN=3;ADVENTURE_HELP_ADVENTURE_OPTIONS=4;ADVENTURE_HELP_GAME_OPTIONS=5	retain	src/SOURCE/ADVMGR.cpp:AdventurePanelHelp		cAdvMenuHelp row advManager::Main shows on a right click of panel buttons 1..6 (texts quoted in the enum comment).
src/SOURCE/COMMAND.cpp:CombatControlId	COMBAT_CONTROL_DISABLE_SELECTION=2;COMBAT_CONTROL_SKIP_TURN=8;COMBAT_CONTROL_FIELD=64	retain	src/SOURCE/COMMAND.cpp:CombatControlId		Combat-window widget ids handled by ProcessCombatMsg: battlefield 0x40 (Buka CombatControlId CONTROL_MAIN_BUTTON), the selection-disabling button and the skip-turn button (queues ACTION_SKIP_TURN). HoMM2 numbers its buttons differently.
src/SOURCE/PATH.cpp:CombatPathConstant	SPECIAL_DIRECTION_MASK=192;IGNORE_SPEED=99;WIDE_HEX_OFFSET=1	retain	src/SOURCE/PATH.cpp:CombatPathConstant		Constant group (H1_ENUM_CONST), Buka 2.1 PATH.cpp CombatPathConstant: the wide-creature blocked-direction bits 0xc0 (GetMoveMask/GetAttackMask/ValidRange), FindPath's ignore-speed value and a wide creature's second-hex offset.
src/SOURCE/SPELLAI.cpp:CombatSpellAITargetMode	SPELL_AI_GLOBAL=0;SPELL_AI_AREA=1;SPELL_AI_FRIENDLY=2;SPELL_AI_ENEMY=3	retain	src/SOURCE/SPELLAI.cpp:CombatSpellAITargetMode		DetermineEffectOfSpell's spellMode: one global evaluation (cure, dispel, armageddon, storm), every area position (fireball, meteor shower), each friendly stack or each enemy stack; Buka 2.1 SPELLAI.cpp CombatSpellAITargetMode names the same walks with HoMM2 numbering.
include/SOURCE/combatTypes.h:CombatSide	COMBAT_SIDE_NONE=-1;COMBAT_DEFENDER_SIDE=0;COMBAT_ATTACKER_SIDE=1;COMBAT_SIDE_COUNT=2	retain	include/SOURCE/combatTypes.h:CombatSide		combatManager per-side arrays and side fields: SetupCombat stores the attacker in side 1 (army hexes at column 1) and the defender in side 0 (column 7); -1 marks an empty hex/no target. Buka 2.1 CombatSide numbers attacker 0, so equal 0/1 are not reused.
include/SOURCE/combatTypes.h:ArmyFacing	ARMY_FACING_RIGHT=0;ARMY_FACING_LEFT=1	retain	include/SOURCE/combatTypes.h:ArmyFacing		army::m_facing (= side ^ 1 at army::Init) and the icon orientation it is passed as: the side-1 attacker starts facing right with 0; 1 mirrors the sprite to face left. Buka ArmyFacing numbers LEFT 0 / RIGHT 1 for its side-0 attacker; the HoMM1 values are proven independently.
include/SOURCE/creatureTypes.h:MonsterFlags	MONSTER_FLAGS_NONE=0;MONSTER_FLAGS_WIDE=1;MONSTER_FLAGS_FLYING=2;MONSTER_FLAGS_SHOOTER=4;MONSTER_FLAGS_BREATH_ATTACK=8;MONSTER_FLAGS_DEAD=16;MONSTER_FLAGS_HIGH_MORALE=32;MONSTER_FLAGS_RETALIATED=64;MONSTER_FLAGS_TURN_SPENT=128;MONSTER_FLAGS_ROUND_PERSISTENT_MASK=31;MONSTER_FLAGS_BATTLE_START_MASK=63	retain	include/SOURCE/creatureTypes.h:MonsterFlags		army::m_stats.attributes bits (Buka 2.1 KB_TYPES.h MonsterFlags numbering): wide (two hexes), flying (path ignored), shooter (shots), breath attack (hex behind the target), dead, high morale (CheckApplyGoodMorale), retaliated, turn spent; ResetRound's &= 0x1f and GenerateMap's &= 0x3f keep masks.
include/SOURCE/combatTypes.h:CombatDirectionMask	COMBAT_DIRECTION_BIT_NORTHEAST=1;COMBAT_DIRECTION_BIT_EAST=2;COMBAT_DIRECTION_BIT_SOUTHEAST=4;COMBAT_DIRECTION_BIT_SOUTHWEST=8;COMBAT_DIRECTION_BIT_WEST=16;COMBAT_DIRECTION_BIT_NORTHWEST=32;COMBAT_DIRECTION_BIT_WIDE_WEST=64;COMBAT_DIRECTION_BIT_WIDE_EAST=128;COMBAT_ALL_DIRECTIONS_BLOCKED=255	retain	include/SOURCE/combatTypes.h:CombatDirectionMask		Blocked-direction bit masks of GetMoveMask/GetAttackMask/GetBestDirection: bit n is CombatHexDirection n (GetBestDirection returns n when bit n is clear); 0xff = every direction blocked (combatManager::GetCommand). PATH's private SPECIAL_DIRECTION_MASK (0xc0) is the two wide bits (reuse lead).
include/SOURCE/combatTypes.h:CombatEffectAnimation	COMBAT_EFFECT_NONE=-1;COMBAT_EFFECT_FIREBALL=0;COMBAT_EFFECT_LIGHTNING_BOLT=1;COMBAT_EFFECT_TELEPORT=2;COMBAT_EFFECT_CURE=3;COMBAT_EFFECT_RESURRECT=4;COMBAT_EFFECT_HASTE=5;COMBAT_EFFECT_SLOW=6;COMBAT_EFFECT_BLIND=7;COMBAT_EFFECT_BLESS=8;COMBAT_EFFECT_PROTECTION=9;COMBAT_EFFECT_CURSE=10;COMBAT_EFFECT_TURN_UNDEAD=11;COMBAT_EFFECT_ANTI_MAGIC=12;COMBAT_EFFECT_DISPEL_MAGIC=13;COMBAT_EFFECT_BERZERKER=14;COMBAT_EFFECT_ARMAGEDDON=15;COMBAT_EFFECT_STORM=16;COMBAT_EFFECT_METEOR_SHOWER=17;COMBAT_EFFECT_PARALYZE=18;COMBAT_EFFECT_GOOD_LUCK=22;COMBAT_EFFECT_BAD_LUCK=23;COMBAT_EFFECT_GOOD_MORALE=24;COMBAT_EFFECT_BAD_MORALE=25;COMBAT_EFFECT_COUNT=26	retain	include/SOURCE/combatTypes.h:CombatEffectAnimation		army::SpellEffect animation = gCombatFxNames row: rows 0..18 follow combat SpellType order (CastSpell passes them, with haste/blind reusing the slow row); 22..25 are the luck/morale icons (rainbluk, cloudluk, moraleg, moraleb) played by CheckLuck/CheckApplyGood/BadMorale. Rows equal SpellType values by table construction, but haste/blind prove the argument is the animation row, not the spell. NONE (-1) is the no-effect m_effectAnimation value and COUNT (26) the gCombatFxNames extent (army.h ArmyEffectAnimationConstant duplicates both; W1 migrates). army::SpellEffect animation = gCombatFxNames row: rows 0..18 follow combat SpellType order (CastSpell passes them, with haste/blind reusing the slow row); 22..25 are the luck/morale icons (rainbluk, cloudluk, moraleg, moraleb) played by CheckLuck/CheckApplyGood/BadMorale. Rows equal SpellType values by table construction, but haste/blind prove the argument is the animation row, not the spell. COMBAT_EFFECT_NONE (-1) and COMBAT_EFFECT_COUNT (26) absorb army.h ArmyEffectAnimationConstant (m_effectAnimation's none sentinel, table size).
include/SOURCE/combatTypes.h:CombatGridDimension	COMBAT_GRID_COLUMNS=9;COMBAT_GRID_ROWS=5;COMBAT_GRID_LAST_COLUMN=8;COMBAT_GRID_LAST_ROW=4	retain	include/SOURCE/combatTypes.h:CombatGridDimension		Constant group (H1_ENUM_CONST): the 9x5 combat hex field (hex = row * 9 + column in GenerateMap/GetGridIndex, the % / 9 column/row splits) and its last column. SPELLAI NextPos and gArmyEffected reuse COMBAT_GRID_COLUMNS / COMBAT_SIDE_COUNT; W1's CombatGridConstant COMBAT_HEX_COUNT (45) is the product.
include/SOURCE/campaignTypes.h:CampaignChoice	CAMPAIGN_NONE=0;CAMPAIGN_IRONFIST=1;CAMPAIGN_SLAYER=2;CAMPAIGN_LAMANDA=3;CAMPAIGN_ALAMAR=4	retain	include/SOURCE/campaignTypes.h:CampaignChoice		giCampaignChoice: 0 for a standalone map, 1..4 the campaigns in gSetupCampaignGameHelp / APP_MENU_NEW_CAMPAIGN_* order (Ironfist, Slayer, Lamanda, Alamar), set by SETUP and read by GAME/ADVMGR/REQUEST.
src/SOURCE/SETUP.cpp:SetupCampaignHelp	SETUP_CAMPAIGN_HELP_IRONFIST=0;SETUP_CAMPAIGN_HELP_SLAYER=1;SETUP_CAMPAIGN_HELP_LAMANDA=2;SETUP_CAMPAIGN_HELP_ALAMAR=3;SETUP_CAMPAIGN_HELP_CANCEL=4	retain	src/SOURCE/SETUP.cpp:SetupCampaignHelp		Help row of the matching stp*.bin setup handler: the gSetup*Help table texts name each row (choices in CHOICE_ONE.. order, then cancel). Per-window rows, not shared with other help tables.
src/SOURCE/SETUP.cpp:SetupBaudHelp	SETUP_BAUD_HELP_2400=0;SETUP_BAUD_HELP_9600=1;SETUP_BAUD_HELP_19200=2;SETUP_BAUD_HELP_38400=3;SETUP_BAUD_HELP_CANCEL=4	retain	src/SOURCE/SETUP.cpp:SetupBaudHelp		Help row of the matching stp*.bin setup handler: the gSetup*Help table texts name each row (choices in CHOICE_ONE.. order, then cancel). Per-window rows, not shared with other help tables.
src/SOURCE/SETUP.cpp:SetupComPortHelp	SETUP_COM_PORT_HELP_COM1=0;SETUP_COM_PORT_HELP_COM2=1;SETUP_COM_PORT_HELP_COM3=2;SETUP_COM_PORT_HELP_COM4=3;SETUP_COM_PORT_HELP_CANCEL=4	retain	src/SOURCE/SETUP.cpp:SetupComPortHelp		Help row of the matching stp*.bin setup handler: the gSetup*Help table texts name each row (choices in CHOICE_ONE.. order, then cancel). Per-window rows, not shared with other help tables.
src/SOURCE/SETUP.cpp:SetupHotSeatHelp	SETUP_HOT_SEAT_HELP_TWO_PLAYERS=0;SETUP_HOT_SEAT_HELP_THREE_PLAYERS=1;SETUP_HOT_SEAT_HELP_FOUR_PLAYERS=2;SETUP_HOT_SEAT_HELP_CANCEL=3	retain	src/SOURCE/SETUP.cpp:SetupHotSeatHelp		Help row of the matching stp*.bin setup handler: the gSetup*Help table texts name each row (choices in CHOICE_ONE.. order, then cancel). Per-window rows, not shared with other help tables.
src/SOURCE/SETUP.cpp:SetupModemHelp	SETUP_MODEM_HELP_HOST=0;SETUP_MODEM_HELP_GUEST=1;SETUP_MODEM_HELP_CONFIGURE=2;SETUP_MODEM_HELP_CANCEL=3	retain	src/SOURCE/SETUP.cpp:SetupModemHelp		Help row of the matching stp*.bin setup handler: the gSetup*Help table texts name each row (choices in CHOICE_ONE.. order, then cancel). Per-window rows, not shared with other help tables.
src/SOURCE/SETUP.cpp:SetupMultiPlayerHelp	SETUP_MULTIPLAYER_HELP_HOT_SEAT=0;SETUP_MULTIPLAYER_HELP_NETWORK=1;SETUP_MULTIPLAYER_HELP_MODEM=2;SETUP_MULTIPLAYER_HELP_DIRECT_CONNECT=3;SETUP_MULTIPLAYER_HELP_CANCEL=4	retain	src/SOURCE/SETUP.cpp:SetupMultiPlayerHelp		Help row of the matching stp*.bin setup handler: the gSetup*Help table texts name each row (choices in CHOICE_ONE.. order, then cancel). Per-window rows, not shared with other help tables.
src/SOURCE/SETUP.cpp:SetupNetworkHelp	SETUP_NETWORK_HELP_HOST=0;SETUP_NETWORK_HELP_GUEST=1;SETUP_NETWORK_HELP_CANCEL=2	retain	src/SOURCE/SETUP.cpp:SetupNetworkHelp		Help row of the matching stp*.bin setup handler: the gSetup*Help table texts name each row (choices in CHOICE_ONE.. order, then cancel). Per-window rows, not shared with other help tables.
src/SOURCE/SETUP.cpp:SetupGameHelp	SETUP_GAME_HELP_STANDARD=0;SETUP_GAME_HELP_CAMPAIGN=1;SETUP_GAME_HELP_MULTIPLAYER=2;SETUP_GAME_HELP_CANCEL=3	retain	src/SOURCE/SETUP.cpp:SetupGameHelp		Help row of the matching stp*.bin setup handler: the gSetup*Help table texts name each row (choices in CHOICE_ONE.. order, then cancel). Per-window rows, not shared with other help tables.
include/SOURCE/REMOTE.h:RemoteCommand	REMOTE_COMMAND_SAVE_INIT_RESPONSE=2;REMOTE_COMMAND_SAVE_DATA=3;REMOTE_COMMAND_SAVE_ACK_REQUEST=4;REMOTE_COMMAND_SAVE_ACK_RESPONSE=5;REMOTE_COMMAND_SAVE_FINISH=6;REMOTE_COMMAND_CHAT=11;REMOTE_COMMAND_HERO_TOWN_DATA=21;REMOTE_COMMAND_HERO_TOWN_CONFIRM=22;REMOTE_COMMAND_COMBAT_ACTION=23;REMOTE_COMMAND_PLAYER_EXIT=30	retain	include/SOURCE/REMOTE.h:RemoteCommand		RemoteMessage::command: save-game transfer 2..6 (TransmitSaveGame/ReceiveSaveGame; Buka GAME.cpp RemoteSaveConstant numbering), chat 11 (PopNetBox and the ADVMGR/COMMAND/KB receivers), hero/town data 0x15 and its confirm 0x16 (Buka EVENTS.cpp CombatRemoteCommand), combat action 0x17 (ProcessNextAction / combatManager::Main), player exit 30 (HandleRemote*Exit). RemoteBoxCommand's SAVE (1) and SETUP (0x1f) are the remaining values of this domain (reuse lead).
include/SOURCE/cursorTypes.h:MapDirectionConstant	MAP_DIRECTION_OPPOSITE_OFFSET=4;MAP_DIRECTION_INDEX_MASK=7	retain	include/SOURCE/cursorTypes.h:MapDirectionConstant		Opposite-direction arithmetic (d + 4) & 7 in SEARCH's walk-back and PushPoint (Buka KB_TYPES.h MapDirectionConstant).
include/SOURCE/PATH.h:ArmyAttackTarget	ARMY_ATTACK_TARGET_ASSIGNED=0;ARMY_ATTACK_TARGET_ENEMY=1;ARMY_ATTACK_TARGET_OCCUPIED=2	retain	include/SOURCE/PATH.h:ArmyAttackTarget		army::ValidAttack/GetAttackMask targetMode switch: 0 the assigned m_targetSide/m_targetIndex stack, 1 any enemy (1 - m_currentSide), 2 any occupied hex (Buka army.h ArmyAttackTarget, same numbering).
include/SOURCE/PATH.h:ArmyHexConstant	ARMY_HEX_INVALID=-1	retain	include/SOURCE/PATH.h:ArmyHexConstant		-1 hex: GetAdjacentCellIndex off-grid result and ValidAttack's any-target-hex (Buka army.h ARMY_HEX_INVALID).
include/SOURCE/combatTypes.h:CombatObstacleIndex	COMBAT_OBSTACLE_NONE=-1;COMBAT_WALL_INTACT=8;COMBAT_WALL_DAMAGED=10;COMBAT_WALL_INTACT_HIT=64;COMBAT_WALL_DAMAGED_HIT=65;COMBAT_WALL_COLLAPSING=66	retain	include/SOURCE/combatTypes.h:CombatObstacleIndex		hexcell::m_obstacleIndex wall states for castle pieces: GenerateMap sets INTACT (8), Catapult sets INTACT_HIT 0x40 / DAMAGED_HIT 0x41 / COLLAPSING 0x42 then DAMAGED (10) or NONE (-1); hexcell::DrawObstacle switches on them (8/10 as tower frames). NONE is also the no-rock sentinel tested by ValidMove and the AI.
include/H1/KB.h:DialogWaitType	DIALOG_WAIT_OTHER_PLAYER=0;DIALOG_WAIT_NETBIOS_GUEST=1;DIALOG_WAIT_NETBIOS_HOST=2;DIALOG_WAIT_NETBIOS_INIT_GUEST=3;DIALOG_WAIT_NETBIOS_INIT_HOST=4;DIALOG_WAIT_MODEM_COMMAND=5;DIALOG_WAIT_MODEM_RESPONSE=6;DIALOG_WAIT_DIRECT_CONNECT=7	retain	include/H1/KB.h:DialogWaitType		giWaitType: WaitHandler's switch runs WaitForOtherPlayer/WaitForGuest/WaitForHost/InitNetGuest/InitNetHost/GUIModemCommandExec/GUIModemResponseExec/WaitForDirectConnect for 0..7, stored by REMOTE and KB (Buka KBDeclarations.h DialogWaitType, same numbering; HoMM1 lacks the DirectPlay/Winsock members).
include/SOURCE/REMOTE.h:RemoteDriverType	REMOTE_DRIVER_SERIAL=0;REMOTE_DRIVER_NETBIOS=1	retain	include/SOURCE/REMOTE.h:RemoteDriverType		UnloadRemoteDriver switch: 0 com_term (serial: modem/direct connect), 1 nb_term (NetBIOS); RemoteCleanup passes them by RemoteGameMode.
include/SOURCE/comwin.h:ComBaudCode	COM_BAUD_2400=1;COM_BAUD_4800=2;COM_BAUD_9600=3;COM_BAUD_19200=4;COM_BAUD_38400=5	retain	include/SOURCE/comwin.h:ComBaudCode		com_init's baudRate switch: codes 1..5 map to CBR_2400/4800/9600/19200/38400 (default passes the value through); ModemSetup passes 4 (19200).
include/BASE/soundManager.h:SoundMusicSource	SOUND_MUSIC_SOURCE_DIGITAL=0;SOUND_MUSIC_SOURCE_DIGITAL_STEREO=1;SOUND_MUSIC_SOURCE_CD=2	retain	include/BASE/soundManager.h:SoundMusicSource		gConfig.musicSource: musicQualityText rows (8 Bit Mono, 8 Bit Stereo, CD Stereo); soundManager::PlayMusic picks .82m/.82s/.62s streams by it and Open/SetMusicQuality set m_cdReady for CD. kbwin.h PrefsConstant CONFIG_MUSIC_SOURCE_CD (2) is the same value of this domain (reuse lead for the kbwin owner).
include/SOURCE/combatTypes.h:CombatTimerSlot	COMBAT_FRAME_TIMER_SLOT=0;COMBAT_EFFECT_TIMER_SLOT=1	retain	include/SOURCE/combatTypes.h:CombatTimerSlot		glTimers index the combat screens use for frame pacing (combatManager::Open, Main, KeepAttack, WinCombatHandler, DoLoseWindow); per-owner slot name like HIGH_SCORE_TIMER_SLOT (Buka keeps per-owner timer slot constants). COMBAT_EFFECT_TIMER_SLOT (1): army::PowEffect/SpellEffect pace effect frames on glTimers[1].
src/SOURCE/CMBTMGR.cpp:CombatBackground	COMBAT_BACKGROUND_GRASS_FOREST=0;COMBAT_BACKGROUND_GRASS_MOUNTAIN=1;COMBAT_BACKGROUND_SNOW_FOREST=2;COMBAT_BACKGROUND_SNOW_MOUNTAIN=3;COMBAT_BACKGROUND_SWAMP=4;COMBAT_BACKGROUND_LAVA=5;COMBAT_BACKGROUND_DESERT=6;COMBAT_BACKGROUND_DIRT_FOREST=7;COMBAT_BACKGROUND_DIRT_MOUNTAIN=8;COMBAT_BACKGROUND_BOAT=9;COMBAT_BACKGROUND_GRAVEYARD=10;COMBAT_BACKGROUND_COUNT=11	retain	src/SOURCE/CMBTMGR.cpp:CombatBackground		cCombatBkgNames rows (frstwgrs..gravyard.bkg) chosen by GetBackgroundName per terrain, MoreTreesNear, water (boat) and graveyard; COUNT sizes the table.
src/SOURCE/COMMAND.cpp:CombatHelpText	COMBAT_HELP_AUTO_COMBAT=0;COMBAT_HELP_SKIP_UNIT=1;COMBAT_HELP_NONE=2	retain	src/SOURCE/COMMAND.cpp:CombatHelpText		cCombatHelp rows (Auto Combat, Skip This Unit, empty) ProcessCombatMsg shows by pointer x off the grid.
include/SOURCE/spellTypes.h:SpellHelpText	SPELL_HELP_PREVIOUS_PAGE=0;SPELL_HELP_NEXT_PAGE=1;SPELL_HELP_ADVENTURE_SPELLS=2;SPELL_HELP_COMBAT_SPELLS=3;SPELL_HELP_CLOSE=4;SPELL_HELP_VIEW_SPELLS=5;SPELL_HELP_SELECT_SPELL=6;SPELL_HELP_VIEW_COMBAT_SPELLS=7	retain	include/SOURCE/spellTypes.h:SpellHelpText		cSpellHelp rows (previous/next page, adventure/combat spells, close, view spells, select spell, view combat spells) shown by CombatSpecialHandler and game::ViewSpells.
include/SOURCE/creatureTypes.h:CreatureFactionConstant	CREATURE_FACTION_SIZE=6	retain	include/SOURCE/creatureTypes.h:CreatureFactionConstant		Six consecutive creatures per race: creature / 6 is the race (philAI same-race bonus vs m_heroClass, KB army alignment).
include/H1/KB.h:SampleWaitConstant	SAMPLE_WAIT_DEFAULT=-1	retain	include/H1/KB.h:SampleWaitConstant		WaitEndSample waitTime < 0 selects its 4000 ms default; callers pass -1.
include/SOURCE/army.h:ArmyAnimationSequence	ARMY_ANIMATION_STAND=0;ARMY_ANIMATION_WALK=1;ARMY_ANIMATION_ATTACK=2;ARMY_ANIMATION_EFFECT=3	retain	include/SOURCE/army.h:ArmyAnimationSequence		army::m_animationSequence pose switched on in army::DrawToBuffer (std, wlk, atk icons and the PowEffect/SpellEffect hit); HoMM1 numbering differs from Buka ArmyAnimationSequence, and equal 0..3 values in ArmyFacing/ArmySampleType select other fields.
include/SOURCE/army.h:ArmySampleType	ARMY_SAMPLE_MOVE=0;ARMY_SAMPLE_ATTACK=1;ARMY_SAMPLE_WINCE=2;ARMY_SAMPLE_SHOOT=3;ARMY_SAMPLE_COUNT=4	retain	include/SOURCE/army.h:ArmySampleType		army::m_samples slots loaded by LoadResources from move/atksnd/wince/shoot %02d.82M; equal 0..3 animation or facing values index other fields.
include/SOURCE/army.h:ArmySpellCancelType	ARMY_CANCEL_SPELLS_NONE=-1;ARMY_CANCEL_SPELLS_AFTER_MOVE=0;ARMY_CANCEL_SPELLS_AFTER_ATTACK=1;ARMY_CANCEL_SPELLS_AFTER_DAMAGE=2;ARMY_CANCEL_SPELLS_ROUNDS_ONLY=3	retain	include/SOURCE/army.h:ArmySpellCancelType		army::m_spellEndCondition (Buka ArmySpellCancelType numbering); Init/CancelSpell store NONE; equal values in other army fields are unrelated.
include/SOURCE/army.h:ArmyCombatConstant	ARMY_SAMPLE_VOLUME=64;ARMY_SAMPLE_CHANNEL=3;ARMY_QUANTITY_TEXT_SIZE=12;ARMY_PATH_BLOCKED=3;ARMY_CASTLE_WALL_DEFENSE_BONUS=4;ARMY_PROTECTION_DEFENSE_BONUS=3	retain	include/SOURCE/army.h:ArmyCombatConstant		Constant group (H1_ENUM_CONST), not a value domain: LoadResources sample playback volume/channel and DrawToBuffer quantity text buffer (Buka ArmyCombatConstant). ARMY_CASTLE_WALL_DEFENSE_BONUS (4) is SpecialAttack's DamageEnemy defense modifier across a standing wall; ARMY_PROTECTION_DEFENSE_BONUS (3) is CancelSpell's protection undo (Buka STONESKIN_DEFENSE_BONUS).
include/SOURCE/combatManager.h:CombatIconSlot	COMBAT_ICON_GROUND=0;COMBAT_ICON_TEXTBAR=1;COMBAT_ICON_OBSTACLES=2;COMBAT_ICON_CATAPULT=3;COMBAT_ICON_TENT=4;COMBAT_ICON_CASTLE=5;COMBAT_ICON_CLOUD=6;COMBAT_ICON_KEEP=7;COMBAT_ICON_SPELLS=8;COMBAT_ICON_COUNT=9	retain	include/SOURCE/combatManager.h:CombatIconSlot		combatManager::m_combatIcons slots as CMBTMGR loads them (ground/obstacle by terrain, textbar, catapult, tent, castle%02d, cloud, keep%02d, spells.icn); equal 0..8 values are other indices.
src/SOURCE/HERO.cpp:HeroScreenText	HERO_TEXT_KINGDOM_OVERVIEW=0;HERO_TEXT_PRIMARY_STAT=1;HERO_TEXT_ADDITIONAL_STATS=2;HERO_TEXT_GOOD_MORALE=3;HERO_TEXT_NEUTRAL_MORALE=4;HERO_TEXT_BAD_MORALE=5;HERO_TEXT_GOOD_LUCK=6;HERO_TEXT_NEUTRAL_LUCK=7;HERO_TEXT_BAD_LUCK=8;HERO_TEXT_EXPERIENCE=9;HERO_TEXT_SELECT_ARMY=10;HERO_TEXT_EMPTY=11;HERO_TEXT_MOVE_ARMY=12;HERO_TEXT_EXCHANGE_ARMIES=13;HERO_TEXT_VIEW_SPELLS=14;HERO_TEXT_ARTIFACT=15;HERO_TEXT_DISMISS=16;HERO_TEXT_EXIT=17;HERO_TEXT_SCREEN=18	retain	src/SOURCE/HERO.cpp:HeroScreenText		cHeroScreen (0x00493998) status-bar text index in UpdateHeroScreenStatusBar (retail strings Kingdom Overview .. Hero Screen; Buka HeroScreenText numbering from 1); equal 0..18 control ids or frames are other domains.
src/SOURCE/HERO.cpp:HeroScreenMoodFrame	HERO_LUCK_FRAME_GOOD=11;HERO_LUCK_FRAME_BAD=12;HERO_MORALE_FRAME_GOOD=13;HERO_MORALE_FRAME_BAD=14;HERO_LUCK_FRAME_NEUTRAL=16;HERO_MORALE_FRAME_NEUTRAL=17	retain	src/SOURCE/HERO.cpp:HeroScreenMoodFrame		Frames hero::HeroView sets on the hero-screen luck and morale icons by sign of GetLuck/GetMorale; other 11..17 values are widget ids or text indices.
src/SOURCE/HERO.cpp:HeroScreenMoodConstant	HERO_SCREEN_MOOD_ICON_COUNT=3	retain	src/SOURCE/HERO.cpp:HeroScreenMoodConstant		Constant group (H1_ENUM_CONST), not a value domain: three luck and three morale icons on the hero screen.
include/SOURCE/searchArray.h:SearchDirectionConstant	SEARCH_DIAGONAL_COST_MASK=1;SEARCH_DIRECTION_EDGE_OBJECT_MASK=131;SEARCH_DIRECTION_OBJECT_MASK=56	retain	include/SOURCE/searchArray.h:SearchDirectionConstant		Constant group (H1_ENUM_CONST), not a value domain: MapDirection bit masks for the north/south object tests in TestPossibleDirections and SeedPosition and the diagonal-cost bit (Buka searchArray.h); CURSOR.cpp spells the same masks numerically.
include/SOURCE/army.h:ArmyDamageMode	ARMY_DAMAGE_RANDOM=0;ARMY_DAMAGE_MINIMUM=1;ARMY_DAMAGE_HALF=2;ARMY_DAMAGE_MAXIMUM=3	retain	include/SOURCE/army.h:ArmyDamageMode		army::m_damageMode switched on in DamageEnemy (minimum/maximum roll, halved total) and set by SPELLS curse/bless; other 0..3 army fields (pose, facing, sample, cancel) are separate domains.
include/SOURCE/army.h:ArmyPowConstant	ARMY_POW_NONE=-1;ARMY_POW_FRAMES_HIT=4;ARMY_POW_FRAMES_KILLED=5	retain	include/SOURCE/army.h:ArmyPowConstant		Constant group (H1_ENUM_CONST), not a value domain: army::m_powFrames counts (Damage sets 4 for a hit, 5 for a kill; -1 none) compared against PowEffect frame steps.
include/SOURCE/combatManager.h:CombatViewConstant	COMBAT_VIEW_HEIGHT=460;COMBAT_EXTENT_MIN_START=640;COMBAT_HEX_WIDTH=78;COMBAT_HEX_HEIGHT=80;COMBAT_FIELD_TOP=60;COMBAT_HEX_ORIGIN_Y=139;COMBAT_ATTACKER_HERO_ROW=1;COMBAT_DEFENDER_HERO_ROW=2;COMBAT_CATAPULT_ROW=3	retain	include/SOURCE/combatManager.h:CombatViewConstant		Constant group (H1_ENUM_CONST), not a value domain: the 640x460 battlefield view (logical screen less the 20-row text bar) copied to and from the background buffer and clamping the redraw extents, and the 640 start of the minimum extents in Walk/FlyTo. COMBAT_HEX_WIDTH/HEIGHT (78x80), COMBAT_FIELD_TOP (60) and COMBAT_HEX_ORIGIN_Y (139) are the combat grid's pixel layout (constructor m_x/m_y, GetGridIndex, UpdateCombatArea, DrawBackground, hexcell); ATTACKER/DEFENDER_HERO_ROW and CATAPULT_ROW are the grid rows DrawFrame draws the tents and catapult with.
include/SOURCE/combatManager.h:CombatAIConstant	COMBAT_AI_MAX_DIFFICULTY=4;COMBAT_AI_STRENGTH_ROUNDING=4;COMBAT_AI_STRENGTH_FRACTION=5;COMBAT_AI_UNLIMITED_PATH_SPEED=127;COMBAT_AI_WORST_STRENGTH_LIMIT=999999999;COMBAT_AI_MIN_ARTIFACT_VALUE=1000;COMBAT_AI_MEDIUM_ARTIFACT_VALUE=5000;COMBAT_AI_HIGH_ARTIFACT_VALUE=10000;COMBAT_AI_RETREAT_TIER_1_THRESHOLD=2500;COMBAT_AI_RETREAT_TIER_2_THRESHOLD=5000;COMBAT_AI_RETREAT_TIER_3_THRESHOLD=15000;COMBAT_AI_RETREAT_STRENGTH_DIVISOR=20000;COMBAT_AI_RETREAT_TIER_4_THRESHOLD=30000;COMBAT_AI_RETREAT_SCALED_PENALTY_THRESHOLD=40000;COMBAT_AI_EXPERIENCE_DIVISOR=200000;COMBAT_AI_CASTLE_BASE_ARCHERS=5;COMBAT_AI_CASTLE_ARCHERS_PER_DWELLING=4;COMBAT_AI_CASTLE_ARCHER_STRENGTH=100	retain	include/SOURCE/combatManager.h:CombatAIConstant		Constant group (H1_ENUM_CONST), not a value domain: Buka CombatAIConstant names with HoMM1 values for AICheckRetreat thresholds, DoCompAI strength rounding, GetWorstArmy start and the unlimited probe speed. COMBAT_AI_CASTLE_BASE_ARCHERS/ARCHERS_PER_DWELLING/ARCHER_STRENGTH (5/4/100) are DoCompAI's castle shooting estimate (Buka keeps the role as COMBAT_AI_TOWER_STRENGTH).
include/SOURCE/combatManager.h:CombatAIAttackPlan	COMBAT_AI_ATTACK_NONE=0;COMBAT_AI_ATTACK_SHOOT=1;COMBAT_AI_ATTACK_FLY=2;COMBAT_AI_ATTACK_WALK=3	retain	include/SOURCE/combatManager.h:CombatAIAttackPlan		DoCompAI plan switch (Buka COMBAT_AI_ATTACK_* numbering); equal 0..3 values in army fields are other domains.
include/SOURCE/combatManager.h:CombatMessageText	COMBAT_TEXT_NONE=0;COMBAT_TEXT_MOVE=1;COMBAT_TEXT_FLY=2;COMBAT_TEXT_ATTACK=3;COMBAT_TEXT_SHOOT=4;COMBAT_TEXT_GENERALS_OPTIONS=5;COMBAT_TEXT_VIEW_OPPOSING_GENERAL=6;COMBAT_TEXT_VIEW_INFO=7;COMBAT_TEXT_NO_SHOTS=8;COMBAT_TEXT_COUNT=9	retain	include/SOURCE/combatManager.h:CombatMessageText		cCombatMessage (0x00493b38) line index printed by CombatMessage(short); the CombatMessageCommand it switches on uses different numbering.
include/SOURCE/army.h:ArmyEffectAnimationConstant	ARMY_EFFECT_NONE=-1;ARMY_EFFECT_GOOD_LUCK=22;ARMY_EFFECT_BAD_LUCK=23;ARMY_EFFECT_GOOD_MORALE=24;ARMY_EFFECT_BAD_MORALE=25;ARMY_EFFECT_COUNT=26	reuse	include/SOURCE/combatTypes.h:CombatEffectAnimation	ARMY_EFFECT_NONE=include/SOURCE/combatTypes.h:CombatEffectAnimation::COMBAT_EFFECT_NONE;ARMY_EFFECT_GOOD_LUCK=include/SOURCE/combatTypes.h:CombatEffectAnimation::COMBAT_EFFECT_GOOD_LUCK;ARMY_EFFECT_BAD_LUCK=include/SOURCE/combatTypes.h:CombatEffectAnimation::COMBAT_EFFECT_BAD_LUCK;ARMY_EFFECT_GOOD_MORALE=include/SOURCE/combatTypes.h:CombatEffectAnimation::COMBAT_EFFECT_GOOD_MORALE;ARMY_EFFECT_BAD_MORALE=include/SOURCE/combatTypes.h:CombatEffectAnimation::COMBAT_EFFECT_BAD_MORALE;ARMY_EFFECT_COUNT=include/SOURCE/combatTypes.h:CombatEffectAnimation::COMBAT_EFFECT_COUNT	Reused (W5 dedupe): the none sentinel, luck/morale rows 22..25 and the table size of army::m_effectAnimation are CombatEffectAnimation members (gCombatFxNames rows).
src/SOURCE/DRAWING.cpp:CombatStatusLineConstant	COMBAT_STATUS_FIRST_CONTROL=2;COMBAT_STATUS_TEXT_CONTROL=12;COMBAT_STATUS_X=48;COMBAT_STATUS_Y=460;COMBAT_STATUS_WIDTH=543;COMBAT_STATUS_HEIGHT=20	retain	src/SOURCE/DRAWING.cpp:CombatStatusLineConstant		Constant group (H1_ENUM_CONST): cmbtwin.bin status-line text widget, the widget range CombatMessage redraws and the blitted bar rectangle.
include/BASE/baseManager.h:BaseManagerPriority	BASE_MANAGER_PRIORITY_UNASSIGNED=-1	canonical	include/BASE/baseManager.h:BaseManagerPriority		Manager priority sentinel: executive::AddManager appends a manager given -1 after the list tail; baseManager/inputManager reset m_priority to it (Buka BASE_MANAGER_PRIORITY_UNASSIGNED). Other -1 sentinels (window z-order, files) are separate domains.
include/BASE/baseManager.h:BaseManagerStatus	BASE_MANAGER_SUCCESS=0;BASE_MANAGER_ERROR=3	canonical	include/BASE/baseManager.h:BaseManagerStatus		Manager Open/AddManager/InitSystem status: 0 success, 3 error (executive::AddManager, manager Open returns; Buka EXEC MANAGER_SUCCESS/MANAGER_ERROR). resourceManager's RESOURCE_MANAGER_LOAD_ERROR keeps its load-failure name.
include/BASE/heroWindow.h:WindowOpenStatus	WINDOW_OPEN_SUCCESS=0;WINDOW_OPEN_FAILURE=3	canonical	include/BASE/heroWindow.h:WindowOpenStatus		heroWindow::Open status: 3 when already open or the background save fails (Buka WINDOW.cpp OPEN_FAILURE); AddWindow tests it.
include/BASE/bitmap.h:BitmapType	BITMAP_TYPE_NONE=0;BITMAP_TYPE_MEMORY=33	canonical	include/BASE/bitmap.h:BitmapType		bitmap::m_bitmapType: 0 none, 0x21 off-screen memory bitmap (Buka bitmap.h BITMAP_TYPE_NONE/MEMORY); window backgrounds, the mouse save-under, the screen and fizzle buffers.
include/BASE/palette.h:PaletteConstant	PALETTE_DATA_SIZE=768	canonical	include/BASE/palette.h:PaletteConstant		Raw palette block size 0x300 (Buka palette.h PALETTE_DATA_SIZE): palette load/read and bitmap::Write's palette header. MISC_TYPES PALETTE_GRAPHICS_BYTES repeats the extent for the graphics-palette helpers.
src/BASE/WINMGR.cpp:WindowFizzleConstant	CYCLE_FRAME_COUNT=8;FIZZLE_DEFAULT_DELAY=150;FIZZLE_CYCLE_TABLE_BYTES=65536;FIZZLE_LOOKUP_HIGH_BYTE_SHIFT=8;SCREENSHOT_FILENAME_CAPACITY=16	retain	src/BASE/WINMGR.cpp:WindowFizzleConstant		Private FizzleForward constants (Buka WINMGR.cpp WindowFizzleConstant and CYCLE_FRAME_COUNT): frame count, default delay, 64K cycle table, high-byte lookup shift. SCREENSHOT_FILENAME_CAPACITY (Buka WindowFizzleConstant) sizes ScreenShot's filename.
include/BASE/resource.h:ResourceReferenceCount	RESOURCE_REFERENCE_UNMANAGED=-1;RESOURCE_REFERENCE_EMPTY=0;RESOURCE_REFERENCE_INITIAL=1	canonical	include/BASE/resource.h:ResourceReferenceCount		resource::m_refCount seeds (Buka resource.h): unmanaged -1 (constructed bitmaps), initial 1 (loaded bitmap/icon/font/palette/tileset/sample); Dispose frees at the empty count.
include/BASE/display.h:PaletteFormatConstant	PALETTE_COLOR_COUNT=256;COLOR_INDEX_MASK=255	canonical	include/BASE/display.h:PaletteFormatConstant		Palette size and palette-index byte mask (Buka display.h PALETTE_COLOR_COUNT; Buka BORDER/ICONWDGT COLOR_INDEX_MASK): widget fill/text colour reads and PostprocessPalette's loop.
include/BASE/icon.h:IconDrawOffsetMode	ICON_DRAW_OFFSET_FULL=0;ICON_DRAW_OFFSET_QUARTER=1	canonical	include/BASE/icon.h:IconDrawOffsetMode		Last icon-blitter argument: non-zero quarters the frame x offset (Icon2b.asm [ebp+1ch] test; ICON.cpp extent x >> 2); ARMY walk frames 1..5 pass it.
include/BASE/icon.h:IconDrawOffsetConstant	ICON_DRAW_QUARTER_OFFSET_SHIFT=2	retain	include/BASE/icon.h:IconDrawOffsetConstant		Shift of the quartered x offset in DrawToBuffer/DimToBuffer extents.
include/BASE/sample.h:SampleDefaultConstant	SAMPLE_VOLUME_FULL=127;SAMPLE_LOOP_ONCE=1	retain	include/BASE/sample.h:SampleDefaultConstant		Resource sample defaults: full AIL sample volume 0..127 (MSS.H DEFAULT_DDV) and one pass (AIL loop count 1; 0 loops forever); resourceManager::GetSample.
include/BASE/WINMGR_TYPES.h:WindowFadeSteps	WINDOW_FADE_STEPS_SHORT=8;WINDOW_FADE_STEPS_NORMAL=128	canonical	include/BASE/WINMGR_TYPES.h:WindowFadeSteps		Fade lengths for FadeIn/FadeOut/FadeScreen (Buka SMACKMGR SHORT_FADE 8 / NORMAL_FADE 0x80): WINMGR Open's start-up fade and DoDialog's fade-in; SOURCE FadeScreen(…, 8, …) callers should use WINDOW_FADE_STEPS_SHORT.
include/SOURCE/game.h:GameDifficulty	DIFFICULTY_EASY=0;DIFFICULTY_NORMAL=1;DIFFICULTY_HARD=2;DIFFICULTY_EXPERT=3;DIFFICULTY_COUNT=4	canonical	include/SOURCE/game.h:GameDifficulty		game::m_difficulty; retail gDifficultyNames {Easy, Normal, Hard, Expert}, the four new-game difficulty buttons (NEW_GAME_DIFFICULTY_FIRST + m_difficulty) and CalcDifficultyRating's 0..3 ladder; Buka GameDifficulty numbering (HoMM1 has no Impossible).
include/SOURCE/playerData.h:ComputerPlayerType	PLAYER_TYPE_NONE=0;PLAYER_TYPE_DUMB=1;PLAYER_TYPE_AVERAGE=2;PLAYER_TYPE_SMART=3;PLAYER_TYPE_GENIUS=4;PLAYER_TYPE_COUNT=5;PLAYER_TYPE_NO_WOOD_ORE_BONUS_LAST=2;PLAYER_TYPE_NO_WEEKDAY_BONUS_LAST=3	canonical	include/SOURCE/playerData.h:ComputerPlayerType		playerData::m_difficulty of a computer seat; retail gPlayerTypeNames {None, Dumb, Average, Smart, Genius}; ComputeDailyGold/PerDay/PerWeek scale computer income by it and CalcDifficultyRating counts seats above NONE; the new-game cycle wraps modulo 5; PerDay range-tests the two bonus boundaries. Human seats index gHandicapNames instead, so the field is not typed.
include/SOURCE/game.h:CalendarPeriodType	CALENDAR_PERIOD_NONE=-1;CALENDAR_PERIOD_NORMAL=0;CALENDAR_PERIOD_CREATURE=1;CALENDAR_PERIOD_PLAGUE=2	canonical	include/SOURCE/game.h:CalendarPeriodType		giWeekType/giMonthType (Buka CalendarPeriodType): retail gNewTurnText rows 2..6 announce a named month/week (gMonthNames/gWeekNames[special]), a creature month/week (gArmyNames[special]) or the plague; PerWeek/PerMonth draw them and DoNewTurn skips the announcement for NONE.
src/SOURCE/GAME.cpp:NewGameControl	NEW_GAME_OPPONENT_FIRST=2;NEW_GAME_OPPONENT_LAST=4;NEW_GAME_COLOR=8;NEW_GAME_SCENARIO_SELECT=12;NEW_GAME_DIFFICULTY_FIRST=13;NEW_GAME_DIFFICULTY_LAST=16;NEW_GAME_SCENARIO_NAME=17;NEW_GAME_SCENARIO_PANEL=18;NEW_GAME_KING_OF_THE_HILL=19;NEW_GAME_RATING=20;NEW_GAME_CANCEL=30721;NEW_GAME_OK=30722;NEW_GAME_OPPONENT_TOGGLE_BASE=1;NEW_GAME_OPPONENT_LABEL_BASE=4	retain	src/SOURCE/GAME.cpp:NewGameControl		newgame.bin widget ids handled by NewGameHandler/UpdateNewGameWindow (opponent toggles, colour, scenario, difficulty buttons, King of the Hill, rating); OK/CANCEL are role aliases on DialogButtonId slots, as Buka spells per-window roles. Buka's NewGameControlConstant numbers HoMM2's own newgame.bin.
src/SOURCE/GAME.cpp:NewGameFrame	NEW_GAME_FRAME_COMPUTER_TYPE_BASE=5;NEW_GAME_FRAME_CREST_BASE=11;NEW_GAME_FRAME_CREST_STRIDE=2;NEW_GAME_FRAME_HUMAN_OPPONENT=26;NEW_GAME_FRAME_KING_OF_THE_HILL_BASE=27	retain	src/SOURCE/GAME.cpp:NewGameFrame		Constant group (H1_ENUM_CONST), not a value domain: newgame.icn frame numbers UpdateNewGameWindow sets (human face, computer-type base, crest base/stride, King of the Hill base).
include/SOURCE/game.h:CampaignInfoControl	CAMPAIGN_INFO_NAME=1;CAMPAIGN_INFO_TEXT=2;CAMPAIGN_INFO_PROGRESS=3;CAMPAIGN_INFO_PROGRESS_FRAME_BASE=4;CAMPAIGN_INFO_RESTART=901	retain	include/SOURCE/game.h:CampaignInfoControl		campaign.bin widget ids ShowCampaignInfo fills (name, text, progress icon) and Buka CampaignControlId's RESTART 0x385; the progress frame base is the icon's frame offset.
src/SOURCE/GAME.cpp:ViewArmyControl	VIEW_ARMY_COUNT_FRAME=1;VIEW_ARMY_COUNT_TEXT=2;VIEW_ARMY_TITLE=3;VIEW_ARMY_STATS=4;VIEW_ARMY_ANIMATION=5;VIEW_ARMY_DISMISS=30723;VIEW_ARMY_CLOSE=30720	retain	src/SOURCE/GAME.cpp:ViewArmyControl		armywin.bin widget ids ViewArmy/ViewArmyHandler address; DISMISS/CLOSE are Buka ViewArmyControlId's role names on DIALOG_BUTTON_3/0.
src/SOURCE/GAME.cpp:OverviewControl	OVERVIEW_RESOURCE_BASE=1;OVERVIEW_DATE=64;OVERVIEW_DAILY_GOLD=65	retain	src/SOURCE/GAME.cpp:OverviewControl		overwind.bin widget ids game::Overview sets: date, daily gold and the per-resource count base (resource + 1).
src/SOURCE/GAME.cpp:CalendarConstant	CALENDAR_WEEK_NAME_COUNT=15;CALENDAR_WEEK_CREATURE_COUNT=24;CALENDAR_MONTH_NAME_COUNT=10;CALENDAR_MONTH_CREATURE_COUNT=12;NEW_TURN_TEXT_DAYS_LEFT=0;NEW_TURN_TEXT_LAST_DAY=1;NEW_TURN_TEXT_MONTH_NORMAL=2;NEW_TURN_TEXT_MONTH_CREATURE=3;NEW_TURN_TEXT_MONTH_PLAGUE=4;NEW_TURN_TEXT_WEEK_NORMAL=5;NEW_TURN_TEXT_WEEK_CREATURE=6	retain	src/SOURCE/GAME.cpp:CalendarConstant		Constant group (H1_ENUM_CONST): gWeekNames/gMonthNames sizes, the creature-week/month draw ranges, and gNewTurnText row indices (DoNewTurn).
include/SOURCE/EVENTS.h:MapEventRewardConstant	MINE_GOLD_INCOME=1000;MINE_ORE_INCOME=2;MINE_RARE_INCOME=1;SAWMILL_WOOD_INCOME=2;ALCHEMIST_MERCURY_INCOME=1;DRAGON_CITY_GOLD_INCOME=1000;DRAGON_CITY_DRAGON_COUNT=5;DRAGON_CITY_CAMPAIGN_DRAGON_COUNT=20;DRAGON_CITY_CAMPAIGN_SCENARIO=8;CHEST_GOLD_MULTIPLIER=500;CHEST_EXPERIENCE_MULTIPLIER=500;CHEST_EXPERIENCE_LEVEL_OFFSET=1;SKELETON_GOLD=1000;CAMPFIRE_GOLD_MULTIPLIER=100;GAZEBO_EXPERIENCE=1000;WATERWHEEL_GOLD_MULTIPLIER=500;RESOURCE_PILE_GOLD_MULTIPLIER=100;WINDMILL_RESOURCE_AMOUNT=2;TEMPLE_MORALE_BONUS=2;ARTIFACT_EVENT_GUARD_ROGUE_COUNT=50;ARTIFACT_EVENT_GOLD_COST=2000;EVENT_RANDOM_ARTIFACT_GOLD=1000;DAEMON_EXPERIENCE=1000;DAEMON_GOLD=2500;GHOST_SMALL_COUNT=10;GHOST_SMALL_GOLD=1000;GHOST_MEDIUM_COUNT=15;GHOST_MEDIUM_GOLD=2000;GHOST_LARGE_COUNT=25;GHOST_LARGE_GOLD=5000;GHOST_HUGE_COUNT=50;GHOST_HUGE_GOLD=2000	retain	include/SOURCE/EVENTS.h:MapEventRewardConstant		Constant group (H1_ENUM_CONST) after Buka MapEventRewardConstant: event rewards, costs, incomes and guard counts as printed by retail gEventText (e.g. 1000 gold a day, 2 ore, 2500 ransom).
src/SOURCE/EVENTS.cpp:HouseEventConstant	EVENT_TEXT_HOUSE_STRIDE=3;EVENT_HOUSE_COUNT=5	retain	src/SOURCE/EVENTS.cpp:HouseEventConstant		Constant group (H1_ENUM_CONST): HouseEvent's three gEventText rows per house and its five-entry creature table.
src/SOURCE/EVENTS.cpp:CombatRemoteConstant	COMBAT_REMOTE_COMMAND=21;COMBAT_REMOTE_CONFIRM_COMMAND=22;COMBAT_REMOTE_FRAGMENT_COMBAT=0;COMBAT_REMOTE_FRAGMENT_FIRST_HERO=1;COMBAT_REMOTE_FRAGMENT_SECOND_HERO=2;COMBAT_REMOTE_BUFFER_SIZE=255;COMBAT_REMOTE_TIMEOUT=20000	retain	src/SOURCE/EVENTS.cpp:CombatRemoteConstant		Constant group (H1_ENUM_CONST) after Buka CombatRemoteCommand/CombatRemoteFragment: remote combat command 0x15 and confirm 0x16, the record/hero fragment ids, buffer size and receive timeout.
src/SOURCE/EVENTS.cpp:MapEventTextId	EVENT_TEXT_CUSTOM=-1;EVENT_TEXT_ALCHEMIST_CAPTURED=0;EVENT_TEXT_SIGNPOST=1;EVENT_TEXT_BUOY_VISITED=2;EVENT_TEXT_BUOY_REWARD=3;EVENT_TEXT_DAEMON_CAVE_EMPTY=4;EVENT_TEXT_DAEMON_CAVE_EXPERIENCE=5;EVENT_TEXT_DAEMON_CAVE_ARTIFACT=6;EVENT_TEXT_DAEMON_CAVE_GOLD=7;EVENT_TEXT_DAEMON_CAVE_RANSOM=8;EVENT_TEXT_DAEMON_CAVE_DEATH=9;EVENT_TEXT_DAEMON_CAVE_PROMPT=10;EVENT_TEXT_TREASURE_CHEST=11;EVENT_TEXT_FAERIE_RING_VISITED=12;EVENT_TEXT_FAERIE_RING_REWARD=13;EVENT_TEXT_CAMPFIRE=14;EVENT_TEXT_FOUNTAIN_VISITED=15;EVENT_TEXT_FOUNTAIN_REWARD=16;EVENT_TEXT_GAZEBO_VISITED=17;EVENT_TEXT_GAZEBO_REWARD=18;EVENT_TEXT_GENIE_LAMP=19;EVENT_TEXT_GRAVEYARD_PROMPT=20;EVENT_TEXT_GRAVEYARD_EMPTY=21;EVENT_TEXT_GRAVEYARD_REWARD=22;EVENT_TEXT_HOUSE_RECRUIT=23;EVENT_TEXT_HOUSE_RANKS_FULL=24;EVENT_TEXT_HOUSE_EMPTY=25;EVENT_TEXT_DRAGON_CITY_PROMPT=38;EVENT_TEXT_DRAGON_CITY_CONQUERED=39;EVENT_TEXT_LIGHTHOUSE_CAPTURED=40;EVENT_TEXT_WATERWHEEL_EMPTY=41;EVENT_TEXT_MINE_CAPTURED_BASE=41;EVENT_TEXT_WATERWHEEL_REWARD=42;EVENT_TEXT_FOLLOWERS=48;EVENT_TEXT_MONSTER_REFUSAL=49;EVENT_TEXT_OBELISK_REWARD=50;EVENT_TEXT_OBELISK_VISITED=51;EVENT_TEXT_OASIS_VISITED=52;EVENT_TEXT_OASIS_REWARD=53;EVENT_TEXT_RESOURCE_PICKUP=54;EVENT_TEXT_SAWMILL_CAPTURED=55;EVENT_TEXT_RANKING_SHRINE=56;EVENT_TEXT_SPELL_SHRINE=57;EVENT_TEXT_SHIPWRECK_PROMPT=58;EVENT_TEXT_SHIPWRECK_EMPTY=59;EVENT_TEXT_SHIPWRECK_REWARD=60;EVENT_TEXT_STATUE_REWARD=61;EVENT_TEXT_STATUE_VISITED=62;EVENT_TEXT_DESERT_TENT_EMPTY=63;EVENT_TEXT_DESERT_TENT_RECRUIT=64;EVENT_TEXT_WAGON_EMPTY=65;EVENT_TEXT_WAGON_RECRUIT=66;EVENT_TEXT_WINDMILL_EMPTY=68;EVENT_TEXT_WINDMILL_REWARD=69;EVENT_TEXT_ARTIFACT_GUARDED=70;EVENT_TEXT_LEPRECHAUN_OFFER=71;EVENT_TEXT_LEPRECHAUN_REFUSAL=72;EVENT_TEXT_LEPRECHAUN_NO_GOLD=73;EVENT_TEXT_ARTIFACT_RECOVERED=74;EVENT_TEXT_SKELETON_EMPTY=75;EVENT_TEXT_SKELETON_ARTIFACT=76	retain	src/SOURCE/EVENTS.cpp:MapEventTextId		advManager::EventWindow eventId and gEventText row indices in EVENTS.cpp (EventWindow prints gEventText[eventId], or the caller's text for EVENT_TEXT_CUSTOM=-1); Buka 2.1 EVENTS.h MapEventTextId names the same kind of rows with HoMM2's numbering. Row numbers are not object, spell or dialog values.
include/SOURCE/kbwin.h:WindowTextId	WINDOW_TEXT_BUY_SPELL_BOOK=0;WINDOW_TEXT_BUILD=1;WINDOW_TEXT_CASTLE=2;WINDOW_TEXT_CONTROL_PANEL=3;WINDOW_TEXT_DIMENSION_DOOR=4;WINDOW_TEXT_HERO=5;WINDOW_TEXT_MAGE_GUILD=6;WINDOW_TEXT_NEW_GAME=7;WINDOW_TEXT_OVERVIEW=8;WINDOW_TEXT_HERO_QUICK_VIEW=9;WINDOW_TEXT_TOWN_QUICK_VIEW=10;WINDOW_TEXT_RECRUIT_HERO=11;WINDOW_TEXT_SHIPYARD=12;WINDOW_TEXT_SWAP=13;WINDOW_TEXT_TAVERN=14;WINDOW_TEXT_THIEVES_GUILD=15	canonical	include/SOURCE/kbwin.h:WindowTextId		SetWinText's window id matched against gWinSetup[].windowId; each value is passed right after opening its window (buybook, buybuil*, caslwind, cpanel, dimdoor, herowind, magewind, newgame, overwind, qhero0, town quick view, rcrthero, shipwind, swapwin, tavwin, thiefwin.bin).
include/SOURCE/townManager.h:TownBuildConstant	TOWN_SPELL_BOOK_COST=500;TOWN_BOAT_GOLD_COST=1000;TOWN_BOAT_WOOD_COST=10;TOWN_DWELLINGS_PER_FACTION=6;TOWN_NEUTRAL_BUILDING_LAST=6;TOWN_NEUTRAL_BUILDING_COUNT=7;TOWN_DWELLING_COST_ROWS=28;TOWN_MAGE_GUILD_COST_LEVEL_LAST=3	retain	include/SOURCE/townManager.h:TownBuildConstant		Constant group (H1_ENUM_CONST): spell book (Buka TOWN_SPELL_BOOK_COST) and boat prices as retail's mage guild and shipyard windows charge them, the six-per-faction dwelling rows of gDwellingCosts/Requirements/Names, BuyBuild's neutral-building row split and the mage guild cost level cap.
include/SOURCE/fileRequester.h:FileRequesterControlId	FILE_REQUESTER_OK=30722;FILE_REQUESTER_CANCEL=30721;FILE_REQUESTER_SCROLL_UP=1;FILE_REQUESTER_SCROLL_DOWN=2;FILE_REQUESTER_SCROLL_GUTTER=3;FILE_REQUESTER_LIST_FIRST=4;FILE_REQUESTER_SCROLL_KNOB=14;FILE_REQUESTER_FILENAME_ENTRY=15;FILE_REQUESTER_FILENAME_LABEL=16;FILE_REQUESTER_MAP_SIZE=100;FILE_REQUESTER_MAP_LEVEL=101;FILE_REQUESTER_MAP_DESCRIPTION=102	canonical	include/SOURCE/fileRequester.h:FileRequesterControlId		request.bin widget ids (Buka FileRequesterControlId names, HoMM1 layout): fileRequester::Open/Main/Update/UpdateMapInfo address the scroll arrows/gutter/knob, the ten list rows, filename entry/label and map size/level/description fields.
include/SOURCE/fileRequester.h:FileRequesterListConstant	FILE_REQUESTER_VISIBLE_ROWS=10;FILE_REQUESTER_LAST_ROW_OFFSET=9;FILE_REQUESTER_DISPATCH_MASK=815;FILE_REQUESTER_FILENAME_MAX_LENGTH=255	retain	include/SOURCE/fileRequester.h:FileRequesterListConstant		Constant group (H1_ENUM_CONST): the requester's ten visible rows, the filename entry limit and its message dispatch mask (0x32f as the other managers).
include/SOURCE/bankBox.h:BankBoxControl	BANK_BOX_RESOURCE_FIRST=30;BANK_BOX_GOLD=36	canonical	include/SOURCE/bankBox.h:BankBoxControl		bankbox.bin text ids bankBox::Update sets: resources 0..5 at 30 + r, gold at 36.
src/SOURCE/GAME.cpp:NeutralTownReinforcementConstant	REINFORCEMENT_ROLL_MIN=1;REINFORCEMENT_ROLL_MAX=15;REINFORCEMENT_TIER_ONE_THRESHOLD=5;REINFORCEMENT_TIER_TWO_THRESHOLD=10;REINFORCEMENT_TIER_THREE_THRESHOLD=13;REINFORCEMENT_TIER_ONE_KEY=10;REINFORCEMENT_TIER_TWO_KEY=20;REINFORCEMENT_TIER_THREE_KEY=30;REINFORCEMENT_TIER_FOUR_KEY=40;REINFORCEMENT_TIER_ONE_COUNT_MIN=8;REINFORCEMENT_TIER_ONE_COUNT_MAX=15;REINFORCEMENT_TIER_TWO_COUNT_MIN=5;REINFORCEMENT_TIER_TWO_COUNT_MAX=7;REINFORCEMENT_TIER_THREE_COUNT_MIN=3;REINFORCEMENT_TIER_THREE_COUNT_MAX=5;REINFORCEMENT_TIER_FOUR_COUNT_MIN=1;REINFORCEMENT_TIER_FOUR_COUNT_MAX=3	retain	src/SOURCE/GAME.cpp:NeutralTownReinforcementConstant		Constant group (H1_ENUM_CONST) after Buka NeutralTownReinforcementConstant: the 1..15 tier roll thresholds, tier keys (x10, added to the town type) and recruit count ranges.
include/SOURCE/EVENTS.h:MapObjectEncodingConstant	MAP_EVENT_DATA_EMPTY=0;MAP_EVENT_DATA_AVAILABLE=1;CAMPFIRE_RESOURCE_MASK=15;CAMPFIRE_AMOUNT_SHIFT=4;SKELETON_EMPTY=1;SKELETON_ARTIFACT=2;ARTIFACT_EVENT_MODE_PICKUP=1;ARTIFACT_EVENT_MODE_GUARDED=2;ARTIFACT_EVENT_MODE_GOLD=3;DAEMON_CAVE_EMPTY=1;DAEMON_REWARD_EXPERIENCE=2;DAEMON_REWARD_ARTIFACT=3;DAEMON_REWARD_EXPERIENCE_GOLD=4;DAEMON_REWARD_RANSOM=5;GHOST_SITE_EMPTY=1;GHOST_SITE_SMALL=2;GHOST_SITE_MEDIUM=3;GHOST_SITE_LARGE=4;GHOST_SITE_HUGE=5;WINDMILL_RESOURCE_LAST=6;MAP_EVENT_SPELL_OFFSET=1;WINDMILL_EMPTY=99;RESOURCE_PILE_OBJECT_BASE=61;MONSTER_WILLING_FLAG=128;MONSTER_COUNT_MASK=127	retain	include/SOURCE/EVENTS.h:MapObjectEncodingConstant		Constant group (H1_ENUM_CONST) after Buka EVENTS.h MapObjectEncodingConstant: mapCell::m_objectMetadata payloads DoEvent/DoAIEvent/GhostEvent/monster interaction decode (campfire mask/shift, skeleton, artifact pickup modes 1..3, daemon cave outcomes 1..5 as Buka, ghost sites, windmill, resource-pile object base, monster willing flag/count mask). Values coincide with other small domains by construction. MAP_EVENT_SPELL_OFFSET: spell-shrine metadata is the spell id plus one (Buka).
include/SOURCE/townManager.h:TownScreenConstant	TOWN_GARRISON_STRIP_Y=256;TOWN_HERO_STRIP_Y=355;TOWN_BANK_BOX_X=546;TOWN_BANK_BOX_Y=256;TOWN_EMPTY_HERO_PORTRAIT_FRAME=8;TOWN_CREST_FRAME_WITH_HERO=1;TOWN_CREST_FRAME_WITHOUT_HERO=4;TOWN_HERO_STRIP_FRAME_COUNT=3	retain	include/SOURCE/townManager.h:TownScreenConstant		Constant group (H1_ENUM_CONST): town screen strip/bank box positions and the empty hero strip's portrait frame (SetupTown and RecruitHero). TOWN_CREST_FRAME_WITH/WITHOUT_HERO (1/4) and TOWN_HERO_STRIP_FRAME_COUNT (3): Buka TOWNMGR.h names of strip's type argument.
include/SOURCE/townManager.h:TownRecruitHeroControl	RECRUIT_HERO_PORTRAIT_FIRST=2;RECRUIT_HERO_PORTRAIT_SECOND=3;RECRUIT_HERO_CLASS_FIRST=6;RECRUIT_HERO_CLASS_SECOND=7;RECRUIT_HERO_SELECT_FIRST=8;RECRUIT_HERO_SELECT_SECOND=9	canonical	include/SOURCE/townManager.h:TownRecruitHeroControl		rcrthero.bin widget ids RecruitHero sets: both candidates' portraits (2/3), class labels (6/7) and select buttons (8/9).
include/SOURCE/cursorTypes.h:WalkSpeed	WALK_SPEED_WALK=0;WALK_SPEED_FIRST=0;WALK_SPEED_TROT=1;WALK_SPEED_CANTER=2;WALK_SPEED_GALLOP=3;WALK_SPEED_JUMP=4	retain	include/SOURCE/cursorTypes.h:WalkSpeed		gConfig.walkSpeed: KB's APP_MENU_SPEED_WALK..JUMP store 0..4; CURSOR indexes giStepDelay and special-cases 0/3/4. kbwin.h CONFIG_WALK_SPEED_FAST (2) / SLOW (3) are the fast-/slow-CPU defaults of this domain (CANTER/GALLOP; reuse lead for kbwin's owner). WALK_SPEED_FIRST marks StartCursor's faster-than-walking test.
include/SOURCE/creatureTypes.h:CreatureSpeed	CREATURE_SPEED_NONE=0;CREATURE_SPEED_SLOW=1;CREATURE_SPEED_SLOW_END=2;CREATURE_SPEED_MEDIUM=2;CREATURE_SPEED_MEDIUM_END=3;CREATURE_SPEED_FAST=3;CREATURE_SPEED_BLAZING=4	retain	include/SOURCE/creatureTypes.h:CreatureSpeed		tag_monsterStats::speed indexes gSpeedText ("", Slow, Medium, Fast, Blazing); CastSpell sets SLOW (slow), BLAZING (haste), NONE (blind); combat rounds count m_currentSpeed down from BLAZING. SLOW_END/MEDIUM_END are half-open band ends for SPELLAI RawEffectSpellInfluence's haste weighting.
include/SOURCE/EVENTS.h:EventFizzleType	EVENT_FIZZLE_HERO_LOSS=0;EVENT_FIZZLE_PICKUP=1	canonical	include/SOURCE/EVENTS.h:EventFizzleType		FizzleCenter sample: 0 hero-loss fade (killfade), 1 pickup chime; DoEvent's fizzleMode and HeroLoses (Buka EVENT_FIZZLE_HERO_LOSS/ARTIFACT).
include/SOURCE/EVENTS.h:EventArtifactStat	EVENT_ARTIFACT_GIVE=0;EVENT_ARTIFACT_TAKE=1	canonical	include/SOURCE/EVENTS.h:EventArtifactStat		GiveTakeArtifactStat direction: 0 give, 1 take (negates the bonus; Buka EVENT_ARTIFACT_TAKE).
include/SOURCE/EVENTS.h:MapEventDisplayConstant	COAST_FIZZLE_X=192;COAST_FIZZLE_Y=192;COAST_FIZZLE_WIDTH=96;COAST_FIZZLE_HEIGHT=96;EVENT_FIZZLE_X=180;EVENT_FIZZLE_Y=172;EVENT_FIZZLE_WIDTH=120;EVENT_FIZZLE_HEIGHT=120;EVENT_FIZZLE_STEPS=65;STONE_LITHS_MIN_DISTANCE=1;WHIRLPOOL_MIN_DISTANCE=3;ENVIRONMENT_BORDER=7;EVENT_WHIRLPOOL_TRIGGER_ROLL=1;EVENT_WHIRLPOOL_TRIGGER_MAX=3;EVENT_WHIRLPOOL_ARMY_VALUE_LIMIT=99999999;EVENT_TEXT_BUFFER_SIZE=500;EVENT_TEXT_WINDOW_END=76;EVENT_MUSIC_VOLUME_NONE=-1	retain	include/SOURCE/EVENTS.h:MapEventDisplayConstant		Event effect geometry and limits (Buka MapEventDisplayConstant/MapEventSpatialConstant/EventEffectConstant names, HoMM1 values): coast and pickup fizzle rectangles, teleport minimum distances, the environment-sound border, whirlpool roll and army-value ceiling, event text buffer and EventWindow's gEventText bound. EVENT_MUSIC_VOLUME_NONE is giEventMusicVolume's no-parked-volume sentinel.
include/SOURCE/X_GLOBAL.h:AdvDisposeLevel	ADV_DISPOSE_NONE=0;ADV_DISPOSE_PARTIAL=1;ADV_DISPOSE_FULL=2	canonical	include/SOURCE/X_GLOBAL.h:AdvDisposeLevel		gAdvDisposeLevel during combat (Buka X_GLOBAL.h): DoCombat picks partial/full by giHighMemBuffer and resets to none.
include/SOURCE/game.h:MapSoundConstant	MAP_SOUND_NONE=-1	retain	include/SOURCE/game.h:MapSoundConstant		game::m_mapSounds empty entry (-1): GAME memset on new/load, EraseObj reset.
include/SOURCE/EVENTS.h:CombatFlowConstant	COMBAT_NETWORK_POLL_X=30;COMBAT_NETWORK_POLL_Y=30;COMBAT_NETWORK_POLL_WIDTH=4;COMBAT_NETWORK_POLL_HEIGHT=4;COMBAT_LOW_MEMORY_LIMIT=600;COMBAT_HIGH_MEMORY_LIMIT=1450;COMBAT_RANDOM_SEED_NEW=-1;COMBAT_RANDOM_SEED_MAX=1000	retain	include/SOURCE/EVENTS.h:CombatFlowConstant		DoCombat network wait marker rectangle and memory thresholds (Buka CombatFlowConstant names, HoMM1 values). COMBAT_RANDOM_SEED_NEW (-1) asks DoCombat to draw a seed in 1..COMBAT_RANDOM_SEED_MAX (Buka name).
src/SOURCE/CURSOR.cpp:CursorConstant	CURSOR_DRAW_X=224;CURSOR_DRAW_Y=255;CURSOR_BOAT_DRAW_Y_ADJUST=10;CURSOR_SHADOW_FLIP_X_ADJUST=32;CURSOR_FLIP_FLAG=128;CURSOR_FRAME_MASK=127;CURSOR_FLAG_FRAME_BASE=56;CURSOR_FLAG_FRAME_CYCLE_MASK=3;CURSOR_LAST_FRAME_COUNT=8;CURSOR_TURN_FRAME_COUNT=16;CURSOR_SLOW_TURN_MULTIPLIER=3;CURSOR_MAP_DRAW_OFFSET=7;CURSOR_MOVE_HALF_TILE_PIXELS=16;CURSOR_NORTH_DIRECTION_MASK=131;CURSOR_SOUTH_DIRECTION_MASK=56;CURSOR_DIAGONAL_DIRECTION_BIT=1;CURSOR_TURN_TIMER_SLOT=1;BOAT_OCCUPIED_FLAG=128;SLOW_CURSOR_CYCLE_START=2;SKIPPED_ANIMATION_FRAME=4;FOOTSTEP_ANIMATION_FRAME=3;DIRECTION_HALF_COUNT=4;TURN_FRAME_MULTIPLIER=2;MOVE_TILE_HALF_COUNT=2	retain	src/SOURCE/CURSOR.cpp:CursorConstant		Hero-cursor draw offsets, frame flags/masks, turn frames and timers, movement half-tile steps, north/south direction masks, the boat-occupied hero bit and walk-cycle frames (Buka CURSOR.h CursorConstant / CURSOR.cpp CursorPrivateConstant names, HoMM1 values).
include/SOURCE/hero.h:HeroSpellType	SPELL_TYPE_COMBAT=0;SPELL_TYPE_ADVENTURE=1;SPELL_TYPE_CATEGORY_COUNT=2;SPELL_TYPE_ALL=2	retain	include/SOURCE/hero.h:HeroSpellType		hero::GetNumSpells selector (combat/adventure/all; Buka hero.h HeroSpellType); SpellType ids and other 0..2 sets are separate domains.
include/SOURCE/smack.h:SmackApiConstant	SMACK_TRACK_1=512;SMACK_TRACKS=65024;SMACK_AUTO_EXTRA=-1;SMACK_SURFACE_SLOW=1	retain	include/SOURCE/smack.h:SmackApiConstant		Constant group (H1_ENUM_CONST), not a value domain: the Smacker SDK flags smackManager::Main passes. SMACK_TRACKS (0xfe00) ORs the seven audio-track bits into SmackOpen's flags when a digital driver is up and SMACK_TRACK_1 (0x200) is SmackVolumePan's track; HoMM2's 3.0g SDK has the same bits four places higher (SMACKTRACK1 0x2000, Buka AUDIO_OPEN_FLAGS 0xfe000). SMACK_AUTO_EXTRA (-1) is SmackOpen's extrabuf and SMACK_SURFACE_SLOW (1) SmackToBufferRect's mode, as Buka SMACKMGR spells SMACKAUTOEXTRA/SMACKSURFACESLOW.
include/H1/KB.h:NormalDialogPosition	NORMAL_DIALOG_AUTO_POSITION=-1	retain	include/H1/KB.h:NormalDialogPosition		Constant group (H1_ENUM_CONST), not a value domain: NormalDialog's x/y sentinel. -1 lets NormalDialog place the window itself (KB.cpp: NORMAL_DIALOG_ADVENTURE_X on the adventure screen or centred, y centred up to NORMAL_DIALOG_MAX_TOP); it is the trailing default Buka 2.1 KBDeclarations.h gives windowX/windowY.
include/H1/KB.h:MapExtraConstant	MAP_EXTRA_FIRST_RECORD=1;MAP_EXTRA_RECORD_CAPACITY=255	retain	include/H1/KB.h:MapExtraConstant		Constant group (H1_ENUM_CONST), not a value domain: ppMapExtra/pwSizeOfMapExtra bounds. MAP_EXTRA_RECORD_CAPACITY (255) is the arrays' extent that InitVars and ClearMapExtra walk; MAP_EXTRA_FIRST_RECORD (1) is where iMaxMapExtra restarts because record 0 is never allocated (game::LoadMap reads records 1..iMaxMapExtra-1).
include/H1/KB.h:MainMenuControl	MAIN_MENU_NO_COMMAND=-1;MAIN_MENU_NEW_GAME=1;MAIN_MENU_LOAD_GAME=2;MAIN_MENU_QUIT=4;MAIN_MENU_HIGH_SCORES=5;MAIN_MENU_CREDITS=6;MAIN_MENU_LAST=6	retain	include/H1/KB.h:MainMenuControl		stpmain.bin button ids returned by InitMenuHandler and dispatched by oldmain (new game, load, quit, high scores, credits); gInitMenuHelp rows confirm the roles. Moved to KB.h: gGameCommand (short storage) carries advManager::ControlPanel's CONTROL_NEW_GAME/LOAD_GAME/QUIT (1, 2, 4) and the N/L/Q hotkeys' commands into the same oldmain switch.
include/H1/KB.h:HighScoreType	HIGH_SCORE_TYPE_CAMPAIGN=0;HIGH_SCORE_TYPE_STANDARD=1	retain	include/H1/KB.h:HighScoreType		giHighScoreType and AddScoreToHighScore/GetMonType's table selector: 0 picks CAMPAIGN.HS and giScoreCampaignMon (fewer days rank higher), 1 STANDARD.HS and giScoreMon (higher score ranks higher); oldmain records a finished campaign with 0 and ShowCongrats a standard map with 1; highScoreManager shows the matching list (HISCORE's m_showCampaignScores comparison).
include/SOURCE/advManager.h:BottomViewMode	BOTTOM_VIEW_NONE=0;BOTTOM_VIEW_NEW_TURN=1;BOTTOM_VIEW_KINGDOM=2;BOTTOM_VIEW_HERO=3;BOTTOM_VIEW_ENEMY_TURN=4;BOTTOM_VIEW_RESOURCE=5;BOTTOM_VIEW_OVERRIDE_DISABLED=6	retain	include/SOURCE/advManager.h:BottomViewMode		advManager bottom view mode (new turn, kingdom, hero, enemy turn, resource); TerrainType and CombatAction share 0..6 only. Moved from ADVMGR.cpp: KB.cpp BVResMsg sets BOTTOM_VIEW_RESOURCE and game.cpp sets/tests NONE, NEW_TURN and OVERRIDE_DISABLED on giBottomViewOverride.
include/SOURCE/combatTypes.h:CombatHeroHex	COMBAT_ATTACKER_HERO_HEX=9;COMBAT_DEFENDER_HERO_HEX=26	retain	include/SOURCE/combatTypes.h:CombatHeroHex		GetGridIndex hexes of the hero portraits: GetCommand/RightClick switch on 26 (row 2, last column: defender general, ViewGeneral(0)) and 9 (row 1, column 0: attacker, ViewGeneral(1)).
include/SOURCE/combatTypes.h:CombatSideSelection	COMBAT_SIDE_ANY=2	retain	include/SOURCE/combatTypes.h:CombatSideSelection		Side argument 2 = both sides: CastMassSpell castSide (mass dispel cancels sides 0 and 1), SPELLAI FirstArmy/EffectSpellCure targetSide (Buka SPELLAI SPELL_AI_ANY_SIDE). Same value as COMBAT_SIDE_COUNT, different role.
include/SOURCE/combatTypes.h:CombatPowEffect	COMBAT_POW_CLOUD=0;COMBAT_POW_PHYSICAL=1;COMBAT_POW_RED_FIRE=7;COMBAT_POW_ELECTRIC=8	retain	include/SOURCE/combatTypes.h:CombatPowEffect		gPowEffectNames rows (cloud.icn 0, physical.icn 1..6, redfire.icn 7, electric.icn 8, ...) army::PowEffect loads; SPELLS turn undead/meteor/fireball-lightning-armageddon/storm pass 0/1/7/8.
include/SOURCE/spellTypes.h:SpellAIFlag	SPELL_AI_FLAG_SCALES_WITH_POWER=1;SPELL_AI_FLAG_COMBAT=2;SPELL_AI_FLAG_ADVENTURE=4	retain	include/SOURCE/spellTypes.h:SpellAIFlag		gcSpellAIFlags bits: 2 on combat spells 0..18 (DoSpellAI casts only those), 4 on adventure spells 19..28; bit 1 (philAI 4x weight) left unnamed. SCALES_WITH_POWER (bit 0): the spells whose philAI value scales by spell power/knowledge (fireball, lightning, resurrect, armageddon, storm, meteor shower); SetupTown weights them x4.
src/SOURCE/COMMAND.cpp:BattleResultText	BATTLE_RESULT_ENEMY_SURRENDERED=0;BATTLE_RESULT_ENEMY_FLED=1;BATTLE_RESULT_VICTORY=2;BATTLE_RESULT_EXPERIENCE=3;BATTLE_RESULT_HERO_SURRENDERS=4;BATTLE_RESULT_HERO_FLEES=5;BATTLE_RESULT_HERO_DEFEATED=6;BATTLE_RESULT_FORCES_SURRENDER=7;BATTLE_RESULT_FORCES_FLEE=8;BATTLE_RESULT_FORCES_DEFEATED=9;BATTLE_RESULT_EXPERIENCE_AND_LEVELS=10	retain	src/SOURCE/COMMAND.cpp:BattleResultText		cBattleResults rows used by DoVictory (surrendered/fled/victory, experience lines) and DoLoseWindow (hero and forces surrender/flee/defeat).
include/SOURCE/combatTypes.h:CombatResult	COMBAT_RESULT_DRAW=-1;COMBAT_RESULT_DEFENDER=0;COMBAT_RESULT_ATTACKER=1;COMBAT_RESULT_PENDING=3	retain	include/SOURCE/combatTypes.h:CombatResult		combatManager::m_combatResult: CheckWin stores the winning side (retreat: the other side), -1 when both fall; Open stores 3 until the end; EVENTS DoCombat switches 1/0/-1/3 for HeroLoses/TransferArtifacts (Buka COMBAT_RESULT_DRAW/ATTACKER/DEFENDER/PENDING, HoMM1 side values).
include/SOURCE/PATH.h:ArmyPathTarget	ARMY_PATH_ASSIGNED_TARGET_HEX=-1;ARMY_PATH_ANY_TARGET_HEX=0;ARMY_PATH_EXACT_TARGET_HEX=1	retain	include/SOURCE/PATH.h:ArmyPathTarget		army::ValidPath/FindPath pathMode = FindCombatPath attackPath: 1 passes the target hex to GetAttackMask (exact target), 0 passes -1 (any hex); COMMAND moves pass 0, attack routes 1 (Buka ArmyPathTarget ANY/EXACT, same values; HoMM1 has no ASSIGNED -1 caller). army::FindPath/ValidPath/ValidFlight path mode forwarded to FindCombatPath's attackPath (Buka combatTypes.h ArmyPathTarget numbering): AI WalkTowardArmyFront EXACT (1), WalkTowardArmy ASSIGNED (-1), ValidPath/ValidFlight/FindPath ANY (0).
include/SOURCE/searchArray.h:SearchConstant	SEARCH_INVALID_COORDINATE=-1;SEARCH_TARGET_COST_WINDOW=4;SEARCH_MONSTER_RESEED_WINDOW=12;SEARCH_NEAREST_OBJECT_MOBILITY=500;SEARCH_UNLIMITED_STEP_MOBILITY=999;SEARCH_MAX_COST=9999	retain	include/SOURCE/searchArray.h:SearchConstant		Constant group (H1_ENUM_CONST), not a value domain: SeedPosition/FindNearestObject cost bookkeeping (Buka searchArray.h SearchConstant names SEARCH_MAX_COST, SEARCH_TARGET_COST_WINDOW, SEARCH_MONSTER_RESEED_WINDOW, SEARCH_INVALID_COORDINATE with HoMM1's 4/6/8-scale values) and FindNearestObject's mobility seeds; equal 4/12/-1 elsewhere are other domains.
include/SOURCE/army.h:ArmyLuck	ARMY_LUCK_BAD=-1;ARMY_LUCK_NONE=0;ARMY_LUCK_GOOD=1	retain	include/SOURCE/army.h:ArmyLuck		army::m_luck: CheckLuck's per-attack roll (good 1 / bad -1 / none 0); DamageEnemy doubles/halves and resets it.
src/SOURCE/ARMY.cpp:ArmyDrawingConstant	ARMY_LIMIT_OUTLINE_COLOR=228;ARMY_GOOD_SPELL_OUTLINE_COLOR=247;ARMY_BAD_SPELL_OUTLINE_COLOR=224;ARMY_MISSILE_PATCH_WIDTH=70;ARMY_MISSILE_PATCH_HEIGHT=60;ARMY_MISSILE_HALF_WIDTH=35;ARMY_MISSILE_HALF_HEIGHT=30	retain	src/SOURCE/ARMY.cpp:ArmyDrawingConstant		Constant group (H1_ENUM_CONST), not a value domain: DrawToBuffer outline palette indices and SpecialAttack's saved missile patch size (Buka ArmyDrawingConstant / CombatMissileAnimationConstant roles, HoMM1 values).
include/SOURCE/combatManager.h:CombatDrawStateConstant	COMBAT_HERO_TYPE_NONE=-1;COMBAT_CATAPULT_FRAME_NONE=-1;COMBAT_LIMIT_CREATURE_HIDDEN=-1;COMBAT_WALL_DAMAGE_NONE=-1	retain	include/SOURCE/combatManager.h:CombatDrawStateConstant		Constant group (H1_ENUM_CONST): per-side -1 draw sentinels for m_heroType, m_catapultFrame and m_limitCreatureCount (DrawFrame, ResetLimitCreature); not a value domain. COMBAT_WALL_DAMAGE_NONE: m_wallDamage without damage frames (hexcell::DrawWall).
include/SOURCE/hexcell.h:HexcellConstant	HEXCELL_OCCUPANT_FRAME_NONE=-1	retain	include/SOURCE/hexcell.h:HexcellConstant		Constant group (H1_ENUM_CONST): m_occupantFrame's no-frame sentinel (constructor, TakeOccupant, DrawOccupant); not a value domain.
include/SOURCE/hero.h:HeroAvailability	HERO_AVAILABILITY_UNAVAILABLE=-1;HERO_AVAILABILITY_RETREATED=64	retain	include/SOURCE/hero.h:HeroAvailability		game::m_availableHeroes markers (Buka hero.h HERO_AVAILABILITY_UNAVAILABLE/RETREATED numbering); other values are owning player ids.
src/SOURCE/HERO.cpp:HeroScreenArmyConstant	HERO_SCREEN_SOURCE_NONE=-1;HERO_ARMY_BACKGROUND_EMPTY_FRAME=2;HERO_ARMY_BACKGROUND_FACTION_FIRST_FRAME=3	retain	src/SOURCE/HERO.cpp:HeroScreenArmyConstant		Constant group (H1_ENUM_CONST): giHeroScreenSrcIndex's no-source sentinel and UpdateArmies' background frames; not a value domain.
src/SOURCE/HERO.cpp:HeroStatViewControl	HERO_STAT_VIEW_TITLE=1;HERO_STAT_VIEW_DESCRIPTION=2	retain	src/SOURCE/HERO.cpp:HeroStatViewControl		vstat.bin widget ids (ViewStat title/description).
src/SOURCE/HERO.cpp:HeroLevelText	HERO_LEVEL_TEXT_GAINED=0;HERO_LEVEL_TEXT_ONE_LEVEL=1;HERO_LEVEL_TEXT_LEVELS=2	retain	src/SOURCE/HERO.cpp:HeroLevelText		cHeroLevel rows CheckLevel formats (gained lead, one level, %d levels).
include/SOURCE/highScoreManager.h:HighScoreManagerConstant	HIGH_SCORE_DISPLAY_ENTRY_COUNT=10;HIGH_SCORE_FILENAME_LENGTH=350;HIGH_SCORE_DISPATCH_MASK=815	retain	include/SOURCE/highScoreManager.h:HighScoreManagerConstant		Constant group (H1_ENUM_CONST), not a value domain: high-score row count, the Update file-name buffer (350) and Main's MessageType dispatch mask 0x32f. The fade steps moved to WindowFadeSteps::WINDOW_FADE_STEPS_SHORT.
include/SOURCE/highScoreManager.h:HighScoreControlId	HIGH_SCORE_CLOSE_BUTTON=30720;HIGH_SCORE_STANDARD_BUTTON=100;HIGH_SCORE_TITLE_WIDGET=103;HIGH_SCORE_SUBTITLE_WIDGET=104;HIGH_SCORE_FIRST_TEXT_WIDGET=106;HIGH_SCORE_CAMPAIGN_BUTTON=147;HIGH_SCORE_ANIMATED_WIDGET_FIRST=200;HIGH_SCORE_FIRST_MONSTER_WIDGET=201;HIGH_SCORE_ANIMATED_WIDGET_LAST=210	canonical	include/SOURCE/highScoreManager.h:HighScoreControlId		hiscore.bin control ids (Buka HighScoreControlId): Main's standard/campaign toggle and close buttons, Update's title pair 0x67/0x68, monster icons 201..210 and text columns from 0x6a; HoMM1 numbers differ from Buka (title 0x66, 30 animated widgets).
include/SOURCE/highScoreManager.h:HighScoreTextColumn	HIGH_SCORE_TEXT_NAME_OFFSET=0;HIGH_SCORE_TEXT_SCENARIO_OFFSET=1;HIGH_SCORE_TEXT_SCORE_OFFSET=2;HIGH_SCORE_TEXT_RATING_OFFSET=3;HIGH_SCORE_TEXT_WIDGET_STRIDE=4	retain	include/SOURCE/highScoreManager.h:HighScoreTextColumn		Constant group (H1_ENUM_CONST), not a value domain: per-row text widget offsets (name, scenario, score '%d', rating monster name) and the 4-id row stride, from Update's sprintf order.
include/SOURCE/highScoreManager.h:HighScoreAnimationConstant	HIGH_SCORE_ANIMATION_FRAME_COUNT=18;HIGH_SCORE_ANIMATION_DELAY=120;HIGH_SCORE_TIMER_SLOT=0;HIGH_SCORE_ANIMATION_FRAME_DIVISOR=3;HIGH_SCORE_MONSTER_FRAME_STRIDE=7	retain	include/SOURCE/highScoreManager.h:HighScoreAnimationConstant		Constant group (H1_ENUM_CONST), not a value domain: monster animation frame count 18, 120 ms tick, glTimers slot 0, frame divisor 3 and 7-frame stride per rating monster (Buka HighScoreAnimationConstant, HoMM1 values).
include/SOURCE/highScoreManager.h:HighScoreTitleFrame	HIGH_SCORE_STANDARD_TITLE_FRAME=7;HIGH_SCORE_CAMPAIGN_SUBTITLE_FRAME=8;HIGH_SCORE_STANDARD_SUBTITLE_FRAME=9;HIGH_SCORE_CAMPAIGN_TITLE_FRAME=12	canonical	include/SOURCE/highScoreManager.h:HighScoreTitleFrame		hiscore.bin title/subtitle icon frames Update selects per score table (standard 7/9, campaign 12/8).
include/SOURCE/highScoreManager.h:HighScoreLayoutConstant	HIGH_SCORE_UPDATE_X=538;HIGH_SCORE_UPDATE_Y=54;HIGH_SCORE_UPDATE_WIDTH=50;HIGH_SCORE_UPDATE_HEIGHT=400	retain	include/SOURCE/highScoreManager.h:HighScoreLayoutConstant		Constant group (H1_ENUM_CONST), not a value domain: Main's monster redraw rectangle (Buka HighScoreLayoutConstant, HoMM1 geometry).
include/SOURCE/highScoreManager.h:HighScoreColor	HIGH_SCORE_HIGHLIGHT_COLOR=-65;HIGH_SCORE_NORMAL_COLOR=1	retain	include/SOURCE/highScoreManager.h:HighScoreColor		Constant group (H1_ENUM_CONST), not a value domain: WIDGET_COMMAND_SET_COLOR values for the newest entry's row (highlight -65, normal 1).
include/SOURCE/highScoreRuntime.h:HighScoreRuntimeConstant	HIGH_SCORE_EMPTY=-1	retain	include/SOURCE/highScoreRuntime.h:HighScoreRuntimeConstant		Constant group (H1_ENUM_CONST), not a value domain: HighScoreEntry::score of an empty rank (KB AddScoreToHighScore and HISCORE Update). The window ids, frames and layout moved to highScoreManager.h; fade/open/flag/color spellings use WindowFadeSteps, BaseManagerStatus, WidgetFlag and BaseWidgetCommand.
include/SOURCE/armyGroup.h:ArmyGroupAlignmentResult	ARMY_GROUP_ALIGNMENT_FIVE_OR_MORE=-3;ARMY_GROUP_ALIGNMENT_FOUR=-2;ARMY_GROUP_ALIGNMENT_THREE=-1;ARMY_GROUP_ALIGNMENT_NO_MODIFIER=0;ARMY_GROUP_ALIGNMENT_SAME=1	canonical	include/SOURCE/armyGroup.h:ArmyGroupAlignmentResult		armyGroup::IsHomogeneous result folded into GetMorale (Buka ArmyGroupAlignmentResult, same numbering): one race +1, two 0, three -1, four -2, five -3.
src/SOURCE/RECRUIT.cpp:RecruitControl	RECRUIT_CLOSE_CONTROL=30720;RECRUIT_CANCEL_CONTROL=30721;RECRUIT_CONFIRM_CONTROL=30722;RECRUIT_TITLE_CONTROL=64;RECRUIT_CREATURE_CONTROL=66;RECRUIT_AVAILABLE_CONTROL=67;RECRUIT_QUANTITY_CONTROL=68;RECRUIT_INCREASE_CONTROL=69;RECRUIT_DECREASE_CONTROL=70;RECRUIT_MAXIMUM_CONTROL=71;RECRUIT_GOLD_COST_CONTROL=73;RECRUIT_RESOURCE_ICON_CONTROL=74;RECRUIT_RESOURCE_COST_CONTROL=75;RECRUIT_GOLD_TOTAL_CONTROL=77;RECRUIT_RESOURCE_IMAGE_CONTROL=78;RECRUIT_RESOURCE_TOTAL_CONTROL=79	canonical	src/SOURCE/RECRUIT.cpp:RecruitControl		recruit0/1.bin and recruiq0/1.bin control ids (Buka RecruitControl, same numbering): close/cancel/confirm are DIALOG_BUTTON_0/1/2.
include/SOURCE/resourceTypes.h:ResourceType	RESOURCE_NONE=-1;RESOURCE_WOOD=0;RESOURCE_FIRST=0;RESOURCE_MERCURY=1;RESOURCE_ORE=2;RESOURCE_SULFUR=3;RESOURCE_CRYSTAL=4;RESOURCE_GEMS=5;RESOURCE_NON_GOLD_END=6;RESOURCE_GOLD=6;RESOURCE_LAST=6;RESOURCE_COUNT=7	canonical	include/SOURCE/resourceTypes.h:ResourceType		game resources wood..gold with RESOURCE_COUNT (playerData::m_resources and the PHILAI/GAME cost tables; the former PLAYER_RESOURCE_COUNT). RESOURCE_NONE (-1, Buka RES_NONE) is recruitUnit::m_resourceType without a secondary cost; RESOURCE_NON_GOLD_END bounds RECRUIT's secondary-cost scan (half-open, before gold). RESOURCE_LAST marks the inclusive end for range tests (windmill/mine metadata <= 6). RESOURCE_FIRST marks the inclusive start (GiveResource range test).
src/SOURCE/RECRUIT.cpp:RecruitConstant	RECRUIT_WINDOW_X=160;RECRUIT_WINDOW_Y=16;RECRUIT_VIEW_ARMY_X=119;RECRUIT_VIEW_ARMY_Y=32;RECRUIT_NO_ROOM_DIALOG_X=177;RECRUIT_NO_ROOM_DIALOG_Y=100;RECRUIT_NAME_SIZE=20;RECRUIT_LABEL_SIZE=40	retain	src/SOURCE/RECRUIT.cpp:RecruitConstant		Constant group (H1_ENUM_CONST), not a value domain: recruit window/dialog positions and SetupRecruitWin's 20/40-byte text buffers (Buka RecruitConstant). The resource extents/sentinel now use ResourceType (RESOURCE_NONE, RESOURCE_NON_GOLD_END, RESOURCE_GOLD, RESOURCE_COUNT), the flag/command copies WidgetFlag/BaseWidgetCommand and Open's result BASE_MANAGER_SUCCESS.
include/SOURCE/playerData.h:PlayerColor	PLAYER_COLOR_NONE=-1;PLAYER_COLOR_BLUE=0;PLAYER_COLOR_GREEN=1;PLAYER_COLOR_RED=2;PLAYER_COLOR_YELLOW=3;PLAYER_COLOR_COUNT=4;PLAYER_COLOR_NEUTRAL=4	canonical	include/SOURCE/playerData.h:PlayerColor		playerData::m_color: flag ICN slots and gColorNames order (Buka PlayerColor 0..3); 4 is gRadarOwnerColor's unowned slot. Equal 0..3 values in hero class / ResourceType are other domains. PLAYER_COLOR_NONE (-1) is a seat whose crest is unset (GAME new-game and scenario windows test it before drawing the crest frame).
include/SOURCE/game.h:SaveFileConstant	SAVE_FILE_BASE_NAME_LENGTH=8;SAVE_FILE_NAME_SCAN_STOP=999	retain	include/SOURCE/game.h:SaveFileConstant		Constant group (H1_ENUM_CONST), not a value domain: GenerateStandardFileName's 8-character base name and its scan-stop index 999; SaveGame's strnicmp length for AUTOSAVE/PLYREXIT.
include/SOURCE/game.h:UltimateHintConstant	ULTIMATE_HINT_OBELISK_MIN=11;ULTIMATE_HINT_PERCENT_PER_OBELISK=4;ULTIMATE_HINT_SCATTER=3;ULTIMATE_HINT_PLACE_TRIES=200;OBELISK_PIECE_PICK_TRIES=100	retain	include/SOURCE/game.h:UltimateHintConstant		Constant group (H1_ENUM_CONST), not a value domain: ComputeUALoc's hint tuning (11 obelisks, 4% per further obelisk, +-3 cell scatter, 200 placement tries) and VisitObelisk's 100 fallback piece picks.
include/SOURCE/gameTypes.h:GameCalendarConstant	CALENDAR_DAYS_PER_WEEK=7;CALENDAR_DAYS_PER_MONTH=28;CALENDAR_WEEKS_PER_MONTH=4	retain	include/SOURCE/gameTypes.h:GameCalendarConstant		Constant group (H1_ENUM_CONST), not a value domain: Buka GameCalendarConstant (7 days a week, 28 a month) plus four weeks a month; giCurTurn and the campaign-day split.
include/SOURCE/game.h:GameMineSlot	MINE_SLOT_DRAGON_CITY=0;MINE_SLOT_LIGHTHOUSE=1;MINE_SLOT_STANDARD_FIRST=2	canonical	include/SOURCE/game.h:GameMineSlot		game::m_mines/m_mineOwners records 0 and 1 are Dragon City and the Lighthouse (DoEvent/DoAIEvent claim them by slot, Overview names them, ComputeDailyGold pays Dragon City); MINE_SLOT_STANDARD_FIRST (2) starts the ordinary mines PerDay/Overview/ComputeDailyGold loop over.
include/SOURCE/game.h:DailyIncomeConstant	DAILY_GOLD_DRAGON_CITY=1000;DAILY_GOLD_MINE=1000;DAILY_GOLD_TOWN=250;DAILY_GOLD_CASTLE=1000;DAILY_GOLD_ENDLESS_SACK=1000;DAILY_GOLD_ENDLESS_BAG=750;DAILY_GOLD_ENDLESS_PURSE=500;DAILY_MINE_YIELD_WOOD_ORE=2;DAILY_MINE_YIELD_OTHER=1	retain	include/SOURCE/game.h:DailyIncomeConstant		Constant group (H1_ENUM_CONST), not a value domain: ComputeDailyGold's gold (Dragon City/gold mine 1000, town 250, castle 1000, endless sack/bag/purse 1000/750/500) and PerDay's mine yields (wood/ore 2, other 1).
include/SOURCE/game.h:GameWeeklyConstant	WEEKLY_WELL_GROWTH_BONUS=2;WEEKLY_CREATURE_GROWTH_BONUS=5;WEEKLY_SITE_STOCK_LIMIT=100;WEEKLY_WATER_WHEEL_EMPTY=255;WEEKLY_WATER_WHEEL_GOLD=2;MONTHLY_CREATURE_GROWTH_FACTOR=2	retain	include/SOURCE/game.h:GameWeeklyConstant		Constant group (H1_ENUM_CONST), not a value domain: PerWeek/PerMonth growth bonuses (well +2, creature week +5, creature month x2), renewable-site stock limit 100 and the water wheel's empty 0xff / refill 2 (Buka GameWeeklyConstant).
include/SOURCE/town.h:TownFootprintConstant	TOWN_FOOTPRINT_LEFT=2;TOWN_FOOTPRINT_TOP=2;TOWN_FOOTPRINT_WIDTH=4;TOWN_FOOTPRINT_HEIGHT=3;TOWN_RACE_FRAME_STRIDE=24;TOWN_CASTLE_FRAME_OFFSET=12;TOWN_RANDOM_AGE=10	retain	include/SOURCE/town.h:TownFootprintConstant		Constant group (H1_ENUM_CONST), not a value domain: the 4x3 town footprint from (x-2, y-2) (RandomizeTown, NewMap), the 24-frame race blocks and the 12-frame castle offset, and RandomizeTown's ten-turn age (Buka RANDOM_TOWN_AGE).
include/SOURCE/playerData.h:PlayerDataConstant	PLAYER_HERO_CAPACITY=8;PLAYER_TAVERN_HERO_COUNT=2;PLAYER_PUZZLE_PIECE_COUNT=48;PLAYER_PUZZLE_PIECE_STORAGE_SIZE=6;PLAYER_ULTIMATE_HINT_NONE=-1;PLAYER_SAVE_PAD_SIZE=50	retain	include/SOURCE/playerData.h:PlayerDataConstant		Constant group (H1_ENUM_CONST), not a value domain: m_heroIds capacity 8, the two tavern heroes (m_availableHeroIds), the 48-piece obelisk puzzle and its 6-byte bit store (Buka PUZZLE_PIECE_COUNT/STORAGE_SIZE), the unplaced ultimate-hint coordinate -1 and Write/Read's 50-byte pad. Town capacity uses GAME_TOWN_COUNT, the resource table RESOURCE_COUNT.
include/SOURCE/kbwin.h:ConfigConnection	CONFIG_CONNECTION_MODEM=0;CONFIG_CONNECTION_DIRECT=1	canonical	include/SOURCE/kbwin.h:ConfigConnection		gConfig.comPort/baudRate row: the modem's and the direct connection's settings (ReadPrefs/WritePrefs registry pairs).
include/SOURCE/kbwin.h:CdSetupResult	CD_SETUP_READY=0;CD_SETUP_NO_DRIVE=1;CD_SETUP_NOT_FOUND=2;CD_SETUP_NO_APP_PATH=3;CD_SETUP_NO_DATA=4	canonical	include/SOURCE/kbwin.h:CdSetupResult		SetupCDDrive's result kept in KB's iCDRomErr: ready, no CD-ROM drive, CD not found after the retries, no registered app path, no data directory.
include/SOURCE/townManager.h:TownControl	TOWN_EMPTY_STATUS_CONTROL_FIRST=28;TOWN_EMPTY_STATUS_CONTROL_LAST=29;TOWN_GARRISON_FIRST_CONTROL=16;TOWN_GARRISON_SLOT_FIRST=17;TOWN_GARRISON_SLOT_LAST=21;TOWN_HERO_FIRST_CONTROL=22;TOWN_HERO_SLOT_FIRST=23;TOWN_HERO_SLOT_LAST=27;TOWN_CLOSE_CONTROL=30720	retain	include/SOURCE/townManager.h:TownControl		town screen widget ids; the garrison and hero strips' five army slots run SLOT_FIRST..SLOT_LAST (Main's hover range); TOWN_CLOSE_CONTROL is the screen's role name for DIALOG_BUTTON_0.
include/SOURCE/townManager.h:TownThievesCategory	THIEVES_CATEGORY_TOWNS=0;THIEVES_CATEGORY_CASTLES=1;THIEVES_CATEGORY_HEROES=2;THIEVES_CATEGORY_GOLD=3;THIEVES_CATEGORY_WOOD_AND_ORE=4;THIEVES_CATEGORY_RARE_RESOURCES=5;THIEVES_CATEGORY_OBELISKS=6;THIEVES_CATEGORY_ARMY_STRENGTH=7;THIEVES_CATEGORY_COUNT=8	canonical	include/SOURCE/townManager.h:TownThievesCategory		SetupThievesGuild's statistic rows (towns, castles, heroes, gold, wood and ore, rare resources, obelisks, army strength) and their count; the row count shown per number of guilds is the first hidden category. The layout moved to ThievesGuildLayoutConstant, the town-bit flags to 1 << BUILDING_SLOT_TENT/CASTLE.
include/SOURCE/townManager.h:ThievesGuildLayoutConstant	THIEVES_CATEGORIES_BY_GUILDS=-1;TOWN_THIEVES_DEAD_PLAYER_STAT=-1;THIEVES_RANK_FIRST_X=288;THIEVES_PLAYER_COLUMN_WIDTH=97;THIEVES_FIRST_CATEGORY_Y=27;THIEVES_CATEGORY_ROW_HEIGHT=26;THIEVES_FLAG_FRAME_BASE=14;THIEVES_RANK_ICON_WIDTH=18;THIEVES_RANK_ICON_HEIGHT=22;THIEVES_PLAYER_WIDTH=72;THIEVES_TIE_CENTERING_STEP=9;THIEVES_RANK_COUNT=4	retain	include/SOURCE/townManager.h:ThievesGuildLayoutConstant		Constant group (H1_ENUM_CONST), not a value domain: SetupThievesGuild's guild-count selector -1, a dead player's stat, rank/flag geometry and the four rank columns.
include/SOURCE/townManager.h:TownWellConstant	TOWN_WELL_FIRST_ICON_CONTROL=1;TOWN_WELL_FIRST_NAME_CONTROL=7;TOWN_WELL_FIRST_MONSTER_ICON_CONTROL=13;TOWN_WELL_FIRST_CREATURE_CONTROL=19;TOWN_WELL_FIRST_AVAILABLE_CONTROL=25;TOWN_WELL_FRAMES_PER_TYPE=7	retain	include/SOURCE/townManager.h:TownWellConstant		Constant group (H1_ENUM_CONST), not a value domain: well.bin control bases and the seven well frames per town type; the dwelling count/first slot use BuildingSlotType (BUILDING_SLOT_DWELLING_COUNT/FIRST).
include/SOURCE/townManager.h:TownMageConstant	TOWN_MAGE_FIRST_SPELL_CONTROL=1;TOWN_MAGE_FIRST_ICON_CONTROL=10;TOWN_MAGE_FIRST_NAME_CONTROL=19;TOWN_MAGE_FIRST_TOWER_CONTROL=28;TOWN_MAGE_DESCRIPTION_CONTROL=80;TOWN_MAGE_TOWER_FRAME_COUNT=8	retain	include/SOURCE/townManager.h:TownMageConstant		Constant group (H1_ENUM_CONST), not a value domain: mageguild.bin control bases, description and tower frames. The spell count uses town.h TOWN_MAGE_GUILD_SPELL_COUNT, the visible flag WIDGET_FLAG_DRAW.
include/SOURCE/townManager.h:TownSplitConstant	TOWN_SPLIT_PROMPT_CONTROL=1;TOWN_SPLIT_AMOUNT_CONTROL=68;TOWN_SPLIT_INCREASE_CONTROL=69;TOWN_SPLIT_DECREASE_CONTROL=70;TOWN_SPLIT_SETUP_AMOUNT_CONTROL=4;TOWN_SPLIT_WINDOW_X=177;TOWN_SPLIT_WINDOW_Y=20;TOWN_ARMY_VIEW_X=119;TOWN_ARMY_VIEW_Y=20	retain	include/SOURCE/townManager.h:TownSplitConstant		Constant group (H1_ENUM_CONST), not a value domain: splitwin.bin ids and position (swapManager and townManager split dialogs) and ViewArmy's position. The castle window parts moved to TownCastleControl/Frame/InfoText; the building ids, counts and flags to BuildingSlotType and WidgetFlag.
include/SOURCE/townManager.h:TownCastleControl	TOWN_CASTLE_FIRST_ICON_CONTROL=1;TOWN_CASTLE_FIRST_DWELLING_NAME_CONTROL=23;TOWN_CASTLE_FIRST_STATE_CONTROL=32;TOWN_CASTLE_FIRST_DWELLING_STATE_CONTROL=39;TOWN_CASTLE_HERO_CONTROL=48;TOWN_CASTLE_STATUS_CONTROL=50;TOWN_CASTLE_HERO_STATE_CONTROL=80;TOWN_CASTLE_STATUS_FIRST_CONTROL=500;TOWN_CASTLE_STATUS_TEXT_CONTROL=502;TOWN_CASTLE_SPECIAL_BUILDING_COUNT=5;TOWN_CASTLE_STATUS_X=10;TOWN_CASTLE_STATUS_Y=240;TOWN_CASTLE_STATUS_WIDTH=538;TOWN_CASTLE_STATUS_HEIGHT=16	retain	include/SOURCE/townManager.h:TownCastleControl		Constant group (H1_ENUM_CONST), not a value domain: castle.bin control bases SetupCastle fills, the five generic structures before the tent and the status rectangle.
include/SOURCE/townManager.h:TownCastleFrame	TOWN_CASTLE_FRAME_NONE=-1;TOWN_CASTLE_FRAME_BUILT=11;TOWN_CASTLE_FRAME_CANNOT_BUILD=12;TOWN_CASTLE_FRAME_CANNOT_AFFORD=13	canonical	include/SOURCE/townManager.h:TownCastleFrame		castle.bin state frame over a building icon (built, cannot build, cannot afford); NONE clears the state widget (SetupCastle).
include/SOURCE/townManager.h:TownCastleInfoText	TOWN_CASTLE_INFO_BUILD_MAGE_GUILD=0;TOWN_CASTLE_INFO_MAGE_GUILD_MAX_LEVEL=1;TOWN_CASTLE_INFO_CANNOT_AFFORD_MAGE_LEVEL=2;TOWN_CASTLE_INFO_ADD_MAGE_GUILD_LEVEL=3;TOWN_CASTLE_INFO_ALREADY_BUILT=4;TOWN_CASTLE_INFO_CANNOT_BUILD=5;TOWN_CASTLE_INFO_CANNOT_AFFORD=6;TOWN_CASTLE_INFO_BUILD=7;TOWN_CASTLE_INFO_CANNOT_AFFORD_HERO=8;TOWN_CASTLE_INFO_TOO_MANY_HEROES=9;TOWN_CASTLE_INFO_TOWN_OCCUPIED=10;TOWN_CASTLE_INFO_RECRUIT_HERO=11;TOWN_CASTLE_INFO_EXIT=12;TOWN_CASTLE_INFO_OPTIONS=13	canonical	include/SOURCE/townManager.h:TownCastleInfoText		cCastleInfo status-bar rows CastleHandler shows on hover (mage guild build/max/afford/add, built, cannot build/afford, build, hero cost/limit/occupied, recruit, exit, options).
include/SOURCE/townManager.h:TownTavernConstant	TOWN_TAVERN_WINDOW_X=162;TOWN_TAVERN_WINDOW_Y=10;TOWN_TAVERN_MUSIC=47;TOWN_THEME_MUSIC_BASE=29;TOWN_TAVERN_ANIMATION_DELAY=6;TOWN_TAVERN_UNUSED_FRAME=2;TOWN_TAVERN_ANIMATION_CONTROL=2;TOWN_TAVERN_ANIMATION_FRAME_COUNT=8;TOWN_TAVERN_FIRST_ANIMATION_FRAME=1	retain	include/SOURCE/townManager.h:TownTavernConstant		Constant group (H1_ENUM_CONST), not a value domain: tavern window position, tavern music 0x2f and the town music base 0x1d (+ townTheme[type]), the tavern animation. Its dialog-slot copies now use DialogButtonId DIALOG_BUTTON_0..2.
include/SOURCE/townManager.h:TownObjectConstant	TOWN_OBJECT_NONE=-1;TOWN_BUILDING_NONE=-1;TOWN_MAGE_GUILD_LEVEL_HEIGHT=20;TOWN_MAGE_GUILD_BASE_HEIGHT=97;TOWN_MAGE_GUILD_BOTTOM_Y=153;TOWN_MAGE_GUILD_LEVEL_FRAME_STRIDE=2	retain	include/SOURCE/townManager.h:TownObjectConstant		Constant group (H1_ENUM_CONST), not a value domain: gTownObjectType's empty entry / a border-less .tod (-1), m_selectedBuilding's none (-1), the mage guild border's height per level and two tower frames per level.
include/SOURCE/townManager.h:TownBuyBuildControl	BUY_BUILD_ICON_CONTROL=2;BUY_BUILD_NAME_CONTROL=3	canonical	include/SOURCE/townManager.h:TownBuyBuildControl		buybuil%d.bin controls BuyBuild sets: the building picture (2, frame by race block) and its name (3).
include/SOURCE/townManager.h:TownRecruitHeroConstant	RECRUIT_HERO_NONE=-1	retain	include/SOURCE/townManager.h:TownRecruitHeroConstant		Constant group (H1_ENUM_CONST), not a value domain: RecruitHero's m_recruitState with no tavern hero hired.
include/SOURCE/town.h:TownMageGuildConstant	MAGE_GUILD_STATE_LEVEL_1=0;MAGE_GUILD_STATE_LEVEL_2=1;MAGE_GUILD_STATE_LEVEL_3=2;MAGE_GUILD_STATE_LEVEL_4=3;MAGE_GUILD_LEVEL_1_LAST_SLOT=2;MAGE_GUILD_LEVEL_2_LAST_SLOT=4;MAGE_GUILD_LEVEL_3_LAST_SLOT=6;MAGE_GUILD_SPELL_FRAME_SHOWN=0;MAGE_GUILD_SPELL_FRAME_LOCKED=1	retain	include/SOURCE/town.h:TownMageGuildConstant		Constant group (H1_ENUM_CONST), not a value domain: town::m_buildState as the mage guild level - 1 (0..3), the slot boundaries of its 3/2/2/2 spells per level (SetupTown, SetupMage, MageGuildHandler) and SetupMage's shown/locked spell frame.
include/SOURCE/strip.h:StripConstant	STRIP_WINDOW_WIDTH=552;STRIP_WINDOW_HEIGHT=105;STRIP_PORTRAIT_X=5;STRIP_CONTENT_Y=6;STRIP_ARMY_FIRST_X=112;STRIP_ARMY_X_STEP=88;STRIP_ARMY_BORDER_WIDTH=82;STRIP_BORDER_HEIGHT=93;STRIP_PORTRAIT_BORDER_WIDTH=101;STRIP_MONSTER_X=119;STRIP_MONSTER_Y=19;STRIP_QUANTITY_Y=86;STRIP_QUANTITY_WIDTH=77;STRIP_QUANTITY_HEIGHT=13;STRIP_BACKGROUND_FRAME=0;STRIP_SELECTED_FRAME=1;STRIP_EMPTY_FRAME=2;STRIP_FACTION_FRAME_OFFSET=3;STRIP_CREATURES_PER_FACTION=6;STRIP_SLOT_NONE=-1	retain	include/SOURCE/strip.h:StripConstant		Constant group (H1_ENUM_CONST) after Buka strip.h StripConstant (same values): strip window/border geometry and strip.icn frames used by strip's constructor and DrawIcons.
src/SOURCE/GAME.cpp:RemoteSaveConstant	REMOTE_SAVE_SEGMENT_SIZE=200;REMOTE_SAVE_BATCH_SIZE=100;REMOTE_SAVE_HEADER_SIZE=8;REMOTE_SAVE_ACK_MAP_SIZE=200;REMOTE_SAVE_INDEX_SIZE=2;REMOTE_SAVE_RECEIVE_TIMEOUT=20000;REMOTE_SAVE_BUFFER_EXTRA=500;REMOTE_SAVE_DECODE_BUFFER_SIZE=78000;REMOTE_SAVE_TRANSFER_SOUNDS=8	retain	src/SOURCE/GAME.cpp:RemoteSaveConstant		Constant group (H1_ENUM_CONST), not a value domain: REMOTE.GAM transfer sizes (200-byte segments, 100-segment blocks, 8-byte header, 2-byte index, ack map), receive timeout, buffers and the looping-sound trim. The transfer's commands are RemoteCommand REMOTE_COMMAND_SAVE_* and BOX_REMOTE_SAVE (Buka RemoteSaveConstant numbering).
include/SOURCE/game.h:SpellBookConstant	SPELL_BOOK_PAGE_SIZE=4	retain	include/SOURCE/game.h:SpellBookConstant		Constant group (H1_ENUM_CONST), not a value domain: four spells per spell-book page (UpdateSpellWidgets, ViewSpellsHandler paging).
include/SOURCE/fileRequester.h:FileRequesterMode	FILE_REQUESTER_LOAD=0;FILE_REQUESTER_SAVE=1	canonical	include/SOURCE/fileRequester.h:FileRequesterMode		fileRequester::m_mode / the constructor's mode: load (game::GetMap, SETUP's PickLoadGame) or save (advManager's save dialog); Update shows File to Load/File to Save and GetFilename appends the default extension only when saving. HoMM1 numbering (Buka splits map/game loads 1..4).
include/SOURCE/fileRequester.h:FileRequesterSelectionConstant	FILE_REQUESTER_SELECTION_NONE=-1;FILE_REQUESTER_MAP_INFO_NONE=-2;FILE_REQUESTER_EXTENSION_PLAYER_DIGIT=3;FILE_REQUESTER_DEBUG_ALLOW_PLAYER_MISMATCH=2	retain	include/SOURCE/fileRequester.h:FileRequesterSelectionConstant		Constant group (H1_ENUM_CONST), not a value domain: m_selectedIndex's no-row -1, m_result's start -2 (forces the first map-info draw), the extension's player-count digit index and the debug level that permits a player-count mismatch (Buka FileRequesterFileSelectionConstant).
include/SOURCE/fileRequester.h:MapHeaderConstant	MAP_HEADER_ID=1000;MAP_EXTRA_VERSION=1112	retain	include/SOURCE/fileRequester.h:MapHeaderConstant		Constant group (H1_ENUM_CONST), not a value domain: SMapHeader id 1000 of a valid map (fileRequester's map list, game::LoadMap) and the map version 1112 from which LoadMap reads map-extra records.
src/SOURCE/SWAPMGR.cpp:SwapManagerConstant	SWAP_SLOT_NONE=-1;SWAP_ARTIFACTS_PER_COLUMN=7	retain	src/SOURCE/SWAPMGR.cpp:SwapManagerConstant		Constant group (H1_ENUM_CONST), not a value domain: swapManager's no-slot selection and DrawSelector's seven artifacts per column.
include/SOURCE/game.h:GameRandomHeroConstant	RANDOM_HERO_NORMAL_ARMY=0;RANDOM_HERO_STRONG_ARMY=1;RANDOM_HERO_EXPERIENCE_BASE=40;RANDOM_HERO_FIRST_STACK_CHANCE=50;RANDOM_HERO_FIRST_STACK_BONUS_CHANCE=30;RANDOM_HERO_SECOND_STACK_CHANCE=25;RANDOM_HERO_SECOND_STACK_BONUS_CHANCE=40;RANDOM_HERO_ARMY_SELECTION_COUNT=2;RANDOM_HERO_ARMY_OPTION_COUNT=3;RANDOM_HERO_ARMY_FIELD_COUNT=3;RANDOM_HERO_ARMY_FIELD_CREATURE=0;RANDOM_HERO_ARMY_FIELD_MIN=1;RANDOM_HERO_ARMY_FIELD_MAX=2;RANDOM_HERO_COUNT_SCALE=10;RANDOM_HERO_COUNT_ROUNDING=9;RANDOM_HERO_EMPTY_COUNT=-1	retain	include/SOURCE/game.h:GameRandomHeroConstant		Constant group (H1_ENUM_CONST), not a value domain: Buka GameRandomHeroConstant in HoMM1 values: SetRandomHeroArmies' normal/strong army selector (HERO.cpp 0, PHILAI 1), RandomizeHeroPool's experience base, the second/third stack chances and strong-army bonuses, the armyTable extents and tenths count scaling, and the empty slot count -1. ARMY_FIELD_CREATURE/MIN/MAX index armyTable's (creature, min, max) triples.
include/SOURCE/wingraph.h:WingraphGraphicsType	WINGRAPH_GRAPHICS_WING=1;WINGRAPH_GRAPHICS_DIRECT_DRAW=2	canonical	include/SOURCE/wingraph.h:WingraphGraphicsType		giGraphicsType / SetGraphicsType: the WinG window backend (1) or DirectDraw full screen (2) (Buka WingraphGraphicsType, same numbering); InitGraphics picks by gConfig full-screen and every dispatcher tests it. kbwin's palette-cycle delay applies to WinG (the old KBWIN_GRAPHICS_DIRECT_DRAW name was wrong).
include/SOURCE/game.h:GameLuckConstant	GAME_LUCK_MIN=-3;GAME_LUCK_MAX=3	retain	include/SOURCE/game.h:GameLuckConstant		Constant group (H1_ENUM_CONST), not a value domain: game::GetLuck's -3..3 clamp.
include/SOURCE/game.h:MineFootprintConstant	MINE_FOOTPRINT_WIDTH=2;MINE_FOOTPRINT_HEIGHT=2	retain	include/SOURCE/game.h:MineFootprintConstant		Constant group (H1_ENUM_CONST), not a value domain: the 2x2 mine object footprint (RandomizeEvents' metadata fill, RandomizeMine's secondary triggers).
include/SOURCE/gameTypes.h:GamePlayerConstant	GAME_PLAYER_NONE=-1;GAME_HERO_NONE=-1;GAME_TOWN_NONE=-1;GAME_MINE_NONE=-1;GAME_TABLE_FREE=-1;GAME_RANDOM_SCAN_TRIES=10000;GAME_PLAYER_HIGH_BIT_SHIFT=4;GAME_ARTIFACT_ON_MAP=36	retain	include/SOURCE/gameTypes.h:GamePlayerConstant		Constant group (H1_ENUM_CONST), not a value domain: the -1 none sentinels of player indices (owners, combatManager::m_playerId; Buka TOWN_OWNER_NONE/HERO_OWNER_NONE) and hero/town ids (Buka TOWN_ID_NONE), game::Scan/RandomScan's free entry and 10000-roll limit, and the upper-nibble player bit shift 4 (giCurPlayerHighBit). GAME_ARTIFACT_ON_MAP (36) is m_randomArtifacts' holder id for a random artifact placed on the map (past the hero ids).
include/SOURCE/town.h:TownType	TOWN_TYPE_NONE=-1;TOWN_TYPE_KNIGHT=0;TOWN_TYPE_SORCERESS=1;TOWN_TYPE_BARBARIAN=2;TOWN_TYPE_WARLOCK=3;TOWN_TYPE_COUNT=4	canonical	include/SOURCE/town.h:TownType		town::m_type faction: retail gDwellingType rows (0..5, 12..17, 6..11, 18..23) and GiveTroopsToNeutralTowns' type+tier recruits fix knight 0, sorceress 1, barbarian 2, warlock 3 (hero classes order Barbarian before Sorceress; towns do not). TOWN_TYPE_NONE (-1) is gRandomTownTypes' unpicked entry (ProcessRandomObjects/RandomizeTown).
include/SOURCE/fileRequester.h:FileRequesterScrollGeometry	FILE_REQUESTER_ROW_TEXT_WIDTH=207;FILE_REQUESTER_PLAYER_SUFFIX_GAP=6;FILE_REQUESTER_GUTTER_TOP=56;FILE_REQUESTER_GUTTER_BOTTOM=212;FILE_REQUESTER_SCROLL_KNOB_HALF_HEIGHT=9;FILE_REQUESTER_GUTTER_SCALE=100;FILE_REQUESTER_GUTTER_STEPS=15700	retain	include/SOURCE/fileRequester.h:FileRequesterScrollGeometry		Constant group (H1_ENUM_CONST), not a value domain: request.bin row text width, the scroll gutter 56..212 and knob centre/half-height, and Main's click-to-page arithmetic (Buka FileRequesterScrollGeometry).
include/SOURCE/gameTypes.h:GameStorageConstant	GAME_PLAYER_COUNT=4;GAME_MIN_PLAYER_COUNT=2;GAME_TOWN_COUNT=36;GAME_HERO_COUNT=36;GAME_MINE_COUNT=36;GAME_BOAT_COUNT=32	canonical	include/SOURCE/gameTypes.h:GameStorageConstant		game object table extents (players, towns, heroes, mines, boats), moved from game.h so playerData.h can size m_townIds with GAME_TOWN_COUNT (Buka playerData.h:69; the former PLAYER_TOWN_CAPACITY). AIPlayerConstant's player count folded into GAME_PLAYER_COUNT.
src/SOURCE/GAME.cpp:ViewArmyConstant	VIEW_ARMY_ANIMATION_FRAMES=6;VIEW_ARMY_FRAME_DELAY=90;VIEW_ARMY_STAT_TEXT_SIZE=550;VIEW_ARMY_TIMER_SLOT=0	retain	src/SOURCE/GAME.cpp:ViewArmyConstant		Constant group (H1_ENUM_CONST): armywin animation frame count and tick delay, and ViewArmy's stat text buffer size. VIEW_ARMY_TIMER_SLOT is the glTimers slot ViewArmy/ViewArmyHandler animate on (per-owner slot names, like COMBAT_FRAME_TIMER_SLOT).
include/SOURCE/game.h:MapTownRecordConstant	MAP_TOWN_TYPE_MASK=127;MAP_TOWN_OWNER_UNSET=-2;MAP_TOWN_EXTRA_BUILDING_MASK=8095;MAP_HERO_EXTRA_ARTIFACT_COUNT=4	retain	include/SOURCE/game.h:MapTownRecordConstant		Constant group (H1_ENUM_CONST), not a value domain: LoadMap's town type byte mask 0x7f (sign bit = castle), mapTownExtra's open owner -2, SetupTowns' copied-building mask 0x1f9f (all slots but tent and castle) and mapHeroExtra's four starting artifacts (ProcessOnMapHeroes).
src/SOURCE/KB.cpp:NetBoxControl	NET_BOX_LINE_PREVIOUS=1;NET_BOX_LINE_LATEST=2;NET_BOX_INPUT=3	retain	src/SOURCE/KB.cpp:NetBoxControl		netbox.bin text widget ids PopNetBox sets: the two chat lines cNetBoxLine[0]/[1] (AddNetBoxLine scrolls them) and the input line it redraws with the blinking cursor.
src/SOURCE/KB.cpp:CongratsControl	CONGRATS_TITLE=100;CONGRATS_SCORE_LABEL_FIRST=101;CONGRATS_DAYS=106;CONGRATS_BASE_SCORE=107;CONGRATS_DIFFICULTY=108;CONGRATS_FINAL_SCORE=109;CONGRATS_RATING=110	retain	src/SOURCE/KB.cpp:CongratsControl		congspre.bin/congrats.bin text widget ids ShowCongrats fills: title or campaign win text (100), gScoreLabels captions 101..105, then days, base score, difficulty %, final score and the GetMonType creature rating (106..110).
src/SOURCE/KB.cpp:CongratsConstant	CONGRATS_SCORE_LABEL_COUNT=5	retain	src/SOURCE/KB.cpp:CongratsConstant		Constant group (H1_ENUM_CONST), not a value domain: gScoreLabels' row count, which ShowCongrats' caption loop walks.
src/SOURCE/KB.cpp:DataEntryControl	DATA_ENTRY_PROMPT=1;DATA_ENTRY_TEXT=10	retain	src/SOURCE/KB.cpp:DataEntryControl		dataentr.bin widget ids: GetDataEntry sets the prompt (1) and the edit field (10); DataEntryWindowHandler reads, writes back and redraws field 10.
src/SOURCE/ADVMGR.cpp:ControlPanelFrame	CPANEL_FRAME_MUSIC_OFF=10;CPANEL_FRAME_MUSIC_ON=11;CPANEL_FRAME_SOUND_OFF=12;CPANEL_FRAME_SOUND_ON=13;CPANEL_FRAME_WALK_SPEED_FIRST=14;CPANEL_FRAME_SHOW_ROUTE_FIRST=21;CPANEL_FRAME_ENEMY_MOVES_FIRST=23;CPANEL_FRAME_MUSIC_SOURCE_FIRST=27	retain	src/SOURCE/ADVMGR.cpp:ControlPanelFrame		Constant group (H1_ENUM_CONST), not a value domain: cpanel.bin button frames UpdateCPanel sets: music off/on 10/11, sound off/on 12/13, and the _FIRST frames to which walkSpeed (14..18), showRoute (21/22), enemy-moves visibility (23/24) and musicSource (27..29) are added.
src/SOURCE/ADVMGR.cpp:AdventureLocatorWidget	HERO_LOCATOR_WIDGET_BASE=100;HERO_LOCATOR_WIDGET_STRIDE=7;HERO_LOCATOR_MOBILITY=1;HERO_LOCATOR_PORTRAIT=2;HERO_LOCATOR_BUTTON=5;HERO_LOCATOR_HIGHLIGHT=6;TOWN_LOCATOR_HIGHLIGHT_FIRST=32;LOCATOR_HIGHLIGHT_COLOR=197	retain	src/SOURCE/ADVMGR.cpp:AdventureLocatorWidget		Constant group (H1_ENUM_CONST), not a value domain: adv_wind.bin hero-locator widget layout UpdateHeroLocator addresses as 100 + slot * 7 + part (mobility 1, portrait 2, button 5 = ADVENTURE_CONTROL_HERO_LOCATOR_n, highlight 6), the town column's highlight widgets from 32, and the 0xc5 highlight palette colour.
src/SOURCE/ADVMGR.cpp:AdventureLocatorFrame	LOCATOR_FRAME_EMPTY_TOWN_FIRST=4;LOCATOR_FRAME_HERO=8;LOCATOR_FRAME_TOWN_FIRST=12;LOCATOR_FRAME_CASTLE_OFFSET=4	retain	src/SOURCE/ADVMGR.cpp:AdventureLocatorFrame		Constant group (H1_ENUM_CONST), not a value domain: locator frames UpdateHeroLocator/UpdateTownLocators set: empty town slots from 4 (empty hero slots are frames 0..3 by slot), the hero frame 8, town frames from 12 by town type, +4 once the town has a castle.
src/SOURCE/ADVMGR.cpp:AdventureRouteCell	ROUTE_CELL_FRAME_MASK=31;ROUTE_CELL_FLIPPED=32;ROUTE_CELL_DESTINATION=14;ROUTE_CELL_REACHABLE_OFFSET=14	retain	src/SOURCE/ADVMGR.cpp:AdventureRouteCell		Constant group (H1_ENUM_CONST), not a value domain: m_visibilityMap's route encoding: ShowRoute stores 1-based route.icn frames (gRouteFrame, or 14 for the destination) and adds 14 for steps within today's mobility; DrawCell masks 0x1f for the frame and mirrors on 0x20.
include/SOURCE/advManager.h:AdventureSpellConstant	SPELL_TRAVEL_MOBILITY_COST=12	retain	include/SOURCE/advManager.h:AdventureSpellConstant		Constant group (H1_ENUM_CONST), not a value domain: travel spell mobility cost. Moved to advManager.h: philAI::DoDimensionDoor charges the same 12 points for the AI's jump.
include/SOURCE/philAI.h:AIPurchaseType	PURCHASE_NONE=-1;PURCHASE_FIRST=0;PURCHASE_BUILDING=0;PURCHASE_HERO=1;PURCHASE_CREATURE=2	retain	include/SOURCE/philAI.h:AIPurchaseType		BHC::type, Buka 2.1 PHILAI.h AIPurchaseType with the same numbering: GetBestBuilding/GetBestHero/GetBestCreature set 0/1/2, DoAI dispatches BuildBuilding/BuildHero/BuildCreature on it, CanBuyBHC checks each, GetBestBHC resets it to -1 when nothing is worth buying.
include/H1/KB.h:BuildingSlotType	BUILDING_SLOT_MAGE_GUILD=0;BUILDING_SLOT_THIEVES_GUILD=1;BUILDING_SLOT_TAVERN=2;BUILDING_SLOT_SHIPYARD=3;BUILDING_SLOT_WELL=4;BUILDING_SLOT_GENERIC_LAST=4;BUILDING_SLOT_RACE_FIRST=5;BUILDING_SLOT_TENT=5;BUILDING_SLOT_CASTLE=6;BUILDING_SLOT_STRUCTURE_LAST=6;BUILDING_SLOT_DWELLING_FIRST=7;BUILDING_SLOT_DWELLING_1=7;BUILDING_SLOT_DWELLING_2=8;BUILDING_SLOT_DWELLING_3=9;BUILDING_SLOT_DWELLING_4=10;BUILDING_SLOT_DWELLING_5=11;BUILDING_SLOT_DWELLING_6=12;BUILDING_SLOT_DWELLING_LAST=12;BUILDING_SLOT_REQUIREMENT_END=12;BUILDING_SLOT_DWELLING_COUNT=6;BUILDING_SLOT_COUNT=13;BUILDING_SLOT_SPECIAL=13	retain	include/H1/KB.h:BuildingSlotType		town building slots (mage guild..dwelling) indexing town building state in KB/GAME/PHILAI; MapDirection and ResourceType share 0..7 but select directions and resources. Dwellings 1..6 occupy slots 7..12 (Buka TownBuilding DWELLING_1..6); philAI::ValueOfTown walks all 13 slots. RACE_FIRST (5): TOWNMGR uses per-race build frames from the tent on; STRUCTURE_LAST (6): non-dwelling structures (building <= 6); DWELLING_COUNT (6): dwellings per town in gDwellingNames rows. SPECIAL (13): the bit LoadMap/NewMap/RandomizeTown set for barbarian towns, Buka's race special building bit 0x2000. REQUIREMENT_END (12): BuyBuild's prerequisite-bit loop bound.
src/SOURCE/ADVMGR.cpp:BottomViewPanelConstant	BOTTOM_VIEW_DRAW_FIRST_WIDGET=2000;BOTTOM_VIEW_DRAW_LAST_WIDGET=2200;BOTTOM_VIEW_PANEL_X=480;BOTTOM_VIEW_PANEL_Y=392;BOTTOM_VIEW_PANEL_WIDTH=143;BOTTOM_VIEW_PANEL_HEIGHT=71;BOTTOM_VIEW_BACKGROUND_WIDTH=159;BOTTOM_VIEW_BACKGROUND_ID=2000;BOTTOM_VIEW_FOREGROUND_ID=2001;BOTTOM_VIEW_TEXT_ID=2100;BOTTOM_VIEW_TEXT_ID_2=2101;BOTTOM_VIEW_TEXT_BUFFER_SIZE=30;BOTTOM_VIEW_COUNT_BUFFER_SIZE=8	retain	src/SOURCE/ADVMGR.cpp:BottomViewPanelConstant		Constant group (H1_ENUM_CONST), not a value domain: bottom view widget id range and panel rectangle.
src/SOURCE/ADVMGR.cpp:AdventureEnemyTurnViewConstant	ENEMY_TURN_HOURGLASS_X=493;ENEMY_TURN_HOURGLASS_Y=403;ENEMY_TURN_HOURGLASS_WIDTH=118;ENEMY_TURN_HOURGLASS_HEIGHT=51;ENEMY_TURN_CREST_X=495;ENEMY_TURN_ANIMATION_X=559;ENEMY_TURN_ANIMATION_Y=405;ENEMY_TURN_ANIMATION_WIDTH=50;ENEMY_TURN_ANIMATION_HEIGHT=47;ENEMY_TURN_CREST_ID=2002;ENEMY_TURN_SAND_ID=2003;ENEMY_TURN_PHASE_ID=2004;ENEMY_TURN_BACKGROUND_Z=1000;ENEMY_TURN_HOURGLASS_Z=1010;ENEMY_TURN_SAND_Z=1020;ENEMY_TURN_CREST_Z=1030;ENEMY_TURN_PHASE_Z=1040;ENEMY_TURN_SAND_FRAME_OFFSET=11;ENEMY_TURN_SAND_FRAME_LIMIT=20;ENEMY_TURN_SAND_RESTART_FRAME=16;ENEMY_TURN_PHASE_FRAME_OFFSET=1;ENEMY_TURN_CREST_SLOT=0;ENEMY_TURN_SAND_SLOT=1;ENEMY_TURN_PHASE_SLOT=2;ENEMY_TURN_ANIMATION_DELAY=300;ENEMY_TURN_PHASE_DELAY=700	retain	src/SOURCE/ADVMGR.cpp:AdventureEnemyTurnViewConstant		Constant group (H1_ENUM_CONST), not a value domain: UpdBottomViewEnemyTurn's hourglass, sand and crest icons (positions, sizes, ids 2002..2004, z-orders 1000..1040, sand frames 16..19 + 11, phase frame + 1, delays 300/700 ms); Buka 2.1 AdventureEnemyTurnViewConstant, same names and values.
src/SOURCE/ADVMGR.cpp:AdventureNewTurnViewConstant	NEW_TURN_DATE_TEXT_X=479;NEW_TURN_WEEK_TEXT_Y=421;NEW_TURN_DAY_TEXT_Y=438;NEW_TURN_DATE_TEXT_WIDTH=145;NEW_TURN_WEEK_TEXT_HEIGHT=12;NEW_TURN_DAY_TEXT_HEIGHT=25	retain	src/SOURCE/ADVMGR.cpp:AdventureNewTurnViewConstant		Constant group (H1_ENUM_CONST), not a value domain: UpdBottomViewNewTurn's month/week and day text boxes (Buka AdventureNewTurnViewConstant names; HoMM1's week line sits at 421, Buka's at 424).
src/SOURCE/ADVMGR.cpp:AdventureResourceViewConstant	RESOURCE_VIEW_TEXT_BASE_Y=395;RESOURCE_VIEW_MULTILINE_HEIGHT=32;RESOURCE_VIEW_LINE_HEIGHT=6;RESOURCE_VIEW_TEXT_HEIGHT=36;RESOURCE_VIEW_GOLD_WIDTH=76;RESOURCE_VIEW_GOLD_HEIGHT=26;RESOURCE_VIEW_ICON_WIDTH=38;RESOURCE_VIEW_ICON_HEIGHT=32;RESOURCE_VIEW_ICON_BOTTOM=463;RESOURCE_VIEW_ICON_BOTTOM_PADDING=14;RESOURCE_VIEW_COUNT_X=511;RESOURCE_VIEW_COUNT_Y=450;RESOURCE_VIEW_COUNT_WIDTH=80;RESOURCE_VIEW_COUNT_HEIGHT=12	retain	src/SOURCE/ADVMGR.cpp:AdventureResourceViewConstant		Constant group (H1_ENUM_CONST), not a value domain: UpdBottomViewResMsg's message box and resource icon/count layout (Buka AdventureResourceViewConstant names; HoMM1 text base 395 and count y 450 differ from Buka's 398/453).
src/SOURCE/ADVMGR.cpp:AdventureKingdomViewConstant	KINGDOM_VIEW_ENTRY_COUNT=9;KINGDOM_VIEW_CASTLE_ENTRY=7;KINGDOM_VIEW_TOWN_ENTRY=8;KINGDOM_VIEW_ICON_X=481;KINGDOM_VIEW_ICON_Y=393;KINGDOM_VIEW_TEXT_X_BASE=464;KINGDOM_VIEW_TEXT_Y_BASE=392;KINGDOM_VIEW_TEXT_WIDTH=32;KINGDOM_VIEW_TEXT_HEIGHT=12;KINGDOM_VIEW_RESOURCE_TEXT_Y=59;KINGDOM_VIEW_TOWN_TEXT_Y=28;KINGDOM_VIEW_WOOD_TEXT_X=15;KINGDOM_VIEW_MERCURY_TEXT_X=38;KINGDOM_VIEW_ORE_TEXT_X=61;KINGDOM_VIEW_SULFUR_TEXT_X=85;KINGDOM_VIEW_CRYSTAL_TEXT_X=109;KINGDOM_VIEW_GEMS_TEXT_X=132;KINGDOM_VIEW_GOLD_TEXT_X=123;KINGDOM_VIEW_CASTLE_TEXT_X=27;KINGDOM_VIEW_VILLAGE_TEXT_X=80	retain	src/SOURCE/ADVMGR.cpp:AdventureKingdomViewConstant		Constant group (H1_ENUM_CONST), not a value domain: UpdBottomViewKingdom's nine counters: entry count, the castle/village entries after the seven ResourceType rows, the ressmall icon and per-entry text positions (Buka AdventureKingdomViewConstant names; HoMM1's text y base is 392).
src/SOURCE/ADVMGR.cpp:AdventureBottomHeroViewConstant	BOTTOM_HERO_LABEL_BYTES=6;BOTTOM_HERO_ICON_WIDTH=32;BOTTOM_HERO_ICON_HEIGHT=28;BOTTOM_HERO_LABEL_HEIGHT=12;BOTTOM_HERO_CHARACTER_WIDTH=5;BOTTOM_HERO_FIRST_ICON_ID=2002;BOTTOM_HERO_FIRST_TEXT_ID=2101	retain	src/SOURCE/ADVMGR.cpp:AdventureBottomHeroViewConstant		Constant group (H1_ENUM_CONST), not a value domain: UpdBottomViewHero's army icon size, label buffer/height/char width and the 2002/2101 widget id bases (Buka AdventureBottomHeroViewConstant names, same values).
src/SOURCE/ADVMGR.cpp:AdventureEnvironmentSoundConstant	ENVIRONMENT_SOUND_DEFAULT_VOLUME=127;ENVIRONMENT_SOUND_MAX_DISTANCE=5;ENVIRONMENT_SOUND_FIRST_LAYER=1;ENVIRONMENT_SOUND_LAYER_COUNT=2;ENVIRONMENT_SOUND_CHANNEL_TYPE=3;ENVIRONMENT_SOUND_EDGE_SPAN=2	retain	src/SOURCE/ADVMGR.cpp:AdventureEnvironmentSoundConstant		Constant group (H1_ENUM_CONST), not a value domain: SetEnvironmentOrigin/InsertSound's loop-sound bookkeeping (Buka 2.1 AdventureEnvironmentSoundConstant names, same values): far volume index 127, distance limit 5, layers 1..2 (InsertSound only refreshes on layer 1), ring edge span 2, channel type 3.
src/SOURCE/ADVMGR.cpp:AdventureComboDrawConstant	COMBO_CLEAR_BYTES=256;COMBO_CLOUD_MARK=10;COMBO_FRAME_LIMIT=12;COMBO_UPDATE_MIN=16;COMBO_UPDATE_MAX=463;COMBO_FAR_NEIGHBOR_OFFSET=2	retain	src/SOURCE/ADVMGR.cpp:AdventureComboDrawConstant		Constant group (H1_ENUM_CONST), not a value domain: ComboDraw's dirty grid (Buka 2.1 AdventureComboDrawConstant names, same values): clear size 256, cloud mark 10 (cells under clouds are redrawn only when marked), frame limit 12, update box 16..463, cursor far neighbour +2.
src/SOURCE/ADVMGR.cpp:AdventureCheatConstant	CHEAT_SEQUENCE_RADIX=10;CHEAT_SEQUENCE_MODULUS=1000000;CHEAT_REVEAL_MAP=101495;CHEAT_RESOURCE_AMOUNT=10;CHEAT_GOLD_AMOUNT=1000;CHEAT_EXPERIENCE_AMOUNT=800;CHEAT_SPELL_CHARGES=5;CHEAT_MOBILITY=2999;CHEAT_REVEAL_CENTER=30;CHEAT_REVEAL_RADIUS=100	retain	src/SOURCE/ADVMGR.cpp:AdventureCheatConstant		Constant group (H1_ENUM_CONST), not a value domain: advManager::Main's debug keys and digit cheat (Buka 2.1 AdventureCheatConstant names, HoMM1 values): radix 10 modulo 1000000 sequence, 101495 reveals the map, resource +10/gold +1000, 800 experience, 5 spell charges, 2999 mobility, reveal centre 30 radius 100.
src/SOURCE/ADVMGR.cpp:AdventureDrawConstant	CELL_PIXELS=32;CELL_LAST_PIXEL=31;STONE_TILE_NONE=-1;STONE_TILE_TOP_LEFT=16;STONE_TILE_TOP_RIGHT=17;STONE_TILE_BOTTOM_RIGHT=18;STONE_TILE_BOTTOM_LEFT=19;STONE_TILE_TOP_BASE=20;STONE_TILE_RIGHT_BASE=24;STONE_TILE_BOTTOM_BASE=28;STONE_TILE_LEFT_BASE=32;STONE_PATTERN_COORDINATE_SHIFT=16;CLOUD_VARIANTS=4;CLOUD_VARIANT_MASK=3;CLOUD_FLIPPED_FRAME_BASE=100;CLOUD_X_ALTERNATE_FRAME_1=1;CLOUD_Y_ALTERNATE_FRAME=3;CLOUD_X_ALTERNATE_FRAME_2=5;ROUTE_DRAW_Y_OFFSET=2;MONSTER_FRAME_STRIDE=7;MONSTER_FACING_FRAME_BASE=6;MONSTER_DRAW_Y_OFFSET=5;HERO_BOAT_Y_OFFSET=-10;HERO_FRAME_MIRROR_FLAG=128;HERO_FRAME_INDEX_MASK=127	retain	src/SOURCE/ADVMGR.cpp:AdventureDrawConstant		Constant group (H1_ENUM_CONST), not a value domain: DrawCell's layout under Buka 2.1 AdventureDrawConstant names with HoMM1 values: 32-pixel cells, stone border tiles 16..19 (corners) and runs from 20/24/28/32 with the 16 pattern shift, four cloud variants, cloud frame 100 = flipped and alternates 1/3/5, route arrow y +2, minimon frames 7 per creature with the facing frame 6 drawn 5 px up, boat y -10, hero frame mirror bit 0x80 over index 0x7f (GetCursorBaseFrame's boat frames carry it).
src/SOURCE/ADVMGR.cpp:AdventureQuickViewPlacementConstant	QUICK_VIEW_MIN_X=16;QUICK_VIEW_MIN_Y=16;QUICK_VIEW_RIGHT=464;QUICK_VIEW_BOTTOM=464;HERO_QUICK_VIEW_X_OFFSET=73;HERO_QUICK_VIEW_Y_OFFSET=65;HERO_QUICK_VIEW_WIDTH=178;HERO_QUICK_VIEW_HEIGHT=162;HERO_QUICK_VIEW_RIGHT_X=286;HERO_QUICK_VIEW_BOTTOM_Y=302;TOWN_QUICK_VIEW_X_OFFSET=89;TOWN_QUICK_VIEW_Y_OFFSET=70;TOWN_QUICK_VIEW_WIDTH=210;TOWN_QUICK_VIEW_HEIGHT=172;TOWN_QUICK_VIEW_RIGHT_X=254;TOWN_QUICK_VIEW_BOTTOM_Y=292;QUICK_INFO_X_OFFSET=57;QUICK_INFO_Y_OFFSET=25;QUICK_INFO_WIDTH=146;QUICK_INFO_HEIGHT=82;QUICK_INFO_RIGHT_X=318;QUICK_INFO_BOTTOM_Y=382	retain	src/SOURCE/ADVMGR.cpp:AdventureQuickViewPlacementConstant		Constant group (H1_ENUM_CONST), not a value domain: ProcessSelect's hero/town quick views and QuickInfo's window placement: offset from the clicked cell, clamped to the viewport's inner box 16..464 (right/bottom limit = edge - size). Buka 2.1 AdventureQuickViewPlacementConstant/AdventureQuickInfoObject names; HoMM1 window sizes and min x differ from Buka's.
src/SOURCE/ADVMGR.cpp:QuickViewWidget	QUICK_VIEW_NAME=1;QUICK_VIEW_PORTRAIT=2;QUICK_VIEW_STAT_FIRST=3;QUICK_VIEW_FLAG=8;QUICK_VIEW_AT_LOCATOR=-1;QUICK_VIEW_NO_LOCATOR=-1	retain	src/SOURCE/ADVMGR.cpp:QuickViewWidget		Constant group (H1_ENUM_CONST), not a value domain: qhero0/qhero1/qtown1.bin widget ids HeroQuickView/TownQuickView fill (name 1, portrait 2, primary stats from 3, flag pair 8/9; the retail frames keep portraitId/statWidget/flagId locals with 2/3/8) and the -1 window x that places the view at its locator.
src/SOURCE/ADVMGR.cpp:AdventureArmyQuickViewConstant	ARMY_QUICK_ICON_SIZE=32;ARMY_QUICK_ICON_BASELINE=30;ARMY_QUICK_AREA_LEFT=9;ARMY_QUICK_LABEL_HEIGHT=12;ARMY_QUICK_FIRST_ROW_SHIFT=22;ARMY_QUICK_SECOND_ROW_SHIFT=44;ARMY_QUICK_FIRST_ROW_COUNT=2;ARMY_QUICK_FIVE_STACK_X_SHIFT=12;ARMY_QUICK_TEXT_WIDTH=60;ARMY_QUICK_TEXT_X_ADJUSTMENT=14;ARMY_QUICK_SIZE_LABEL_CAPACITY=15;HERO_QUICK_ARMY_AREA_WIDTH=160;HERO_QUICK_DETAILED_CREATURE_Y=110;HERO_QUICK_DETAILED_LABEL_Y=140;HERO_QUICK_VAGUE_FIRST_ROW_Y=65;HERO_QUICK_DEFAULT_WINDOW_X=302;HERO_QUICK_LOCATOR_ROW_HEIGHT=30;HERO_QUICK_LOCATOR_BASE_Y=111;HERO_QUICK_ARMY_LABEL_CAPACITY=5;QUICK_VIEW_FLAG_COLOR_STRIDE=2;TOWN_QUICK_ARMY_AREA_WIDTH=192;TOWN_QUICK_FIRST_ROW_Y=75;TOWN_QUICK_DEFAULT_WINDOW_X=342;TOWN_QUICK_DEFAULT_WINDOW_Y=176;TOWN_QUICK_TYPE_FRAME_BASE=12;TOWN_QUICK_CASTLE_FRAME_OFFSET=4;TOWN_QUICK_EMPTY_LABEL_CAPACITY=20;TOWN_QUICK_EMPTY_LABEL_X=0;TOWN_QUICK_EMPTY_LABEL_Y=100;TOWN_QUICK_EMPTY_LABEL_WIDTH=210	retain	src/SOURCE/ADVMGR.cpp:AdventureArmyQuickViewConstant		Constant group (H1_ENUM_CONST), not a value domain: HeroQuickView/TownQuickView army-row layout, label buffers, flag frame stride and default window positions under Buka 2.1 AdventureArmyQuickViewConstant/AdventureHeroQuickViewConstant/AdventureTownQuickViewConstant names with HoMM1 values; the retail armyW/leftEdge/creatureY/width locals hold 160|192/9/110/32.
src/SOURCE/ADVMGR.cpp:AdventureUpdateScreenConstant	UPDATE_NONE=-1;UPDATE_VIEWPORT_ORIGIN=16;UPDATE_VIEWPORT_SIZE=448;UPDATE_ANIMATION_PHASES=6;UPDATE_FRAME_CYCLE=6	retain	src/SOURCE/ADVMGR.cpp:AdventureUpdateScreenConstant		Constant group (H1_ENUM_CONST), not a value domain: UpdateScreen/CompleteDraw/ComboDraw's dirty box (-1 = whole viewport at 16,16 size 448, also the viewport rectangle of the fizzle/save/fill calls) and animation clock (6 frame steps, 6 phases per column); Buka 2.1 AdventureUpdateScreenConstant names, HoMM1 frame cycle 6.
src/SOURCE/ADVMGR.cpp:AdventureAnimationPhaseIndex	ANIMATION_PHASE_COLUMN_0=0;ANIMATION_PHASE_COLUMN_1=1;ANIMATION_PHASE_COLUMN_2=2;ANIMATION_PHASE_COLUMN_3=3;ANIMATION_PHASE_COLUMN_0_INITIAL=0;ANIMATION_PHASE_COLUMN_1_INITIAL=1;ANIMATION_PHASE_COLUMN_2_INITIAL=3;ANIMATION_PHASE_COLUMN_3_INITIAL=5	retain	src/SOURCE/ADVMGR.cpp:AdventureAnimationPhaseIndex		Constant group (H1_ENUM_CONST), not a value domain: m_animationPhases' four map-column slots (DrawCell picks mapX & 3) and their starting frames 0/1/3/5 in the constructor; Buka 2.1 AdventureAnimationPhaseIndex names, HoMM1 initial values.
src/SOURCE/ADVMGR.cpp:AdventureStateConstant	FORCED_MUSIC_DELAY=6000;QUICK_VIEW_NONE=-99;CURSOR_SAMPLE_FAST_SET=2;CURSOR_SAMPLE_VOLUME=64;HIGH_MEMORY_BUFFER_DIVISOR=100;TIMER_DELAY=120;SCROLL_Y=195;SCROLL_LEFT_X=540;SCROLL_RIGHT_X=612;SCROLL_WIDTH=8;SCROLL_HEIGHT=17;SCROLL_ICON_FRAME=4	retain	src/SOURCE/ADVMGR.cpp:AdventureStateConstant		Constant group (H1_ENUM_CONST), not a value domain: Buka 2.1 AdventureStateConstant/AdventureOpenConstant names with HoMM1's values: the 6000 ms network-turn music hold (Main), the -99 quick-view origin the constructor sets, GetCursorSampleSet's fast set 2 and volume 0x40, TrimLoopingSounds' high-memory divisor 100, ComboDraw's 120 ms timer step.
src/SOURCE/ADVMGR.cpp:AdventurePuzzleViewConstant	PUZZLE_PIECE_COUNT=48;PUZZLE_WINDOW_X=480;PUZZLE_WINDOW_Y=16;PUZZLE_ALIGNMENT_DIVISOR=3;PUZZLE_Y_ADJUST_X_FACTOR=2;PUZZLE_Y_ADJUST_Y_FACTOR=5;PUZZLE_PARITY_DIVISOR=2;PUZZLE_FIZZLE_TIME=220	retain	src/SOURCE/ADVMGR.cpp:AdventurePuzzleViewConstant		Constant group (H1_ENUM_CONST), not a value domain: ViewPuzzle's 48 puzzle.icn pieces (one per m_obelisksVisited bit), window at 480,16, the mod-3 / mod-2 centre nudges with factors 5 and 2, and the 220 ms fizzle; Buka 2.1 AdventurePuzzleViewConstant names.
src/SOURCE/ADVMGR.cpp:ViewWorldConstant	WORLD_WINDOW_X=480;WORLD_WINDOW_Y=16;VIEW_WORLD_CELL_PIXELS=6;VIEW_WORLD_ORIGIN=24;VIEW_WORLD_TILESET_COUNT=16;VIEW_WORLD_GROUND_TILE_SHIFT=2;VIEW_WORLD_GROUND_FLIPPED_FRAMES=31;VIEW_WORLD_FLAG_CURRENT_HERO=5;VIEW_WORLD_FLAG_ARTIFACT=6;VIEW_WORLD_TOWN_FLAG_LEFT=4;VIEW_WORLD_TOWN_FLAG_RIGHT=3;VIEW_WORLD_RESOURCE_X_SHIFT=3	retain	src/SOURCE/ADVMGR.cpp:ViewWorldConstant		Constant group (H1_ENUM_CONST), not a value domain: advManager::ViewWorld's 6-pixel overview (window 480,16 as Buka Viewwrld WORLD_WINDOW_X/Y; cells from 24; ground6 frame = tile >> 2, +31 when vertically flipped, horizontal flips drawn 5 px right; tilesets[16] by MapTileset; flag6 frames 5 = current hero, 6 = artifact; town flags at -4/+3, resource letters at -3).
src/SOURCE/ADVMGR.cpp:AdventureTeleportConstant	TELEPORT_FIZZLE_TIME=128;TELEPORT_REMOTE_FIZZLE_ADJUSTMENT=64	retain	src/SOURCE/ADVMGR.cpp:AdventureTeleportConstant		Constant group (H1_ENUM_CONST), not a value domain: TeleportTo's fizzle time 128, 64 less for computer players (Buka 2.1 AdventureTeleportConstant names); the computed time is unused, FizzleForward gets -1.
src/SOURCE/ADVMGR.cpp:AdventureSummonBoatConstant	SUMMON_OCCUPIED_FLAG=128;SUMMON_RESTORE_MODE=5;SUMMON_SCREEN_MARGIN=16;SUMMON_SCREEN_LIMIT=464;SUMMON_FIZZLE_X_OFFSET=32;SUMMON_FIZZLE_Y_OFFSET=16;SUMMON_FIZZLE_WIDTH=96;SUMMON_FIZZLE_HEIGHT=48;SUMMON_TARGET_X=176;SUMMON_TARGET_Y=192;SUMMON_TARGET_WIDTH=128;SUMMON_TARGET_HEIGHT=96	retain	src/SOURCE/ADVMGR.cpp:AdventureSummonBoatConstant		Constant group (H1_ENUM_CONST), not a value domain: SummonBoat's occupied-boat flag 0x80 on the boat's heroId, berth restore mode 5, and the two fizzle boxes (old berth: cell*32 - 32/-16, 96x48 clamped to 16..464; target 176,192 128x96); Buka 2.1 AdventureSummonBoatConstant names, HoMM1 geometry.
include/SOURCE/advManager.h:AdventureLocatorConstant	LOCATOR_VISIBLE_COUNT=4;LOCATOR_PAGE_THRESHOLD=5;LOCATOR_PAGE_DENOMINATOR_OFFSET=4;LOCATOR_SCROLL_NO_PAGES_Y=232;LOCATOR_SCROLL_BASE_Y=195;LOCATOR_HERO_SCROLL_SPAN=73;LOCATOR_TOWN_SCROLL_SPAN=74;LOCATOR_SCROLL_MOUSE_BASE_Y=194;LOCATOR_SCROLL_MOUSE_SPAN=92	retain	include/SOURCE/advManager.h:AdventureLocatorConstant		Constant group (H1_ENUM_CONST), not a value domain: hero/town locator paging geometry in ADVMGR.cpp.
src/SOURCE/ADVMGR.cpp:AdventureRadarConstant	RADAR_LEFT=480;RADAR_RIGHT=624;RADAR_TOP=16;RADAR_BOTTOM=160;RADAR_SIZE=144;RADAR_CELL_PIXELS=2;RADAR_TERRAIN_SHADE=3;RADAR_VIEWPORT_COLOR=190	retain	src/SOURCE/ADVMGR.cpp:AdventureRadarConstant		Constant group (H1_ENUM_CONST), not a value domain: the radar panel 480..624 x 16..160 at 2 pixels per cell (UpdateRadar fills, the radar-click and drag mapping), the +3 shade for trees/mountains and the 0xbe viewport box; Buka 2.1 AdventureScreenConstant/AdventureRadarConstant names, HoMM1 values.
include/SOURCE/advManager.h:AdventureHeroConstant	INVALID_HERO=-1	retain	include/SOURCE/advManager.h:AdventureHeroConstant		Constant group (H1_ENUM_CONST), not a value domain: the no-hero id (Buka 2.1 ADVMGR INVALID_HERO) for playerData::m_currentHero/CurrentHero(), empty hero-locator slots and HeroQuickView's heroId; ADVMGR and philAI test and store it.
src/SOURCE/ADVMGR.cpp:AdventureSearchConstant	DIG_HOLE_FRAME=1	retain	src/SOURCE/ADVMGR.cpp:AdventureSearchConstant		Constant group (H1_ENUM_CONST), not a value domain: obj32-07.icn frame 1, the dug hole ProcessSearch stores as a shadow-only object and DrawCell skips on the puzzle map (Buka 2.1 DIG_HOLE_FRAME name).
include/SOURCE/philAI.h:AIBoatPlanConstant	AI_SHIPYARD_GOLD_RESERVE=2000;AI_SHIPYARD_WOOD_RESERVE=20	retain	include/SOURCE/philAI.h:AIBoatPlanConstant		Constant group (H1_ENUM_CONST), not a value domain: the gold/wood DoAI holds back for a planned shipyard, equal to gNeutralBuildingCosts[BUILDING_SLOT_SHIPYARD] (20 wood, 2000 gold) in KB.cpp.
include/SOURCE/philAI.h:AIPlaceVisitConstant	ADVMGR_PLACE_VISIT_COUNT=30;ADVMGR_PLACE_COORDINATE_COUNT=2	retain	include/SOURCE/philAI.h:AIPlaceVisitConstant		Constant group (H1_ENUM_CONST), not a value domain: iPlacesVisited's extent, 30 (x, y) entries DoAI logs per turn (Buka 2.1 ADVMGR.h ADVMGR_PLACE_VISIT_COUNT/COORDINATE_COUNT names).
src/SOURCE/SMACKMGR.cpp:SmackManagerConstant	SMACK_INTRO_SKIP_FRAME=125;SMACK_LOGO_FINAL_FRAME=101;SMACK_WIN_TEXT_FRAME=23;SMACK_WIN_TEXT_X=29;SMACK_WIN_TEXT_Y=338;SMACK_WIN_TEXT_WIDTH=325;SMACK_WIN_TEXT_HEIGHT=115;SMACK_PRESENTS_X=280;SMACK_PRESENTS_Y=440;SMACK_PRESENTS_WIDTH=80;SMACK_PRESENTS_COLOR=255;SMACK_PROMPT_X=420;SMACK_PROMPT_Y=460;SMACK_PROMPT_WIDTH=220;SMACK_CAPTION_HEIGHT=20;SMACK_WIN_PROMPT_DELAY=4500;SMACK_FRAME_MAX_WAIT=300;SMACK_FRAME_MIN_WAIT=25;SMACK_FRAME_SILENT_WAIT=50;SMACK_MESSAGE_PUMP_INTERVAL=25	retain	src/SOURCE/SMACKMGR.cpp:SmackManagerConstant		Constant group (H1_ENUM_CONST), not a value domain: smackManager::Main's HoMM1 movie handling - the intro skip frame 125, the logo's frozen frame 101 and its 'Presents...' caption box, win02's text box from frame 23, the 4.5 s wait and 'Press a Key' box, and the per-frame waits (300 max, 25 min, 50 silent, 25 ms message pump).
src/SOURCE/ADVMGR.cpp:TownQuickInformation	TOWN_QUICK_INFORMATION_UNKNOWN=0;TOWN_QUICK_INFORMATION_NAMES=1;TOWN_QUICK_INFORMATION_ESTIMATES=2;TOWN_QUICK_INFORMATION_EXACT=3;TOWN_QUICK_INFORMATION_THIEVES_LAST=2	retain	src/SOURCE/ADVMGR.cpp:TownQuickInformation		TownQuickView's detail level (Buka 2.1 TOWN_QUICK_INFORMATION_* values): EXACT (3) for the owner, otherwise the viewer's thieves'-guild count capped at ESTIMATES (2); 3 prints counts, 2 size names, 1 '?', 0 'Unknown'.
include/SOURCE/playerData.h:HumanHandicap	HUMAN_HANDICAP_NONE=0;HUMAN_HANDICAP_EASY=1;HUMAN_HANDICAP_NORMAL=2;HUMAN_HANDICAP_HARD=3;HUMAN_HANDICAP_EXPERT=4	retain	include/SOURCE/playerData.h:HumanHandicap		playerData::m_difficulty of a human seat: retail gHandicapNames {Human-, Human-Easy, Human-Normal, Human-Hard, Human-Expert} index (ShowScenInfo; game difficulty + 1 for the game line). Same field and 0..4 range as ComputerPlayerType but a different table; NewGameHandler wraps a human seat to EASY, InitCampaignMap sets EXPERT.
include/SOURCE/game.h:CampaignScenarioConstant	CAMPAIGN_SCENARIO_LORD_FIRST=4;CAMPAIGN_SCENARIO_LORD_LAST=7	retain	include/SOURCE/game.h:CampaignScenarioConstant		Constant group (H1_ENUM_CONST), not a value domain: game::m_campaignScenario 4..7 are the rival-lord scenarios (one per CampaignChoice; KB's advance skips scenario - 4 == campaign - 1); NewMap/RandomizeTown range tests.
src/SOURCE/GAME.cpp:TerrainTileConstant	TERRAIN_TILE_VARIANT_COUNT=4	retain	src/SOURCE/GAME.cpp:TerrainTileConstant		Constant group (H1_ENUM_CONST), not a value domain: RandomizeTerrainTiles' four-variant ground tile groups (index / 4 * 4 + Random(0, 3)).
include/SOURCE/fileRequester.h:MapSize	MAP_SIZE_SMALL=0;MAP_SIZE_MEDIUM=1;MAP_SIZE_LARGE=2	retain	include/SOURCE/fileRequester.h:MapSize		SMapHeader::size / giMapSize / game::m_mapSize: retail gMapSizeNames {Small, Medium, Large}; CalcDifficultyRating scores them, ShowScenInfo prints them. Same 0..2 as other small enums but a map attribute.
include/SOURCE/fileRequester.h:MapDifficulty	MAP_DIFFICULTY_EASY=0;MAP_DIFFICULTY_NORMAL=1;MAP_DIFFICULTY_TOUGH=2;MAP_DIFFICULTY_IMPOSSIBLE=3;MAP_DIFFICULTY_FORGET_IT=4	retain	include/SOURCE/fileRequester.h:MapDifficulty		SMapHeader::difficulty / giMapDifficulty / game::m_mapDifficulty: retail gMapDifficultyNames {Easy, Normal, Tough, Impossible, Forget It}; not GameDifficulty (the player's new-game choice, gDifficultyNames) though both start Easy, Normal.
include/SOURCE/town.h:TownViewConstant	TOWN_VIEW_HIGH_MEMORY_LIMIT=200	retain	include/SOURCE/town.h:TownViewConstant		Constant group (H1_ENUM_CONST), not a value domain: town::View's high-memory threshold for ADV_DISPOSE_FULL (200; combat uses EVENTS.h COMBAT_*_MEMORY_LIMIT).
src/SOURCE/NOOPT.cpp:DelayTicksConstant	DELAY_TICKS_TIMER_SLOT=1;DELAY_TICK_MILLISECONDS=15	retain	src/SOURCE/NOOPT.cpp:DelayTicksConstant		Constant group (H1_ENUM_CONST), not a value domain: DelayTicks' glTimers slot (1) and its 15 ms tick; other per-owner slot names (COMBAT_*_TIMER_SLOT, TOWN_FRAME_TIMER_SLOT) index the same table for other owners.
include/BASE/heroWindowManager.h:FizzleDelayConstant	FIZZLE_USE_DEFAULT_DELAY=-1	retain	include/BASE/heroWindowManager.h:FizzleDelayConstant		FizzleForward's delay argument -1 selects WINMGR's FIZZLE_DEFAULT_DELAY (150); callers in ADVMGR, TOWNMGR, EVENTS and CURSOR pass it.
include/BASE/widget.h:WidgetIdConstant	WIDGET_ID_NONE=-1	retain	include/BASE/widget.h:WidgetIdConstant		widget::m_id -1: decorative iconWidget/textWidget built without a command id (constructor argument 8 in ADVMGR, KB, TOWNMGR); Buka TOWN_WIDGET_ID_NONE.
