rva	size	donor	donor_rva	symbol	unit	score	margin	target_strings	evidence
0x00001000	0xa0	pol20	0x000cc330	void soundManager::constructor(void)	BASE/soundmgr	0.588617	0.048081		shape=0.548;size=0.744;calls=1.000;alternate=buka21:?CallCatchBlock@@YAPAXPAUEHExceptionRecord@@PAUEHRegistrationNode@@PAU_CONTEXT@@PBU_s_FuncInfo@@PAXHK@Z@0x000d9f63:0.476799
0x000010a0	0x1f	pol20	0x000d40b0	void setGlobalCRC(unsigned int)	BASE/Bzip	0.970000	0.000000		instruction-sequence;alternate=buka21:?_JumpToContinuation@@YGXPAXPAUEHRegistrationNode@@@Z@0x000d6a49:0.429882
0x000010bf	0x169	buka21	0x00065169	?Open@highScoreManager@@UAEHH@Z	SOURCE/HISCORE	0.779726	0.779726	highScoreManager|hiscore.bin|hiscore.bmp	shape=0.537;size=0.989;calls=0.923;strings=highScoreManager|hiscore.bin;alternate=pol20:int highScoreManager::Open(int);   // virtual [override (implements baseManager pure virtual)]@0x00089a96:0.772272
0x00001228	0x5d	pol20	0x00089be2	void highScoreManager::Close(void);   // virtual [override (implements baseManager pure virtual)]	SOURCE/HISCORE	0.970000	0.970000		instruction-sequence;alternate=buka21:??1textWidget@@UAE@XZ@0x000c31c0:0.584783
0x00001285	0x269	pol20	0x00089c40	int highScoreManager::Main(struct tag_message &);   // virtual [override (implements baseManager pure virtual)]	SOURCE/HISCORE	0.663334	0.164772		shape=0.660;size=0.898;calls=1.000;alternate=buka21:?Main@highScoreManager@@UAEHAAUtag_message@@@Z@0x00065325:0.479652
0x000014ee	0x672	pol20	0x00089e6a	void highScoreManager::Update(void)	SOURCE/HISCORE	0.749014	0.135093	%sCAMPAIGN.HS|%sSTANDARD.HS|.\DATA\|hiscore.bmp	shape=0.611;size=0.824;calls=0.730;strings=%sCAMPAIGN.HS|%sSTANDARD.HS|.\DATA\;alternate=buka21:?Update@highScoreManager@@QAEXXZ@0x000654ef:0.683474
0x00001b60	0x164	pol20	0x0008b310	void SetupRecruitWin(class heroWindow *, int, int, int, int, int)	SOURCE/RECRUIT	0.894221	0.234365	%s %s|%s%d|Available: |Recruit	shape=0.833;size=0.899;calls=0.929;strings=%s %s|%s%d|Available: ;alternate=buka21:?SetupRecruitWin@@YIXPAVheroWindow@@HHHHH@Z@0x0008c330:0.642179
0x00001cc4	0x282	pol20	0x0008b49c	int recruitUnit::Open(int);   // virtual [override (implements baseManager pure virtual)]	SOURCE/RECRUIT	0.823836	0.823836	recruit0.bin|recruit1.bin|recruitManager	shape=0.670;size=0.914;calls=1.000;strings=recruit0.bin|recruit1.bin|recruitManager;alternate=buka21:?Open@recruitUnit@@UAEHH@Z@0x0008c522:0.766621
0x00001f46	0xd1	pol20	0x0008b6e7	void recruitUnit::Close(void);   // virtual [override (implements baseManager pure virtual)]	SOURCE/RECRUIT	0.720117	0.720117	There is no room in the garrison for this army.	shape=0.460;size=0.905;calls=0.857;strings=There is no room in the garrison for this army.;alternate=buka21:?Close@recruitUnit@@UAEXXZ@0x0008c78d:0.515555
0x00002017	0x127	pol20	0x0008b7ce	void recruitUnit::Update(void)	SOURCE/RECRUIT	0.854191	0.227370	%s%d|Available: 	shape=0.689;size=0.983;calls=1.000;strings=%s%d|Available: ;alternate=buka21:?Update@recruitUnit@@QAEXXZ@0x0008c855:0.730023
0x0000213e	0x3e5	pol20	0x0008b8f0	int recruitUnit::Main(struct tag_message &);   // virtual [override (implements baseManager pure virtual)]	SOURCE/RECRUIT	0.388944	0.012429		shape=0.308;size=0.949;calls=0.231;alternate=buka21:?SplitArmy@townManager@@QAEXXZ@0x000a84b7:0.372999
0x00002523	0xd6	pol20	0x0008bd0b	void recruitUnit::constructor(class armyGroup *, int, short int *)	SOURCE/RECRUIT	0.704814	0.044681		shape=0.698;size=0.960;calls=1.000;alternate=buka21:??0recruitUnit@@QAE@PAVtown@@HH@Z@0x0008cdcb:0.559180
0x000025f9	0xf4	pol20	0x0008bdea	void recruitUnit::constructor(class town *, int, int)	SOURCE/RECRUIT	0.714071	0.084947		shape=0.709;size=0.972;calls=1.000;alternate=buka21:??0recruitUnit@@QAE@PAVtown@@HH@Z@0x0008cdcb:0.543110
0x000026ed	0x1c3	pol20	0x0008bee5	void QuickViewRecruit(class town *, int)	SOURCE/RECRUIT	0.715778	0.715778	recruiq0.bin|recruiq1.bin	shape=0.611;size=0.743;calls=0.727;strings=recruiq0.bin|recruiq1.bin;alternate=buka21:?QuickViewRecruit@@YIXPAVtown@@H@Z@0x0008ceaa:0.627669
0x000028b0	0x240	pol20	0x000c3d70	void * BaseAlloc(unsigned int, char *, int)	BASE/Misc	0.380038	0.049420		shape=0.135;size=0.915;calls=0.556;alternate=buka21:?LoadRemote@advManager@@QAEXXZ@0x00012c7a:0.340085
0x00002af0	0xf0	pol20	0x000a25e0	int searchArray::BuildPath(int, int, int, int, int)	SOURCE/SEARCH	0.441049	0.131525		shape=0.190;size=0.800;calls=1.000;alternate=buka21:?IncrementHourGlass@philAI@@QAEXXZ@0x00088b69:0.379860
0x00002be0	0xa60	pol20	0x000a26a0	void searchArray::SeedPosition(int, int, int, int, int, int, int, int, int, int, int, int)	SOURCE/SEARCH	0.536744	0.090154		shape=0.353;size=0.951;calls=0.913;alternate=buka21:?SeedPosition@searchArray@@QAEXHHHHHHHHHHHH@Z@0x000917d6:0.418459
0x00003640	0x59	pol20	0x00035290	void DDRestoreDisplayMode(void)	SOURCE/wingraph	0.688749	0.120243	D:\Heroes\Source\wingraph.cpp	shape=0.677;size=0.955;calls=1.000;alternate=buka21:?Autosave@ExpCampaign@@QAEXXZ@0x000b5102:0.494517
0x00003699	0x46	pol20	0x000352e5	int DDQueryNewPalette(void)	SOURCE/wingraph	1.000000	1.000000		normalized-instructions;alternate=buka21:?DDQueryNewPalette@@YIHXZ@0x000afc1a:0.451429
0x000036df	0x9b	pol20	0x0003532b	void CreatePrimary(void)	SOURCE/wingraph	0.714753	0.139822	D:\Heroes\Source\wingraph.cpp	shape=0.735;size=0.955;calls=1.000;alternate=buka21:?CallCatchBlock@@YAPAXPAUEHExceptionRecord@@PAUEHRegistrationNode@@PAU_CONTEXT@@PBU_s_FuncInfo@@PAXHK@Z@0x000d9f63:0.499604
0x0000377a	0xeb	pol20	0x000353bf	void SetupClipper(void)	SOURCE/wingraph	0.634706	0.113122	D:\Heroes\Source\wingraph.cpp	shape=0.550;size=0.966;calls=1.000;alternate=buka21:?CallCatchBlock@@YAPAXPAUEHExceptionRecord@@PAUEHRegistrationNode@@PAU_CONTEXT@@PBU_s_FuncInfo@@PAXHK@Z@0x000d9f63:0.473050
0x00003865	0x171	pol20	0x000354a2	void DDInitGraphics(void)	SOURCE/wingraph	0.618054	0.075550	D:\Heroes\Source\wingraph.cpp	shape=0.525;size=0.951;calls=1.000;alternate=buka21:?DDInitGraphics@@YIXXZ@0x000afd6f:0.478180
0x000039d6	0x592	pol20	0x00035601	int DDAppPaint(void *, void *)	SOURCE/wingraph	0.881553	0.881553	BltD|BltS|D:\Heroes\Source\wingraph.cpp|ResetDisplayMode	shape=0.811;size=0.931;calls=0.917;strings=ResetDisplayMode;alternate=buka21:?DDAppPaint@@YIHPAX0@Z@0x000afe8f:0.713701
0x00003f68	0x140	pol20	0x00035b31	void DDInitializePalette(void)	SOURCE/wingraph	0.794926	0.193818	D:\Heroes\Source\wingraph.cpp	shape=0.889;size=0.987;calls=1.000;alternate=buka21:?DDInitializePalette@@YIXXZ@0x000b0369:0.527076
0x000040a8	0xb3	pol20	0x00035c6d	int DDSetPalette(void)	SOURCE/wingraph	0.744443	0.228382	D:\Heroes\Source\wingraph.cpp	shape=0.786;size=0.978;calls=1.000;alternate=buka21:?DDSetPalette@@YIHXZ@0x000b047a:0.504845
0x0000415b	0x12a	pol20	0x00035d1c	struct IDirectDrawSurface * DDCreateSurface(unsigned long int, unsigned long int, int)	SOURCE/wingraph	0.769996	0.246537	D:\Heroes\Source\wingraph.cpp	shape=0.840;size=0.971;calls=1.000;alternate=buka21:?DDCreateSurface@@YIPAUIDirectDrawSurface@@KKH@Z@0x000b04f8:0.607502
0x00004285	0x3ee	pol20	0x00019e8c	int SplitArmyHandler(struct tag_message &)	SOURCE/TOWNMGR	0.452133	0.010484	Direct Draw Error #%d in file '%s' at Line #%d	shape=0.302;size=0.803;calls=0.714;alternate=buka21:?SplitArmyHandler@@YIHAAUtag_message@@@Z@0x000aaa2e:0.398017
0x00004673	0x11c	pol20	0x00036421	void DDUpdatePalette(signed char *)	SOURCE/wingraph	0.736426	0.211776	D:\Heroes\Source\wingraph.cpp	shape=0.764;size=0.986;calls=1.000;alternate=buka21:?DDUpdatePalette@@YAXPAC@Z@0x000b0c15:0.482125
0x0000478f	0x17f	pol20	0x00036539	void DDCleanUpWinGraphics(void)	SOURCE/wingraph	0.753842	0.262110	D:\Heroes\Source\wingraph.cpp	shape=0.806;size=0.979;calls=1.000;alternate=buka21:?DDCleanUpWinGraphics@@YIXXZ@0x000b0d03:0.511358
0x0000490e	0x2ea	pol20	0x000366b0	void DDSetFullScreenStatus(int)	SOURCE/wingraph	0.580224	0.146617	D:\Heroes\Source\wingraph.cpp	shape=0.430;size=0.965;calls=1.000;alternate=buka21:??0strip@@QAE@HHHKHPAVarmyGroup@@HHH@Z@0x000a18a0:0.490217
0x00004bf8	0x89	pol20	0x000369b5	int WGQueryNewPalette(void)	SOURCE/wingraph	1.000000	1.000000		normalized-instructions;alternate=buka21:?WGQueryNewPalette@@YIHXZ@0x000b10c6:0.582119
0x00004c81	0x151	pol20	0x00036a3e	void WGInitGraphics(void)	SOURCE/wingraph	0.970000	0.970000	h@GJ	instruction-sequence;alternate=buka21:?WGInitGraphics@@YIXXZ@0x000b1138:0.657093
0x00004dd2	0x1dd	pol20	0x00036b8f	void WGUpdatePalette(signed char *)	SOURCE/wingraph	0.757779	0.239283		shape=0.803;size=0.979;calls=1.000;alternate=buka21:?WGUpdatePalette@@YAXPAC@Z@0x000b1273:0.572794
0x00004faf	0x1d5	pol20	0x00036d76	void WGInitializePalette(void)	SOURCE/wingraph	1.000000	1.000000		normalized-instructions;alternate=buka21:?WGInitializePalette@@YIXXZ@0x000b1434:0.568032
0x00005184	0x1c0	pol20	0x00036f4b	int WGAppPaint(void *, void *)	SOURCE/wingraph	0.825971	0.415677		shape=0.954;size=0.991;calls=1.000;alternate=buka21:?WGAppPaint@@YIHPAX0@Z@0x000b15d6:0.604114
0x00005344	0x78	pol20	0x0003710f	void WGCleanUpWinGraphics(void)	SOURCE/wingraph	1.000000	1.000000		normalized-instructions;alternate=buka21:?WGCleanUpWinGraphics@@YIXXZ@0x000b1793:0.560374
0x000053bc	0x6c	pol20	0x00037187	void ConnectToDLLs(void)	SOURCE/wingraph	0.753649	0.753649	DDRAW.DLL|DirectDrawCreate|Error loading DDRAW.DLL	shape=0.548;size=0.844;calls=1.000;strings=DDRAW.DLL|DirectDrawCreate;alternate=buka21:?ConnectToDLLs@@YIXXZ@0x000b17fa:0.673744
0x00005428	0x29	pol20	0x00037207	void DisconnectDLLs(void)	SOURCE/wingraph	1.000000	1.000000		normalized-instructions;alternate=buka21:__global_unwind2@0x000d6d50:0.437154
0x00005451	0x2c	pol20	0x00037230	void RestoreDisplayMode(void)	SOURCE/wingraph	1.000000	1.000000		normalized-instructions;alternate=buka21:__global_unwind2@0x000d6d50:0.427576
0x0000547d	0x2e	pol20	0x0003725c	int SetPalette(void)	SOURCE/wingraph	1.000000	1.000000		normalized-instructions;alternate=buka21:__global_unwind2@0x000d6d50:0.424265
0x000054ab	0x81	pol20	0x0003728a	void GetGraphicsInfo(void)	SOURCE/wingraph	0.716325	0.108441		shape=0.719;size=0.977;calls=1.000;alternate=buka21:?GetGraphicsInfo@@YIXXZ@0x000b18a6:0.553360
0x0000552c	0x60	pol20	0x00037187	void ConnectToDLLs(void)	SOURCE/wingraph	0.492143	0.024883		shape=0.371;size=0.750;calls=1.000;alternate=buka21:?ConnectToDLLs@@YIXXZ@0x000b17fa:0.450588
0x0000558c	0x47	pol20	0x00096ca0	void EarlyShutdown(char *, char *)	SOURCE/KB	0.538951	0.015459		shape=0.407;size=0.803;calls=1.000;alternate=buka21:?Read@hero@@QAEXHC@Z@0x00060eb4:0.453486
0x000055d3	0x2c	pol20	0x000373ee	void InitializePalette(void)	SOURCE/wingraph	1.000000	1.000000		normalized-instructions;alternate=buka21:__global_unwind2@0x000d6d50:0.377576
0x000055ff	0x3a	pol20	0x00096ca0	void EarlyShutdown(char *, char *)	SOURCE/KB	0.555573	0.034690		shape=0.385;size=0.983;calls=1.000;alternate=buka21:?UpdatePalette@@YAXPAC@Z@0x000b19de:0.455956
0x00005639	0x31	pol20	0x00037452	void CleanUpWinGraphics(void)	SOURCE/wingraph	1.000000	1.000000		normalized-instructions;alternate=buka21:?CleanUpWinGraphics@@YIXXZ@0x000b1a06:0.379203
0x0000566a	0xb9	pol20	0x0009f92d	void CleanUpMenus(void)	SOURCE/KB	0.446592	0.008222		shape=0.273;size=0.827;calls=0.800;alternate=buka21:?SetFullScreenStatus@@YIXH@Z@0x000b1a25:0.430220
0x00005723	0x31	pol20	0x00037564	int QueryNewPalette(void)	SOURCE/wingraph	1.000000	1.000000		normalized-instructions;alternate=buka21:__global_unwind2@0x000d6d50:0.366599
0x00005754	0x1fc	buka21	0x000b1ae0	?SetGraphicsType@@YIHH@Z	SOURCE/wingraph	0.565182	0.094781		shape=0.434;size=0.909;calls=1.000;alternate=pol20:void advManager::ViewWorld(int, int, int)@0x000333c0:0.505675
0x00005950	0x169	pol20	0x0000d5e0	void advManager::StartCursor(int)	SOURCE/CURSOR	0.535759	0.114737		shape=0.382;size=0.864;calls=1.000;alternate=buka21:?AddManager@executive@@QAEHPAVbaseManager@@H@Z@0x000c52f0:0.440718
0x00005ab9	0x150	pol20	0x0000d718	void advManager::StopCursor(int)	SOURCE/CURSOR	0.506320	0.022696		shape=0.344;size=0.845;calls=1.000;alternate=buka21:?Select@button@@QAEFAAUtag_message@@@Z@0x000d3d70:0.349604
0x00005c09	0x5e4	pol20	0x0000d834	void advManager::DrawCursor(void)	SOURCE/CURSOR	0.524437	0.013587		shape=0.325;size=0.987;calls=0.833;alternate=buka21:?Deallocate@hero@@QAEXH@Z@0x000617f2:0.441044
0x000061ed	0x88	pol20	0x0000e198	int advManager::GetCursorBaseFrame(int)	SOURCE/CURSOR	0.641556	0.146672		shape=0.553;size=0.978;calls=1.000;alternate=buka21:?GetCursorBaseFrame@advManager@@QAEHH@Z@0x00033dde:0.375377
0x00006275	0x261	pol20	0x0000e21d	void advManager::TurnTo(int)	SOURCE/CURSOR	0.550918	0.047909		shape=0.365;size=0.982;calls=1.000;alternate=buka21:?DoHeroSplit@@YIXHH@Z@0x00064415:0.479457
0x000064d6	0x136	pol20	0x0006a0e7	int MapExtraPosAndAdjacentsSet(int, int, unsigned char)	SOURCE/ADVMGR	0.463268	0.001133		shape=0.256;size=0.794;calls=1.000;alternate=buka21:?CalcDifficultyRating@game@@QAEHXZ@0x0005eec6:0.430887
0x0000660c	0xe1e	pol20	0x00058d68	int advManager::ProcessSelect(struct tag_message *, class mapCell * *)	SOURCE/ADVMGR	0.508698	0.001933		shape=0.297;size=0.961;calls=0.922;alternate=buka21:?NewGameHandler@@YIHAAUtag_message@@@Z@0x0007734a:0.465899
0x0000742a	0x181	pol20	0x0000f753	void advManager::CheckAdjacentMon(int *)	SOURCE/CURSOR	0.689841	0.197814		shape=0.662;size=0.966;calls=1.000;alternate=buka21:?CheckAdjacentMon@advManager@@QAEXPAH@Z@0x000351c5:0.530646
0x000075ab	0x20a	pol20	0x0000f8c7	int advManager::ValidMoveWithEvent(class hero *, int)	SOURCE/CURSOR	0.395922	0.044836		shape=0.250;size=0.640;calls=1.000;alternate=buka21:?InitNewGame@game@@QAEXPAUSMapHeader@@@Z@0x000756e8:0.320281
0x000077b5	0x2a3	pol20	0x000a5900	int army::CanFit(int, int, int *)	SOURCE/FLY	0.403553	0.046819		shape=0.244;size=0.979;calls=0.000;alternate=buka21:?CalcDifficultyRating@game@@QAEHXZ@0x0005eec6:0.320871
0x00007a58	0x338	pol20	0x0000ff07	void advManager::MoveOrigin(int, int)	SOURCE/CURSOR	0.437629	0.005593		shape=0.276;size=0.712;calls=1.000;alternate=buka21:?UpdateHeroLocator@advManager@@QAEXHHH@Z@0x0000a491:0.343083
0x00007d90	0x1f1	pol20	0x00013900	void townObject::constructor(int, int, char *)	SOURCE/TOWNMGR	0.639603	0.639603	%s.icn|%s.tod	shape=0.514;size=0.728;calls=0.333;strings=%s.icn;alternate=buka21:??0townObject@@QAE@HHPAD@Z@0x000a4740:0.615649
0x00007f81	0x60	pol20	0x00013a6a	void townObject::~destructor(void)	SOURCE/TOWNMGR	0.970000	0.970000		instruction-sequence;alternate=buka21:??1townObject@@QAE@XZ@0x000a48cd:0.564007
0x00007fe1	0x117	pol20	0x00070779	void hero::CheckAnduranPieces(int)	SOURCE/HERO	0.455419	0.002385		shape=0.271;size=0.921;calls=0.571;alternate=buka21:?TransmitAndWait@@YIHPADHHCCPAPAD@Z@0x0008e5d3:0.433178
0x000080f8	0x74	pol20	0x00013f01	void townManager::constructor(void)	SOURCE/TOWNMGR	0.816379	0.001531		shape=1.000;size=0.897;calls=1.000;alternate=buka21:?_UnwindNestedFrames@@YGXPAUEHRegistrationNode@@PAUEHExceptionRecord@@@Z@0x000d6a92:0.487105
0x0000816c	0x7ec	pol20	0x0001436f	void townManager::SetupTown(void)	SOURCE/TOWNMGR	0.724494	0.073478	%s%s|Town Screen|advmice.mse|crst%04d.icn|port%04d.icn|strip.icn|townManager|townbkg%d.bmp|townwind.bin	shape=0.505;size=0.847;calls=0.887;strings=%s%s|Town Screen|port%04d.icn;alternate=buka21:?SetupTown@townManager@@QAEXXZ@0x000a51da:0.644440
0x00008958	0x1c4	pol20	0x00014cc9	void townManager::UnloadTown(void)	SOURCE/TOWNMGR	0.632953	0.187046		shape=0.618;size=0.976;calls=0.667;alternate=buka21:?ViewSpells@game@@QAEHPAVhero@@HP6IHAAUtag_message@@@ZH@Z@0x000546ee:0.480338
0x00008b1c	0x3b6	pol20	0x00014f62	void townManager::SetArmyCommand(int)	SOURCE/TOWNMGR	0.637739	0.100539		shape=0.545;size=0.997;calls=1.000;alternate=buka21:?SetArmyCommand@townManager@@QAEXH@Z@0x000a5e5c:0.546383
0x00008ed2	0x468	pol20	0x0001531b	void townManager::SetCommandAndText(struct tag_message &)	SOURCE/TOWNMGR	0.519023	0.066022		shape=0.475;size=0.764;calls=0.692;alternate=buka21:?Main@listBoxWidget@@UAEHAAUtag_message@@@Z@0x000cee60:0.453910
0x0000933a	0x74	pol20	0x000158e0	void townManager::ShowText(char *)	SOURCE/TOWNMGR	0.970000	0.970000		instruction-sequence;alternate=buka21:?ShowText@townManager@@QAEXPAD@Z@0x000a67ce:0.613333
0x000093ae	0x131f	pol20	0x0001595d	int townManager::Main(struct tag_message &);   // virtual [override (implements baseManager pure virtual)]	SOURCE/TOWNMGR	0.523099	0.216365	You must purchase a spell book to use the mage guild, but you currently have no room for a spell book.  Try giving one of your artifacts to another hero.|buybook.bin|caslwind.bin|magewind.bin|thiefwin.bin|wellwind.bin	shape=0.307;size=0.791;calls=0.463;strings=You must purchase a spell book to use the mage guild, but you currently have no room for a spell book.  Try giving one of your artifacts to another hero.|caslwind.bin|magewind.bin;alternate=buka21:?Main@townManager@@UAEHAAUtag_message@@@Z@0x000a6842:0.513026
0x0000a6cd	0x65f	pol20	0x0001718d	void townManager::DoCommand(int)	SOURCE/TOWNMGR	0.526908	0.020199		shape=0.488;size=0.767;calls=0.800;alternate=buka21:?Main@button@@UAEHAAUtag_message@@@Z@0x000d3890:0.450591
0x0000ad2c	0xa5	pol20	0x00017670	void townManager::RedrawTownScreen(void)	SOURCE/TOWNMGR	0.839276	0.205226		shape=1.000;size=0.954;calls=1.000;alternate=buka21:?RedrawTownScreen@townManager@@QAEXXZ@0x000a8413:0.647955
0x0000add1	0x37e	pol20	0x0001771d	void townManager::SplitArmy(void)	SOURCE/TOWNMGR	0.780928	0.054060	Garrison|Hero's Army|Move how many %s troops from %s to %s?|splitwin.bin	shape=0.533;size=0.989;calls=1.000;strings=Garrison|Hero's Army|Move how many %s troops from %s to %s?;alternate=buka21:?SplitArmy@townManager@@QAEXXZ@0x000a84b7:0.732616
0x0000b14f	0xce	pol20	0x000698a1	void advManager::EnableButtons(void)	SOURCE/ADVMGR	0.555692	0.000000		shape=0.475;size=0.967;calls=0.500;alternate=buka21:?SetColorMice@mouseManager@@QAEXH@Z@0x000ba460:0.457959
0x0000b21d	0xab	pol20	0x00017ab2	void townManager::ResetStrips(void)	SOURCE/TOWNMGR	0.970000	0.970000		instruction-sequence;alternate=buka21:??0border@@QAE@FFFFFFFPAD@Z@0x000cb120:0.517148
0x0000b2c8	0x95	pol20	0x00033315	void town::CalcNumLevelArchers(int *, int *)	SOURCE/TOWN	0.596126	0.065395		shape=0.467;size=0.937;calls=1.000;alternate=buka21:?CalcNumLevelArchers@town@@QAEXPAH0@Z@0x000a4663:0.434396
0x0000b35d	0xf8	pol20	0x00095dcd	void combatManager::CombatSystemOptions(void)	SOURCE/CMBTMGR	0.501598	0.017272	j%j$j	shape=0.324;size=0.976;calls=0.778;alternate=buka21:?DoTavern@townManager@@QAEXXZ@0x000aa903:0.448704
0x0000b455	0x1023	pol20	0x00017c9d	int townManager::BuyBuild(int, int, int)	SOURCE/TOWNMGR	0.759768	0.107226	D:\Heroes\Source\TOWNMGR.CPP|DwellCost|Mage Guild, Level %d|bigfont.fnt|buybuil%d.bin|resource.icn|smalfont.fnt	shape=0.531;size=0.942;calls=0.897;strings=Mage Guild, Level %d|bigfont.fnt|buybuil%d.bin;alternate=buka21:?BuyBuild@townManager@@QAEHHHH@Z@0x000a89fe:0.668468
0x0000c478	0x3a0	pol20	0x00018bd2	void townManager::BuildObj(int)	SOURCE/TOWNMGR	0.651803	0.354380	buildtwn.82M	shape=0.293;size=0.927;calls=0.933;strings=buildtwn.82M;alternate=buka21:?BuildObj@townManager@@QAEXH@Z@0x000a986a:0.630156
0x0000c818	0x4b5	pol20	0x00032632	void strip::DrawIcons(int)	SOURCE/STRIP	0.503124	0.030002		shape=0.317;size=0.812;calls=1.000;alternate=buka21:?DrawIcons@strip@@QAEXH@Z@0x000a1cb0:0.457585
0x0000cccd	0x24d	pol20	0x0006cbdb	void hero::UpdateArmies(void)	SOURCE/HERO	0.474445	0.052928		shape=0.351;size=0.791;calls=0.818;alternate=buka21:?ViewSpells@game@@QAEHPAVhero@@HP6IHAAUtag_message@@@ZH@Z@0x000546ee:0.411206
0x0000cf1a	0x331	pol20	0x00018fbb	void townManager::SetupMage(class heroWindow *)	SOURCE/TOWNMGR	0.589801	0.589801	The above spells are available here.	shape=0.289;size=0.830;calls=0.625;strings=The above spells are available here.;alternate=buka21:?SplitArmy@townManager@@QAEXXZ@0x000a84b7:0.485982
0x0000d24b	0x186	buka21	0x000278a0	?MoreTreesNear@combatManager@@QAEHXZ	SOURCE/CMBTMGR	0.360974	0.031170		shape=0.192;size=0.794;calls=0.500;alternate=pol20:void GenerateStandardFileName(char *, char *)@0x00071d89:0.355888
0x0000d3d1	0x2ec	pol20	0x0002dfc9	void combatManager::ShowEagleEyeSpell(class heroWindow *)	SOURCE/COMMAND	0.592444	0.206946	townwind.icn	shape=0.252;size=0.987;calls=0.381;strings=townwind.icn;alternate=buka21:?ShowEagleEyeSpell@combatManager@@QAEXPAVheroWindow@@@Z@0x0002e93a:0.575353
0x0000d6bd	0x484	pol20	0x0001b692	void GetCategoryStats(int, long int * const, signed char * const)	SOURCE/TOWNMGR	0.471746	0.052456		shape=0.321;size=0.834;calls=0.800;alternate=buka21:?GetCategoryStats@@YIXHQAJQAC@Z@0x000ac127:0.459458
0x0000db41	0xea	pol20	0x0001bbfc	void SortStats(long int * const, signed char * const)	SOURCE/TOWNMGR	0.635184	0.178137		shape=0.556;size=0.927;calls=1.000;alternate=buka21:?SortStats@@YIXQAJQAC@Z@0x000ac5c7:0.453570
0x0000dc2b	0x2f	pol20	0x000bdef6	int army::ValidMove(int)	SOURCE/PATH	0.636109	0.017403		shape=0.571;size=0.915;calls=1.000;alternate=buka21:?DrawString@font@@QAEXPADHHH@Z@0x000c3a30:0.438254
0x0000dc5a	0x981	pol20	0x0001436f	void townManager::SetupTown(void)	SOURCE/TOWNMGR	0.711275	0.051597	crst%04d.icn|port%04d.icn|rcrthero.bin	shape=0.376;size=0.984;calls=0.957;strings=port%04d.icn;alternate=buka21:?SetupTown@townManager@@QAEXXZ@0x000a51da:0.671037
0x0000e5db	0x155	pol20	0x00019c29	int TavernHandler(struct tag_message &)	SOURCE/TOWNMGR	0.672748	0.184514		shape=0.618;size=0.994;calls=1.000;alternate=buka21:?TavernHandler@@YIHAAUtag_message@@@Z@0x000aa7e3:0.461090
0x0000e730	0x136	buka21	0x000aa903	?DoTavern@townManager@@QAEXXZ	SOURCE/TOWNMGR	0.728216	0.728216	tavwin.bin	shape=0.467;size=0.965;calls=0.889;strings=tavwin.bin;alternate=pol20:void townManager::DoTavern(void)@0x00019d7c:0.707308
0x0000e866	0x726	pol20	0x0006e0be	void UpdateHeroScreenStatusBar(struct tag_message &)	SOURCE/HERO	0.535909	0.013105		shape=0.397;size=0.973;calls=0.692;alternate=buka21:?ViewSpellsHandler@@YIHAAUtag_message@@@Z@0x00054d5e:0.495137
0x0000ef8c	0x334	pol20	0x00019e8c	int SplitArmyHandler(struct tag_message &)	SOURCE/TOWNMGR	0.607658	0.086853		shape=0.479;size=0.985;calls=1.000;alternate=buka21:?SplitArmyHandler@@YIHAAUtag_message@@@Z@0x000aaa2e:0.500594
0x0000f2c0	0x311	pol20	0x0002a6d0	int combatManager::Main(struct tag_message &);   // virtual [override (implements baseManager pure virtual)]	SOURCE/COMMAND	0.570262	0.070204		shape=0.455;size=0.895;calls=0.889;alternate=buka21:?Main@combatManager@@UAEHAAUtag_message@@@Z@0x0002b850:0.520039
0x0000f5d1	0xd6	pol20	0x0002aa3d	int combatManager::ValidHexToStandOn(int)	SOURCE/COMMAND	0.519720	0.033963		shape=0.542;size=0.556;calls=1.000;alternate=buka21:?ValidHexToStandOn@combatManager@@QAEHH@Z@0x0002bb0e:0.417866
0x0000f6a7	0x7e9	pol20	0x0002abbe	void combatManager::SetCombatDirections(int)	SOURCE/COMMAND	0.705195	0.255504		shape=0.737;size=0.917;calls=1.000;alternate=buka21:?SetCombatDirections@combatManager@@QAEXH@Z@0x0002bc31:0.555396
0x0000fe90	0x620	pol20	0x0002b45f	void combatManager::CheckSetMouseDirection(int, int, int)	SOURCE/COMMAND	0.651673	0.170030		shape=0.567;size=0.982;calls=1.000;alternate=buka21:?CheckSetMouseDirection@combatManager@@QAEXHHH@Z@0x0002c389:0.473098
0x000104b0	0x34	pol20	0x000d4470	unsigned int minUInt32(unsigned int, unsigned int)	BASE/Bzip	0.639523	0.080787		shape=0.565;size=0.981;calls=1.000;alternate=buka21:?FindAudiereSample@@YIPAUAudiereSampleNode@@PAVsample@@@Z@0x000cc8b0:0.433090
0x000104e4	0x5bb	pol20	0x0002bb26	int combatManager::ProcessCombatMsg(struct tag_message &)	SOURCE/COMMAND	0.545879	0.545879	You have already cast a spell this round.|You have no hero to cast a spell.	shape=0.325;size=0.645;calls=0.630;strings=You have already cast a spell this round.|You have no hero to cast a spell.;alternate=buka21:?ProcessSearch@advManager@@QAEHHH@Z@0x00004692:0.491972
0x00010a9f	0x139	pol20	0x000b1bcf	void advManager::DoWhirlpool(class hero *)	SOURCE/EVENTS	0.515397	0.072856		shape=0.380;size=0.978;calls=0.500;alternate=buka21:?SwapMons@swapManager@@QAEXXZ@0x000a3699:0.392291
0x00010bd8	0x15d	pol20	0x000548be	void swapManager::Close(void);   // virtual [override (implements baseManager pure virtual)]	SOURCE/SWAPMGR	0.480670	0.014737		shape=0.396;size=0.862;calls=0.444;alternate=buka21:?ClearWinLoseBottom@combatManager@@QAEXPAVheroWindow@@@Z@0x0002e370:0.442802
0x00010d35	0x316	pol20	0x0002ce19	int combatManager::RightClick(int)	SOURCE/COMMAND	0.466873	0.016244		shape=0.385;size=0.858;calls=0.375;alternate=buka21:?GetCommand@combatManager@@QAEHH@Z@0x0002d56e:0.402881
0x0001104b	0x1dc	pol20	0x0002ce19	int combatManager::RightClick(int)	SOURCE/COMMAND	0.519846	0.089353		shape=0.484;size=0.702;calls=0.875;alternate=buka21:?RightClick@combatManager@@QAEHH@Z@0x0002d964:0.497332
0x00011227	0x333	pol20	0x0002d0bf	void combatManager::DoCommand(int)	SOURCE/COMMAND	0.650753	0.650753	Are you sure you want to retreat?|You don't have enough gold!	shape=0.357;size=0.865;calls=0.842;strings=Are you sure you want to retreat?|You don't have enough gold!;alternate=buka21:?DrawIcons@strip@@QAEXH@Z@0x000a1cb0:0.448712
0x0001155a	0x1a3	pol20	0x00019c29	int TavernHandler(struct tag_message &)	SOURCE/TOWNMGR	0.534179	0.017175		shape=0.494;size=0.809;calls=0.667;alternate=buka21:?QuickViewRecruit@@YIXPAVtown@@H@Z@0x0008ceaa:0.447817
0x000116fd	0x110	pol20	0x0002d9ed	void combatManager::ClearWinLoseBottom(class heroWindow *)	SOURCE/COMMAND	0.970000	0.970000		instruction-sequence;alternate=buka21:?ClearWinLoseBottom@combatManager@@QAEXPAVheroWindow@@@Z@0x0002e370:0.589024
0x0001180d	0x2fa	pol20	0x0002dfc9	void combatManager::ShowEagleEyeSpell(class heroWindow *)	SOURCE/COMMAND	0.788707	0.015196	You have captured an enemy artifact!|artifact.icn|pickup%02d.82M|smalfont.fnt|winloseb.icn	shape=0.562;size=0.995;calls=0.875;strings=pickup%02d.82M|smalfont.fnt;alternate=buka21:?ShowEagleEyeSpell@combatManager@@QAEXPAVheroWindow@@@Z@0x0002e93a:0.775867
0x00011b07	0x7d0	pol20	0x0002e2bf	void combatManager::ShowDeadArmies(class heroWindow *)	SOURCE/COMMAND	0.744797	0.096702	Attacker|Battlefield Casualties|Defender|None|mons32.icn|smalfont.fnt	shape=0.560;size=0.797;calls=0.971;strings=Attacker|Battlefield Casualties|Defender;alternate=buka21:?ShowDeadArmies@combatManager@@QAEXPAVheroWindow@@@Z@0x0002ec2c:0.669049
0x000122d7	0x7a1	pol20	0x0002ec8b	void combatManager::DoVictory(int)	SOURCE/COMMAND	0.627541	0.116094	wincmbt.bin	shape=0.453;size=0.654;calls=0.762;strings=wincmbt.bin;alternate=buka21:?DoVictory@combatManager@@QAEXH@Z@0x0002f601:0.616103
0x00012a78	0x549	pol20	0x00083fc4	void game::DoNewTurn(void)	SOURCE/GAME	0.495445	0.014957	losecmbt.bin|losecmbt.bmp|losewalk.icn	shape=0.339;size=0.820;calls=0.938;alternate=buka21:?Open@fileRequester@@UAEHH@Z@0x0008f275:0.474353
0x00012fc1	0x2c6	pol20	0x0002fbf0	int combatManager::DoSurrender(void)	SOURCE/COMMAND	0.598083	0.021659	port%04d.icn|surrendr.bin	shape=0.404;size=0.654;calls=0.667;strings=port%04d.icn|surrendr.bin;alternate=buka21:?DoSurrender@combatManager@@QAEHXZ@0x0003049b:0.579024
0x00013287	0xc2	pol20	0x0004a41c	void hexcell::DrawLowerDeadOccupants(void)	SOURCE/HEXCELL	0.510560	0.002600		shape=0.386;size=0.980;calls=0.500;alternate=buka21:?View@town@@QAEXH@Z@0x000a420c:0.444269
0x00013349	0xdf	pol20	0x00030109	void combatManager::CheckCastleAttack(void)	SOURCE/COMMAND	0.508514	0.095791		shape=0.385;size=0.953;calls=0.500;alternate=buka21:?SaveAndDraw@mouseManager@@QAEXXZ@0x000ba160:0.416185
0x00013428	0x79	pol20	0x00033627	void advManager::VWCleanup(void)	SOURCE/Viewwrld	0.527938	0.051492		shape=0.500;size=0.744;calls=0.750;alternate=buka21:?Ripple@combatManager@@QAEXH@Z@0x0009cb50:0.488512
0x000134a1	0x16a	pol20	0x000302d0	void combatManager::GetControl(void)	SOURCE/COMMAND	0.582677	0.094246		shape=0.508;size=0.907;calls=0.750;alternate=buka21:?GetControl@combatManager@@QAEXXZ@0x00030ab0:0.502120
0x0001360b	0xdb	pol20	0x0003045f	void combatManager::ResetMouse(void)	SOURCE/COMMAND	0.595500	0.051578		shape=0.446;size=0.982;calls=1.000;alternate=buka21:?ResetMouse@combatManager@@QAEXXZ@0x00030bff:0.488306
0x000136e6	0x55a	pol20	0x00030536	int combatManager::ProcessNextAction(struct tag_message &)	SOURCE/COMMAND	0.623724	0.623724	Process Act	shape=0.343;size=0.842;calls=0.629;strings=Process Act;alternate=buka21:?ProcessNextAction@combatManager@@QAEHAAUtag_message@@@Z@0x00030cbe:0.593971
0x00013c40	0xa8	pol20	0x000a6be0	int is_netbios_avail(void)	SOURCE/netwin	0.970000	0.970000		instruction-sequence;alternate=buka21:?is_netbios_avail@@YIHXZ@0x00073da0:0.601182
0x00013ce8	0x1b2	pol20	0x000a6c88	@nb_init@8	SOURCE/netwin	0.645098	0.115169		shape=0.768;size=0.748;calls=0.714;alternate=buka21:_nb_init@0x00073e34:0.569810
0x00013e9a	0x1f0	pol20	0x000a6ecc	@nb_term@0	SOURCE/netwin	0.720382	0.166540		shape=0.732;size=0.956;calls=1.000;alternate=buka21:@nb_term@0@0x0007404c:0.622698
0x0001408a	0x90	pol20	0x000a70d3	@nb_rcv@8	SOURCE/netwin	0.564314	0.011797		shape=0.482;size=0.804;calls=1.000;alternate=buka21:_nb_rcv@0x0007421c:0.551014
0x0001411a	0x104	pol20	0x000a7186	@nb_snd@12	SOURCE/netwin	0.500946	0.032764		shape=0.333;size=0.877;calls=0.875;alternate=buka21:?com_snd@@YIFFGGPAXH@Z@0x00033048:0.467791
0x0001421e	0x4f6	pol20	0x000a726a	_nb_sess	SOURCE/netwin	0.689807	0.237733		shape=0.682;size=0.968;calls=1.000;alternate=buka21:_nb_sess@0x00074372:0.596373
0x00014714	0x1e	pol20	0x000d4050	void initialiseCRC(void)	BASE/Bzip	0.670396	0.030000		shape=0.692;size=0.867;calls=1.000;alternate=buka21:?_JumpToContinuation@@YGXPAXPAUEHRegistrationNode@@@Z@0x000d6a49:0.424706
0x00014732	0x26f	buka21	0x00074848	?nb_thr_ctl@@YIXXZ	SOURCE/netwin	0.603867	0.186770	D:\Heroes\Source\netlo.cpp	shape=0.533;size=0.856;calls=1.000;alternate=pol20:void InitVars(void)@0x0009c111:0.463995
0x000149a1	0xbb	buka21	0x00074a5d	?nb_add_name@@YIXXZ	SOURCE/netwin	0.648376	0.149690		shape=0.600;size=0.968;calls=1.000;alternate=pol20:void FileError(char *)@0x0009e306:0.496183
0x00014a5c	0x1cc	buka21	0x00074b12	?nb_add_name_done@@YGXPAUNetbiosControlBlock@@@Z	SOURCE/netwin	0.526559	0.126259	D:\Heroes\Source\netlo.cpp	shape=0.386;size=0.876;calls=1.000;alternate=pol20:@nb_term@0@0x000a6ecc:0.375030
0x00014c28	0xb8	buka21	0x00074ca5	?nb_recv_any@@YIGH@Z	SOURCE/netwin	0.652334	0.180033		shape=0.595;size=0.978;calls=1.000;alternate=pol20:void highScoreManager::Close(void);   // virtual [override (implements baseManager pure virtual)]@0x00089be2:0.350721
0x00014ce0	0x146	buka21	0x00074d59	?nb_recv_any_done@@YGXPAUNetbiosControlBlock@@@Z	SOURCE/netwin	0.615862	0.150586		shape=0.547;size=0.874;calls=1.000;alternate=pol20:void UpdateArenaIcons(void)@0x000c063b:0.513175
0x00014e26	0xc6	buka21	0x00074f38	?nb_listen@@YIGHPAX@Z	SOURCE/netwin	0.623528	0.000000		shape=0.526;size=0.980;calls=1.000;alternate=pol20:void fullMap::Write(int)@0x0000b73c:0.468458
0x00014eec	0xc6	buka21	0x00074f38	?nb_listen@@YIGHPAX@Z	SOURCE/netwin	0.623528	0.000000		shape=0.526;size=0.980;calls=1.000;alternate=pol20:void fullMap::Write(int)@0x0000b73c:0.468458
0x00014fb2	0x134	buka21	0x00074ffa	?nb_call_done@@YGXPAUNetbiosControlBlock@@@Z	SOURCE/netwin	0.559585	0.079044		shape=0.470;size=0.792;calls=1.000;alternate=pol20:void advManager::DrawAdventureBorder(void)@0x00069abb:0.531037
0x000150e6	0x14e	buka21	0x000750ee	?nb_arm_recv@@YIXH@Z	SOURCE/netwin	0.540579	0.119081	D:\Heroes\Source\netlo.cpp	shape=0.387;size=0.874;calls=1.000;alternate=pol20:int RecruitHeroHandler(struct tag_message &)@0x000993e0:0.465978
0x00015234	0xbf	buka21	0x00075212	?nb_close_session@@YIXH@Z	SOURCE/netwin	0.648719	0.186199		shape=0.609;size=0.927;calls=1.000;alternate=pol20:void fileRequester::CleanUpData(void)@0x0008d48f:0.514286
0x000152f3	0x176	buka21	0x000752c3	?nb_recv_complete@@YIXH@Z	SOURCE/netwin	0.538434	0.064938		shape=0.430;size=0.832;calls=1.000;alternate=pol20:void advManager::SaveAdventureBorder(void)@0x00069976:0.450782
0x00015469	0x87	buka21	0x000753fa	?nb_format_name@@YIXPADPAE@Z	SOURCE/netwin	0.502333	0.111386		shape=0.300;size=0.874;calls=1.000;alternate=pol20:void fullMap::Close(void)@0x0000b0c4:0.494134
0x000154f0	0x147	pol20	0x00020546	int combatManager::ViewSpells(int)	SOURCE/SPELLS	0.402882	0.026671	cmbtmous.mse|spelmous.mse	shape=0.299;size=0.298;calls=0.250;strings=spelmous.mse;alternate=buka21:?ViewSpells@combatManager@@QAEHH@Z@0x000987f7:0.380473
0x00015637	0x160	pol20	0x00020990	int CombatSpecialHandler(struct tag_message &)	SOURCE/SPELLS	0.583946	0.112670		shape=0.468;size=0.989;calls=0.833;alternate=buka21:?CombatSpecialHandler@@YIHAAUtag_message@@@Z@0x00098bc1:0.424503
0x00015797	0x295	pol20	0x00020aec	int HandleCastSpell(struct tag_message &)	SOURCE/SPELLS	0.706243	0.706243	Invalid Teleport Destination|Select Spell Target|Select teleport destination.	shape=0.383;size=0.969;calls=0.900;strings=Invalid Teleport Destination|Select Spell Target|Select teleport destination.;alternate=buka21:?HandleCastSpell@@YIHAAUtag_message@@@Z@0x00098cbc:0.504410
0x00015a2c	0x2f0	pol20	0x00099a6c	int CanBuild(class town *, int)	SOURCE/KB	0.436790	0.051315		shape=0.176;size=0.922;calls=1.000;alternate=buka21:?ValidSpellTarget@combatManager@@QAEHHH@Z@0x0009912f:0.376053
0x00015d1c	0x128	pol20	0x0002159c	void combatManager::SpellMessage(int, int)	SOURCE/SPELLS	0.498431	0.498431	Cast %s|Cast %s on %s|Teleport Here	shape=0.248;size=0.542;calls=0.800;strings=Cast %s|Cast %s on %s|Teleport Here;alternate=buka21:?SpellMessage@combatManager@@QAEXHH@Z@0x000994a8:0.358863
0x00015e44	0xd69	buka21	0x0004e8d9	?LoadGame@game@@QAEXPADHH@Z	SOURCE/GAME	0.442365	0.005015	%d %s rise from the dead!|%d %s rises from the dead!|Dragons are not affected by magic!|RSBRYFZL.82M|The Dwarves' magic resistance canceled the spell!|The lightning bolt does %d damage to the %s.|spell%02d.82M|telein.82m	shape=0.243;size=0.781;calls=0.953;alternate=pol20:void combatManager::Resurrect(int, int, int)@0x00029089:0.426321
0x00016bad	0xcb	pol20	0x00095317	void combatManager::RaiseDoor(void)	SOURCE/CMBTMGR	0.492987	0.005098		shape=0.314;size=0.883;calls=0.800;alternate=buka21:??0bankBox@@QAE@HHPAVplayerData@@@Z@0x000a2055:0.468137
0x00016c78	0x407	pol20	0x00032632	void strip::DrawIcons(int)	SOURCE/STRIP	0.498224	0.018404		shape=0.328;size=0.950;calls=0.643;alternate=buka21:?SplitMons@swapManager@@QAEXXZ@0x000a3c30:0.457416
0x0001707f	0x12e	pol20	0x00070d1a	int playerData::NextHero(int)	SOURCE/GAME	0.498309	0.093770		shape=0.253;size=0.997;calls=1.000;alternate=buka21:?TransmitAndWait@@YIHPADHHCCPAPAD@Z@0x0008e5d3:0.404752
0x000171ad	0x432	buka21	0x0009b2bd	?Fireball@combatManager@@QAEXHH@Z	SOURCE/SPELLS	0.573325	0.573325	The fireball does %d damage.|fireball.icn	shape=0.268;size=0.794;calls=0.643;strings=fireball.icn;alternate=pol20:void combatManager::Fireball(int, int)@0x00023762:0.560872
0x000175df	0x439	pol20	0x00023d85	void combatManager::MeteorShower(int)	SOURCE/SPELLS	0.652248	0.652248	The meteor shower does %d damage.|meteor.icn	shape=0.306;size=0.896;calls=0.889;strings=The meteor shower does %d damage.|meteor.icn;alternate=buka21:?MeteorShower@combatManager@@QAEXH@Z@0x0009b805:0.570305
0x00017a18	0x2f3	pol20	0x0002414e	void combatManager::ElementalStorm(void)	SOURCE/SPELLS	0.649358	0.649358	The elemental storm does %d damage.|storm.icn	shape=0.278;size=0.990;calls=0.824;strings=The elemental storm does %d damage.|storm.icn;alternate=buka21:?ElementalStorm@combatManager@@QAEXXZ@0x0009bb35:0.609860
0x00017d0b	0x3e5	pol20	0x00090aa0	int combatManager::Open(int);   // virtual [override (implements baseManager pure virtual)]	SOURCE/CMBTMGR	0.601852	0.160584	The armaggedon does %d damage.|kb.pal	shape=0.253;size=0.917;calls=0.558;strings=kb.pal;alternate=buka21:?Open@combatManager@@UAEHH@Z@0x000269fe:0.595931
0x000180f0	0x152	pol20	0x000bdbf0	int army::FindPath(int, int, int, int, int)	SOURCE/PATH	0.612504	0.125086		shape=0.500;size=0.976;calls=1.000;alternate=buka21:?FindPath@army@@QAEHHHHHH@Z@0x0007ce90:0.473003
0x00018242	0x9e	pol20	0x000bdd3a	int army::ValidPath(int, int)	SOURCE/PATH	0.726276	0.163396		shape=0.750;size=0.975;calls=1.000;alternate=buka21:?ValidPath@army@@QAEHHH@Z@0x0007cf9d:0.547636
0x000182e0	0x7b	pol20	0x000bddd4	int army::GetMoveMask(int)	SOURCE/PATH	0.556881	0.094146		shape=0.422;size=0.886;calls=1.000;alternate=buka21:?PuzzleDraw@advManager@@QAEXHHHH@Z@0x000140fa:0.420543
0x0001835b	0xbf	pol20	0x000bde41	int army::GetAttackMask(int, int, int)	SOURCE/PATH	0.606849	0.145127		shape=0.500;size=0.948;calls=1.000;alternate=buka21:?_CallSETranslator@@YAHPAUEHExceptionRecord@@PAUEHRegistrationNode@@PAX2PBU_s_FuncInfo@@H1@Z@0x000d6baa:0.417905
0x0001841a	0x2d	pol20	0x000bdef6	int army::ValidMove(int)	SOURCE/PATH	0.767000	0.025737		shape=0.833;size=0.956;calls=1.000;alternate=buka21:?DrawString@font@@QAEXPADHHH@Z@0x000c3a30:0.449635
0x00018447	0x1fc	pol20	0x000bdf21	int army::ValidMove(int, int)	SOURCE/PATH	0.489622	0.012243		shape=0.400;size=0.670;calls=1.000;alternate=buka21:?ValidMove@army@@QAEHHH@Z@0x0007d13b:0.474712
0x00018643	0x295	pol20	0x000be217	int army::ValidAttack(int, int, int, int, int *)	SOURCE/PATH	0.569417	0.076322		shape=0.416;size=0.949;calls=1.000;alternate=buka21:?ValidAttack@army@@QAEHHHHHPAH@Z@0x0007d361:0.443505
0x000188d8	0x11e	pol20	0x0006c79d	int hero::HasSpell(int)	SOURCE/HERO	0.419122	0.051552	D:\Heroes\Source\PATH.CPP	shape=0.227;size=0.724;calls=1.000;alternate=buka21:?_CallSETranslator@@YAHPAUEHExceptionRecord@@PAUEHRegistrationNode@@PAX2PBU_s_FuncInfo@@H1@Z@0x000d6baa:0.366189
0x000189f6	0xf8	pol20	0x0009e02b	void AddNetBoxLine(char *, char)	SOURCE/KB	0.419565	0.036880	D:\Heroes\Source\PATH.CPP	shape=0.259;size=0.802;calls=0.500;alternate=buka21:?_CallSETranslator@@YAHPAUEHExceptionRecord@@PAUEHRegistrationNode@@PAX2PBU_s_FuncInfo@@H1@Z@0x000d6baa:0.409284
0x00018aee	0x4c2	pol20	0x000be59d	int army::ValidRange(int)	SOURCE/PATH	0.621660	0.198672		shape=0.552;size=0.901;calls=1.000;alternate=buka21:?ValidRange@army@@QAEHH@Z@0x0007d5f6:0.506149
0x00018fb0	0x58	pol20	0x000be9e7	int OppositeDirection(int)	SOURCE/PATH	0.582432	0.057110		shape=0.405;size=1.000;calls=1.000;alternate=buka21:?TownIDToTownPos@game@@QAEHPAVplayerData@@H@Z@0x0005fd91:0.397766
0x00019008	0x988	pol20	0x000bea3f	int army::GetBestDirection(int, int, int)	SOURCE/PATH	0.494623	0.214664		shape=0.279;size=0.944;calls=1.000;alternate=buka21:?InitNewGame@game@@QAEXPAUSMapHeader@@@Z@0x000756e8:0.257718
0x00019990	0x15	pol20	0x0001d011	long int KBTickCount(void)	SOURCE/kbwin	0.970000	0.970000		instruction-sequence;alternate=buka21:__ui64toa@0x000e5fed:0.488462
0x000199a5	0x79	buka21	0x000bf990	?LogTruncate@@YIXXZ	BASE/Misc	0.606653	0.018103	KB.LOG	shape=0.316;size=0.834;calls=0.667;strings=KB.LOG;alternate=pol20:void LogStr(char *)@0x000c6120:0.521876
0x00019a1e	0xa6	buka21	0x000bfa30	?LogStr@@YIXPAD@Z	BASE/Misc	0.724628	0.062043	KB.LOG	shape=0.429;size=0.928;calls=1.000;strings=KB.LOG;alternate=pol20:void LogStr(char *)@0x000c6120:0.561953
0x00019ac4	0x86	buka21	0x000bfa30	?LogStr@@YIXPAD@Z	BASE/Misc	0.666478	0.025059	KB.LOG	shape=0.348;size=0.870;calls=0.833;strings=KB.LOG;alternate=pol20:void LogStr(char *)@0x000c6120:0.542936
0x00019b4a	0x8a	buka21	0x000bfa30	?LogStr@@YIXPAD@Z	BASE/Misc	0.665936	0.024651	KB.LOG	shape=0.348;size=0.896;calls=0.833;strings=KB.LOG;alternate=pol20:void LogStr(char *)@0x000c6120:0.551937
0x00019bd4	0xab	buka21	0x000bfa30	?LogStr@@YIXPAD@Z	BASE/Misc	0.653499	0.043835	KB.LOG	shape=0.348;size=0.901;calls=0.833;strings=KB.LOG;alternate=pol20:void LogStr(char *)@0x000c6120:0.574371
0x00019c7f	0xb3	buka21	0x000bfa30	?LogStr@@YIXPAD@Z	BASE/Misc	0.639001	0.043247	KB.LOG	shape=0.348;size=0.860;calls=0.833;strings=KB.LOG;alternate=pol20:void LogStr(char *)@0x000c6120:0.567097
0x00019d32	0x1f	pol20	0x000cf6c0	void heroWindow::DrawWindow(void)	BASE/WINDOW	0.716875	0.040033		shape=0.733;size=0.969;calls=1.000;alternate=buka21:?DrawWindow@heroWindow@@QAEXH@Z@0x000bb240:0.513429
0x00019d51	0x4e	pol20	0x0009e999	struct SAMPLE2 LoadPlaySample(char *)	SOURCE/KB	0.583120	0.018410		shape=0.593;size=0.929;calls=0.500;alternate=buka21:?Close@highScoreManager@@UAEXXZ@0x000652d6:0.437953
0x00019d9f	0x177	pol20	0x0003781b	void ResetHeroRVs(int, int, int)	SOURCE/PHILAI	0.615758	0.139213		shape=0.567;size=0.858;calls=1.000;alternate=buka21:?ResetHeroRVs@@YIXHHH@Z@0x0007e1ef:0.536822
0x00019f16	0x1ef	pol20	0x000379d0	void CheckDoMain(int, int)	SOURCE/PHILAI	0.618072	0.091861		shape=0.658;size=0.776;calls=0.909;alternate=buka21:?CheckDoMain@@YIXHH@Z@0x0007e376:0.463287
0x0001a105	0x10	pol20	0x000d7990	void cleanUpAndFail(void)	BASE/Bzip	1.000000	0.000000		normalized-instructions;alternate=buka21:?_JumpToContinuation@@YGXPAXPAUEHRegistrationNode@@@Z@0x000d6a49:0.331647
0x0001a115	0x8c	pol20	0x000250db	void combatManager::Ripple(int)	SOURCE/SPELLS	0.580073	0.058049		shape=0.457;size=0.914;calls=1.000;alternate=buka21:?ViewArtifact@hero@@QAEXHHH@Z@0x0006171c:0.504014
0x0001a1a1	0x5e	pol20	0x00037b60	void philAI::constructor(void)	SOURCE/PHILAI	0.824195	0.144999		shape=1.000;size=0.904;calls=1.000;alternate=buka21:?ClearEffects@combatManager@@QAEXXZ@0x00097724:0.457111
0x0001a1ff	0xb0	pol20	0x00037bb5	void philAI::DoAllHeroInteractions(void)	SOURCE/PHILAI	0.764785	0.147220		shape=0.830;size=0.977;calls=1.000;alternate=buka21:?DoAllHeroInteractions@philAI@@QAEXXZ@0x0007e524:0.414032
0x0001a2af	0x445	pol20	0x00037fdf	void philAI::CheckBuyStuff(void)	SOURCE/PHILAI	0.712561	0.712561	CheckBuy End  |CheckBuy Start	shape=0.463;size=0.900;calls=0.824;strings=CheckBuy End  |CheckBuy Start;alternate=buka21:?CheckBuyStuff@philAI@@QAEXXZ@0x0007e8cf:0.641449
0x0001a6f4	0x1a9	pol20	0x0003849d	int philAI::GoodAdjacent(int *)	SOURCE/PHILAI	0.497341	0.031594		shape=0.573;size=0.571;calls=0.600;alternate=buka21:?DoSpellAI@combatManager@@QAEHHH@Z@0x00095da0:0.436975
0x0001a89d	0x473	pol20	0x00038785	void philAI::CheckReload(void)	SOURCE/PHILAI	0.704738	0.216387		shape=0.705;size=0.943;calls=1.000;alternate=buka21:?FindCombatPath@searchArray@@QAEHHHPAVarmy@@HH@Z@0x0004a906:0.440539
0x0001ad10	0x294	pol20	0x00038c3d	void philAI::CheckBerserk(void)	SOURCE/PHILAI	0.661589	0.198437		shape=0.702;size=0.857;calls=0.833;alternate=buka21:?CheckBerserk@philAI@@QAEXXZ@0x0007f41f:0.559466
0x0001afa4	0x1a0	pol20	0x000393a9	int philAI::DoDimensionDoor(class hero *)	SOURCE/PHILAI	0.658533	0.199349		shape=0.731;size=0.827;calls=0.800;alternate=buka21:?DoDimensionDoor@philAI@@QAEHPAVhero@@@Z@0x0007fadd:0.515108
0x0001b144	0x8f0	pol20	0x00039631	void philAI::DoAI(int)	SOURCE/PHILAI	0.697107	0.697107	===================================|DO AI|DO AI 1|Player with HeroTOMOVE|RES - %15s  %d  %d	shape=0.558;size=0.705;calls=0.741;strings====================================|DO AI|DO AI 1;alternate=buka21:?DoAI@philAI@@QAEXH@Z@0x0007fd23:0.641984
0x0001ba34	0x4b	pol20	0x0003a2de	void philAI::GetGameAIVars(void)	SOURCE/PHILAI	0.970000	0.970000		instruction-sequence;alternate=buka21:?_UnwindNestedFrames@@YGXPAUEHRegistrationNode@@PAUEHExceptionRecord@@@Z@0x000d6a92:0.451477
0x0001ba7f	0x6a0	pol20	0x000273df	void combatManager::ShowMassSpell(signed char (* const)[20], int, int)	SOURCE/SPELLS	0.479177	0.017730		shape=0.272;size=0.989;calls=0.688;alternate=buka21:?InitMap@ExpCampaign@@QAEXXZ@0x000b3427:0.467280
0x0001c11f	0x600	pol20	0x0003b154	void philAI::GetBestBHC(int, struct BHC &)	SOURCE/PHILAI	0.875178	0.875178	BestBHC |Turns Owned	shape=0.733;size=0.992;calls=1.000;strings=BestBHC |Turns Owned;alternate=buka21:?GetBestBHC@philAI@@QAEXHAAUBHC@@@Z@0x00081580:0.679791
0x0001c71f	0x11c	pol20	0x0003b748	class hero * philAI::DetermineHeroToMove(int)	SOURCE/PHILAI	0.636868	0.177850		shape=0.528;size=0.996;calls=1.000;alternate=buka21:?DetermineHeroToMove@philAI@@QAEPAVhero@@H@Z@0x00081b1f:0.426644
0x0001c83b	0x932	pol20	0x00081c47	void game::SetupTowns(void)	SOURCE/GAME	0.513484	0.057279	Hero, Best RV	shape=0.295;size=0.979;calls=0.944;alternate=buka21:?SetupTowns@game@@QAEXXZ@0x0005c623:0.484116
0x0001d16d	0x64d	pol20	0x0003c6e2	void philAI::ProbableOutcomeOfBattle(class armyGroup *, class hero *, class armyGroup *, class hero *, class armyGroup *, int, int, int, float &, int &, int &, int &, int &, int &)	SOURCE/PHILAI	0.685350	0.253093		shape=0.812;size=0.833;calls=0.700;alternate=buka21:?ProbableOutcomeOfBattle@philAI@@QAEXPAVarmyGroup@@PAVhero@@010HHHAAMAAH3333@Z@0x00082969:0.549946
0x0001d7ba	0x1e	pol20	0x0003ce73	float philAI::GetOddsOfWinning(int)	SOURCE/PHILAI	1.000000	1.000000		normalized-instructions;alternate=buka21:_strncmp@0x000d7f60:0.313122
0x0001d7d8	0x59b	buka21	0x0003883f	?UpdateGrid@combatManager@@QAEHHH@Z	SOURCE/DRAWING	0.442754	0.048890		shape=0.183;size=0.864;calls=1.000;alternate=pol20:void GetCategoryStats(int, long int * const, signed char * const)@0x0001b692:0.441935
0x0001dd73	0x185	pol20	0x0003d6b7	void philAI::GetBestBuilding(class town *, struct BHC &, float &)	SOURCE/PHILAI	0.642545	0.122100	Town:%2d  Building: % 15s   Raw BC = %8.2f,  RandBC = %8.2f.	shape=0.590;size=0.946;calls=0.875;alternate=buka21:?GetBestBuilding@philAI@@QAEXPAVtown@@AAUBHC@@AAM@Z@0x0008372c:0.526596
0x0001def8	0x2f5	pol20	0x0003d852	void philAI::ValueOfBuyingCreature(class town *, int, int &, int, float &)	SOURCE/PHILAI	0.715076	0.223606		shape=0.709;size=0.978;calls=1.000;alternate=buka21:?DoSurrender@combatManager@@QAEHXZ@0x0003049b:0.434764
0x0001e1ed	0x211	pol20	0x0003db58	void philAI::GetBestCreature(class town *, struct BHC &, float &)	SOURCE/PHILAI	0.550365	0.019527	Town:%2d  Creature: % 15s   Raw BC = %8.2f,  RandBC = %8.2f.	shape=0.604;size=0.616;calls=0.875;alternate=buka21:?GetBestCreature@philAI@@QAEXPAVtown@@AAUBHC@@AAM@Z@0x00083b03:0.467416
0x0001e3fe	0x48	pol20	0x0003deb3	int philAI::CreaturesToBuy(class town *, int)	SOURCE/PHILAI	0.970000	0.970000		instruction-sequence;alternate=buka21:?CreaturesToBuy@philAI@@QAEHPAVtown@@H@Z@0x00083dfb:0.500833
0x0001e446	0x5f	pol20	0x0003defb	int philAI::CreaturesToBuy(int, int)	SOURCE/PHILAI	1.000000	1.000000		normalized-instructions;alternate=buka21:?CreaturesToBuy@philAI@@QAEHHH@Z@0x00083e3a:0.451161
0x0001e4a5	0x9b	pol20	0x0003df5a	int philAI::MaxBuyableCreatures(int)	SOURCE/PHILAI	0.722807	0.169525		shape=0.738;size=0.994;calls=1.000;alternate=buka21:?MaxBuyableCreatures@philAI@@QAEHH@Z@0x00083e81:0.533802
0x0001e540	0x1bc	pol20	0x0003dff6	void philAI::ValueOfBuyingHero(class town *, class hero *, int &, float &)	SOURCE/PHILAI	0.520475	0.019696		shape=0.561;size=0.643;calls=0.700;alternate=buka21:?ValueOfBuyingHero@philAI@@QAEXPAVtown@@PAVhero@@AAHAAM@Z@0x00083f03:0.452634
0x0001e6fc	0x1a0	pol20	0x0003e2a8	void philAI::GetBestHero(class town *, struct BHC &, float &)	SOURCE/PHILAI	0.864781	0.864781	Town:%2d  Hero    : % 15i   Raw BC = %8.2f,  RandBC = %8.2f.	shape=0.720;size=0.961;calls=1.000;strings=Town:%2d  Hero    : % 15i   Raw BC = %8.2f,  RandBC = %8.2f.;alternate=buka21:?GetBestHero@philAI@@QAEXPAVtown@@AAUBHC@@AAM@Z@0x0008410d:0.649528
0x0001e89c	0x65	pol20	0x0003e459	void philAI::LikelihoodOfEnemyAttacking(class town *, class hero *, float &, float &, int &, int &, int &, float &)	SOURCE/PHILAI	1.000000	1.000000		normalized-instructions;alternate=buka21:?LikelihoodOfEnemyAttacking@philAI@@QAEXPAVtown@@PAVhero@@AAM2AAH332@Z@0x0008428e:0.488198
0x0001e901	0x1a	pol20	0x000cca50	int soundManager::Main(struct tag_message &);   // virtual [override (implements baseManager pure virtual)]	BASE/soundmgr	1.000000	0.000000		normalized-instructions;alternate=buka21:_strncmp@0x000d7f60:0.300265
0x0001e91b	0x1d3	pol20	0x0003e4d8	void philAI::GetGameAttentionValue(int)	SOURCE/PHILAI	0.706312	0.462180		shape=0.685;size=0.989;calls=1.000;alternate=buka21:_nb_init@0x00073e34:0.340167
0x0001eaee	0xed	pol20	0x0003e6b0	void philAI::GetTurnAttentionValue(int)	SOURCE/PHILAI	0.724050	0.224376		shape=0.737;size=0.979;calls=1.000;alternate=buka21:?GetTurnAttentionValue@philAI@@QAEXH@Z@0x0008443e:0.502675
0x0001ebdb	0xa6	pol20	0x0003e7a2	int philAI::RVConversion(int * const)	SOURCE/PHILAI	0.970000	0.970000		instruction-sequence;alternate=buka21:?CallCatchBlock@@YAPAXPAUEHExceptionRecord@@PAUEHRegistrationNode@@PAU_CONTEXT@@PBU_s_FuncInfo@@PAXHK@Z@0x000d9f63:0.421537
0x0001ec81	0xca	pol20	0x0003e848	float philAI::TurnsToBuy(int * const)	SOURCE/PHILAI	0.970000	0.970000		instruction-sequence;alternate=buka21:?TurnsToBuy@philAI@@QAEMQAH@Z@0x00084575:0.555651
0x0001ed4b	0x55e	pol20	0x0003e918	int philAI::RVOfPosition(int, int, int, int, int, int, int, int, int, int)	SOURCE/PHILAI	0.569220	0.104531		shape=0.512;size=0.869;calls=0.684;alternate=buka21:?RVOfPosition@philAI@@QAEHHHHHHHHHHH@Z@0x00084642:0.513260
0x0001f2a9	0x1a	pol20	0x000d4ae0	void initBogusModel(void)	BASE/Bzip	0.646756	0.003006		shape=0.769;size=0.605;calls=1.000;alternate=buka21:?DrawWindow@heroWindow@@QAEXH@Z@0x000bb240:0.473714
0x0001f2c3	0x8bd	pol20	0x0003ef45	int philAI::StrategicValueOfPosition(int, int, int, int, int *, int)	SOURCE/PHILAI	0.540911	0.099433		shape=0.454;size=0.796;calls=0.917;alternate=buka21:?StrategicValueOfPosition@philAI@@QAEHHHHHPAHH@Z@0x00084b78:0.499321
0x0001fb80	0xb1	pol20	0x0004a9a7	void army::InitClean(void)	SOURCE/ARMY	0.491895	0.000045		shape=0.290;size=0.797;calls=1.000;alternate=buka21:?CallCatchBlock@@YAPAXPAUEHExceptionRecord@@PAUEHRegistrationNode@@PAU_CONTEXT@@PBU_s_FuncInfo@@PAXHK@Z@0x000d9f63:0.406179
0x0001fc31	0x176	pol20	0x0003fb8c	void philAI::TurnCostResource(int)	SOURCE/PHILAI	0.767693	0.282627		shape=0.837;size=0.974;calls=1.000;alternate=buka21:?EffectSpellResurrect@combatManager@@QAEXPAHHH@Z@0x00097be4:0.393690
0x0001fda7	0x134	pol20	0x0003fd0c	float philAI::TurnValueOfObelisk(int)	SOURCE/PHILAI	0.612721	0.169972		shape=0.622;size=0.826;calls=0.833;alternate=buka21:?TurnValueOfObelisk@philAI@@QAEMH@Z@0x0008584e:0.491757
0x0001fedb	0x51	pol20	0x0003fe81	float philAI::FutureDeflator(int * const)	SOURCE/PHILAI	1.000000	1.000000		normalized-instructions;alternate=buka21:?FutureDeflator@philAI@@QAEMQAH@Z@0x00085981:0.484127
0x0001ff2c	0x764	pol20	0x0003fed2	int philAI::FightValueOfStack(class armyGroup *, class hero *, int, int, int, int)	SOURCE/PHILAI	0.462015	0.008102		shape=0.521;size=0.617;calls=0.382;alternate=buka21:?CheckLevel@hero@@QAEXXZ@0x000620c8:0.432374
0x00020690	0x1da	pol20	0x00040aca	void philAI::EvaluateOneTimeCreaturePurchase(int, int, int, int &, int &, int &)	SOURCE/PHILAI	0.711456	0.214361		shape=0.705;size=0.973;calls=1.000;alternate=buka21:?EvaluateOneTimeCreaturePurchase@philAI@@QAEXHHHAAH00@Z@0x00086369:0.513526
0x0002086a	0x3a7	pol20	0x0002f834	void combatManager::DoLoseWindow(void)	SOURCE/COMMAND	0.480376	0.009076		shape=0.265;size=0.978;calls=0.895;alternate=buka21:?Main@recruitUnit@@UAEHAAUtag_message@@@Z@0x0008c96a:0.461377
0x00020c11	0xbae	pol20	0x0004183b	void philAI::HeroInteractionAtTown(class hero *, class town *, int, int *)	SOURCE/PHILAI	0.528491	0.030866		shape=0.482;size=0.728;calls=0.909;alternate=buka21:?HeroInteractionAtTown@philAI@@QAEXPAVhero@@PAVtown@@HPAH@Z@0x00086ed0:0.484024
0x000217bf	0x61	pol20	0x0008d3c0	int fileRequester::MapExistsForFilter(int)	SOURCE/REQUEST	0.557487	0.008051		shape=0.485;size=0.980;calls=0.500;alternate=buka21:?_UnwindNestedFrames@@YGXPAUEHRegistrationNode@@PAUEHExceptionRecord@@@Z@0x000d6a92:0.414439
0x00021820	0xc7	pol20	0x000425b0	void philAI::ChooseEvaluateBattle(class armyGroup *, class hero *, class armyGroup *, class hero *, int, int, int, int &, int &)	SOURCE/PHILAI	0.970000	0.970000		instruction-sequence;alternate=buka21:?ChooseEvaluateBattle@philAI@@QAEXPAVarmyGroup@@PAVhero@@01HHHAAH2@Z@0x00087a7b:0.572029
0x000218e7	0x69	pol20	0x00045d80	int philAI::EvaluatePassword(class mapCell *)	SOURCE/PHILAI	0.561484	0.037654		shape=0.425;size=0.895;calls=1.000;alternate=buka21:?FindAudiereSample@@YIPAUAudiereSampleNode@@PAVsample@@@Z@0x000cc8b0:0.347351
0x00021950	0x1d	pol20	0x000993c5	int NullHandler(struct tag_message &)	SOURCE/KB	0.970000	0.000000		instruction-sequence;alternate=buka21:?_JumpToContinuation@@YGXPAXPAUEHRegistrationNode@@@Z@0x000d6a49:0.389824
0x0002196d	0x194	pol20	0x000b1973	void advManager::TransferArtifacts(class hero *, class hero *)	SOURCE/EVENTS	0.481107	0.051995		shape=0.325;size=0.847;calls=0.625;alternate=buka21:?TransferArtifacts@advManager@@QAEXPAVhero@@0@Z@0x00044949:0.437337
0x00021b01	0x25c	pol20	0x000af652	void advManager::JailEvent(class mapCell *, class hero *, int, int)	SOURCE/EVENTS	0.525079	0.029785		shape=0.330;size=0.917;calls=1.000;alternate=buka21:?SwapArtifacts@swapManager@@QAEXXZ@0x000a344e:0.456572
0x00021d5d	0x100	pol20	0x000427e1	void philAI::BuildBuilding(class town *, int)	SOURCE/PHILAI	0.490471	0.013045		shape=0.378;size=0.840;calls=0.750;alternate=buka21:?Update@recruitUnit@@QAEXXZ@0x0008c855:0.449016
0x00021e5d	0x188	pol20	0x00042ead	int philAI::CanBuyBHC(struct BHC &)	SOURCE/PHILAI	0.620357	0.201435		shape=0.656;size=0.883;calls=0.667;alternate=buka21:?CanBuyBHC@philAI@@QAEHAAUBHC@@@Z@0x00088284:0.453882
0x00021fe5	0x177	pol20	0x00043007	int philAI::CombatMonsterEvent(class hero *, int, int *, class mapCell *)	SOURCE/PHILAI	0.657453	0.216926		shape=0.604;size=0.949;calls=1.000;alternate=buka21:?CombatMonsterEvent@philAI@@QAEHPAVhero@@HPAHPAVmapCell@@@Z@0x0008839b:0.554517
0x0002215c	0x26a	pol20	0x00043980	void philAI::TownEvent(class mapCell *, class hero *, int, int)	SOURCE/PHILAI	0.463747	0.020493		shape=0.238;size=0.892;calls=0.818;alternate=buka21:?GetVictoryConditionText@game@@QAEXPAD@Z@0x00079471:0.446669
0x000223c6	0x73	pol20	0x00043842	int philAI::DamageGroup(class armyGroup *, class hero *, class hero *, float)	SOURCE/PHILAI	1.000000	1.000000		normalized-instructions;alternate=buka21:?DamageGroup@philAI@@QAEHPAVarmyGroup@@PAVhero@@1M@Z@0x00088b14:0.548912
0x00022439	0x66	pol20	0x000c8740	void resourceManager::AddResource(class resource *)	BASE/RESMGR	0.599462	0.019282		shape=0.519;size=0.833;calls=1.000;alternate=buka21:?add_node@@YIXPAUtag_Anchor@@PAUtag_Node@@@Z@0x00032760:0.473478
0x0002249f	0xcb	pol20	0x000438b5	void philAI::IncrementHourGlass(void)	SOURCE/PHILAI	0.970000	0.970000		instruction-sequence;alternate=buka21:?IncrementHourGlass@philAI@@QAEXXZ@0x00088b69:0.522473
0x0002256a	0x221	pol20	0x00043980	void philAI::TownEvent(class mapCell *, class hero *, int, int)	SOURCE/PHILAI	0.685669	0.153043		shape=0.639;size=0.989;calls=1.000;alternate=buka21:?TownEvent@philAI@@QAEXPAVmapCell@@PAVhero@@HH@Z@0x00088c35:0.582749
0x0002278b	0x2085	pol20	0x00043fc4	int philAI::ValueOfEventAtPosition(int, int, int, int *)	SOURCE/PHILAI	0.517794	0.074255		shape=0.357;size=0.823;calls=0.964;alternate=buka21:?ValueOfEventAtPosition@philAI@@QAEHHHHPAH@Z@0x0008911d:0.465517
0x00024810	0x10	pol20	0x000d14e0	void textWidget::SetColorIndex(short int)	BASE/TEXTWDGT	0.550000	0.011250		shape=0.500;size=0.750;calls=1.000;alternate=buka21:__initptd@0x000da3be:0.521579
0x00024820	0x30	pol20	0x000d9750	void resource::constructor(short int, unsigned long int, short int, class resource *)	BASE/RESOURCE	0.422750	0.043107		shape=0.111;size=0.938;calls=1.000;alternate=buka21:_$E19@0x00025d9d:0.291159
0x00024850	0x50	pol20	0x000a4b60	int searchArray::QuickDistance(int, int, int, int)	SOURCE/FINDPATH	0.477232	0.227881		shape=0.268;size=0.800;calls=1.000;alternate=buka21:??0mouseManager@@QAE@XZ@0x000b9050:0.117293
0x000248a0	0x60	pol20	0x00053ce5	int army::MidX(void)	SOURCE/ARMY	0.412001	0.076684		shape=0.125;size=0.793;calls=1.000;alternate=buka21:?MusicFlagsActive@@YIEXZ@0x000c5780:0.314191
0x00024900	0x50	pol20	0x000d20e0	void * border::scalar_dtor(unsigned int);   // virtual [override (implements widget pure virtual)]	BASE/BORDER	0.318964	0.000000		shape=0.057;size=0.963;calls=0.000;alternate=buka21:?FirstResurrectable@combatManager@@QAEHHPAHH@Z@0x0009781f:0.285941
0x00024950	0x300	pol20	0x000a53f0	int searchArray::FindCombatPath(int, int, class army *, int, int)	SOURCE/FINDPATH	0.450697	0.095824		shape=0.275;size=0.738;calls=1.000;alternate=buka21:?LoadIcons@combatManager@@QAEXXZ@0x00027a8b:0.357675
0x00024c50	0x140	pol20	0x000a5800	void searchArray::PushCombatPoint(int, int, int, int)	SOURCE/FINDPATH	0.509323	0.141593		shape=0.351;size=0.800;calls=1.000;alternate=buka21:?PushCombatPoint@searchArray@@QAEXHHHH@Z@0x0004ae29:0.387621
0x00024d90	0x2b0	pol20	0x000a4c20	void searchArray::PushPoint(int, int, int, int, int, int, int, int, int, int, int, int)	SOURCE/FINDPATH	0.524827	0.188199		shape=0.324;size=0.907;calls=1.000;alternate=buka21:?PushPoint@searchArray@@QAEXHHHHHHHHHHHH@Z@0x00049e3c:0.441615
0x00025040	0x280	buka21	0x000adba9	?HandleViewGeneral@@YIHAAUtag_message@@@Z	SOURCE/VIEW	0.468335	0.042233		shape=0.246;size=0.991;calls=0.667;alternate=pol20:void searchArray::TestPossibleDirections(int, int, signed char * const, signed char * const, int, int)@0x000a4e90:0.434193
0x000252c0	0x2cc	pol20	0x00056350	void advManager::constructor(void)	SOURCE/ADVMGR	0.831193	0.306313		shape=1.000;size=0.914;calls=1.000;alternate=buka21:??0advManager@@QAE@XZ@0x00001000:0.538995
0x0002558c	0x1f	pol20	0x000d40b0	void setGlobalCRC(unsigned int)	BASE/Bzip	0.970000	0.000000		instruction-sequence;alternate=buka21:?_JumpToContinuation@@YGXPAXPAUEHRegistrationNode@@@Z@0x000d6a49:0.429882
0x000255ab	0xea6	pol20	0x0005665f	int advManager::Open(int);   // virtual [override (implements baseManager pure virtual)]	SOURCE/ADVMGR	0.643450	0.017069	advManager|adv_wind.bin|advmice.mse|art32.icn|b-bflg32.icn|b-flag32.icn|barb32.icn|boat32.icn|clof32.til|clop32.icn|flag32.icn|g-bflg32.icn|g-flag32.icn|ground32.til|hourglas.icn|kngt32.icn|minimon.icn|mons32.icn|mtn32.icn|obj32-00.icn|obj32-01.icn|obj32-02.icn|obj32-03.icn|obj32-04.icn|obj32-05.icn|obj32-06.icn|obj32-07.icn|r-bflg32.icn|r-flag32.icn|radar.icn|ressmall.icn|route.icn|rsrc32.icn|scroll.icn|shadow32.icn|smcrest.icn|sorc32.icn|ston.til|stonback.icn|town32.icn|tree32.icn|wrlk32.icn|y-bflg32.icn|y-flag32.icn	shape=0.519;size=0.668;calls=0.611;strings=advManager|adv_wind.bin|advmice.mse;alternate=buka21:?HeroQuickView@advManager@@QAEXHHHH@Z@0x0000c322:0.614928
0x00026451	0x3bd	pol20	0x00057028	void advManager::Close(void);   // virtual [override (implements baseManager pure virtual)]	SOURCE/ADVMGR	0.625719	0.176067		shape=0.569;size=0.926;calls=0.909;alternate=buka21:?Close@advManager@@UAEXXZ@0x00001c47:0.555933
0x0002680e	0xc7	pol20	0x00057432	void advManager::GetCursorSampleSet(int)	SOURCE/ADVMGR	0.894289	0.894289	wsnd%1d%1d.82M	shape=0.833;size=0.854;calls=1.000;strings=wsnd%1d%1d.82M;alternate=buka21:?GetCursorSampleSet@advManager@@QAEXH@Z@0x00001fff:0.701218
0x000268d5	0x619	pol20	0x0005751b	class mapCell * advManager::DoAdvCommand(void)	SOURCE/ADVMGR	0.578493	0.056326		shape=0.456;size=0.903;calls=0.923;alternate=buka21:?DoAdvCommand@advManager@@QAEPAVmapCell@@XZ@0x000020d7:0.528946
0x00026eee	0xe10	pol20	0x00057d6c	int advManager::Main(struct tag_message &);   // virtual [override (implements baseManager pure virtual)]	SOURCE/ADVMGR	0.707359	0.212940	Are you sure you want to load a new game?  (Your current game will be lost)|Are you sure you want to quit?|Are you sure you want to restart?  (Your current game will be lost)	shape=0.417;size=0.887;calls=0.986;strings=Are you sure you want to load a new game?  (Your current game will be lost)|Are you sure you want to quit?|Are you sure you want to restart?  (Your current game will be lost);alternate=buka21:?Main@advManager@@UAEHAAUtag_message@@@Z@0x000027cf:0.507706
0x00027cfe	0x22	pol20	0x00058d46	void advManager::Reseed(int, int)	SOURCE/ADVMGR	1.000000	0.030000		normalized-instructions;alternate=buka21:?_JumpToContinuation@@YGXPAXPAUEHRegistrationNode@@@Z@0x000d6a49:0.409824
0x00027d20	0xe39	pol20	0x00058d68	int advManager::ProcessSelect(struct tag_message *, class mapCell * *)	SOURCE/ADVMGR	0.581557	0.081541	World Map (Left click to move viewing area).	shape=0.426;size=0.968;calls=0.957;alternate=buka21:?ProcessSelect@advManager@@QAEHPAUtag_message@@PAPAVmapCell@@@Z@0x000035e9:0.526004
0x00028b59	0x1ea	pol20	0x00079856	int game::ViewSpells(class hero *, int, int (*)(struct tag_message &), int)	SOURCE/GAME	0.520945	0.079935	One or more Heroes may still move, are you sure you want to end your turn?	shape=0.323;size=0.984;calls=0.786;alternate=buka21:?DataEntryWindowHandler@@YIHAAUtag_message@@@Z@0x000c0a50:0.451001
0x00028d43	0x49b	pol20	0x0005a07c	int advManager::ProcessSearch(int, int)	SOURCE/ADVMGR	0.710456	0.039866	%s%s|A great tragedy - the enemy has found the Eye of Goros!!!  The people abandon you, all is lost.|After spending many hours digging here, you have uncovered the Eye of Goros!!!!|Congratulations! After spending many hours digging here, you have uncovered the |DIGSOUND.82M|Digging for artifacts requires a whole day, try again tomorrow.|Try looking on land!!!|Try searching on clear ground.|You have no room to carry another artifact!	shape=0.497;size=0.797;calls=0.935;strings=%s%s|Congratulations! After spending many hours digging here, you have uncovered the |DIGSOUND.82M;alternate=buka21:?ProcessSearch@advManager@@QAEHHH@Z@0x00004692:0.676641
0x000291de	0xc02	pol20	0x0005a644	int advManager::ProcessHover(int, int)	SOURCE/ADVMGR	0.548369	0.047660		shape=0.441;size=0.859;calls=0.971;alternate=buka21:?DetermineTargetPosition@philAI@@QAEHAAH0H0@Z@0x00081c03:0.472809
0x00029de0	0x265	pol20	0x0005b094	void advManager::UpdateScreen(int, int)	SOURCE/ADVMGR	0.573689	0.052670		shape=0.516;size=0.878;calls=0.818;alternate=buka21:?Open@recruitUnit@@UAEHH@Z@0x0008c522:0.510181
0x0002a045	0x359	pol20	0x0005b2ae	void advManager::CompleteDraw(int, int, int, int)	SOURCE/ADVMGR	0.588811	0.074262		shape=0.701;size=0.681;calls=0.706;alternate=buka21:?CompleteDraw@advManager@@QAEXHHHH@Z@0x00005718:0.459172
0x0002a39e	0x3a	pol20	0x00066656	int advManager::ComboDraw(int)	SOURCE/ADVMGR	0.970000	0.970000		instruction-sequence;alternate=buka21:?DrawString@font@@QAEXPADHHH@Z@0x000c3a30:0.519719
0x0002a3d8	0x40d	pol20	0x0005b7d3	int advManager::GetCloudLookup(int, int)	SOURCE/ADVMGR	0.570070	0.291363		shape=0.440;size=0.904;calls=1.000;alternate=buka21:?InitNewGame@game@@QAEXPAUSMapHeader@@@Z@0x000756e8:0.347447
0x0002a7e5	0xee8	buka21	0x00081c03	?DetermineTargetPosition@philAI@@QAEHAAH0H0@Z	SOURCE/PHILAI	0.457522	0.027113		shape=0.217;size=0.899;calls=0.941;alternate=pol20:void townManager::SetupCastle(class heroWindow *, int)@0x0001d040:0.416819
0x0002b6cd	0x7d	pol20	0x000395b8	void ValidateHero(class hero *)	SOURCE/PHILAI	0.525679	0.126388		shape=0.306;size=0.968;calls=1.000;alternate=buka21:?ValidateHero@@YIXPAVhero@@@Z@0x0007fcc0:0.399928
0x0002b74a	0x57e	pol20	0x0006cee8	void hero::Deallocate(int)	SOURCE/HERO	0.450143	0.020181		shape=0.284;size=0.994;calls=0.500;alternate=buka21:?Deallocate@hero@@QAEXH@Z@0x000617f2:0.394787
0x0002bcc8	0x596	pol20	0x0005f127	void advManager::QuickInfo(int, int)	SOURCE/ADVMGR	0.438796	0.438796	Artifact|Border|Mine|Uncharted territory|hPgL|otile%d oi%d ot%d ei%d fl%d %s X%d Y%d|qwikinfo.bin	shape=0.321;size=0.290;calls=0.556;strings=Artifact|Border|Mine;alternate=buka21:?QuickInfo@advManager@@QAEXHH@Z@0x00009363:0.437984
0x0002c25e	0x3c8	pol20	0x00060465	void advManager::UpdateHeroLocator(int, int, int)	SOURCE/ADVMGR	0.657853	0.144901		shape=0.674;size=0.868;calls=0.917;alternate=buka21:?UpdateHeroLocator@advManager@@QAEXHHH@Z@0x0000a491:0.539169
0x0002c626	0x108	pol20	0x000607ad	void advManager::UpdateHeroLocators(int, int)	SOURCE/ADVMGR	0.770289	0.242294		shape=0.836;size=0.977;calls=1.000;alternate=buka21:?UpdateHeroLocators@advManager@@QAEXHH@Z@0x0000a78f:0.520706
0x0002c72e	0x27f	pol20	0x000608af	void advManager::UpdateTownLocators(int, int)	SOURCE/ADVMGR	0.606121	0.146801		shape=0.610;size=0.859;calls=0.727;alternate=buka21:?UpdateTownLocators@advManager@@QAEXHH@Z@0x0000a85c:0.535916
0x0002c9ad	0x19f	pol20	0x00060b97	void advManager::UpdBottomView(int, int, int)	SOURCE/ADVMGR	0.655986	0.143128		shape=0.633;size=0.902;calls=1.000;alternate=buka21:?UpdBottomView@advManager@@QAEXHHH@Z@0x0000aaee:0.587774
0x0002cb4c	0x132	pol20	0x00060d63	void advManager::ClearBottomView(void)	SOURCE/ADVMGR	0.970000	0.970000		instruction-sequence;alternate=buka21:?ClearBottomView@advManager@@QAEXXZ@0x0000ac4c:0.613154
0x0002cc7e	0x5bf	pol20	0x00060e95	int advManager::UpdBottomViewEnemyTurn(void)	SOURCE/ADVMGR	0.774654	0.171102	brcrest.icn|hourglas.icn|stonback.icn	shape=0.609;size=0.889;calls=0.857;strings=brcrest.icn|hourglas.icn|stonback.icn;alternate=buka21:?UpdBottomViewEnemyTurn@advManager@@QAEHXZ@0x0000ad72:0.738388
0x0002d23d	0x3e0	buka21	0x0000b2ad	?UpdBottomViewNewTurn@advManager@@QAEHXZ	SOURCE/ADVMGR	0.861364	0.145966	%s: %d|%s: %d  %s: %d|Month|Week|bigfont.fnt|smalfont.fnt|stonback.icn|sunmoon.icn	shape=0.778;size=0.910;calls=0.840;strings=%s: %d|%s: %d  %s: %d|bigfont.fnt;alternate=pol20:int advManager::UpdBottomViewNewTurn(void)@0x000613b0:0.840691
0x0002d61d	0x3fa	pol20	0x00061716	int advManager::UpdBottomViewResMsg(void)	SOURCE/ADVMGR	0.792129	0.119209	resource.icn|smalfont.fnt|stonback.icn	shape=0.686;size=0.848;calls=0.793;strings=resource.icn|smalfont.fnt|stonback.icn;alternate=buka21:?UpdBottomViewResMsg@advManager@@QAEHXZ@0x0000b634:0.790087
0x0002da17	0x3ce	pol20	0x00061a75	int advManager::UpdBottomViewKingdom(void)	SOURCE/ADVMGR	0.832527	0.131732	ressmall.icn|smalfont.fnt|stonback.icn	shape=0.736;size=0.890;calls=0.850;strings=ressmall.icn|smalfont.fnt|stonback.icn;alternate=buka21:?UpdBottomViewKingdom@advManager@@QAEHXZ@0x0000b9b8:0.769757
0x0002dde5	0x62c	pol20	0x00061dd8	int advManager::UpdBottomViewHero(void)	SOURCE/ADVMGR	0.670287	0.060948	mons32.icn|smalfont.fnt|smcrest.icn|stonback.icn	shape=0.422;size=0.893;calls=0.625;strings=mons32.icn|smalfont.fnt|stonback.icn;alternate=buka21:?UpdBottomViewHero@advManager@@QAEHXZ@0x0000bd33:0.635193
0x0002e411	0xd46	pol20	0x0006235b	void advManager::HeroQuickView(int, int, int, int)	SOURCE/ADVMGR	0.716424	0.029095	mons32.icn|qhero0.bin|qhero1.bin|smalfont.fnt	shape=0.411;size=0.994;calls=0.880;strings=mons32.icn|qhero0.bin|qhero1.bin;alternate=buka21:?TownQuickView@advManager@@QAEXHHHH@Z@0x0000d1f9:0.673251
0x0002f157	0xe2	pol20	0x0006308d	char * advManager::GetArmySizeName(int, int)	SOURCE/ADVMGR	0.542788	0.222118		shape=0.444;size=0.785;calls=1.000;alternate=buka21:?GetArmySizeName@advManager@@QAEPADHH@Z@0x0000d11d:0.463915
0x0002f239	0xc51	pol20	0x000631ad	void advManager::TownQuickView(int, int, int, int)	SOURCE/ADVMGR	0.731096	0.055028	None|Unknown|mons32.icn|qtown1.bin|smalfont.fnt	shape=0.426;size=0.987;calls=0.941;strings=None|Unknown|mons32.icn;alternate=buka21:?TownQuickView@advManager@@QAEXHHHH@Z@0x0000d1f9:0.675336
0x0002fe8a	0xe8	pol20	0x00063dd6	void advManager::RedrawAdvScreen(int, int)	SOURCE/ADVMGR	0.663640	0.055399	bord.bmp	shape=0.725;size=0.808;calls=0.909;alternate=buka21:?RedrawAdvScreen@advManager@@QAEXHH@Z@0x0000deca:0.562981
0x0002ff72	0x1f	pol20	0x000d40b0	void setGlobalCRC(unsigned int)	BASE/Bzip	0.970000	0.000000		instruction-sequence;alternate=buka21:?_JumpToContinuation@@YGXPAXPAUEHRegistrationNode@@@Z@0x000d6a49:0.429882
0x0002ff91	0x27	pol20	0x00063f14	void advManager::DeactivateCurrHero(void)	SOURCE/ADVMGR	0.970000	0.970000		instruction-sequence;alternate=buka21:?putSymbol@@YIXPAUModel@@HPAUBitStream@@@Z@0x000c77e0:0.424759
0x0002ffb8	0x59	pol20	0x00063f3b	void advManager::MobilizeCurrHero(int)	SOURCE/ADVMGR	0.783714	0.169946		shape=0.857;size=0.989;calls=1.000;alternate=buka21:?MobilizeCurrHero@advManager@@QAEXH@Z@0x0000dffa:0.511468
0x00030011	0x199	pol20	0x00063f95	void advManager::DemobilizeCurrHero(void)	SOURCE/ADVMGR	0.610326	0.069386		shape=0.590;size=0.890;calls=0.800;alternate=buka21:??0textEntryWidget@@QAE@FFFFFPAD0F0FFFFHH@Z@0x000d1d50:0.488822
0x000301aa	0x255	pol20	0x00064101	void advManager::SetTownContext(int)	SOURCE/ADVMGR	0.577707	0.076986		shape=0.470;size=0.896;calls=0.923;alternate=buka21:?SetTownContext@advManager@@QAEXH@Z@0x0000e186:0.489027
0x000303ff	0x3e6	pol20	0x00064318	void advManager::SetHeroContext(int, int)	SOURCE/ADVMGR	0.610103	0.076972		shape=0.530;size=0.916;calls=0.947;alternate=buka21:?SetHeroContext@advManager@@QAEXHH@Z@0x0000e374:0.499995
0x000307e5	0x290	pol20	0x000648d9	void advManager::DoTownKnob(void)	SOURCE/ADVMGR	0.558376	0.000000		shape=0.480;size=0.852;calls=0.867;alternate=buka21:?DoKnob@game@@QAEXXZ@0x0007c253:0.470772
0x00030a75	0x290	pol20	0x000648d9	void advManager::DoTownKnob(void)	SOURCE/ADVMGR	0.558376	0.000000		shape=0.480;size=0.852;calls=0.867;alternate=buka21:?DoKnob@game@@QAEXXZ@0x0007c253:0.470772
0x00030d05	0x3da	pol20	0x0006a1dd	void advManager::ViewPuzzle(void)	SOURCE/ADVMGR	0.761105	0.126493	advmice.mse|puzzle.icn|viewpuzl.bin	shape=0.617;size=0.807;calls=0.917;strings=advmice.mse|puzzle.icn|viewpuzl.bin;alternate=buka21:?ShowInfo@ExpCampaign@@QAEXHH@Z@0x000b3aba:0.641621
0x000310df	0x236	buka21	0x0000f085	?DimensionDoorHandler@@YIHAAUtag_message@@@Z	SOURCE/ADVMGR	0.457938	0.014890		shape=0.235;size=0.878;calls=0.750;alternate=pol20:void combatManager::ResetRound(void)@0x0002c47a:0.449351
0x00031315	0x1f2	pol20	0x00064b08	void advManager::CastSpell(int)	SOURCE/ADVMGR	0.552689	0.552689	Enemy Heroes are now fully identifiable.|Your hero is too tired to cast this spell today.  Try again tomorrow.	shape=0.386;size=0.542;calls=0.615;strings=Your hero is too tired to cast this spell today.  Try again tomorrow.;alternate=buka21:?SpellMessage@combatManager@@QAEXHH@Z@0x000994a8:0.408605
0x00031507	0x1127	pol20	0x0000126d	void SmackManagerMain(void)	SOURCE/SMACKMGR	0.597964	0.050033	advmice.mse|flag6.icn|ground6.icn|letters.icn|mtn6.icn|spheres.icn|town6.icn|tree6.icn|view-%02d.bin	shape=0.260;size=0.978;calls=0.552;strings=advmice.mse;alternate=buka21:?SmackManagerMain@@YIXXZ@0x00094769:0.595891
0x0003262e	0x41	pol20	0x000d4980	void dumpModelStats(struct Model *)	BASE/Bzip	0.656328	0.008183		shape=0.667;size=0.969;calls=0.667;alternate=buka21:__CallSettingFrame@12@0x000da300:0.501153
0x0003266f	0x321	pol20	0x000bc00e	void ExpCampaign::ShowInfo(int, int)	SOURCE/X_CAMPGN	0.705463	0.045094	advmice.mse|cpanel.bin	shape=0.405;size=0.964;calls=0.880;strings=advmice.mse;alternate=buka21:?ShowInfo@ExpCampaign@@QAEXHH@Z@0x000b3aba:0.657703
0x00032990	0x227	pol20	0x00095ebf	void UpdateCombatSystemOptions(int)	SOURCE/CMBTMGR	0.611395	0.119650		shape=0.535;size=0.889;calls=1.000;alternate=buka21:?UpdateCombatSystemOptions@@YIXH@Z@0x0002b346:0.522132
0x00032bb7	0x232	pol20	0x00064e9f	int SaveGame(void)	SOURCE/ADVMGR	0.786923	0.132033	*.CGM|*.GM*|.CGM|.GM%d|.\GAMES\|Game saved successfully.|advmice.mse	shape=0.586;size=0.956;calls=0.889;strings=.GM%d|.\GAMES\|Game saved successfully.;alternate=buka21:?SaveGame@@YIHXZ@0x0000edaf:0.731974
0x00032de9	0x54b	pol20	0x00069fc2	void ComputeAdvNetControl(void)	SOURCE/ADVMGR	0.358475	0.043318		shape=0.262;size=0.216;calls=1.000;alternate=buka21:?GetCategoryStats@@YIXHQAJQAC@Z@0x000ac127:0.270312
0x00033334	0xab	pol20	0x000650eb	void advManager::CheckCastSpell(void)	SOURCE/ADVMGR	0.893028	0.432029	advmice.mse	shape=0.816;size=0.971;calls=0.857;strings=advmice.mse;alternate=buka21:?CheckCastSpell@advManager@@QAEXXZ@0x0000effa:0.587490
0x000333df	0x213	pol20	0x0006a724	void advManager::AdvPanel(void)	SOURCE/ADVMGR	0.717783	0.004008	advmice.mse|apanel.bin	shape=0.588;size=0.776;calls=0.720;strings=advmice.mse|apanel.bin;alternate=buka21:?ControlPanel@advManager@@QAEHXZ@0x00014562:0.677640
0x000335f2	0x1d3	pol20	0x0006a9d0	int APanelHandler(struct tag_message &)	SOURCE/ADVMGR	0.633602	0.214836		shape=0.536;size=0.981;calls=1.000;alternate=buka21:?APanelHandler@@YIHAAUtag_message@@@Z@0x00014417:0.407751
0x000337c5	0x34b	pol20	0x00065191	int DimensionDoorHandler(struct tag_message &)	SOURCE/ADVMGR	0.619430	0.082640		shape=0.525;size=0.944;calls=1.000;alternate=buka21:?DimensionDoorHandler@@YIHAAUtag_message@@@Z@0x0000f085:0.481967
0x00033b10	0xaf6	pol20	0x000654ad	int advManager::ComboDraw(int, int, int)	SOURCE/ADVMGR	0.500135	0.072000		shape=0.513;size=0.621;calls=0.778;alternate=buka21:?DoAI@philAI@@QAEXH@Z@0x0007fd23:0.423249
0x00034606	0x3a	pol20	0x00066656	int advManager::ComboDraw(int)	SOURCE/ADVMGR	0.970000	0.970000		instruction-sequence;alternate=buka21:?DrawString@font@@QAEXPADHHH@Z@0x000c3a30:0.519719
0x00034640	0x2dd	pol20	0x0006668e	void advManager::SetEnvironmentOrigin(int, int, int)	SOURCE/ADVMGR	0.679617	0.228194		shape=0.736;size=0.890;calls=0.800;alternate=buka21:?SetEnvironmentOrigin@advManager@@QAEXHHH@Z@0x000105eb:0.577153
0x0003491d	0x69	pol20	0x000669c6	void advManager::CheckLoadSample(int)	SOURCE/ADVMGR	0.970000	0.970000	loop%04d.82M	instruction-sequence;alternate=buka21:?CheckLoadSample@advManager@@QAEXH@Z@0x000108a1:0.741786
0x00034986	0x251	pol20	0x00066ef0	void advManager::InsertSound(int, int, int, int)	SOURCE/ADVMGR	0.575300	0.080855		shape=0.468;size=0.961;calls=0.750;alternate=buka21:?InsertSound@advManager@@QAEXHHHH@Z@0x00010d39:0.476286
0x00034bd7	0x340	pol20	0x0006712a	void advManager::TeleportTo(class hero *, int, int, int, int)	SOURCE/ADVMGR	0.567397	0.006658		shape=0.546;size=0.801;calls=0.864;alternate=buka21:?SetHeroContext@advManager@@QAEXHH@Z@0x0000e374:0.528377
0x00034f17	0x246	pol20	0x00067539	void advManager::DimensionDoor(void)	SOURCE/ADVMGR	0.731528	0.731528	Dimension Door failed!!!|dimdoor.bin	shape=0.514;size=0.871;calls=0.867;strings=Dimension Door failed!!!|dimdoor.bin;alternate=buka21:?DimensionDoor@advManager@@QAEXXZ@0x00011313:0.671113
0x0003515d	0x2a6	pol20	0x0006785d	void advManager::TownGate(int)	SOURCE/ADVMGR	0.477377	0.010304	Nearest town occupied.  Town Gate Failed!!!|No available town.  Town Gate Failed!!!|Town Gate Failed!!!  You must be on land for this spell to work.	shape=0.513;size=0.624;calls=0.526;alternate=buka21:?Open@recruitUnit@@UAEHH@Z@0x0008c522:0.462867
0x00035403	0x51c	pol20	0x00067c9b	void advManager::SummonBoat(void)	SOURCE/ADVMGR	0.690306	0.690306	Summon Boat failed!!!	shape=0.404;size=0.901;calls=0.867;strings=Summon Boat failed!!!;alternate=buka21:?SummonBoat@advManager@@QAEXXZ@0x000119fd:0.502597
0x0003591f	0x31b	pol20	0x00068247	void advManager::ShowRoute(int, int, int)	SOURCE/ADVMGR	0.543579	0.011331		shape=0.545;size=0.641;calls=1.000;alternate=buka21:?Open@recruitUnit@@UAEHH@Z@0x0008c522:0.441612
0x00035c3a	0x106	pol20	0x00068720	void advManager::HideRoute(int, int, int)	SOURCE/ADVMGR	0.724021	0.197955		shape=0.733;size=0.996;calls=1.000;alternate=buka21:?HideRoute@advManager@@QAEXHHH@Z@0x00012397:0.524051
0x00035d40	0x91	pol20	0x00068827	void advManager::CheckDimHero(void)	SOURCE/ADVMGR	0.674802	0.127010		shape=0.628;size=0.972;calls=1.000;alternate=buka21:?ShowHeroesLogo@game@@QAEXXZ@0x0005be8a:0.466658
0x00035dd1	0x6e	pol20	0x000688b4	void advManager::CheckDimNextHeroBut(void)	SOURCE/ADVMGR	0.686653	0.110991		shape=0.656;size=0.973;calls=1.000;alternate=buka21:?CheckDimNextHeroBut@advManager@@QAEXXZ@0x000124d6:0.454682
0x00035e3f	0x152	pol20	0x0006891f	void advManager::SeedTo(int, int)	SOURCE/ADVMGR	0.711908	0.242412		shape=0.737;size=0.923;calls=1.000;alternate=buka21:?SeedTo@advManager@@QAEXHH@Z@0x00012533:0.530039
0x00035f91	0x4f	pol20	0x000a2565	void UpdateNormalDialog(char *)	SOURCE/KB	0.527006	0.011669		shape=0.615;size=0.699;calls=0.333;alternate=buka21:?UpdateNormalDialog@@YIXPAD@Z@0x00070d22:0.401175
0x00035fe0	0x1b6	pol20	0x00068ab6	void advManager::ScreenScroll(int, int)	SOURCE/ADVMGR	0.597622	0.111767		shape=0.472;size=0.963;calls=1.000;alternate=buka21:?ScreenScroll@advManager@@QAEXHH@Z@0x00012697:0.463708
0x00036196	0x1e1	pol20	0x00068c5c	void advManager::CheckScreenScroll(void)	SOURCE/ADVMGR	0.561229	0.065222		shape=0.420;size=0.921;calls=1.000;alternate=buka21:?CheckScreenScroll@advManager@@QAEXXZ@0x0001283f:0.475412
0x00036377	0xa3	pol20	0x00068e17	int advManager::MouseInScrollZone(void)	SOURCE/ADVMGR	0.559253	0.114493		shape=0.444;size=0.890;calls=1.000;alternate=buka21:?MouseInScrollZone@advManager@@QAEHXZ@0x000129ad:0.376012
0x0003641a	0x283	pol20	0x00068ea8	void advManager::SetInitialMapOrigin(void)	SOURCE/ADVMGR	0.574589	0.049172		shape=0.490;size=0.924;calls=0.778;alternate=buka21:?SetInitialMapOrigin@advManager@@QAEXXZ@0x00012a12:0.512925
0x0003669d	0x152	pol20	0x00069160	void advManager::LoadRemote(void)	SOURCE/ADVMGR	0.694889	0.108791	REMOTE.GAM|advmice.mse	shape=0.492;size=0.758;calls=0.923;strings=advmice.mse;alternate=buka21:?LoadRemote@advManager@@QAEXXZ@0x00012c7a:0.559158
0x000367ef	0x178	pol20	0x0006931e	char * advManager::CheckHandleNet(void)	SOURCE/ADVMGR	0.461281	0.030746	receive exit	shape=0.415;size=0.718;calls=0.692;alternate=buka21:?GetMap@game@@QAEXXZ@0x000754b0:0.411841
0x00036967	0xd4	pol20	0x0006952a	int advManager::CheckHandleNetPlayerWait(struct tag_message &, int)	SOURCE/ADVMGR	0.602502	0.093885		shape=0.484;size=0.967;calls=1.000;alternate=buka21:?WaitForOtherPlayer@@YIHXZ@0x0006bfcd:0.454827
0x00036a3b	0x1c2	pol20	0x000695f7	void advManager::TrimLoopingSounds(int)	SOURCE/ADVMGR	0.809465	0.283129		shape=0.933;size=0.959;calls=1.000;alternate=buka21:?TrimLoopingSounds@advManager@@QAEXH@Z@0x0001311c:0.593881
0x00036bfd	0xd0	pol20	0x000698a1	void advManager::EnableButtons(void)	SOURCE/ADVMGR	0.760336	0.000000		shape=0.815;size=0.977;calls=1.000;alternate=buka21:?EnableButtons@advManager@@QAEXXZ@0x0001339c:0.552534
0x00036ccd	0xd0	pol20	0x000698a1	void advManager::EnableButtons(void)	SOURCE/ADVMGR	0.760336	0.000000		shape=0.815;size=0.977;calls=1.000;alternate=buka21:?EnableButtons@advManager@@QAEXXZ@0x0001339c:0.552534
0x00036d9d	0x138	pol20	0x00069976	void advManager::SaveAdventureBorder(void)	SOURCE/ADVMGR	0.740788	0.023596		shape=0.783;size=0.960;calls=1.000;alternate=buka21:?SaveAdventureBorder@advManager@@QAEXXZ@0x00013464:0.567475
0x00036ed5	0x13b	pol20	0x00069abb	void advManager::DrawAdventureBorder(void)	SOURCE/ADVMGR	0.805773	0.125215		shape=0.932;size=0.978;calls=1.000;alternate=buka21:?DrawAdventureBorder@advManager@@QAEXXZ@0x000135a6:0.567997
0x00037010	0x1bd	pol20	0x000559cb	void swapManager::SwapMons(void)	SOURCE/SWAPMGR	0.431428	0.041458		shape=0.295;size=0.843;calls=0.333;alternate=buka21:?UpdBottomView@advManager@@QAEXHHH@Z@0x0000aaee:0.356261
0x000371cd	0x4b4	pol20	0x00047211	int philAI::EvaluateTownEvent(int, int, int, int, int *)	SOURCE/PHILAI	0.469524	0.004234		shape=0.204;size=0.945;calls=0.882;alternate=buka21:?SummonBoat@advManager@@QAEXXZ@0x000119fd:0.461087
0x00037681	0x2f6	pol20	0x0003dff6	void philAI::ValueOfBuyingHero(class town *, class hero *, int &, float &)	SOURCE/PHILAI	0.453561	0.001251		shape=0.228;size=0.910;calls=0.769;alternate=buka21:?Main@combatManager@@UAEHAAUtag_message@@@Z@0x0002b850:0.430878
0x00037977	0x63	pol20	0x00088607	void combatManager::ClearEffects(void)	SOURCE/SPELLAI	0.750706	0.092944		shape=0.800;size=0.971;calls=1.000;alternate=buka21:?ResetHitByCreature@combatManager@@QAEXXZ@0x0002a11a:0.460319
0x000379da	0x40	pol20	0x0008866d	void combatManager::NextPos(int *)	SOURCE/SPELLAI	0.970000	0.970000		instruction-sequence;alternate=buka21:?NextPos@combatManager@@QAEXPAH@Z@0x00097776:0.466562
0x00037a1a	0x87	pol20	0x000886ad	int combatManager::FirstArmy(int, int, int *)	SOURCE/SPELLAI	0.681732	0.132187		shape=0.733;size=0.839;calls=1.000;alternate=buka21:?FirstArmy@combatManager@@QAEHHHPAH@Z@0x000977b3:0.566857
0x00037aa1	0x273	pol20	0x0002159c	void combatManager::SpellMessage(int, int)	SOURCE/SPELLS	0.436276	0.066220		shape=0.275;size=0.871;calls=0.400;alternate=buka21:?SplitArmy@townManager@@QAEXXZ@0x000a84b7:0.351090
0x00037d14	0xf9	pol20	0x00032f54	void town::Deallocate(void)	SOURCE/TOWN	0.516664	0.064957		shape=0.410;size=0.748;calls=1.000;alternate=buka21:?Deallocate@town@@QAEXXZ@0x000a42d0:0.477543
0x00037e0d	0x503	pol20	0x000887c1	void combatManager::EffectSpellCure(int *, int, int, int)	SOURCE/SPELLAI	0.458792	0.000004		shape=0.252;size=0.824;calls=1.000;alternate=buka21:?SummonBoat@advManager@@QAEXXZ@0x000119fd:0.410762
0x00038310	0x56d	pol20	0x0000bd60	int combatManager::ViewGeneral(int, int, int)	SOURCE/VIEW	0.711995	0.102140	%s the %s|port%04d.icn|vgenwin.bin	shape=0.531;size=0.795;calls=0.853;strings=%s the %s|port%04d.icn|vgenwin.bin;alternate=buka21:?ViewGeneral@combatManager@@QAEHHHH@Z@0x000ad4b0:0.677383
0x0003887d	0x222	pol20	0x000b1973	void advManager::TransferArtifacts(class hero *, class hero *)	SOURCE/EVENTS	0.462375	0.001438		shape=0.378;size=0.874;calls=0.200;alternate=buka21:?Main@textWidget@@UAEHAAUtag_message@@@Z@0x000c3240:0.402914
0x00038a9f	0x161	pol20	0x0000c784	void combatManager::ViewArmy(class army *, int)	SOURCE/VIEW	0.573697	0.191433		shape=0.417;size=0.989;calls=1.000;alternate=buka21:?ViewArmy@combatManager@@QAEXPAVarmy@@H@Z@0x000ade2f:0.474703
0x00038c00	0x1f8	pol20	0x000708b0	void playerData::Write(int)	SOURCE/GAME	0.755300	0.037093		shape=0.893;size=0.880;calls=0.885;alternate=buka21:?Write@playerData@@QAEXH@Z@0x0004bff0:0.582104
0x00038df8	0x1e8	pol20	0x00070aed	void playerData::Read(int)	SOURCE/GAME	0.748053	0.053157		shape=0.880;size=0.876;calls=0.880;alternate=buka21:?Read@playerData@@QAEXH@Z@0x0004c22b:0.555449
0x00038fe0	0x12c	pol20	0x00070d1a	int playerData::NextHero(int)	SOURCE/GAME	0.744515	0.317222		shape=0.774;size=0.997;calls=1.000;alternate=buka21:?NextHero@playerData@@QAEHH@Z@0x0004c457:0.473378
0x0003910c	0x68	pol20	0x00070e47	int playerData::HasMobileHero(void)	SOURCE/GAME	0.635249	0.059128		shape=0.550;size=0.971;calls=1.000;alternate=buka21:?_DestructExceptionObject@@YAXPAUEHExceptionRecord@@E@Z@0x000da26c:0.443578
0x00039174	0x5f	pol20	0x00049373	void game::InitEntireCampaign(int)	SOURCE/Campaign	0.551291	0.065291		shape=0.471;size=0.747;calls=1.000;alternate=buka21:??0baseManager@@QAE@XZ@0x000b5660:0.446683
0x000391d3	0xd1	pol20	0x00070f10	int playerData::BuildingsOwned(int, int, int)	SOURCE/GAME	0.721490	0.186866		shape=0.741;size=0.967;calls=1.000;alternate=buka21:?BuildingsOwned@playerData@@QAEHHHH@Z@0x0004c600:0.458433
0x000392a4	0x99	pol20	0x00070fda	int playerData::NumOfGivenArtifact(int)	SOURCE/GAME	0.789978	0.205991		shape=0.878;size=0.987;calls=1.000;alternate=buka21:?NumOfGivenArtifact@playerData@@QAEHH@Z@0x0004c6b4:0.433315
0x0003933d	0x386	pol20	0x000710f3	void ComputeUALoc(int)	SOURCE/GAME	0.536740	0.111532		shape=0.383;size=0.870;calls=1.000;alternate=buka21:?ComputeUALoc@@YIXH@Z@0x0004c7a3:0.528190
0x000396c3	0x1b0	pol20	0x0006cbdb	void hero::UpdateArmies(void)	SOURCE/HERO	0.466716	0.094616		shape=0.253;size=0.927;calls=0.727;alternate=buka21:?IconToBitmapScale@@YIXPAVicon@@PAVbitmap@@HHHHHHHHH@Z@0x000cc4e0:0.385934
0x00039873	0xb3	pol20	0x000717ac	int game::IsMobile(int)	SOURCE/GAME	0.596540	0.149964		shape=0.441;size=0.989;calls=1.000;alternate=buka21:?Select@button@@QAEFAAUtag_message@@@Z@0x000d3d70:0.376746
0x00039926	0x1e	pol20	0x00071861	class fullMap * game::GetWorldMapData(void)	SOURCE/GAME	0.970000	0.970000		instruction-sequence;alternate=buka21:?initBogusModel@@YIXXZ@0x000c7840:0.323750
0x00039944	0xd9	pol20	0x00039501	void philAI::SetupRelativeHeroStrengths(void)	SOURCE/PHILAI	0.529181	0.027811		shape=0.410;size=0.843;calls=1.000;alternate=buka21:?SetupRelativeHeroStrengths@philAI@@QAEXXZ@0x0007fc24:0.414306
0x00039a1d	0x5f	pol20	0x00085532	int game::TownIDToTownPos(class playerData *, int)	SOURCE/GAME	0.654961	0.000000		shape=0.600;size=0.979;calls=1.000;alternate=buka21:?TownIDToTownPos@game@@QAEHPAVplayerData@@H@Z@0x0005fd91:0.406382
0x00039a7c	0x74	pol20	0x000719f7	int game::RandomScan(signed char *, int, int, int, signed char)	SOURCE/GAME	0.603199	0.120962		shape=0.458;size=0.983;calls=1.000;alternate=buka21:?_UnwindNestedFrames@@YGXPAUEHRegistrationNode@@PAUEHExceptionRecord@@@Z@0x000d6a92:0.396640
0x00039af0	0x10e	pol20	0x00042677	int philAI::ChooseToFightForArtifact(int, int, int)	SOURCE/PHILAI	0.531524	0.010413		shape=0.449;size=0.926;calls=0.500;alternate=buka21:??1listBoxWidget@@UAE@XZ@0x000ce730:0.456673
0x00039bfe	0x8f	pol20	0x00071c80	int game::GetTownId(int, int)	SOURCE/GAME	0.573359	0.015577		shape=0.432;size=0.930;calls=1.000;alternate=buka21:?CongratsWait@@YIXXZ@0x0006d4bb:0.331991
0x00039c8d	0x87	pol20	0x00071d05	int game::GetMineId(int, int)	SOURCE/GAME	0.607359	0.023969		shape=0.476;size=0.978;calls=1.000;alternate=buka21:?CongratsWait@@YIXXZ@0x0006d4bb:0.347553
0x00039d14	0x129	pol20	0x00071d89	void GenerateStandardFileName(char *, char *)	SOURCE/GAME	0.809520	0.300298		shape=0.917;size=0.983;calls=1.000;alternate=buka21:?DeleteItem@dropListWidget@@QAEXH@Z@0x000d0240:0.448475
0x00039e3d	0x7b2	pol20	0x00089e6a	void highScoreManager::Update(void)	SOURCE/HISCORE	0.641828	0.007168	%s%s|%s.%s|%s.GM%d|.\DATA\|.\GAMES\|AUTOSAVE|PLYREXIT|REMOTE.GAM	shape=0.350;size=0.984;calls=0.617;strings=.\DATA\;alternate=buka21:?TransmitSaveGame@game@@QAEHHHH@Z@0x0005da83:0.618330
0x0003a5ef	0x9b2	pol20	0x000735bf	void game::LoadGame(char *, int, int)	SOURCE/GAME	0.707008	0.050142	%s%s|.\DATA\|.\GAMES\|NEWGAME|REMOTE.GAM	shape=0.540;size=0.798;calls=0.741;strings=%s%s|.\DATA\|.\GAMES\;alternate=buka21:?LoadGame@game@@QAEXPADHH@Z@0x0004e8d9:0.668603
0x0003afa1	0x581	pol20	0x00048e52	int CampaignHandler(struct tag_message &)	SOURCE/Campaign	0.444013	0.025439	A game requires at least one opponent.	shape=0.253;size=0.932;calls=0.500;alternate=buka21:?ProcessMouseMessage@listBoxWidget@@QAEHAAUtag_message@@@Z@0x000cf860:0.424199
0x0003b522	0x2c3	pol20	0x000b88d6	void game::UpdateNewGameWindow(void)	SOURCE/Newgame	0.502140	0.502140	%s %d%%|Difficulty Rating:	shape=0.341;size=0.492;calls=0.480;strings=%s %d%%;alternate=buka21:?UpdateNewGameWindow@game@@QAEXXZ@0x00076e3b:0.454910
0x0003b7e5	0x2c3	pol20	0x0002159c	void combatManager::SpellMessage(int, int)	SOURCE/SPELLS	0.454137	0.015332		shape=0.264;size=0.772;calls=0.833;alternate=buka21:?SetEnvironmentOrigin@advManager@@QAEXHHH@Z@0x000105eb:0.447058
0x0003baa8	0x3eb	buka21	0x000b3427	?InitMap@ExpCampaign@@QAEXXZ	SOURCE/X_CAMPGN	0.490495	0.049367	A large island of tight passes with a circular feel.|AES31000.map|Around the Bay|CNM51234.map|Claw ( Easy )|The Griffons will protect you until you are ready to make your move.|camp|hhjL|newgame.bin|origdata.bin	shape=0.201;size=0.596;calls=0.783;strings=origdata.bin;alternate=pol20:void ExpCampaign::InitMap(void)@0x000bb843:0.452660
0x0003be93	0x2ad	pol20	0x000bc00e	void ExpCampaign::ShowInfo(int, int)	SOURCE/X_CAMPGN	0.732851	0.039845	Are you sure you want to restart this scenario?|advmice.mse|campaign.bin	shape=0.547;size=0.824;calls=0.920;strings=Are you sure you want to restart this scenario?|advmice.mse;alternate=buka21:?ShowInfo@ExpCampaign@@QAEXHH@Z@0x000b3aba:0.710255
0x0003c140	0x7f	buka21	0x000b3427	?InitMap@ExpCampaign@@QAEXXZ	SOURCE/X_CAMPGN	0.246897	0.026931	origdata.bin	shape=0.124;size=0.075;calls=0.167;strings=origdata.bin;alternate=pol20:void ExpCampaign::InitMap(void)@0x000bb843:0.237857
0x0003c1bf	0x28c	pol20	0x000bb843	void ExpCampaign::InitMap(void)	SOURCE/X_CAMPGN	0.372397	0.057057	CAMP%d.CMP|origdata.bin	shape=0.228;size=0.327;calls=0.167;strings=origdata.bin;alternate=buka21:?InitMap@ExpCampaign@@QAEXXZ@0x000b3427:0.361177
0x0003c44b	0x1009	pol20	0x0001a783	void townManager::SetupThievesGuild(class heroWindow *, int)	SOURCE/TOWNMGR	0.500769	0.004432		shape=0.328;size=0.939;calls=0.980;alternate=buka21:?SetupCastle@townManager@@QAEXPAVheroWindow@@H@Z@0x00024320:0.465979
0x0003d454	0x6f	pol20	0x00010b29	void advManager::PurgeMapChangeQueue(void)	SOURCE/CURSOR	0.538877	0.068432		shape=0.351;size=0.949;calls=1.000;alternate=buka21:?_DestructExceptionObject@@YAXPAUEHExceptionRecord@@E@Z@0x000da26c:0.312250
0x0003d4c3	0x1e4	pol20	0x0000b569	struct mapCellExtra * fullMap::GetNewCellExtraObject(int, int)	EDITOR/mapcell	0.451621	0.000000		shape=0.260;size=0.965;calls=0.500;alternate=buka21:?SplitArmyHandler@@YIHAAUtag_message@@@Z@0x000aaa2e:0.404178
0x0003d6a7	0xc63	pol20	0x000493ba	void game::InitCampaignMap(void)	SOURCE/Campaign	0.457170	0.025964		shape=0.187;size=0.946;calls=0.857;alternate=buka21:?InitCampaignMap@game@@QAEXXZ@0x0002387e:0.421409
0x0003e30a	0x43a	pol20	0x00078b72	int game::LoadMap(char *)	SOURCE/GAME	0.682727	0.106393	%s%s|.\MAPS\	shape=0.323;size=0.946;calls=1.000;strings=%s%s|.\MAPS\;alternate=buka21:?LoadMap@game@@QAEHPAD@Z@0x00053b9e:0.657346
0x0003e744	0x321	pol20	0x000922e5	void combatManager::LoadArmies(void)	SOURCE/CMBTMGR	0.462894	0.035292		shape=0.276;size=0.913;calls=0.600;alternate=buka21:?ClaimTown@game@@QAEXHHH@Z@0x00053fd3:0.415111
0x0003ea65	0x2c9	pol20	0x00060465	void advManager::UpdateHeroLocator(int, int, int)	SOURCE/ADVMGR	0.365919	0.021329		shape=0.224;size=0.849;calls=0.000;alternate=buka21:?MessageHandler@ExpCampaign@@CIHAAUtag_message@@@Z@0x000b4e54:0.353450
0x0003ed2e	0x297	pol20	0x00079856	int game::ViewSpells(class hero *, int, int (*)(struct tag_message &), int)	SOURCE/GAME	0.661175	0.661175	No spells to cast.|spellwin.bin	shape=0.488;size=0.727;calls=0.733;strings=No spells to cast.|spellwin.bin;alternate=buka21:?ViewSpells@game@@QAEHPAVhero@@HP6IHAAUtag_message@@@ZH@Z@0x000546ee:0.637141
0x0003efc5	0xbb	pol20	0x00070345	int hero::GiveSS(int, int)	SOURCE/HERO	0.551272	0.056696		shape=0.392;size=0.979;calls=1.000;alternate=buka21:?SortStats@@YIXQAJQAC@Z@0x000ac5c7:0.447826
0x0003f080	0x1e0	pol20	0x0006cbdb	void hero::UpdateArmies(void)	SOURCE/HERO	0.573250	0.099551	%s[%d]	shape=0.459;size=0.971;calls=0.727;alternate=buka21:?UpdateArmies@hero@@QAEXXZ@0x00061520:0.463401
0x0003f260	0x4f8	pol20	0x00014f62	void townManager::SetArmyCommand(int)	SOURCE/TOWNMGR	0.358792	0.013772		shape=0.221;size=0.749;calls=0.556;alternate=buka21:?Draw@townObject@@QAEXH@Z@0x000a4923:0.356086
0x0003f758	0x175	pol20	0x0007a4cd	int ViewSpecialHandler(struct tag_message &)	SOURCE/GAME	0.526841	0.067693	hPgL	shape=0.342;size=0.982;calls=0.857;alternate=buka21:?ViewSpecialHandler@@YIHAAUtag_message@@@Z@0x000553d1:0.437152
0x0003f8cd	0x8e1	pol20	0x0007a649	void game::ViewArmy(int, int, int, int, class town *, int, int, int, class hero *, class army *, class armyGroup *, int)	SOURCE/GAME	0.639770	0.123694	 (%d)|%s%d|%s.wip|%s.wlk|armywin.bin|hPgL|swrdsman	shape=0.422;size=0.709;calls=0.817;strings= (%d)|%s%d|armywin.bin;alternate=buka21:?ViewArmy@game@@QAEXHHHHPAVtown@@HHHPAVhero@@PAVarmy@@PAVarmyGroup@@H@Z@0x00055529:0.612909
0x000401ae	0x1b8	pol20	0x0007b2cf	int ViewArmyHandler(struct tag_message &)	SOURCE/GAME	0.467763	0.467763	Are you sure you want to dismiss this army?	shape=0.304;size=0.434;calls=0.500;strings=Are you sure you want to dismiss this army?;alternate=buka21:?QuickViewRecruit@@YIXPAVtown@@H@Z@0x0008ceaa:0.439611
0x00040366	0xbf2	pol20	0x000ba39c	void game::ShowScenInfo(void)	SOURCE/Newgame	0.659472	0.010149	advmice.mse|bigfont.fnt|overban%01d.bmp|overmain.bmp|overview.icn|overwind.bin|smalfont.fnt	shape=0.318;size=0.958;calls=0.797;strings=advmice.mse|smalfont.fnt;alternate=buka21:?ShowScenInfo@game@@QAEXXZ@0x0007869f:0.613183
0x00040f58	0x28b	buka21	0x00073e34	_nb_init	SOURCE/netwin	0.364181	0.026941		shape=0.108;size=0.823;calls=0.750;alternate=pol20:int game::GetRandomNumTroops(int)@0x0007b6c4:0.294245
0x000411e3	0x3d	pol20	0x0007bd35	void game::TurnOnAIMusic(void)	SOURCE/GAME	0.748571	0.068087		shape=0.800;size=0.968;calls=1.000;alternate=buka21:?CancelComputerScreen@game@@QAEXXZ@0x0005bd55:0.435805
0x00041220	0x25	pol20	0x000d40b0	void setGlobalCRC(unsigned int)	BASE/Bzip	0.970000	0.000000		instruction-sequence;alternate=buka21:?_JumpToContinuation@@YGXPAXPAUEHRegistrationNode@@@Z@0x000d6a49:0.453882
0x00041245	0x4e1	pol20	0x0007bd99	void game::NextPlayer(void)	SOURCE/GAME	0.705988	0.297577	%s player turn.|AUTOSAVE	shape=0.457;size=0.873;calls=0.889;strings=AUTOSAVE;alternate=buka21:?NextPlayer@game@@QAEXXZ@0x00056c32:0.506997
0x00041726	0x280	pol20	0x0006c526	int hero::CalcMobility(void)	SOURCE/HERO	0.535166	0.042168		shape=0.364;size=0.986;calls=0.857;alternate=buka21:?TurnTo@advManager@@QAEXH@Z@0x00033e2c:0.372207
0x000419a6	0x463	pol20	0x000b718c	void game::InitNewGame(struct SMapHeader *)	SOURCE/Newgame	0.430649	0.007521		shape=0.268;size=0.961;calls=0.250;alternate=buka21:?InitNewGame@game@@QAEXPAUSMapHeader@@@Z@0x000756e8:0.378818
0x00041e09	0x84b	pol20	0x000bb843	void ExpCampaign::InitMap(void)	SOURCE/X_CAMPGN	0.455593	0.013337		shape=0.206;size=0.940;calls=0.833;alternate=buka21:?PerDay@game@@QAEXXZ@0x000574c6:0.429436
0x00042654	0x2e1	pol20	0x0007ec44	void game::PerMonth(void)	SOURCE/GAME	0.500605	0.038488		shape=0.381;size=0.833;calls=0.778;alternate=buka21:?DoHeroSplit@@YIXHH@Z@0x00064415:0.436850
0x00042935	0x67f	pol20	0x000273df	void combatManager::ShowMassSpell(signed char (* const)[20], int, int)	SOURCE/SPELLS	0.438053	0.007804		shape=0.250;size=0.970;calls=0.364;alternate=buka21:?ShowMassSpell@combatManager@@QAEXQAY0BE@CHH@Z@0x0009ea07:0.402778
0x00042fb4	0x3b4	pol20	0x00055fbd	void swapManager::SplitMons(void)	SOURCE/SWAPMGR	0.431635	0.020490		shape=0.217;size=0.954;calls=0.500;alternate=buka21:?SplitMons@swapManager@@QAEXXZ@0x000a3c30:0.410516
0x00043368	0x659	pol20	0x0007f5f1	void game::RandomizeMine(int, int)	SOURCE/GAME	0.524114	0.115510		shape=0.304;size=0.961;calls=1.000;alternate=buka21:?RandomizeMine@game@@QAEXHH@Z@0x0005a40e:0.423538
0x000439c1	0x79	pol20	0x0008d423	void fileRequester::SetupFiles(void)	SOURCE/REQUEST	0.532090	0.048870		shape=0.400;size=0.893;calls=1.000;alternate=buka21:?CongratsWait@@YIXXZ@0x0006d4bb:0.432321
0x00043a3a	0x102	pol20	0x00070685	void hero::DoSSLevelDialog(int, int)	SOURCE/HERO	0.503339	0.042988		shape=0.315;size=0.946;calls=0.800;alternate=buka21:??0bitmap@@QAE@K@Z@0x000c5df0:0.390844
0x00043b3c	0x2e0	pol20	0x000800a6	void game::SetRandomHeroArmies(int, int)	SOURCE/GAME	0.618267	0.186225		shape=0.570;size=0.829;calls=1.000;alternate=buka21:?SplitArmyHandler@@YIHAAUtag_message@@@Z@0x000aaa2e:0.425293
0x00043e1c	0x2cd	pol20	0x00032230	void strip::constructor(int, int, int, unsigned long int, int, class armyGroup *, int, int, int)	SOURCE/STRIP	0.461959	0.049281		shape=0.315;size=0.890;calls=0.438;alternate=buka21:??0strip@@QAE@HHHKHPAVarmyGroup@@HHH@Z@0x000a18a0:0.439983
0x000440e9	0x259	pol20	0x00080b64	void game::SetVisibility(int, int, int, int)	SOURCE/GAME	0.514645	0.161304		shape=0.316;size=0.932;calls=1.000;alternate=buka21:?SetVisibility@game@@QAEXHHHH@Z@0x0005b736:0.449662
0x00044342	0xfc	pol20	0x00080e6c	void game::GiveArmy(class armyGroup *, int, int, int)	SOURCE/GAME	1.000000	1.000000		normalized-instructions;alternate=buka21:?GiveArmy@game@@QAEXPAVarmyGroup@@HHH@Z@0x0005ba0c:0.542661
0x0004443e	0x8c	pol20	0x00080f68	int game::ExperienceValueOfStack(class armyGroup *, class hero *)	SOURCE/GAME	0.742155	0.168141		shape=0.780;size=0.966;calls=1.000;alternate=buka21:?ExperienceValueOfStack@game@@QAEHPAVarmyGroup@@PAVhero@@@Z@0x0005bad4:0.491573
0x000444ca	0x92	buka21	0x000c0530	?SGenRand@@YIHXZ	BASE/Misc	0.488668	0.024383		shape=0.203;size=1.000;calls=1.000;alternate=pol20:void game::RandomizeBarrier(class mapCell *)@0x00078aea:0.482175
0x0004455c	0x52	pol20	0x0006c462	void hero::Write(int, signed char)	SOURCE/HERO	0.556348	0.000000		shape=0.368;size=0.988;calls=1.000;alternate=buka21:__CallSettingFrame@12@0x000da300:0.441803
0x000445ae	0x89	pol20	0x0006bbea	int GetMobilityFrame(int)	SOURCE/ADVMGR	0.500528	0.015883		shape=0.300;size=0.927;calls=1.000;alternate=buka21:?SIncRandomize@@YIXHH@Z@0x000c0470:0.445259
0x00044637	0x24	pol20	0x000bb734	void ExpCampaign::ResetBonusChoices(void)	SOURCE/X_CAMPGN	0.595763	0.000000		shape=0.524;size=0.878;calls=1.000;alternate=buka21:?SRand@@YIXH@Z@0x000c0510:0.488870
0x0004465b	0xbf	pol20	0x00080ff9	int game::GetLuck(class hero *, class army *, class town *)	SOURCE/GAME	0.517605	0.106272		shape=0.556;size=0.650;calls=0.667;alternate=buka21:?CallCatchBlock@@YAPAXPAUEHExceptionRecord@@PAUEHRegistrationNode@@PAU_CONTEXT@@PBU_s_FuncInfo@@PAXHK@Z@0x000d9f63:0.407229
0x0004471a	0x350	pol20	0x00069bef	int advManager::FindAdjacentMonster(int, int, int *, int *, int, int)	SOURCE/ADVMGR	0.617693	0.108517		shape=0.653;size=0.866;calls=0.667;alternate=buka21:?FindAdjacentMonster@advManager@@QAEHHHPAH0HH@Z@0x000136da:0.502628
0x00044a6a	0xde	pol20	0x0008111f	void game::SetupAdjacentMons(void)	SOURCE/GAME	0.605592	0.135908		shape=0.500;size=0.921;calls=1.000;alternate=buka21:?SetupAdjacentMons@game@@QAEXXZ@0x0005bc76:0.519474
0x00044b48	0x61	pol20	0x00081210	void game::CancelComputerScreen(void)	SOURCE/GAME	1.000000	1.000000		normalized-instructions;alternate=buka21:?CancelComputerScreen@game@@QAEXXZ@0x0005bd55:0.526467
0x00044ba9	0x115	pol20	0x00081271	void game::ShowComputerScreen(void)	SOURCE/GAME	0.634354	0.094041		shape=0.652;size=0.856;calls=0.778;alternate=buka21:??0bitmap@@QAE@K@Z@0x000c5df0:0.481416
0x00044cbe	0xa8	pol20	0x0009e306	void FileError(char *)	SOURCE/KB	0.616681	0.006681	herologo.til	shape=0.513;size=0.964;calls=1.000;alternate=buka21:?CallCatchBlock@@YAPAXPAUEHExceptionRecord@@PAUEHRegistrationNode@@PAU_CONTEXT@@PBU_s_FuncInfo@@PAXHK@Z@0x000d9f63:0.538656
0x00044d66	0x155	pol20	0x000813fe	void game::WaitForPlayer(char *, int)	SOURCE/GAME	0.650692	0.114452		shape=0.625;size=0.947;calls=0.833;alternate=buka21:?WaitForPlayer@game@@QAEXPADH@Z@0x0005bf1f:0.547163
0x00044ebb	0xb2	pol20	0x00078a49	void game::InitializePasswords(void)	SOURCE/GAME	0.485981	0.038640		shape=0.302;size=0.904;calls=1.000;alternate=buka21:?InitRandomArtifacts@game@@QAEXXZ@0x0005a930:0.470880
0x00044f6d	0x129	pol20	0x00039501	void philAI::SetupRelativeHeroStrengths(void)	SOURCE/PHILAI	0.428314	0.002695		shape=0.316;size=0.616;calls=1.000;alternate=buka21:?Open@mouseManager@@UAEHH@Z@0x000b9180:0.388375
0x00045096	0x213	pol20	0x0000340e	void combatManager::SetupGridForArmy(class army *)	SOURCE/DRAWING	0.486464	0.036079		shape=0.342;size=1.000;calls=0.333;alternate=buka21:?SetupExtraStuff@townManager@@QAEXXZ@0x000a4d79:0.428511
0x000452a9	0x347	pol20	0x000922e5	void combatManager::LoadArmies(void)	SOURCE/CMBTMGR	0.500034	0.031561		shape=0.278;size=0.957;calls=0.833;alternate=buka21:?SpellEffect@army@@QAEXHHH@Z@0x0001f4ff:0.415697
0x000455f0	0x3b5	pol20	0x00082cbb	void game::CheckHeroConsistency(void)	SOURCE/GAME	0.572588	0.064159		shape=0.585;size=0.691;calls=1.000;alternate=buka21:?CheckHeroConsistency@game@@QAEXXZ@0x0005d5ba:0.487324
0x000459a5	0x6e9	pol20	0x00083219	int game::TransmitSaveGame(int, int, int)	SOURCE/GAME	0.790336	0.118722	%s%s|.\DATA\|PostWait|PreWait|REMOTE.GAM|Sending Data|Start Seg #|Transmit End|Transmit Game Start|Transmit Start	shape=0.597;size=0.971;calls=0.886;strings=%s%s|.\DATA\|PostWait;alternate=buka21:?TransmitSaveGame@game@@QAEHHHH@Z@0x0005da83:0.660125
0x0004608e	0x579	pol20	0x00083937	int game::ReceiveSaveGame(int, int, int, int)	SOURCE/GAME	0.740217	0.107945	%s%s|.\DATA\|Error receiving data.  Keep trying??|REMOTE.GAM|Receive End|Receiving Data	shape=0.607;size=0.835;calls=0.714;strings=%s%s|.\DATA\|Receive End;alternate=buka21:?ReceiveSaveGame@game@@QAEHHHHH@Z@0x0005e236:0.655741
0x00046607	0x42b	pol20	0x00083fc4	void game::DoNewTurn(void)	SOURCE/GAME	0.585808	0.101971		shape=0.476;size=0.962;calls=0.867;alternate=buka21:?DoNewTurn@game@@QAEXXZ@0x0005e8fe:0.487826
0x00046a32	0x58	pol20	0x0008c5ed	int armyGroup::GetNumArmies(void)	SOURCE/ARMYGRP	0.970000	0.000000		instruction-sequence;alternate=buka21:?_UnwindNestedFrames@@YGXPAUEHRegistrationNode@@PAUEHExceptionRecord@@@Z@0x000d6a92:0.360815
0x00046a8a	0x36f	buka21	0x00053b9e	?LoadMap@game@@QAEHPAD@Z	SOURCE/GAME	0.550977	0.003033	.MAP|.\MAPS\|????1???.MAP|?????2??.MAP|??????3?.MAP|???????4.MAP|reqextra.bin	shape=0.197;size=0.816;calls=0.893;strings=.\MAPS\;alternate=pol20:void game::GetMap(void)@0x000b6f40:0.549589
0x00046df9	0x98	pol20	0x00084471	int game::GetNumThievesGuilds(int)	SOURCE/GAME	0.622077	0.064946		shape=0.509;size=0.974;calls=1.000;alternate=buka21:?TurnsToBuy@philAI@@QAEMQAH@Z@0x00084575:0.379435
0x00046e91	0x30f	buka21	0x0007e5ac	?CheckForCreatureUpgrades@philAI@@QAEXXZ	SOURCE/PHILAI	0.442873	0.128798		shape=0.153;size=0.975;calls=1.000;alternate=pol20:int game::CalcDifficultyRating(void)@0x0008450d:0.361399
0x000471a0	0x138	pol20	0x00084620	int CalcBaseScore(int)	SOURCE/GAME	0.596771	0.188450		shape=0.754;size=0.637;calls=0.625;alternate=buka21:?GetNewCellExtraIndex@fullMap@@QAEHXZ@0x00072290:0.431450
0x000472d8	0x44e	pol20	0x000ba39c	void game::ShowScenInfo(void)	SOURCE/Newgame	0.427174	0.427174	%d%%|sceninfo.bin	shape=0.294;size=0.376;calls=0.319;strings=sceninfo.bin;alternate=buka21:?ShowScenInfo@game@@QAEXXZ@0x0007869f:0.394748
0x00047726	0x14f	pol20	0x00086153	void CheckValidAvailableHeroes(void)	SOURCE/GAME	0.526747	0.105546		shape=0.321;size=0.964;calls=1.000;alternate=buka21:?SwapMons@swapManager@@QAEXXZ@0x000a3699:0.402205
0x00047875	0xab	pol20	0x0008480a	void game::RestoreCell(int, int, int, int, class mapCell *, int)	SOURCE/GAME	0.720219	0.185133		shape=0.756;size=0.945;calls=1.000;alternate=buka21:?RestoreCell@game@@QAEXHHHHPAVmapCell@@H@Z@0x0005f13c:0.572404
0x00047920	0x3c	pol20	0x0008c040	void armyGroup::constructor(void)	SOURCE/ARMYGRP	1.000000	1.000000		normalized-instructions;alternate=buka21:??0armyGroup@@QAE@XZ@0x00021710:0.513410
0x0004795c	0x18	pol20	0x0008c07c	void armyGroup::View(int)	SOURCE/ARMYGRP	1.000000	0.000000		normalized-instructions;alternate=buka21:_strncmp@0x000d7f60:0.291751
0x00047974	0x11b	pol20	0x00080ff9	int game::GetLuck(class hero *, class army *, class town *)	SOURCE/GAME	0.517784	0.046070		shape=0.280;size=0.963;calls=1.000;alternate=buka21:?SaveAndDraw@mouseManager@@QAEXXZ@0x000ba160:0.391037
0x00047a8f	0x31	pol20	0x0004bc28	void army::Wince(void)	SOURCE/ARMY	0.663851	0.010390		shape=0.647;size=0.918;calls=1.000;alternate=buka21:?CreaturesToBuy@philAI@@QAEHPAVtown@@H@Z@0x00083dfb:0.326158
0x00047ac0	0x59	pol20	0x0006c4cd	int hero::HasArtifact(int)	SOURCE/HERO	0.650815	0.008090		shape=0.576;size=1.000;calls=1.000;alternate=buka21:?TownIDToTownPos@game@@QAEHPAVplayerData@@H@Z@0x0005fd91:0.418277
0x00047b19	0x153	pol20	0x0008c44b	int armyGroup::IsHomogeneous(int)	SOURCE/ARMYGRP	0.468798	0.078954		shape=0.393;size=0.985;calls=0.000;alternate=buka21:?Deallocate@town@@QAEXXZ@0x000a42d0:0.435897
0x00047c6c	0x54	pol20	0x0008c599	int armyGroup::CanJoin(int)	SOURCE/ARMYGRP	0.752258	0.163875		shape=0.800;size=1.000;calls=1.000;alternate=buka21:?CanJoin@armyGroup@@QAEHH@Z@0x00021bba:0.455116
0x00047cc0	0x59	pol20	0x00084419	int game::GetBoatsBuilt(void)	SOURCE/GAME	0.684014	0.008090		shape=0.645;size=0.989;calls=1.000;alternate=buka21:?_UnwindNestedFrames@@YGXPAUEHRegistrationNode@@PAUEHExceptionRecord@@@Z@0x000d6a92:0.360772
0x00047d19	0x132	pol20	0x0008c641	int armyGroup::Add(int, int, int)	SOURCE/ARMYGRP	0.539472	0.170024		shape=0.358;size=0.928;calls=1.000;alternate=buka21:?Deallocate@town@@QAEXXZ@0x000a42d0:0.462331
0x00047e4b	0x7d	pol20	0x0008c75d	void armyGroup::Swap(int, class armyGroup *, int)	SOURCE/ARMYGRP	0.763480	0.157548		shape=0.833;size=0.936;calls=1.000;alternate=buka21:?Swap@armyGroup@@QAEXHPAV1@H@Z@0x00021d1c:0.455476
0x00047ec8	0x158	pol20	0x0008c7d2	void armyGroup::DamageGroup(float)	SOURCE/ARMYGRP	0.739550	0.267338		shape=0.800;size=0.968;calls=1.000;alternate=buka21:?DamageGroup@armyGroup@@QAEXM@Z@0x00021d87:0.521804
0x00048020	0x1c	pol20	0x000d4050	void initialiseCRC(void)	BASE/Bzip	0.681538	0.032143		shape=0.692;size=0.929;calls=1.000;alternate=buka21:?_JumpToContinuation@@YGXPAXPAUEHRegistrationNode@@@Z@0x000d6a49:0.416706
0x0004803c	0x83d	pol20	0x0008ca91	int fileRequester::InitializeFiles(char *, char *, int)	SOURCE/REQUEST	0.736747	0.086654	%s%s|%s%s%s	shape=0.516;size=0.941;calls=0.829;strings=%s%s;alternate=buka21:?TransmitSaveGame@game@@QAEHHHH@Z@0x0005da83:0.626906
0x00048879	0x1f	pol20	0x000d40b0	void setGlobalCRC(unsigned int)	BASE/Bzip	0.970000	0.000000		instruction-sequence;alternate=buka21:?_JumpToContinuation@@YGXPAXPAUEHRegistrationNode@@@Z@0x000d6a49:0.429882
0x00048898	0x12c	pol20	0x00019d7c	void townManager::DoTavern(void)	SOURCE/TOWNMGR	0.553316	0.035461		shape=0.491;size=0.907;calls=0.800;alternate=buka21:?RedrawAdvScreen@advManager@@QAEXHH@Z@0x0000deca:0.488646
0x000489c4	0x431	pol20	0x0008d5e1	int fileRequester::Open(int);   // virtual [override (implements baseManager pure virtual)]	SOURCE/REQUEST	0.777479	0.278899	File to Load:|File to Save:|fileRequester|request.bin|scroll.icn	shape=0.536;size=0.953;calls=0.963;strings=File to Load:|File to Save:|fileRequester;alternate=buka21:?Open@fileRequester@@UAEHH@Z@0x0008f275:0.718088
0x00048df5	0x8a	pol20	0x0008da47	void fileRequester::SetOK(int)	SOURCE/REQUEST	0.619117	0.053638		shape=0.571;size=0.836;calls=1.000;alternate=buka21:?_CallSETranslator@@YAHPAUEHExceptionRecord@@PAUEHRegistrationNode@@PAX2PBU_s_FuncInfo@@H1@Z@0x000d6baa:0.440464
0x00048e7f	0xa8c	pol20	0x0008daec	int fileRequester::Main(struct tag_message &);   // virtual [override (implements baseManager pure virtual)]	SOURCE/REQUEST	0.558388	0.558388	$%'-_@~`!(){}^#&+,;=[].|Please make a selection from the list, or press cancel.|The game you have chosen only has slots for %d human(s).  You need one with room for at least %d humans.|The game you have chosen was being played with %d humans. Is it OK if the computer takes the place of the last %d human(s)?	shape=0.385;size=0.597;calls=0.587;strings=$%'-_@~`!(){}^#&+,;=[].|Please make a selection from the list, or press cancel.|The game you have chosen only has slots for %d human(s).  You need one with room for at least %d humans.;alternate=buka21:?Main@fileRequester@@UAEHAAUtag_message@@@Z@0x0008f737:0.521487
0x0004990b	0x9d	pol20	0x0009e02b	void AddNetBoxLine(char *, char)	SOURCE/KB	0.454288	0.006928		shape=0.316;size=0.789;calls=0.750;alternate=buka21:?ViewArtifact@hero@@QAEXHHH@Z@0x0006171c:0.436156
0x000499a8	0x2b2	pol20	0x0008ec9a	void fileRequester::DoKnob(void)	SOURCE/REQUEST	0.569295	0.046317		shape=0.415;size=0.927;calls=1.000;alternate=buka21:?DoKnob@fileRequester@@QAEXXZ@0x0009085b:0.459180
0x00049c5a	0x55e	buka21	0x000c05e0	?GetDataEntry@@YIXPAD0H0HH@Z	BASE/Misc	0.579952	0.045223	 (%d %s)|Players|bigfont.fnt|hPgL	shape=0.212;size=0.818;calls=0.769;strings=bigfont.fnt;alternate=pol20:void GetDataEntry(char *, char *, int, char *, int, int)@0x000c6ac0:0.537575
0x0004a1b8	0x7d	pol20	0x0008c094	int armyGroup::HasAllUndead(void)	SOURCE/ARMYGRP	0.541432	0.005866		shape=0.367;size=0.920;calls=1.000;alternate=buka21:__fltout2@0x000e0b8d:0.310093
0x0004a235	0x13f	pol20	0x0008fbc4	char * fileRequester::GetFilename(void)	SOURCE/REQUEST	0.768995	0.298082	%s%s|hPgL	shape=0.522;size=0.919;calls=1.000;strings=%s%s;alternate=buka21:?GetFilename@fileRequester@@QAEPADXZ@0x00091554:0.638449
0x0004a374	0x26c	pol20	0x0006ff31	void DoHeroSplit(int, int)	SOURCE/HERO	0.511235	0.037348		shape=0.329;size=0.901;calls=0.889;alternate=buka21:?DoHeroSplit@@YIXHH@Z@0x00064415:0.465074
0x0004a5e0	0x267	pol20	0x000a5900	int army::CanFit(int, int, int *)	SOURCE/FLY	0.565743	0.084408		shape=0.417;size=0.930;calls=1.000;alternate=buka21:?CanFit@army@@QAEHHHPAH@Z@0x0004b000:0.470684
0x0004a847	0x468	pol20	0x000a5b95	int army::ValidFlight(int, int)	SOURCE/FLY	0.511182	0.059451		shape=0.308;size=0.912;calls=1.000;alternate=buka21:?ValidFlight@army@@QAEHHH@Z@0x0004b21e:0.458791
0x0004acaf	0x27	pol20	0x00078b4e	void game::RandomizePassword(class mapCell *)	SOURCE/GAME	0.704487	0.005823		shape=0.722;size=0.923;calls=1.000;alternate=buka21:?CreaturesToBuy@philAI@@QAEHPAVtown@@H@Z@0x00083dfb:0.389286
0x0004acd6	0x76a	buka21	0x00054d5e	?ViewSpellsHandler@@YIHAAUtag_message@@@Z	SOURCE/GAME	0.423694	0.019131		shape=0.197;size=0.870;calls=0.643;alternate=pol20:void highScoreManager::Update(void)@0x00089e6a:0.423141
0x0004b440	0x1b8	pol20	0x0008fd50	void combatManager::constructor(void)	SOURCE/CMBTMGR	0.640461	0.151005		shape=0.650;size=0.995;calls=0.500;alternate=buka21:?ClearWinLoseBottom@combatManager@@QAEXPAVheroWindow@@@Z@0x0002e370:0.379996
0x0004b5f8	0x138	pol20	0x0008ff0a	void combatManager::CombineGroups(class armyGroup *, class armyGroup *)	SOURCE/CMBTMGR	0.644698	0.133561		shape=0.576;size=0.949;calls=1.000;alternate=buka21:?CombineGroups@combatManager@@QAEXPAVarmyGroup@@0@Z@0x00025f8f:0.491936
0x0004b730	0x3db	pol20	0x00090032	void combatManager::SetupCombat(int, int, class hero *, class armyGroup *, class town *, class hero *, class armyGroup *, int, int, int)	SOURCE/CMBTMGR	0.530490	0.011348		shape=0.650;size=0.648;calls=0.400;alternate=buka21:?SplitMons@swapManager@@QAEXXZ@0x000a3c30:0.467614
0x0004bb0b	0x40e	pol20	0x00090aa0	int combatManager::Open(int);   // virtual [override (implements baseManager pure virtual)]	SOURCE/CMBTMGR	0.749469	0.084427	PREBATTL.82M|cmbtmous.mse|cmbtwin.bin|combatManager|kb.pal|smalfont.fnt	shape=0.539;size=0.955;calls=0.721;strings=PREBATTL.82M|cmbtmous.mse|cmbtwin.bin;alternate=buka21:?Open@combatManager@@UAEHH@Z@0x000269fe:0.748451
0x0004bf19	0x1ea	pol20	0x00079856	int game::ViewSpells(class hero *, int, int (*)(struct tag_message &), int)	SOURCE/GAME	0.588978	0.069914		shape=0.462;size=0.984;calls=0.917;alternate=buka21:?ViewSpells@game@@QAEHPAVhero@@HP6IHAAUtag_message@@@ZH@Z@0x000546ee:0.558244
0x0004c103	0x161	pol20	0x00032f54	void town::Deallocate(void)	SOURCE/TOWN	0.498590	0.068777		shape=0.250;size=0.943;calls=1.000;alternate=buka21:?Deallocate@town@@QAEXXZ@0x000a42d0:0.432237
0x0004c264	0x7be	pol20	0x000273df	void combatManager::ShowMassSpell(signed char (* const)[20], int, int)	SOURCE/SPELLS	0.471721	0.075940		shape=0.290;size=0.865;calls=0.846;alternate=buka21:?ProcessOnMapHeroes@game@@QAEXXZ@0x0005ce94:0.462593
0x0004ca22	0x18e	pol20	0x000993e0	int RecruitHeroHandler(struct tag_message &)	SOURCE/KB	0.451143	0.029022		shape=0.253;size=0.936;calls=0.600;alternate=buka21:?MainLoop@executive@@QAEXXZ@0x000c5580:0.429845
0x0004cbb0	0x1e7	pol20	0x00091bca	int combatManager::MoreTreesNear(void)	SOURCE/CMBTMGR	0.545957	0.138802		shape=0.385;size=0.922;calls=1.000;alternate=buka21:?MoreTreesNear@combatManager@@QAEHXZ@0x000278a0:0.495250
0x0004cd97	0x1d7	pol20	0x00091dda	void combatManager::LoadIcons(void)	SOURCE/CMBTMGR	0.546816	0.016760	castle%02d.icn|catapult.icn|cloud.icn|keep%02d.icn|spells.icn|tent.icn|textbar.icn	shape=0.400;size=0.471;calls=0.722;strings=catapult.icn|spells.icn|textbar.icn;alternate=buka21:?LoadIcons@combatManager@@QAEXXZ@0x00027a8b:0.497501
0x0004cf6e	0x7b	pol20	0x00013a6a	void townObject::~destructor(void)	SOURCE/TOWNMGR	0.582059	0.083181		shape=0.500;size=0.780;calls=1.000;alternate=buka21:?Expunge@resourceManager@@QAEXXZ@0x000b8740:0.459971
0x0004cfe9	0x287	pol20	0x000922e5	void combatManager::LoadArmies(void)	SOURCE/CMBTMGR	0.508830	0.059342		shape=0.427;size=0.738;calls=1.000;alternate=buka21:?LoadArmies@combatManager@@QAEXXZ@0x00027f44:0.449055
0x0004d270	0xdc	pol20	0x00092652	void combatManager::FreeArmies(void)	SOURCE/CMBTMGR	0.665124	0.165550		shape=0.596;size=0.995;calls=1.000;alternate=buka21:?FreeArmies@combatManager@@QAEXXZ@0x00028241:0.478232
0x0004d34c	0x18	pol20	0x0008c07c	void armyGroup::View(int)	SOURCE/ARMYGRP	1.000000	0.000000		normalized-instructions;alternate=buka21:_strncmp@0x000d7f60:0.291751
0x0004d364	0xbe	pol20	0x000be9e7	int OppositeDirection(int)	SOURCE/PATH	0.374229	0.000594		shape=0.288;size=0.463;calls=1.000;alternate=buka21:?NumOfGivenArtifact@playerData@@QAEHH@Z@0x0004c6b4:0.373549
0x0004d422	0x1d9	pol20	0x0009290f	void combatManager::CheckApplyGoodMorale(int, int)	SOURCE/CMBTMGR	0.713339	0.713339	High morale enables the %s to attack again.|goodmrle.82M	shape=0.435;size=0.963;calls=0.800;strings=goodmrle.82M;alternate=buka21:?CheckApplyGoodMorale@combatManager@@QAEXHH@Z@0x0002848f:0.635108
0x0004d5fb	0x1c6	pol20	0x00092afa	int combatManager::CheckApplyBadMorale(int, int)	SOURCE/CMBTMGR	0.700686	0.700686	BADMRLE.82M|Low morale causes the %s to freeze in panic.	shape=0.402;size=0.985;calls=0.800;strings=BADMRLE.82M;alternate=buka21:?CheckApplyBadMorale@combatManager@@QAEHHH@Z@0x00028649:0.593667
0x0004d7c1	0x209	pol20	0x000b1973	void advManager::TransferArtifacts(class hero *, class hero *)	SOURCE/EVENTS	0.447271	0.001551		shape=0.256;size=0.916;calls=0.600;alternate=buka21:?TransmitRemoteData@@YIHPADHHCCCC@Z@0x0008dcc0:0.399456
0x0004d9ca	0xd3	pol20	0x00093049	int combatManager::IsWinner(int)	SOURCE/CMBTMGR	0.531477	0.030803		shape=0.307;size=0.986;calls=1.000;alternate=buka21:?CalcDifficultyRating@game@@QAEHXZ@0x0005eec6:0.395442
0x0004da9d	0xd55	buka21	0x00028bb8	?CatAttack@combatManager@@QAEXH@Z	SOURCE/CMBTMGR	0.597113	0.597113	boulder.icn|catsnd%02d.82M	shape=0.202;size=0.963;calls=0.707;strings=boulder.icn|catsnd%02d.82M;alternate=pol20:void combatManager::CatAttack(int)@0x0009311f:0.576406
0x0004e7f2	0x4e	pol20	0x00033627	void advManager::VWCleanup(void)	SOURCE/Viewwrld	0.674997	0.058706		shape=0.727;size=0.867;calls=0.800;alternate=buka21:__CallSettingFrame@12@0x000da300:0.472784
0x0004e840	0xb8b	pol20	0x0009412d	void combatManager::KeepAttack(int)	SOURCE/CMBTMGR	0.534473	0.003114	%s %d %s.|%s %d %s. %d %s %s.|Damage|Garrison does|perish|perishes|shoot01.82M|shoot15.82M	shape=0.345;size=0.633;calls=0.400;strings=%s %d %s.|Garrison does|perish;alternate=buka21:?KeepAttack@combatManager@@QAEXH@Z@0x00029990:0.446590
0x0004f3cb	0x114	pol20	0x0009487c	int combatManager::ExperienceValueOfStack(int)	SOURCE/CMBTMGR	0.459186	0.046014		shape=0.325;size=0.728;calls=1.000;alternate=buka21:__setlocale_set_cat@0x000db6dd:0.337177
0x0004f4df	0x78	pol20	0x000949f7	void combatManager::ResetHitByCreature(void)	SOURCE/CMBTMGR	0.656430	0.001294		shape=0.649;size=0.882;calls=1.000;alternate=buka21:?CongratsWait@@YIXXZ@0x0006d4bb:0.354788
0x0004f557	0x30	pol20	0x00094a7f	int ValidHex(int)	SOURCE/CMBTMGR	0.613455	0.113335		shape=0.545;size=0.889;calls=1.000;alternate=buka21:?_JumpToContinuation@@YGXPAXPAUEHRegistrationNode@@@Z@0x000d6a49:0.443447
0x0004f587	0x64	pol20	0x00032aea	void bankBox::~destructor(void)	SOURCE/STRIP	0.585643	0.010032		shape=0.586;size=0.670;calls=1.000;alternate=buka21:?Autosave@ExpCampaign@@QAEXXZ@0x000b5102:0.517513
0x0004f5eb	0x55	pol20	0x000c8e80	void resourceManager::RestorePosition(void)	BASE/RESMGR	0.631765	0.091882		shape=0.533;size=0.976;calls=1.000;alternate=buka21:?_UnwindNestedFrames@@YGXPAUEHRegistrationNode@@PAUEHExceptionRecord@@@Z@0x000d6a92:0.483294
0x0004f640	0x72	buka21	0x000ca680	?mySIGSEGVorSIGBUScatcher@@YIXPAH@Z	BASE/Bzip	0.448581	0.025484		shape=0.237;size=0.886;calls=0.667;alternate=pol20:void CleanUpMenus(void)@0x0009f92d:0.447125
0x0004f6b2	0x20	pol20	0x0009659e	void ForcePollSound(void)	SOURCE/KB	1.000000	1.000000		normalized-instructions;alternate=buka21:__global_unwind2@0x000d6d50:0.455000
0x0004f6d2	0x607	buka21	0x00065d1c	?InitMainClasses@@YIXXZ	SOURCE/KB	0.512387	0.280615		shape=0.400;size=0.925;calls=0.653;alternate=pol20:void InitMainClasses(void)@0x000965be:0.498440
0x0004fcd9	0x36d	pol20	0x0009695c	void DeleteMainClasses(void)	SOURCE/KB	0.774485	0.310739		shape=0.875;size=0.953;calls=0.944;alternate=buka21:?DeleteMainClasses@@YIXXZ@0x000662b0:0.526309
0x00050046	0x116	pol20	0x00096cd9	void SetupCDRom(void)	SOURCE/KB	0.620724	0.028591	Startup Error|Unable to access CD Drive.|Unable to change to the Heroes directory.  Please run the installation program.|Unable to find the Heroes data files.  Please run the installation program.	shape=0.309;size=0.848;calls=0.667;strings=Startup Error;alternate=buka21:_WinMainCRTStartup@0x000d853e:0.425207
0x0005015c	0xe22	buka21	0x000a89fe	?BuyBuild@townManager@@QAEHHHH@Z	SOURCE/TOWNMGR	0.581075	0.011891	Can't add manager!|Initialization failed!|Loading Heroes of Might and Magic for Windows 95 (version 1.0)|SVWh|advmice.mse|bigfont.fnt|credits.bmp|heroes.bmp|kb.pal|smalfont.fnt|stpmain.bin	shape=0.211;size=0.980;calls=1.000;strings=bigfont.fnt|smalfont.fnt;alternate=pol20:int advManager::Open(int);   // virtual [override (implements baseManager pure virtual)]@0x0005665f:0.573612
0x00050f7e	0x3e	pol20	0x00098558	char toupper(char)	SOURCE/KB	0.651041	0.136055		shape=0.615;size=0.912;calls=1.000;alternate=buka21:_strncmp@0x000d7f60:0.410533
0x00050fbc	0x288	buka21	0x000cabe0	?DecodeData@@YIJPAD0K@Z	BASE/Bzip	0.513799	0.004633	%s%s|.\DATA\|AES31000.map|Claw ( Easy )|The Griffons will protect you until you are ready to make your move.|heroes.agg	shape=0.119;size=0.948;calls=0.222;strings=.\DATA\;alternate=pol20:long int EncodeData(char *, char *, unsigned long int)@0x000d7f60:0.502802
0x00051244	0x1b6	pol20	0x0006a9d0	int APanelHandler(struct tag_message &)	SOURCE/ADVMGR	0.467429	0.017047		shape=0.283;size=0.956;calls=0.500;alternate=buka21:?SwapMons@swapManager@@QAEXXZ@0x000a3699:0.407773
0x000513fa	0x14	pol20	0x000d4090	unsigned int getGlobalCRC(void)	BASE/Bzip	0.970000	0.000000		instruction-sequence;alternate=buka21:?_JumpToContinuation@@YGXPAXPAUEHRegistrationNode@@@Z@0x000d6a49:0.384706
0x0005140e	0x1cb	pol20	0x000993e0	int RecruitHeroHandler(struct tag_message &)	SOURCE/KB	0.639555	0.128285		shape=0.585;size=0.926;calls=1.000;alternate=buka21:?RecruitHeroHandler@@YIHAAUtag_message@@@Z@0x000688c4:0.456322
0x000515d9	0x47	pol20	0x0001c15f	int AppIdle(void)	SOURCE/kbwin	0.462921	0.041934		shape=0.333;size=0.690;calls=1.000;alternate=buka21:_strncmp@0x000d7f60:0.392368
0x00051620	0x9f	pol20	0x0000b73c	void fullMap::Write(int)	EDITOR/mapcell	0.452370	0.111605		shape=0.245;size=0.994;calls=0.600;alternate=buka21:?CallCatchBlock@@YAPAXPAUEHExceptionRecord@@PAUEHRegistrationNode@@PAU_CONTEXT@@PBU_s_FuncInfo@@PAXHK@Z@0x000d9f63:0.403576
0x000516bf	0x1a	pol20	0x000a0b44	int CheckMem(void)	SOURCE/KB	0.738075	0.009806		shape=0.917;size=0.634;calls=1.000;alternate=buka21:?_JumpToContinuation@@YGXPAXPAUEHRegistrationNode@@@Z@0x000d6a49:0.445765
0x000516d9	0xe6	pol20	0x0004a8c0	void army::constructor(void)	SOURCE/ARMY	0.508876	0.007626		shape=0.370;size=0.900;calls=1.000;alternate=buka21:?SortStats@@YIXQAJQAC@Z@0x000ac5c7:0.440478
0x000517bf	0x144	pol20	0x00099a6c	int CanBuild(class town *, int)	SOURCE/KB	0.427816	0.032002		shape=0.388;size=0.468;calls=1.000;alternate=buka21:?CanBuild@@YIHPAVtown@@H@Z@0x00068e12:0.375672
0x00051903	0xce	pol20	0x000c7950	int font::LineWidth(char *)	BASE/FONT	0.523366	0.009471		shape=0.315;size=0.951;calls=1.000;alternate=buka21:?LineLength@font@@QAEHPADH@Z@0x000c4d70:0.413979
0x000519d1	0x60	pol20	0x000c8740	void resourceManager::AddResource(class resource *)	BASE/RESMGR	0.516536	0.020480		shape=0.323;size=0.885;calls=1.000;alternate=buka21:?AddResource@resourceManager@@QAEXPAVresource@@@Z@0x000b86f0:0.403482
0x00051a31	0xf03	buka21	0x0000c322	?HeroQuickView@advManager@@QAEXHHHH@Z	SOURCE/ADVMGR	0.649523	0.009325	%d/day|artifact.icn|bigfont.fnt|brcrest.icn|evntwin%d.bin|expmrl.icn|port%04d.icn|resource.icn|smalfont.fnt|spells.icn|surrendr.icn	shape=0.275;size=0.931;calls=0.973;strings=smalfont.fnt;alternate=pol20:void advManager::HeroQuickView(int, int, int, int)@0x0006235b:0.633678
0x00052934	0x6b	pol20	0x000a2565	void UpdateNormalDialog(char *)	SOURCE/KB	0.836806	0.123886		shape=1.000;size=0.947;calls=1.000;alternate=buka21:?UpdateNormalDialog@@YIXPAD@Z@0x00070d22:0.563703
0x0005299f	0x1c5	pol20	0x00099e81	int WaitHandler(struct tag_message &)	SOURCE/KB	0.501118	0.057860		shape=0.404;size=0.836;calls=0.733;alternate=buka21:?WaitHandler@@YIHAAUtag_message@@@Z@0x00069180:0.445743
0x00052b64	0x114	pol20	0x00067734	int TownPortalHandler(struct tag_message &)	SOURCE/ADVMGR	0.567433	0.068856		shape=0.500;size=0.929;calls=0.667;alternate=buka21:?SetupBaudHandler@@YIHAAUtag_message@@@Z@0x00093c71:0.419424
0x00052c78	0x1c	pol20	0x000bb734	void ExpCampaign::ResetBonusChoices(void)	SOURCE/X_CAMPGN	0.587927	0.000000		shape=0.611;size=0.683;calls=1.000;alternate=buka21:__global_unwind2@0x000d6d50:0.457500
0x00052c94	0x16c	pol20	0x0009a52f	void PlayerDead(int)	SOURCE/KB	0.647629	0.117576		shape=0.671;size=0.905;calls=0.750;alternate=buka21:?PlayerDead@@YIXH@Z@0x00069734:0.488269
0x00052e00	0x99	pol20	0x0001eda0	int dpEnumServiceProvider(struct _GUID *, char *, unsigned long int, unsigned long int, void *)	SOURCE/dpnetwin	0.543249	0.041386		shape=0.341;size=0.974;calls=1.000;alternate=buka21:?ShowSpellCastFailure@combatManager@@QAEXPAVarmy@@H@Z@0x000a0a4b:0.472235
0x00052e99	0xf1	pol20	0x000cf500	void heroWindow::RemoveWidget(class widget *)	BASE/WINDOW	0.493716	0.058502		shape=0.321;size=0.867;calls=1.000;alternate=buka21:?RemoveWidget@heroWindow@@QAEXPAVwidget@@@Z@0x000bb0d0:0.459426
0x00052f8a	0x1ea	pol20	0x000a07e3	void ReceiveRemotePlayerExit(struct SPlayerExit)	SOURCE/KB	0.515698	0.056037	%s player has been vanquished!|PLYREXIT|Player %d has been logged out of the game.  The current game has been saved as 'PLYREXIT'.  Do you wish to continue playing with a computer player filling in for player %d?|Player %d is exiting the game.  The current game has been saved as 'PLYREXIT'.  Do you wish to continue playing with a computer player filling in for player %d?|You have been eliminated from the game!!!	shape=0.256;size=0.566;calls=0.800;strings=PLYREXIT|You have been eliminated from the game!!!;alternate=buka21:?SetupComPort@game@@QAEHXZ@0x0009263b:0.425497
0x00053174	0x7d4	pol20	0x000273df	void combatManager::ShowMassSpell(signed char (* const)[20], int, int)	SOURCE/SPELLS	0.463900	0.013594	%s player has been vanquished!|%s player's Heroes have abandoned him, and he is banished from this land.|%s player, you have lost your last town.  If you do not conquer another town in the next week, you will be eliminated.|%s player, your heroes abandon you, and you are banished from this land.|The enemy has captured the dragon city!!|The enemy has captured the town of XX!!|The enemy has captured the ultimate artifact!!	shape=0.292;size=0.855;calls=0.647;alternate=buka21:?ViewSpellsHandler@@YIHAAUtag_message@@@Z@0x00054d5e:0.425806
0x00053948	0x95	pol20	0x0009e900	void CongratsWait(void)	SOURCE/KB	0.602620	0.018555		shape=0.535;size=0.974;calls=0.750;alternate=buka21:?CongratsWait@@YIXXZ@0x0006d4bb:0.453221
0x000539dd	0x1cb	pol20	0x0009c111	void InitVars(void)	SOURCE/KB	0.789748	0.789748	LoadMenus|mnuAdv|mnuCmbt|mnuDflt|mnuTown	shape=0.648;size=0.895;calls=0.692;strings=mnuAdv|mnuCmbt|mnuDflt;alternate=buka21:?InitVars@@YIXXZ@0x0006af49:0.679533
0x00053ba8	0x450	pol20	0x0009c92d	void game::ShowLuckInfo(class hero *, int)	SOURCE/KB	0.540742	0.014665	hPgL	shape=0.449;size=0.798;calls=0.973;alternate=buka21:?ShowLuckInfo@game@@QAEXPAVhero@@H@Z@0x0006b6ab:0.493838
0x00053ff8	0x1f7	pol20	0x0009c92d	void game::ShowLuckInfo(class hero *, int)	SOURCE/KB	0.530428	0.014452	hPgL	shape=0.667;size=0.571;calls=0.556;alternate=buka21:?GetMap@game@@QAEXXZ@0x000754b0:0.482367
0x000541ef	0x70	pol20	0x0000b0c4	void fullMap::Close(void)	EDITOR/mapcell	0.572209	0.025305		shape=0.633;size=0.868;calls=0.500;alternate=buka21:?Close@fullMap@@QAEXXZ@0x0007208e:0.438896
0x0005425f	0x8e	pol20	0x0009cd75	int GetMonType(int, int)	SOURCE/KB	0.615183	0.120629		shape=0.548;size=0.893;calls=1.000;alternate=buka21:?GetMonType@@YIHHH@Z@0x0006ba95:0.485880
0x000542ed	0x3d2	pol20	0x0009ce14	int AddScoreToHighScore(int, int, int, int, char *)	SOURCE/KB	0.768415	0.216167	%sCAMPAIGN.HS|%sSTANDARD.HS|.\DATA\|Please enter your name for the high score list.	shape=0.598;size=0.818;calls=0.929;strings=%sCAMPAIGN.HS|%sSTANDARD.HS|.\DATA\;alternate=buka21:?AddScoreToHighScore@@YIHHHHHPAD@Z@0x0006bb0e:0.701795
0x000546bf	0x5b	pol20	0x0009d2c0	void BVResMsg(char *, int, int)	SOURCE/KB	0.711338	0.117489		shape=0.760;size=0.892;calls=1.000;alternate=buka21:?BVResMsg@@YIXPADHH@Z@0x0006bf13:0.598508
0x0005471a	0x2e	pol20	0x000bb734	void ExpCampaign::ResetBonusChoices(void)	SOURCE/X_CAMPGN	0.589652	0.000000		shape=0.478;size=0.891;calls=1.000;alternate=buka21:??0armyGroup@@QAE@XZ@0x00021710:0.410884
0x00054748	0x39	pol20	0x0001c15f	int AppIdle(void)	SOURCE/kbwin	0.539380	0.051519		shape=0.417;size=0.860;calls=1.000;alternate=buka21:_strncmp@0x000d7f60:0.422418
0x00054781	0xda	pol20	0x0009d3a7	int WaitForOtherPlayer(void)	SOURCE/KB	0.706804	0.183650		shape=0.776;size=0.855;calls=1.000;alternate=buka21:?WaitForOtherPlayer@@YIHXZ@0x0006bfcd:0.581419
0x0005485b	0x6f4	pol20	0x0009d4a6	void PopNetBox(char *, int)	SOURCE/KB	0.649883	0.151400	[ Incoming data, must exit... ]|bigfont.fnt|netbox.bin	shape=0.536;size=0.604;calls=0.688;strings=[ Incoming data, must exit... ]|netbox.bin;alternate=buka21:?PopNetBox@@YIXPADH@Z@0x0006c0a6:0.593152
0x00054f4f	0x3b	pol20	0x0008c040	void armyGroup::constructor(void)	SOURCE/ARMYGRP	0.600333	0.038885		shape=0.481;size=0.983;calls=1.000;alternate=buka21:??0armyGroup@@QAE@XZ@0x00021710:0.541992
0x00054f8a	0x14f	pol20	0x0009e0f2	void ShutDown(char *)	SOURCE/KB	0.642427	0.642427	Unexpected Program Termination	shape=0.514;size=0.630;calls=0.640;strings=Unexpected Program Termination;alternate=buka21:?ShutDown@@YIXPAD@Z@0x0006cc61:0.466886
0x000550d9	0x4a	pol20	0x0009e306	void FileError(char *)	SOURCE/KB	0.533131	0.533131	Error opening file %s!|File Error	shape=0.400;size=0.457;calls=0.500;strings=Error opening file %s!;alternate=buka21:___STRINGTOLD@0x000e4c8e:0.434051
0x00055123	0x3be	pol20	0x00054502	int swapManager::Open(int);   // virtual [override (implements baseManager pure virtual)]	SOURCE/SWAPMGR	0.552215	0.033233	%d%%|A Glorious Victory!|congrats.bin|congrats.bmp|congspre.bin	shape=0.398;size=0.998;calls=0.789;alternate=buka21:?Open@swapManager@@UAEHH@Z@0x000a236e:0.528691
0x000554e1	0xb1	pol20	0x0009e900	void CongratsWait(void)	SOURCE/KB	0.600874	0.103094		shape=0.558;size=0.864;calls=1.000;alternate=buka21:?CongratsWait@@YIXXZ@0x0006d4bb:0.447463
0x00055592	0x1c7	buka21	0x000149c0	?SystemOptions@advManager@@QAEXXZ	SOURCE/ADVMGR	0.688630	0.015874	advmice.mse|dataentr.bin	shape=0.380;size=0.919;calls=0.867;strings=advmice.mse;alternate=pol20:int townManager::Open(int);   // virtual [override (implements baseManager pure virtual)]@0x00014109:0.677680
0x00055759	0x1d9	buka21	0x000c0a50	?DataEntryWindowHandler@@YIHAAUtag_message@@@Z	BASE/Misc	0.541945	0.079619		shape=0.356;size=0.935;calls=1.000;alternate=pol20:void DoHeroSplit(int, int)@0x0006ff31:0.475299
0x00055932	0x51	pol20	0x0009e999	struct SAMPLE2 LoadPlaySample(char *)	SOURCE/KB	0.800303	0.170303		shape=0.913;size=0.964;calls=1.000;alternate=buka21:?LoadPlaySample@@YIPAVsample@@PAD@Z@0x0006d534:0.524829
0x00055983	0x8a	pol20	0x0009e9ed	void WaitEndSample(struct SAMPLE2, int)	SOURCE/KB	0.783087	0.218739		shape=0.872;size=0.965;calls=1.000;alternate=buka21:?WaitEndSample@@YIXPAPAVsample@@H@Z@0x0006d575:0.479563
0x00055a0d	0x7b	pol20	0x0009ea7c	void MemError(void)	SOURCE/KB	0.613791	0.613791	Out of Memory	shape=0.324;size=0.756;calls=1.000;strings=Out of Memory;alternate=buka21:?MemError@@YIXXZ@0x0006d5f9:0.499168
0x00055a88	0x15	pol20	0x000d4090	unsigned int getGlobalCRC(void)	BASE/Bzip	0.970000	0.000000		instruction-sequence;alternate=buka21:?_JumpToContinuation@@YGXPAXPAUEHRegistrationNode@@@Z@0x000d6a49:0.388706
0x00055a9d	0x12	pol20	0x000d4090	unsigned int getGlobalCRC(void)	BASE/Bzip	0.970000	0.000000		instruction-sequence;alternate=buka21:?_JumpToContinuation@@YGXPAXPAUEHRegistrationNode@@@Z@0x000d6a49:0.376706
0x00055aaf	0xdc	buka21	0x000ac5c7	?SortStats@@YIXQAJQAC@Z	SOURCE/TOWNMGR	0.442594	0.062368		shape=0.136;size=0.955;calls=1.000;alternate=pol20:int playerData::NumOfGivenArtifact(int)@0x00070fda:0.428223
0x00055b8b	0x51	buka21	0x000dd9b2	___old_sbh_release_region	(libcmt)	0.483503	0.042966		shape=0.229;size=0.942;calls=1.000;alternate=pol20:void ioError(void)@0x000d7a60:0.474444
0x00055bdc	0x64	pol20	0x0009eb14	void LoadSystemwideIcons(void)	SOURCE/KB	0.838844	0.529749	bigfont.fnt|buybuild.icn|smalfont.fnt|system.icn	shape=1.000;size=0.580;calls=0.500;strings=buybuild.icn|system.icn;alternate=buka21:?LoadSystemwideIcons@@YIXXZ@0x0006d66d:0.478558
0x00055c40	0x54	pol20	0x0009eb4e	void UnloadSystemwideIcons(void)	SOURCE/KB	0.691587	0.027653		shape=1.000;size=0.595;calls=0.500;alternate=buka21:??0dropListWidget@@QAE@XZ@0x000cfdb0:0.495556
0x00055c94	0x10	pol20	0x000d7990	void cleanUpAndFail(void)	BASE/Bzip	1.000000	0.000000		normalized-instructions;alternate=buka21:?_JumpToContinuation@@YGXPAXPAUEHRegistrationNode@@@Z@0x000d6a49:0.331647
0x00055ca4	0x7e	pol20	0x0009eb90	int GameUnsaved(void)	SOURCE/KB	0.700234	0.177571		shape=0.720;size=0.929;calls=1.000;alternate=buka21:?SpaceForElementalExists@combatManager@@QAEHXZ@0x000a09c5:0.460901
0x00055d22	0x629	pol20	0x0006b578	int SystemOptionsHandler(struct tag_message &)	SOURCE/ADVMGR	0.600590	0.059972	Are you sure you want to load a new game?  (Your current game will be lost)|Are you sure you want to restart?  (Your current game will be lost)|Unable to set up CD stereo music.  Your CD player might be in use by another program, or your sound driver might not support CD stereo.	shape=0.228;size=0.956;calls=0.923;strings=Unable to set up CD stereo music.  Your CD player might be in use by another program, or your sound driver might not support CD stereo.;alternate=buka21:?ViewSpellsHandler@@YIHAAUtag_message@@@Z@0x00054d5e:0.412981
0x0005634b	0x3b7	pol20	0x0009f61d	void UpdateSystemOptionsMenu(void)	SOURCE/KB	0.433717	0.049539		shape=0.419;size=0.824;calls=0.333;alternate=buka21:?UpdateSystemOptionsMenu@@YIXXZ@0x0006dfe5:0.413535
0x00056702	0x99	pol20	0x0009f92d	void CleanUpMenus(void)	SOURCE/KB	1.000000	1.000000		normalized-instructions;alternate=buka21:?CleanUpMenus@@YIXXZ@0x0006e273:0.521041
0x0005679b	0x24	pol20	0x0009f9c6	void UpdateAppSpecificMenus(void *)	SOURCE/KB	0.610168	0.000463		shape=0.556;size=0.857;calls=1.000;alternate=buka21:__global_unwind2@0x000d6d50:0.454737
0x000567bf	0x31	pol20	0x0001c15f	int AppIdle(void)	SOURCE/kbwin	0.543202	0.107059		shape=0.429;size=1.000;calls=1.000;alternate=buka21:_strncmp@0x000d7f60:0.440811
0x000567f0	0x164	pol20	0x00010ebf	int game::SetupBaud(void)	SOURCE/SETUP	0.635975	0.101750	stpcmpgn.bin	shape=0.643;size=0.902;calls=0.833;alternate=buka21:?SetupBaud@game@@QAEHXZ@0x00092504:0.527828
0x00056954	0x190	pol20	0x00010ebf	int game::SetupBaud(void)	SOURCE/SETUP	0.751181	0.751181	stpbaud.bin	shape=0.616;size=0.802;calls=0.833;strings=stpbaud.bin;alternate=buka21:?SetupBaud@game@@QAEHXZ@0x00092504:0.648115
0x00056ae4	0x222	pol20	0x00011000	int game::SetupComPort(void)	SOURCE/SETUP	0.724487	0.724487	Please enter any special initialization string required by your modem, or hit 'ENTER' to accept the default.|stpcom.bin	shape=0.482;size=0.938;calls=0.750;strings=Please enter any special initialization string required by your modem, or hit 'ENTER' to accept the default.|stpcom.bin;alternate=buka21:?SetupComPort@game@@QAEHXZ@0x0009263b:0.646978
0x00056d06	0x15d	pol20	0x00011200	int game::SetupHotSeatGame(void)	SOURCE/SETUP	0.533090	0.533090	stphotst.bin	shape=0.324;size=0.614;calls=0.545;strings=stphotst.bin;alternate=buka21:?SetupHotSeatGame@game@@QAEHXZ@0x00092817:0.510359
0x00056e63	0x133	pol20	0x00011438	int game::SetupNetworkGame(void)	SOURCE/SETUP	0.816112	0.816112	stpnet.bin	shape=0.633;size=0.961;calls=1.000;strings=stpnet.bin;alternate=buka21:?SetupNetworkGame@game@@QAEHXZ@0x00092a44:0.778953
0x00056f96	0x333	pol20	0x00011795	int game::SetupModemGame(void)	SOURCE/SETUP	0.723453	0.723453	Please enter the telephone number.|stpdc.bin|stpdccfg.bin|stpmcfg.bin|stpmodem.bin	shape=0.486;size=0.966;calls=0.720;strings=Please enter the telephone number.|stpdc.bin|stpdccfg.bin;alternate=buka21:?SetupModemGame@game@@QAEHXZ@0x00092de5:0.697331
0x000572c9	0x218	pol20	0x00011aac	int game::SetupMultiPlayerGame(void)	SOURCE/SETUP	0.702140	0.702140	stpmp.bin	shape=0.536;size=0.895;calls=0.529;strings=stpmp.bin;alternate=buka21:?SetupMultiPlayerGame@game@@QAEHXZ@0x00093115:0.675100
0x000574e1	0x486	buka21	0x0009333c	?SetupGame@game@@QAEHXZ	SOURCE/SETUP	0.562612	0.562612	stpnewgm.bin	shape=0.292;size=0.808;calls=0.357;strings=stpnewgm.bin;alternate=pol20:int recruitUnit::Main(struct tag_message &);   // virtual [override (implements baseManager pure virtual)]@0x0008b8f0:0.478667
0x00057967	0x1e7	pol20	0x000123cc	int game::PickLoadGame(void)	SOURCE/SETUP	0.602694	0.003123	*.CGM|*.GM*|.CGM|.GM*|.\GAMES\	shape=0.361;size=0.714;calls=0.722;strings=.\GAMES\;alternate=buka21:?PickLoadGame@game@@QAEHXZ@0x000938d5:0.594268
0x00057b4e	0x112	pol20	0x00012910	int SetupHotSeatGameHandler(struct tag_message &)	SOURCE/SETUP	0.578906	0.033502		shape=0.417;size=0.979;calls=1.000;alternate=buka21:?SetupHotSeatGameHandler@@YIHAAUtag_message@@@Z@0x00093d6f:0.444076
0x00057c60	0x149	pol20	0x00012694	int SetupComPortHandler(struct tag_message &)	SOURCE/SETUP	0.553455	0.022120		shape=0.366;size=0.967;calls=1.000;alternate=buka21:?TransmitAndWait@@YIHPADHHCCPAPAD@Z@0x0008e5d3:0.392101
0x00057da9	0x149	pol20	0x00012694	int SetupComPortHandler(struct tag_message &)	SOURCE/SETUP	0.559897	0.036004		shape=0.386;size=0.967;calls=1.000;alternate=buka21:?TransmitAndWait@@YIHPADHHCCPAPAD@Z@0x0008e5d3:0.387499
0x00057ef2	0x102	pol20	0x00012d35	int SetupNetworkGame2Handler(struct tag_message &)	SOURCE/SETUP	0.605252	0.062212		shape=0.491;size=0.961;calls=1.000;alternate=buka21:?SetupGameHandler@@YIHAAUtag_message@@@Z@0x0009417c:0.474163
0x00057ff4	0x139	pol20	0x00012a28	int SetupModemGameHandler(struct tag_message &)	SOURCE/SETUP	0.577638	0.052936		shape=0.431;size=0.965;calls=1.000;alternate=buka21:?SetupBaudHandler@@YIHAAUtag_message@@@Z@0x00093c71:0.441027
0x0005812d	0x112	pol20	0x00012910	int SetupHotSeatGameHandler(struct tag_message &)	SOURCE/SETUP	0.569499	0.005132		shape=0.389;size=0.979;calls=1.000;alternate=buka21:?SetupHotSeatGameHandler@@YIHAAUtag_message@@@Z@0x00093d6f:0.452001
0x0005823f	0xe1	pol20	0x00013126	int ExpStdGameHandler(struct tag_message &)	SOURCE/SETUP	0.595050	0.000000		shape=0.473;size=0.956;calls=1.000;alternate=buka21:?SetupMultiPlayerGameHandler@@YIHAAUtag_message@@@Z@0x00093f4c:0.503196
0x00058320	0x102	pol20	0x00012d35	int SetupNetworkGame2Handler(struct tag_message &)	SOURCE/SETUP	0.605252	0.062212		shape=0.491;size=0.961;calls=1.000;alternate=buka21:?SetupGameHandler@@YIHAAUtag_message@@@Z@0x0009417c:0.474163
0x00058422	0xfe	pol20	0x000cf3c0	void heroWindow::AddWidget(class widget *, int)	BASE/WINDOW	0.537875	0.005212		shape=0.444;size=0.804;calls=1.000;alternate=buka21:?AddWidget@heroWindow@@QAEXPAVwidget@@H@Z@0x000bafc0:0.501619
0x00058520	0x8d	buka21	0x00073da0	?is_netbios_avail@@YIHXZ	SOURCE/netwin	0.398789	0.012562		shape=0.108;size=0.953;calls=0.667;alternate=pol20:void swapManager::Reset(void)@0x00054482:0.301139
0x000585ad	0x74	pol20	0x0008c920	int GetMapHeader(char *, struct SMapHeader *)	SOURCE/REQUEST	0.641489	0.076485		shape=0.636;size=0.906;calls=0.800;alternate=buka21:?FileSize@@YIJPAD@Z@0x000c0350:0.529938
0x00058621	0x7b	pol20	0x0008c920	int GetMapHeader(char *, struct SMapHeader *)	SOURCE/REQUEST	0.644513	0.104825		shape=0.656;size=0.961;calls=0.667;alternate=buka21:?FileSize@@YIJPAD@Z@0x000c0350:0.520837
0x0005869c	0x27a	pol20	0x0000d1a7	int WaitForDirectConnect(void)	SOURCE/Modem	0.473860	0.018737		shape=0.265;size=0.834;calls=0.929;alternate=buka21:?PickLoadGame@game@@QAEHXZ@0x000938d5:0.423136
0x00058916	0x5b	pol20	0x0006c40f	void hero::Read(int, signed char)	SOURCE/HERO	0.517862	0.021645		shape=0.314;size=0.912;calls=1.000;alternate=buka21:__CallSettingFrame@12@0x000da300:0.376796
0x00058971	0xb6	pol20	0x00084aa2	int GetSkipCopyLen(unsigned char *, int *)	SOURCE/GAME	0.517163	0.022589		shape=0.310;size=0.940;calls=1.000;alternate=buka21:?calc_crc_long@@YIHPAEH@Z@0x0008d7fc:0.445330
0x00058a27	0x86	pol20	0x000a3a20	int EncodePacket(unsigned char *, char, char, int)	SOURCE/REMOTE	0.709576	0.173031		shape=0.697;size=0.993;calls=1.000;alternate=buka21:?Open@inputManager@@UAEHH@Z@0x000bc7c0:0.473009
0x00058aad	0x162	pol20	0x000a3aa7	int DecodePacket(unsigned char *, int)	SOURCE/REMOTE	0.603411	0.174982		shape=0.611;size=0.887;calls=0.750;alternate=buka21:?DecodePacket@@YIHPAEH@Z@0x0008d93c:0.496845
0x00058c0f	0x141	pol20	0x000a3be1	int SendRemoteData(unsigned char *, unsigned char *, int, int)	SOURCE/REMOTE	0.484698	0.007264		shape=0.404;size=0.807;calls=0.500;alternate=buka21:?SendRemoteData@@YIHPAE0HH@Z@0x0008da49:0.468075
0x00058d50	0xf4	pol20	0x00010ebf	int game::SetupBaud(void)	SOURCE/SETUP	0.446936	0.030811		shape=0.261;size=0.760;calls=0.800;alternate=buka21:?SetupBaud@game@@QAEHXZ@0x00092504:0.406451
0x00058e44	0x194	pol20	0x000132f0	signed char InitNetHost(void)	SOURCE/Netbios	0.666725	0.026050	HHOST%d|NETBIOS is not loaded.|Network initialization failed|Network initialization failed, all game slots used!	shape=0.353;size=0.844;calls=1.000;strings=NETBIOS is not loaded.|Network initialization failed;alternate=buka21:?InitNetHost@@YICXZ@0x00073830:0.405636
0x00058fd8	0x1f1	pol20	0x00013445	signed char InitNetGuest(void)	SOURCE/Netbios	0.701583	0.147098	HGUEST%d|NETBIOS is not loaded.|Network initialization failed|Network initialization failed, all game slots used!	shape=0.438;size=0.859;calls=0.833;strings=NETBIOS is not loaded.|Network initialization failed;alternate=buka21:?InitNetGuest@@YICXZ@0x0007394c:0.423322
0x000591c9	0x9e	pol20	0x000cce90	long int soundManager::DigitalReport(struct _SAMPLE *, short int)	BASE/soundmgr	0.514094	0.026115		shape=0.277;size=0.969;calls=1.000;alternate=buka21:?CallCatchBlock@@YAPAXPAUEHExceptionRecord@@PAUEHRegistrationNode@@PAU_CONTEXT@@PBU_s_FuncInfo@@PAXHK@Z@0x000d9f63:0.389047
0x00059267	0x101	pol20	0x0001364f	signed char WaitForGuest(void)	SOURCE/Netbios	0.684622	0.178636		shape=0.706;size=0.907;calls=1.000;alternate=buka21:?WaitForGuest@@YICXZ@0x00073b23:0.465490
0x00059368	0x1c8	pol20	0x00013738	int nbnet_init(void)	SOURCE/Netbios	0.524670	0.030778		shape=0.361;size=0.969;calls=0.824;alternate=buka21:?wsSendMessage@@YIXHEGPAX@Z@0x000b2315:0.469169
0x00059530	0xf7	pol20	0x000b8168	void game::CleanUpNewGameWindow(void)	SOURCE/Newgame	0.484647	0.086804		shape=0.246;size=0.976;calls=0.900;alternate=buka21:__except2@0x000e6154:0.357353
0x00059627	0xa5	pol20	0x0000cb3e	long int Dial(void)	SOURCE/Modem	0.830590	0.281128	%s %s|ATDT%s|CONNECT|Dialing...	shape=0.658;size=0.958;calls=1.000;strings=%s %s|ATDT%s|CONNECT;alternate=buka21:?Dial@@YIJXZ@0x00072e98:0.658408
0x000596cc	0x5d	pol20	0x0000cbdc	long int Wait(void)	SOURCE/Modem	0.745167	0.135787	CONNECT|Establishing connection...|Initializing modem...|RING|Waiting for ring...	shape=0.500;size=0.903;calls=1.000;strings=CONNECT|Establishing connection...|Initializing modem...;alternate=buka21:?Dial@@YIJXZ@0x00072e98:0.540362
0x00059729	0x71	pol20	0x0000cc30	void GUIModemCommand(char *, char *)	SOURCE/Modem	0.579008	0.021838		shape=0.424;size=0.934;calls=1.000;alternate=buka21:?GUIModemCommand@@YIXPAD0@Z@0x00072f68:0.504929
0x0005979a	0x94	pol20	0x0000cca9	signed char GUIModemCommandExec(void)	SOURCE/Modem	0.643545	0.186653		shape=0.562;size=0.993;calls=1.000;alternate=buka21:?GUIModemCommandExec@@YICXZ@0x00072fd4:0.478276
0x0005982e	0x6c	pol20	0x0000cd3e	void ModemCommand(char *)	SOURCE/Modem	0.543272	0.076541		shape=0.429;size=0.761;calls=1.000;alternate=buka21:?WritePrefsToFile@@YIXXZ@0x000bed60:0.466143
0x0005989a	0x7a	pol20	0x0000cdcc	signed char GUIModemResponse(char *, char *)	SOURCE/Modem	0.574217	0.021116		shape=0.412;size=0.938;calls=1.000;alternate=buka21:?GUIModemResponse@@YICPAD0@Z@0x000730b3:0.487980
0x00059914	0xe2	pol20	0x0000ce4e	signed char GUIModemResponseExec(void)	SOURCE/Modem	1.000000	1.000000		normalized-instructions;alternate=buka21:?GUIModemResponseExec@@YICXZ@0x00073128:0.623720
0x000599f6	0x2b	pol20	0x000d7b70	void mySignalCatcher(int *)	BASE/Bzip	0.563346	0.021327		shape=0.611;size=0.782;calls=0.333;alternate=buka21:?InitEntireCampaign@game@@QAEXH@Z@0x00023842:0.472117
0x00059a21	0x47	pol20	0x0000cf7e	int read_byte(void)	SOURCE/Modem	0.690383	0.288490		shape=0.655;size=1.000;calls=1.000;alternate=buka21:___CxxFrameHandler@0x000d6ae1:0.444401
0x00059a68	0x24	pol20	0x000bb734	void ExpCampaign::ResetBonusChoices(void)	SOURCE/X_CAMPGN	0.586334	0.000000		shape=0.476;size=0.878;calls=1.000;alternate=buka21:__global_unwind2@0x000d6d50:0.492105
0x00059a8c	0x2c0	pol20	0x0000cfec	void Connect(void)	SOURCE/Modem	0.722081	0.044398	ID%s_%i	shape=0.654;size=0.629;calls=0.933;strings=ID%s_%i;alternate=buka21:?Connect@@YIXXZ@0x0007326c:0.591174
0x00059d4c	0x316	pol20	0x0000d1a7	int WaitForDirectConnect(void)	SOURCE/Modem	0.748865	0.142196	ID%s_%i	shape=0.689;size=0.670;calls=0.929;strings=ID%s_%i;alternate=buka21:?WaitForDirectConnect@@YIHXZ@0x00073408:0.592752
0x0005a062	0x109	pol20	0x0000d3b8	char ReadPacket(void)	SOURCE/Modem	0.669939	0.150510		shape=0.812;size=0.898;calls=0.333;alternate=buka21:?ReadPacket@@YIDXZ@0x000735ec:0.530036
0x0005a16b	0xdc	pol20	0x0000d4df	void WriteModemPacket(char *, int)	SOURCE/Modem	0.608161	0.151727		shape=0.596;size=0.863;calls=0.667;alternate=buka21:?_CallSETranslator@@YAHPAUEHExceptionRecord@@PAUEHRegistrationNode@@PAX2PBU_s_FuncInfo@@H1@Z@0x000d6baa:0.437091
0x0005a247	0x231	pol20	0x000a3ec7	int TransmitRemoteData(char *, int, int, signed char, signed char, signed char, signed char)	SOURCE/REMOTE	0.834733	0.263058	Error sending data.  Keep trying??	shape=0.670;size=0.959;calls=1.000;strings=Error sending data.  Keep trying??;alternate=buka21:?TransmitRemoteData@@YIHPADHHCCCC@Z@0x0008dcc0:0.560856
0x0005a478	0x10c	pol20	0x000a40e1	char * GetRemoteData(signed char)	SOURCE/REMOTE	0.625415	0.168923		shape=0.522;size=0.996;calls=1.000;alternate=buka21:?GetRemoteData@@YIPADC@Z@0x0008de92:0.517569
0x0005a584	0x4fe	pol20	0x0006785d	void advManager::TownGate(int)	SOURCE/ADVMGR	0.458811	0.013520	The other player's computer is not responding.  Do you wish to keep waiting for a response?	shape=0.263;size=0.850;calls=0.684;alternate=buka21:?ShowCampaignInfo@game@@QAEXHH@Z@0x000226d2:0.429006
0x0005aa82	0x15e	pol20	0x000a48e0	int TransmitAndWait(char *, int, int, signed char, signed char, char * *)	SOURCE/REMOTE	0.863828	0.281097	Error sending data.  Keep trying??	shape=0.740;size=0.986;calls=1.000;strings=Error sending data.  Keep trying??;alternate=buka21:?TransmitAndWait@@YIHPADHHCCPAPAD@Z@0x0008e5d3:0.561659
0x0005abe0	0x4c	pol20	0x000c70a0	void * font::scalar_dtor(unsigned int);   // virtual [introduces virtual]	BASE/FONT	0.496538	0.000000		shape=0.467;size=0.750;calls=0.500;alternate=buka21:___CxxFrameHandler@0x000d6ae1:0.430950
0x0005ac2c	0x1c	pol20	0x000bb734	void ExpCampaign::ResetBonusChoices(void)	SOURCE/X_CAMPGN	0.587927	0.000000		shape=0.611;size=0.683;calls=1.000;alternate=buka21:__global_unwind2@0x000d6d50:0.457500
0x0005ac48	0x2a	pol20	0x00054444	void swapManager::constructor(class hero *, class hero *)	SOURCE/SWAPMGR	0.735465	0.029989		shape=0.941;size=0.677;calls=1.000;alternate=buka21:?RedrawScreen@heroWindowManager@@QAEXXZ@0x000b7710:0.493351
0x0005ac72	0x53	pol20	0x00049373	void game::InitEntireCampaign(int)	SOURCE/Campaign	0.616284	0.062960	smackManager	shape=0.538;size=0.855;calls=1.000;alternate=buka21:??0baseManager@@QAE@XZ@0x000b5660:0.516074
0x0005acc5	0x1f	pol20	0x000d40b0	void setGlobalCRC(unsigned int)	BASE/Bzip	0.970000	0.000000		instruction-sequence;alternate=buka21:?_JumpToContinuation@@YGXPAXPAUEHRegistrationNode@@@Z@0x000d6a49:0.429882
0x0005ace4	0x975	pol20	0x0001436f	void townManager::SetupTown(void)	SOURCE/TOWNMGR	0.634337	0.040831	%s%s|Presents...|Press a Key to Continue...|SmackM1|SmackM2|SmackM2b|SmackM3b|\HEROES\ANIM\|bigfont.fnt	shape=0.265;size=0.989;calls=0.746;strings=%s%s;alternate=buka21:?SetupTown@townManager@@QAEXXZ@0x000a51da:0.629821
0x0005b659	0x97	pol20	0x000d1a30	void executive::CallManager(class baseManager *)	BASE/EXEC	0.530740	0.119925	Can't add manager!	shape=0.238;size=0.596;calls=0.714;strings=Can't add manager!;alternate=buka21:??0MIDIWrap@@QAE@PAD@Z@0x000ce520:0.485075
0x0005b6f0	0x14e	pol20	0x0001bce0	_WinMain@16	SOURCE/kbwin	0.905906	0.288496	Heroes|Heroes of Might and Magic|Only one copy of %s may run at a time|Startup Error	shape=0.812;size=0.976;calls=1.000;strings=Only one copy of %s may run at a time|Startup Error;alternate=buka21:?AppInit@@YIHPAX0HPAD@Z@0x00070f42:0.470096
0x0005b83e	0x2d6	pol20	0x0001be26	int AppInit(void *, void *, int, char *)	SOURCE/kbwin	0.781667	0.781667	Heroes|Heroes of Might and Magic|hInstApp	shape=0.634;size=0.880;calls=0.867;strings=Heroes|hInstApp;alternate=buka21:?AppInit@@YIHPAX0HPAD@Z@0x00070f42:0.682496
0x0005bb14	0x31	pol20	0x0001c15f	int AppIdle(void)	SOURCE/kbwin	1.000000	1.000000		normalized-instructions;alternate=buka21:?_JumpToContinuation@@YGXPAXPAUEHRegistrationNode@@@Z@0x000d6a49:0.449592
0x0005bb45	0x617	pol20	0x0001c190	long int AppWndProc(void *, unsigned int, unsigned int, long int)	SOURCE/kbwin	0.779912	0.373031	Are you sure you want to quit?	shape=0.604;size=0.902;calls=0.893;strings=Are you sure you want to quit?;alternate=buka21:?AppWndProc@@YGJPAXIIJ@Z@0x00071248:0.508573
0x0005c15c	0x90	pol20	0x0001c70e	int AppAbout(void *, unsigned int, unsigned int, long int)	SOURCE/kbwin	1.000000	1.000000		normalized-instructions;alternate=buka21:?AppAbout@@YGHPAXIIJ@Z@0x00071883:0.504323
0x0005c1ec	0x1a	pol20	0x0001c79e	void AppExit(void)	SOURCE/kbwin	1.000000	1.000000		normalized-instructions;alternate=buka21:__ui64toa@0x000e5fed:0.453443
0x0005c206	0xca	pol20	0x0001c7b8	void Process1WindowsMessage(void)	SOURCE/kbwin	0.765481	0.297962		shape=0.821;size=0.990;calls=1.000;alternate=buka21:?Process1WindowsMessage@@YIXXZ@0x000718f9:0.631126
0x0005c2d0	0x127	pol20	0x0001c880	void ResizeWindow(int, int, int, int)	SOURCE/kbwin	0.683689	0.201453		shape=0.707;size=0.902;calls=1.000;alternate=buka21:?ResizeWindow@@YIXHHHH@Z@0x0007199a:0.562416
0x0005c3f7	0x185	pol20	0x0001c9c7	long int AppCommand(void *, unsigned int, unsigned int, long int)	SOURCE/kbwin	0.723020	0.723020	.\HELP\HEROES.HLP|HEROES	shape=0.410;size=0.956;calls=1.000;strings=HEROES;alternate=buka21:?AppCommand@@YIJPAXIIJ@Z@0x00071abf:0.642433
0x0005c57c	0xd0	pol20	0x0001cb5e	void UpdateDfltMenu(void *)	SOURCE/kbwin	0.711032	0.315200		shape=0.719;size=0.967;calls=1.000;alternate=buka21:?UpdateDfltMenu@@YIXPAX@Z@0x00071c20:0.546929
0x0005c64c	0xaa	pol20	0x0001cc35	void KBChangeMenu(void *)	SOURCE/kbwin	0.637907	0.131460		shape=0.533;size=0.988;calls=1.000;alternate=buka21:?KBChangeMenu@@YIXPAX@Z@0x00071cd1:0.545069
0x0005c6f6	0x135	pol20	0x0001cce1	void SetMenuStatus(int)	SOURCE/kbwin	0.571913	0.015702		shape=0.475;size=0.888;calls=1.000;alternate=buka21:?SetupNetworkGame@game@@QAEHXZ@0x00092a44:0.532451
0x0005c82b	0x79	pol20	0x0001ce3d	void SetNoDialogMenus(int)	SOURCE/kbwin	0.606595	0.143885		shape=0.474;size=0.984;calls=1.000;alternate=buka21:?SetNoDialogMenus@@YIXH@Z@0x00071e77:0.510874
0x0005c8a4	0x15a	pol20	0x0001ceb8	void SetMenus(void *, int)	SOURCE/kbwin	0.747080	0.223148		shape=0.778;size=0.997;calls=1.000;alternate=buka21:?SetMenus@@YIXPAXH@Z@0x00071eca:0.495272
0x0005c9fe	0x1a3	pol20	0x000c8d20	unsigned long int resourceManager::GetFileSize(unsigned long int)	BASE/RESMGR	0.492125	0.019438		shape=0.380;size=0.597;calls=1.000;alternate=buka21:?Close@mouseManager@@UAEXXZ@0x000b92a0:0.377800
0x0005cba1	0x20d	pol20	0x000333c0	void advManager::ViewWorld(int, int, int)	SOURCE/Viewwrld	0.459871	0.005361	HEROES.CFG	shape=0.256;size=0.854;calls=0.867;alternate=buka21:?ShowSkeletons@combatManager@@QAEXPAVheroWindow@@@Z@0x0002e715:0.426812
0x0005cdae	0x523	pol20	0x000c5570	void WritePrefsToRegistry(void)	BASE/Misc	0.559860	0.048596	AppPath|Autosave|Blackout Computer|CD Offset|CDDrive|Current Map Offset|Direct Connect Baud Rate|Direct Connect Com Port|Editor Full Screen|Editor Height|Editor Show Menu|Editor Width|Editor X|Editor Y|First Map Offset|Main Game Full Screen|Main Game Height|Main Game Show Menu|Main Game Width|Main Game X|Main Game Y|Modem Baud Rate|Modem Com Port|Modem Init String|Music Volume|SOFTWARE\New World Computing\Heroes of Might and Magic\1.0|Show Route|Slow Video|Sound Quality|Sound Volume|Walk Speed	shape=0.107;size=0.889;calls=0.891;strings=Autosave|Blackout Computer|Current Map Offset;alternate=buka21:?WritePrefsToRegistry@@YIXXZ@0x000bedd0:0.512867
0x0005d2d1	0x15	pol20	0x0001d011	long int KBTickCount(void)	SOURCE/kbwin	0.970000	0.970000		instruction-sequence;alternate=buka21:__ui64toa@0x000e5fed:0.488462
0x0005d2e6	0x8a	pol20	0x0008c920	int GetMapHeader(char *, struct SMapHeader *)	SOURCE/REQUEST	0.567088	0.004281	HEROES.CFG	shape=0.486;size=0.928;calls=0.667;alternate=buka21:?LogTruncate@@YIXXZ@0x000bf990:0.523583
0x0005d370	0x3d0	buka21	0x000bedd0	?WritePrefsToRegistry@@YIXXZ	BASE/Misc	0.558764	0.155779	Autosave|Blackout Computer|CD Offset|Current Map Offset|Direct Connect Baud Rate|Direct Connect Com Port|Editor Full Screen|Editor Height|Editor Show Menu|Editor Width|Editor X|Editor Y|First Map Offset|Main Game Full Screen|Main Game Height|Main Game Show Menu|Main Game Width|Main Game X|Main Game Y|Modem Baud Rate|Modem Com Port|Modem Init String|Music Volume|SOFTWARE\New World Computing\Heroes of Might and Magic\1.0|Show Route|Slow Video|Sound Quality|Sound Volume|Walk Speed	shape=0.550;size=0.795;calls=0.681;alternate=pol20:void WritePrefsToRegistry(void)@0x000c5570:0.534920
0x0005d740	0x1a	pol20	0x0001c79e	void AppExit(void)	SOURCE/kbwin	1.000000	1.000000		normalized-instructions;alternate=buka21:__ui64toa@0x000e5fed:0.453443
0x0005d75a	0x4c5	buka21	0x000bf370	?SetupCDDrive@@YIHXZ	BASE/Misc	0.630488	0.630488	%c:%s|%c:\_autorun\autorun.exe|%s\_autorun\autorun.exe|.\DATA\HEROES.AGG|CDDrive|SOFTWARE\New World Computing\Heroes of Might and Magic\1.0|\HEROES\ANIM\|\HEROES\SOUND\|close CD|h8oL|info CD UPC wait|open %c: type cdaudio alias CD	shape=0.432;size=0.707;calls=0.692;strings=%c:%s;alternate=pol20:int SetupCDDrive(void)@0x000c5a60:0.568526
0x0005dc1f	0x7c	pol20	0x00009e05	void game::SetupResources(void)	SOURCE/Overview	0.563374	0.017515		shape=0.513;size=0.939;calls=0.500;alternate=buka21:?SetWinText@@YIXPAVheroWindow@@H@Z@0x0006f4ca:0.447557
0x0005dc9b	0x16	pol20	0x0001d011	long int KBTickCount(void)	SOURCE/kbwin	1.000000	1.000000		normalized-instructions;alternate=buka21:__ui64toa@0x000e5fed:0.495128
0x0005dcb1	0x63	buka21	0x000bde90	?ProcessAssert@@YIXHPADH@Z	BASE/Misc	0.598916	0.598916	Assert Failure|Assert statement failed in module %s, line %d.	shape=0.279;size=0.853;calls=0.600;strings=Assert Failure;alternate=pol20:void ProcessAssert(int, char *, int)@0x000c47f0:0.543916
0x0005dd14	0x65	pol20	0x00070e47	int playerData::HasMobileHero(void)	SOURCE/GAME	0.577032	0.085884		shape=0.409;size=1.000;calls=1.000;alternate=buka21:?FindToken@@YIPADPADD@Z@0x000bdf90:0.488084
0x0005dd79	0x67	pol20	0x000c8e20	void resourceManager::SavePosition(void)	BASE/RESMGR	0.465664	0.003032		shape=0.310;size=0.796;calls=1.000;alternate=buka21:?FindLastToken@@YIPADPADD@Z@0x000bdff0:0.464330
0x0005dde0	0x1f1a	pol20	0x0001595d	int townManager::Main(struct tag_message &);   // virtual [override (implements baseManager pure virtual)]	SOURCE/TOWNMGR	0.580796	0.098852	"  Unfortunately, you have no Magic Book to record the spell with.| $$!$$$$$$$$$$$$""#j|%s %s|%s'%s'.|Shrine - Player Rankings|Treasure|You cannot pick up this artifact, you already have a full load!|thiefwin.bin"	shape=0.301;size=0.778;calls=0.796;strings=thiefwin.bin;alternate=buka21:?Main@townManager@@UAEHAAUtag_message@@@Z@0x000a6842:0.557288
0x0005fcfa	0x1d7	pol20	0x000108a1	void advManager::ProcessIncomingSingleMapChange(struct SMapChange *)	SOURCE/CURSOR	0.459765	0.036678		shape=0.280;size=0.938;calls=0.600;alternate=buka21:?HandleViewGeneral@@YIHAAUtag_message@@@Z@0x000adba9:0.418890
0x0005fed1	0xcd	buka21	0x00041f0d	?HeroSwap@advManager@@QAEXPAVhero@@0@Z	SOURCE/EVENTS	0.621863	0.028933		shape=0.591;size=0.854;calls=1.000;alternate=pol20:void advManager::HeroSwap(class hero *, class hero *)@0x000aea02:0.583028
0x0005ff9e	0x1bf	pol20	0x000af87c	void advManager::TownEvent(class mapCell *, int, int)	SOURCE/EVENTS	0.634315	0.101013		shape=0.553;size=0.943;calls=1.000;alternate=buka21:?TownEvent@advManager@@QAEXPAVmapCell@@HH@Z@0x00042d86:0.530630
0x0006015d	0x243	buka21	0x00043df6	?HouseEvent@advManager@@QAEXPAVhero@@PAVmapCell@@@Z	SOURCE/EVENTS	0.326018	0.036461		shape=0.137;size=0.997;calls=0.000;alternate=pol20:char * advManager::CheckHandleNet(void)@0x0006931e:0.322773
0x000603a0	0xde	pol20	0x000aff6c	void advManager::EventWindow(int, int, char *, int, int, int, int, int)	SOURCE/EVENTS	0.669314	0.669314	Event ID %d	shape=0.379;size=0.896;calls=0.800;strings=Event ID %d;alternate=buka21:?EventWindow@advManager@@QAEXHHPADHHHHH@Z@0x00043340:0.574046
0x0006047e	0xa9	pol20	0x000b0033	int GiveArtifact(class hero *, int, int, signed char)	SOURCE/EVENTS	0.526145	0.093420		shape=0.473;size=0.929;calls=0.333;alternate=buka21:?ShowSpellCastFailure@combatManager@@QAEXPAVarmy@@H@Z@0x000a0a4b:0.409841
0x00060527	0x5f	pol20	0x000b00e9	int advManager::GiveRandomArtifact(class hero *)	SOURCE/EVENTS	0.643560	0.075338		shape=0.545;size=0.989;calls=1.000;alternate=buka21:?GiveRandomArtifact@advManager@@QAEHPAVhero@@@Z@0x0004347b:0.483471
0x00060586	0xb0	pol20	0x00086296	int CalcFileCRC(char *)	SOURCE/GAME	0.533015	0.059698	D:\Heroes\Source\EVENTS.CPP	shape=0.404;size=0.972;calls=0.625;alternate=buka21:?CallCatchBlock@@YAPAXPAUEHExceptionRecord@@PAUEHRegistrationNode@@PAU_CONTEXT@@PBU_s_FuncInfo@@PAXHK@Z@0x000d9f63:0.482846
0x00060636	0x5a	pol20	0x00098558	char toupper(char)	SOURCE/KB	0.490108	0.065874		shape=0.351;size=0.756;calls=1.000;alternate=buka21:?_DestructExceptionObject@@YAXPAUEHExceptionRecord@@E@Z@0x000da26c:0.331091
0x00060690	0xec	buka21	0x000435ad	?RecruitEvent@advManager@@QAEXPAVhero@@HPAVmapCell@@@Z	SOURCE/EVENTS	0.608108	0.069967		shape=0.542;size=0.949;calls=0.833;alternate=pol20:void advManager::RecruitEvent(class hero *, int, class mapCell *)@0x000b022e:0.592628
0x0006077c	0x2e0	pol20	0x000b07e5	int advManager::GhostEvent(class hero *, class mapCell *, char *, int, int)	SOURCE/EVENTS	0.690931	0.092214		shape=0.677;size=0.968;calls=1.000;alternate=buka21:?GhostEvent@advManager@@QAEHPAVhero@@PAVmapCell@@PADHH@Z@0x00043b2a:0.581832
0x00060a5c	0x11e	pol20	0x000c063b	void UpdateArenaIcons(void)	SOURCE/x_arena	0.485298	0.012543		shape=0.318;size=0.851;calls=0.714;alternate=buka21:?RecruitHeroHandler@@YIHAAUtag_message@@@Z@0x000688c4:0.454189
0x00060b7a	0x200	pol20	0x0009c111	void InitVars(void)	SOURCE/KB	0.471239	0.010341		shape=0.326;size=0.998;calls=0.615;alternate=buka21:?Open@townManager@@UAEHH@Z@0x000a4f5d:0.444344
0x00060d7a	0x243	pol20	0x00032f54	void town::Deallocate(void)	SOURCE/TOWN	0.415257	0.019209		shape=0.312;size=0.575;calls=1.000;alternate=buka21:?Open@recruitUnit@@UAEHH@Z@0x0008c522:0.360428
0x00060fbd	0x200	pol20	0x000b1973	void advManager::TransferArtifacts(class hero *, class hero *)	SOURCE/EVENTS	0.761239	0.761239	As you reach for the %s, it mysteriously disappears.	shape=0.558;size=0.932;calls=0.800;strings=As you reach for the %s, it mysteriously disappears.;alternate=buka21:?TransferArtifacts@advManager@@QAEXPAVhero@@0@Z@0x00044949:0.505054
0x000611bd	0x7d	pol20	0x000b1b50	void advManager::HeroLoses(class hero *)	SOURCE/EVENTS	0.772480	0.185270		shape=0.846;size=0.984;calls=1.000;alternate=buka21:?HeroLoses@advManager@@QAEXPAVhero@@@Z@0x00044afb:0.567256
0x0006123a	0x137	pol20	0x000b1bcf	void advManager::DoWhirlpool(class hero *)	SOURCE/EVENTS	0.635128	0.130522		shape=0.538;size=0.984;calls=1.000;alternate=buka21:?DoWhirlpool@advManager@@QAEXPAVhero@@@Z@0x00044b68:0.515247
0x00061371	0x113	pol20	0x000b1d01	void advManager::FizzleCenter(int)	SOURCE/EVENTS	0.799294	0.269245	killfade.82M|pickup%02d.82M	shape=0.673;size=0.854;calls=0.800;strings=killfade.82M|pickup%02d.82M;alternate=buka21:?FizzleCenter@advManager@@QAEXH@Z@0x00044c80:0.628535
0x00061484	0x1141	pol20	0x0000e51f	class mapCell * advManager::MoveHero(int, int, int *, int *, int *, int, int *, int)	SOURCE/CURSOR	0.516995	0.041400		shape=0.302;size=0.948;calls=0.931;alternate=buka21:?MoveHero@advManager@@QAEPAVmapCell@@HHPAH00H0H@Z@0x000340ca:0.492947
0x000625c5	0x19a	pol20	0x000bdbf0	int army::FindPath(int, int, int, int, int)	SOURCE/PATH	0.464425	0.020776		shape=0.307;size=0.805;calls=1.000;alternate=buka21:?DoAdvance@@YIXPAUSmackTag@@HHHH@Z@0x0009457f:0.425644
0x0006275f	0x152	pol20	0x00035d1c	struct IDirectDrawSurface * DDCreateSurface(unsigned long int, unsigned long int, int)	SOURCE/wingraph	0.462279	0.062518		shape=0.293;size=0.908;calls=0.800;alternate=buka21:?GetLossConditionText@game@@QAEXPAD@Z@0x000792d5:0.439456
0x000628b1	0x18f	pol20	0x000b5c40	int advManager::DoNetCombat(char *)	SOURCE/EVENTS	0.640314	0.079949		shape=0.608;size=0.860;calls=1.000;alternate=buka21:?DoNetCombat@advManager@@QAEHPAD@Z@0x00048b04:0.634004
0x00062a40	0x5c6	pol20	0x000b5e10	int advManager::DoCombat(int, int, class hero *, class armyGroup *, class town *, class hero *, class armyGroup *, int, int, int, int)	SOURCE/EVENTS	0.783303	0.783303	%s player's %s is under attack!|Hero|Town|h gL	shape=0.584;size=0.916;calls=0.927;strings=Hero|Town;alternate=buka21:?DoCombat@advManager@@QAEHHHPAVhero@@PAVarmyGroup@@PAVtown@@01HHHH@Z@0x00048c95:0.590184
0x00063006	0x2da	pol20	0x000b645e	void advManager::SendHeroTownData(int, int, class hero *, class armyGroup *, class town *, class hero *, class armyGroup *, int, int, int, int, int, int, int)	SOURCE/EVENTS	0.554614	0.040382		shape=0.525;size=0.830;calls=0.684;alternate=buka21:?SendHeroTownData@advManager@@QAEXHHPAVhero@@PAVarmyGroup@@PAVtown@@01HHHHHHH@Z@0x0004927c:0.543308
0x000632e0	0x350	pol20	0x000b67cd	void advManager::ReceiveHeroTownData(char *, int *, int *, int *, class hero * *, class armyGroup * *, class town * *, class hero * *, class armyGroup * *, int *, int *, int *, signed char *, signed char *, signed char *)	SOURCE/EVENTS	0.667548	0.667548	Error receiving data.  Keep trying??|Game canceled.	shape=0.422;size=0.756;calls=0.909;strings=Game canceled.;alternate=buka21:?ReceiveHeroTownData@advManager@@QAEXPADPAH11PAPAVhero@@PAPAVarmyGroup@@PAPAVtown@@23111PAC55@Z@0x00049582:0.493176
0x00063630	0x2de	pol20	0x00032230	void strip::constructor(int, int, int, unsigned long int, int, class armyGroup *, int, int, int)	SOURCE/STRIP	0.763391	0.050822	monsters.icn|smalfont.fnt|strip.icn	shape=0.602;size=0.869;calls=0.800;strings=strip.icn;alternate=buka21:??0strip@@QAE@HHHKHPAVarmyGroup@@HHH@Z@0x000a18a0:0.710816
0x0006390e	0x112	pol20	0x000324ae	void strip::~destructor(void)	SOURCE/STRIP	0.694563	0.100604		shape=0.745;size=0.846;calls=1.000;alternate=buka21:??1strip@@QAE@XZ@0x000a1b50:0.560366
0x00063a20	0x42	pol20	0x000325f2	void strip::Draw(void)	SOURCE/STRIP	0.970000	0.970000		instruction-sequence;alternate=buka21:?Draw@strip@@QAEXXZ@0x000a1c7b:0.508282
0x00063a62	0x26e	pol20	0x00043980	void philAI::TownEvent(class mapCell *, class hero *, int, int)	SOURCE/PHILAI	0.480260	0.013867		shape=0.295;size=0.886;calls=0.900;alternate=buka21:?SplitArmy@townManager@@QAEXXZ@0x000a84b7:0.435979
0x00063cd0	0x37	pol20	0x00032a05	void strip::DrawFrame(void)	SOURCE/STRIP	0.832109	0.071219		shape=1.000;size=0.927;calls=1.000;alternate=buka21:?RestoreUnderlying@mouseManager@@QAEXXZ@0x000ba270:0.537227
0x00063d07	0xfe	pol20	0x00032a38	void bankBox::constructor(int, int, class playerData *)	SOURCE/STRIP	0.721907	0.721907	bankbox.bin	shape=0.600;size=0.701;calls=0.833;strings=bankbox.bin;alternate=buka21:??0bankBox@@QAE@HHPAVplayerData@@@Z@0x000a2055:0.721149
0x00063e05	0x43	pol20	0x00032aea	void bankBox::~destructor(void)	SOURCE/STRIP	1.000000	1.000000		normalized-instructions;alternate=buka21:?Close@highScoreManager@@UAEXXZ@0x000652d6:0.518214
0x00063e48	0xc8	pol20	0x00032b2d	void bankBox::Update(int)	SOURCE/STRIP	0.660187	0.108959		shape=0.596;size=0.976;calls=1.000;alternate=buka21:?Update@bankBox@@QAEXH@Z@0x000a215f:0.544654
0x00063f10	0x6b	pol20	0x00032c00	void town::constructor(void)	SOURCE/TOWN	0.833420	0.002880		shape=1.000;size=0.944;calls=1.000;alternate=buka21:??0hero@@QAE@XZ@0x00060e50:0.478519
0x00063f7b	0x55	pol20	0x00032c65	int town::HasGarrison(void)	SOURCE/TOWN	0.683919	0.063205		shape=0.645;size=0.988;calls=1.000;alternate=buka21:?HasSomeUndead@armyGroup@@QAEHXZ@0x000217a8:0.445408
0x00063fd0	0xe1	pol20	0x00032cb9	void town::GiveSpells(class hero *)	SOURCE/TOWN	0.515989	0.016640		shape=0.434;size=0.824;calls=0.667;alternate=buka21:?GiveSpells@town@@QAEXPAVhero@@@Z@0x000a4089:0.430933
0x000640b1	0x17c	buka21	0x000a42d0	?Deallocate@town@@QAEXXZ	SOURCE/TOWN	0.404639	0.040983		shape=0.139;size=0.782;calls=1.000;alternate=pol20:int game::GetTownId(int, int)@0x00071c80:0.356636
0x0006422d	0xa5	pol20	0x000cf8b0	void heroWindow::RestoreBackground(void)	BASE/WINDOW	0.600600	0.020233		shape=0.525;size=0.915;calls=1.000;alternate=buka21:?RestoreDropBackground@dropListWidget@@QAEXXZ@0x000d0f10:0.512023
0x000642d2	0x15e	pol20	0x00032f54	void town::Deallocate(void)	SOURCE/TOWN	0.663257	0.239295		shape=0.634;size=0.951;calls=1.000;alternate=buka21:?Deallocate@town@@QAEXXZ@0x000a42d0:0.503229
0x00064430	0x40	pol20	0x00032aea	void bankBox::~destructor(void)	SOURCE/STRIP	0.603607	0.041888		shape=0.500;size=0.955;calls=1.000;alternate=buka21:?Close@highScoreManager@@UAEXXZ@0x000652d6:0.418713
0x00064470	0x54	pol20	0x000d7a60	void ioError(void)	BASE/Bzip	0.483448	0.000000	D:\Heroes\Source\NOOPT.CPP	shape=0.314;size=0.881;calls=0.800;alternate=buka21:?_UnwindNestedFrames@@YGXPAUEHRegistrationNode@@PAUEHExceptionRecord@@@Z@0x000d6a92:0.397180
0x000644c4	0x23	pol20	0x000bb734	void ExpCampaign::ResetBonusChoices(void)	SOURCE/X_CAMPGN	0.575659	0.000000		shape=0.600;size=0.854;calls=0.500;alternate=buka21:__global_unwind2@0x000d6d50:0.440405
0x000644e7	0x39	pol20	0x0003525a	void DelayTilMilli(long int)	SOURCE/NOOPT	0.545923	0.020730		shape=0.458;size=0.895;calls=1.000;alternate=buka21:___lc_lctostr@0x000dbabd:0.412925
0x00064520	0x783	pol20	0x000c0790	int combatManager::AICheckRetreat(void)	SOURCE/AI	0.681355	0.290003		shape=0.732;size=0.850;calls=1.000;alternate=buka21:?AICheckRetreat@combatManager@@QAEHXZ@0x00015a60:0.550932
0x00064ca3	0x9ce	pol20	0x0003fed2	int philAI::FightValueOfStack(class armyGroup *, class hero *, int, int, int, int)	SOURCE/PHILAI	0.480030	0.006646		shape=0.285;size=0.819;calls=0.941;alternate=buka21:?DoVictory@combatManager@@QAEXH@Z@0x0002f601:0.452112
0x00065671	0xca	pol20	0x000c282b	int combatManager::GetMirrorImageMask(int)	SOURCE/AI	0.559481	0.019384		shape=0.384;size=0.950;calls=1.000;alternate=buka21:?GetOutOfItMask@combatManager@@QAEHH@Z@0x000179cf:0.446417
0x0006573b	0xbb	pol20	0x000c282b	int combatManager::GetMirrorImageMask(int)	SOURCE/AI	0.564520	0.012857		shape=0.386;size=0.974;calls=1.000;alternate=buka21:?_CallSETranslator@@YAHPAUEHExceptionRecord@@PAUEHRegistrationNode@@PAX2PBU_s_FuncInfo@@H1@Z@0x000d6baa:0.347577
0x000657f6	0xd7	pol20	0x000c2cf4	int combatManager::GetTraitorMask(int)	SOURCE/AI	0.555160	0.011813		shape=0.355;size=0.995;calls=1.000;alternate=buka21:?GetOutOfItMask@combatManager@@QAEHH@Z@0x000179cf:0.433871
0x000658cd	0xb3	pol20	0x000c2fbb	int combatManager::GetWorstArmy(int, int)	SOURCE/AI	0.539605	0.073690		shape=0.369;size=0.923;calls=1.000;alternate=buka21:?GetWorstArmy@combatManager@@QAEHHH@Z@0x00017cce:0.427825
0x00065980	0xb3	pol20	0x000c2fbb	int combatManager::GetWorstArmy(int, int)	SOURCE/AI	0.569419	0.103504		shape=0.435;size=0.923;calls=1.000;alternate=buka21:?_CallSETranslator@@YAHPAUEHExceptionRecord@@PAUEHRegistrationNode@@PAX2PBU_s_FuncInfo@@H1@Z@0x000d6baa:0.392259
0x00065a33	0x109	pol20	0x0004a4e2	void hexcell::DrawUpperDeadOccupant(void)	SOURCE/HEXCELL	0.481618	0.006261		shape=0.321;size=0.755;calls=1.000;alternate=buka21:?SaveAndDraw@mouseManager@@QAEXXZ@0x000ba160:0.407119
0x00065b3c	0xbb	pol20	0x000c31ec	unsigned long int combatManager::GetStrength(int, int)	SOURCE/AI	0.577106	0.125443		shape=0.420;size=0.969;calls=1.000;alternate=buka21:?_CallSETranslator@@YAHPAUEHExceptionRecord@@PAUEHRegistrationNode@@PAX2PBU_s_FuncInfo@@H1@Z@0x000d6baa:0.397577
0x00065bf7	0x1b0	pol20	0x000c32ad	int combatManager::AttemptAttack(class army *, int, int)	SOURCE/AI	0.582256	0.095081		shape=0.429;size=0.975;calls=1.000;alternate=buka21:?AttemptAttack@combatManager@@QAEHPAVarmy@@HH@Z@0x00017f42:0.458753
0x00065da7	0x2a9	pol20	0x000a5900	int army::CanFit(int, int, int *)	SOURCE/FLY	0.495992	0.035655		shape=0.235;size=0.971;calls=1.000;alternate=buka21:?TownEvent@philAI@@QAEXPAVmapCell@@PAVhero@@HH@Z@0x00088c35:0.390638
0x00066050	0x20f	pol20	0x000c35ea	int combatManager::WalkTowardArmyFront(class army *, int, int)	SOURCE/AI	0.565297	0.057966		shape=0.417;size=0.915;calls=1.000;alternate=buka21:?WalkTowardArmyFront@combatManager@@QAEHPAVarmy@@HH@Z@0x000181fe:0.511035
0x0006625f	0x231	pol20	0x000c382a	int combatManager::WalkTowardArmy(class army *, int, int)	SOURCE/AI	0.567861	0.048605		shape=0.394;size=0.967;calls=1.000;alternate=buka21:?WalkTowardArmy@combatManager@@QAEHPAVarmy@@HH@Z@0x00018405:0.490335
0x00066490	0xc9	pol20	0x0004a8c0	void army::constructor(void)	SOURCE/ARMY	0.833244	0.228943		shape=1.000;size=0.971;calls=1.000;alternate=buka21:??0army@@QAE@XZ@0x00018650:0.485462
0x00066559	0x18	pol20	0x0008c07c	void armyGroup::View(int)	SOURCE/ARMYGRP	1.000000	0.000000		normalized-instructions;alternate=buka21:_strncmp@0x000d7f60:0.291751
0x00066571	0x71	pol20	0x00010b29	void advManager::PurgeMapChangeQueue(void)	SOURCE/CURSOR	0.684441	0.036296		shape=0.654;size=0.966;calls=1.000;alternate=buka21:??0philAI@@QAE@XZ@0x0007e4dc:0.409690
0x000665e2	0x122	pol20	0x0008d48f	void fileRequester::CleanUpData(void)	SOURCE/REQUEST	0.459169	0.002595		shape=0.435;size=0.686;calls=0.667;alternate=buka21:?Open@heroWindowManager@@UAEHH@Z@0x000b7020:0.435077
0x00066704	0x237	pol20	0x0006cbdb	void hero::UpdateArmies(void)	SOURCE/HERO	0.506994	0.027122	%s.atk|%s.std|%s.wlk|atksnd%02d.82M|move%02d.82M|shoot%02d.82M|swrdsman|wince%02d.82M	shape=0.421;size=0.822;calls=0.688;alternate=buka21:?GetMap@game@@QAEXXZ@0x000754b0:0.471554
0x0006693b	0xf1	pol20	0x0002d9ed	void combatManager::ClearWinLoseBottom(class heroWindow *)	SOURCE/COMMAND	0.697914	0.001993		shape=0.737;size=0.886;calls=1.000;alternate=buka21:?FreeIcons@combatManager@@QAEXXZ@0x00027e45:0.523159
0x00066a2c	0x855	buka21	0x0002387e	?InitCampaignMap@game@@QAEXXZ	SOURCE/Campaign	0.455439	0.037761		shape=0.244;size=0.804;calls=0.917;alternate=pol20:int ViewSpellsHandler(struct tag_message &)@0x00079e3b:0.443102
0x00067281	0x63	pol20	0x00033627	void advManager::VWCleanup(void)	SOURCE/Viewwrld	0.578706	0.014615		shape=0.577;size=0.909;calls=0.500;alternate=buka21:__CallSettingFrame@12@0x000da300:0.425970
0x000672e4	0x61	pol20	0x00033627	void advManager::VWCleanup(void)	SOURCE/Viewwrld	0.583106	0.039738		shape=0.593;size=0.928;calls=0.500;alternate=buka21:?Ripple@combatManager@@QAEXH@Z@0x0009cb50:0.435140
0x00067345	0x852	pol20	0x00089e6a	void highScoreManager::Update(void)	SOURCE/HISCORE	0.467318	0.022619		shape=0.265;size=0.940;calls=0.838;alternate=buka21:?SetupHeroView@@YIXXZ@0x00063b0f:0.437603
0x00067b97	0xcca	pol20	0x0004e1a1	void army::DoAttack(int)	SOURCE/ARMY	0.564886	0.030284	%s %s %d %s.|%s %s %d %s.  %d %s %s.|Damage|does|perish|perishes	shape=0.279;size=0.695;calls=0.756;strings=%s %s %d %s.|does|perish;alternate=buka21:?NewGameHandler@@YIHAAUtag_message@@@Z@0x0007734a:0.464599
0x00068861	0x765	pol20	0x0009412d	void combatManager::KeepAttack(int)	SOURCE/CMBTMGR	0.609725	0.050950	%s %s %d %s.|%s %s %d %s.  %d %s %s.|Damage|creature|creatures|does|perish|perishes	shape=0.246;size=0.988;calls=0.750;strings=perish|perishes;alternate=buka21:?CheckLevel@hero@@QAEXXZ@0x000620c8:0.472954
0x00068fc6	0x2d	pol20	0x0004dc8f	void army::DirDoAttack(int)	SOURCE/ARMY	0.970000	0.970000		instruction-sequence;alternate=buka21:?SetCombatViewArmySmallLevel@combatManager@@QAEXH@Z@0x00031f2a:0.481932
0x00068ff3	0x108d	pol20	0x0004e1a1	void army::DoAttack(int)	SOURCE/ARMY	0.645416	0.025004	%s %s %d %s.|%s %s %d %s.  %d %s %s.|%s %s half the enemy troops!|Damage|destroy|destroys|does|perish|perishes	shape=0.317;size=0.899;calls=0.707;strings=%s %s %d %s.|%s %s half the enemy troops!|destroy;alternate=buka21:?CheckEndGame@@YIXHH@Z@0x00069899:0.434601
0x0006a080	0x49	pol20	0x00054482	void swapManager::Reset(void)	SOURCE/SWAPMGR	0.572371	0.014788		shape=0.478;size=0.912;calls=1.000;alternate=buka21:?_UnwindNestedFrames@@YGXPAUEHRegistrationNode@@PAUEHExceptionRecord@@@Z@0x000d6a92:0.347458
0x0006a0c9	0x27	pol20	0x00078b4e	void game::RandomizePassword(class mapCell *)	SOURCE/GAME	0.704487	0.005823		shape=0.722;size=0.923;calls=1.000;alternate=buka21:?CreaturesToBuy@philAI@@QAEHPAVtown@@H@Z@0x00083dfb:0.389286
0x0006a0f0	0xfc	pol20	0x000aea92	int advManager::BarrierEvent(class mapCell *, class hero *)	SOURCE/EVENTS	0.429721	0.000520		shape=0.250;size=0.832;calls=0.667;alternate=buka21:??0bankBox@@QAE@HHPAVplayerData@@@Z@0x000a2055:0.417442
0x0006a1ec	0x27	pol20	0x00078b4e	void game::RandomizePassword(class mapCell *)	SOURCE/GAME	0.704487	0.005823		shape=0.722;size=0.923;calls=1.000;alternate=buka21:?CreaturesToBuy@philAI@@QAEHPAVtown@@H@Z@0x00083dfb:0.389286
0x0006a213	0x1c9	pol20	0x0004f756	int army::AttackTo(int)	SOURCE/ARMY	0.568537	0.097324		shape=0.426;size=0.936;calls=0.900;alternate=buka21:?AttackTo@army@@QAEHH@Z@0x0001d509:0.506893
0x0006a3dc	0x249	pol20	0x0004f93e	void army::CheckLuck(void)	SOURCE/ARMY	0.791519	0.791519	Bad luck descends on the %s|Good luck shines on the %s|badluck.82m|goodluck.82m|hPgL	shape=0.600;size=0.911;calls=0.875;strings=Bad luck descends on the %s|Good luck shines on the %s|badluck.82m;alternate=buka21:?CheckLuck@army@@QAEXXZ@0x0001d6d1:0.723107
0x0006a625	0x2ae	pol20	0x0003db58	void philAI::GetBestCreature(class town *, struct BHC &, float &)	SOURCE/PHILAI	0.434699	0.017149		shape=0.235;size=0.799;calls=0.875;alternate=buka21:?DamageEnemy@army@@QAEXPAV1@PAH1HH@Z@0x0001d8ee:0.387284
0x0006a8d3	0x176	pol20	0x000559cb	void swapManager::SwapMons(void)	SOURCE/SWAPMGR	0.527838	0.087102		shape=0.290;size=0.997;calls=1.000;alternate=buka21:??0textEntryWidget@@QAE@FFFFFPAD0F0FFFFHH@Z@0x000d1d50:0.437054
0x0006aa49	0x8a9	pol20	0x000bb843	void ExpCampaign::InitMap(void)	SOURCE/X_CAMPGN	0.463588	0.026278		shape=0.255;size=0.900;calls=0.722;alternate=buka21:?ProcessOnMapHeroes@game@@QAEXXZ@0x0005ce94:0.440172
0x0006b2f2	0x34	pol20	0x00058d46	void advManager::Reseed(int, int)	SOURCE/ADVMGR	0.508342	0.017308		shape=0.476;size=0.654;calls=1.000;alternate=buka21:___CxxFrameHandler@0x000d6ae1:0.339293
0x0006b326	0x131	pol20	0x000548be	void swapManager::Close(void);   // virtual [override (implements baseManager pure virtual)]	SOURCE/SWAPMGR	0.531022	0.019796		shape=0.349;size=0.987;calls=0.778;alternate=buka21:??1listBoxWidget@@UAE@XZ@0x000ce730:0.476630
0x0006b457	0xb2	buka21	0x000ac5c7	?SortStats@@YIXQAJQAC@Z	SOURCE/TOWNMGR	0.415332	0.065093		shape=0.154;size=0.848;calls=1.000;alternate=pol20:void armyGroup::Swap(int, class armyGroup *, int)@0x0008c75d:0.406889
0x0006b509	0x1de	pol20	0x000a3ec7	int TransmitRemoteData(char *, int, int, signed char, signed char, signed char, signed char)	SOURCE/REMOTE	0.470949	0.009904		shape=0.282;size=0.888;calls=0.750;alternate=buka21:?TownEvent@philAI@@QAEXPAVmapCell@@PAVhero@@HH@Z@0x00088c35:0.456899
0x0006b6e7	0x3a9	pol20	0x00052ad9	void army::MoveAttack(int, int)	SOURCE/ARMY	0.620726	0.126926		shape=0.541;size=0.929;calls=0.929;alternate=buka21:?MoveAttack@army@@QAEXHH@Z@0x00020238:0.522810
0x0006ba90	0x68	pol20	0x0006c3a0	void hero::constructor(void)	SOURCE/HERO	0.970000	0.970000		instruction-sequence;alternate=buka21:??0hero@@QAE@XZ@0x00060e50:0.493986
0x0006baf8	0x18	pol20	0x0008c07c	void armyGroup::View(int)	SOURCE/ARMYGRP	1.000000	0.000000		normalized-instructions;alternate=buka21:_strncmp@0x000d7f60:0.291751
0x0006bb10	0x5d	pol20	0x0006c4cd	int hero::HasArtifact(int)	SOURCE/HERO	0.643073	0.007742		shape=0.576;size=0.957;calls=1.000;alternate=buka21:?TownIDToTownPos@game@@QAEHPAVplayerData@@H@Z@0x0005fd91:0.412188
0x0006bb6d	0x1ed	pol20	0x0006c526	int hero::CalcMobility(void)	SOURCE/HERO	0.534317	0.013856		shape=0.500;size=0.781;calls=0.714;alternate=buka21:?TownEvent@philAI@@QAEXPAVmapCell@@PAVhero@@HH@Z@0x00088c35:0.425646
0x0006bd5a	0x56	pol20	0x0008c3f6	int armyGroup::IsMember(int)	SOURCE/ARMYGRP	0.793621	0.003974		shape=0.889;size=0.988;calls=1.000;alternate=buka21:?TownIDToTownPos@game@@QAEHPAVplayerData@@H@Z@0x0005fd91:0.441459
0x0006bdb0	0xf0	pol20	0x0006c931	int hero::GetNumSpells(int)	SOURCE/HERO	0.450944	0.025577		shape=0.406;size=0.867;calls=0.000;alternate=buka21:?SetupGameHandler@@YIHAAUtag_message@@@Z@0x0009417c:0.347540
0x0006bea0	0x217	pol20	0x00080e6c	void game::GiveArmy(class armyGroup *, int, int, int)	SOURCE/GAME	0.405054	0.043344		shape=0.352;size=0.471;calls=1.000;alternate=buka21:?Deallocate@town@@QAEXXZ@0x000a42d0:0.364828
0x0006c0b7	0x1e3	pol20	0x0001bbfc	void SortStats(long int * const, signed char * const)	SOURCE/TOWNMGR	0.375068	0.063838		shape=0.282;size=0.449;calls=1.000;alternate=buka21:?Draw@iconWidget@@UAEXXZ@0x000bbd70:0.333182
0x0006c29a	0x53	pol20	0x0006f305	void RedrawHeroScreen(void)	SOURCE/HERO	0.729738	0.059309	heroscrn.bmp	shape=0.762;size=0.952;calls=1.000;alternate=buka21:?RedrawHeroScreen@@YIXXZ@0x000638b2:0.519414
0x0006c2ed	0x6c2	pol20	0x0000bd60	int combatManager::ViewGeneral(int, int, int)	SOURCE/VIEW	0.660551	0.029638	%s the %s|crst%04d.icn|herowind.bin|port%04d.icn	shape=0.288;size=0.990;calls=0.872;strings=%s the %s|port%04d.icn;alternate=buka21:?ViewGeneral@combatManager@@QAEHHHH@Z@0x000ad4b0:0.655187
0x0006c9af	0x7c	pol20	0x0006cab1	void HeroMessageUpdate(char *)	SOURCE/HERO	0.766359	0.051684		shape=0.840;size=0.954;calls=1.000;alternate=buka21:?HeroMessageUpdate@@YIXPAD@Z@0x0006141a:0.570065
0x0006ca2b	0xab	pol20	0x0006cb33	void hero::HeroScreenUpdate(void)	SOURCE/HERO	0.684175	0.105754		shape=0.644;size=0.982;calls=1.000;alternate=buka21:?HeroScreenUpdate@hero@@QAEXXZ@0x0006148c:0.542456
0x0006cad6	0x1ba	pol20	0x0006cbdb	void hero::UpdateArmies(void)	SOURCE/HERO	0.616993	0.125039		shape=0.536;size=0.948;calls=0.909;alternate=buka21:?UpdateArmies@hero@@QAEXXZ@0x00061520:0.520009
0x0006cc90	0x1af	pol20	0x00079856	int game::ViewSpells(class hero *, int, int (*)(struct tag_message &), int)	SOURCE/GAME	0.545517	0.023557	vstat.bin	shape=0.397;size=0.894;calls=0.917;alternate=buka21:?DoTradingPost@@YIXHM@Z@0x000ac6e0:0.525959
0x0006ce3f	0x4a	pol20	0x000c8e80	void resourceManager::RestorePosition(void)	BASE/RESMGR	0.561450	0.034093		shape=0.419;size=0.892;calls=1.000;alternate=buka21:?_UnwindNestedFrames@@YGXPAUEHRegistrationNode@@PAUEHExceptionRecord@@@Z@0x000d6a92:0.470866
0x0006ce89	0x59	pol20	0x0006ce8b	int hero::Dismiss(void)	SOURCE/HERO	0.802415	0.802415	Are you sure you want to dismiss this Hero?	shape=0.586;size=0.957;calls=1.000;strings=Are you sure you want to dismiss this Hero?;alternate=buka21:??0palette@@QAE@XZ@0x000caea0:0.470207
0x0006cee2	0x452	pol20	0x0006cee8	void hero::Deallocate(int)	SOURCE/HERO	0.517698	0.039209		shape=0.435;size=0.782;calls=0.875;alternate=buka21:?Deallocate@hero@@QAEXH@Z@0x000617f2:0.482098
0x0006d334	0xd0	pol20	0x0006d46f	int hero::GetExperience(int)	SOURCE/HERO	0.620539	0.045931		shape=0.647;size=0.760;calls=1.000;alternate=buka21:?GetLevel@hero@@QAEHH@Z@0x00061d60:0.450538
0x0006d404	0xf2	pol20	0x0006d50d	int hero::GetLevel(int)	SOURCE/HERO	0.646674	0.145247		shape=0.683;size=0.793;calls=1.000;alternate=buka21:?GetLevel@hero@@QAEHH@Z@0x00061d60:0.411151
0x0006d4f6	0x14f	pol20	0x0006d5cd	void hero::ApplyBattleWinTemps(void)	SOURCE/HERO	0.653678	0.258508		shape=0.848;size=0.562;calls=1.000;alternate=buka21:?TurnsToBuy@philAI@@QAEMQAH@Z@0x00084575:0.369036
0x0006d645	0x1e	pol20	0x0009a511	int TrueFalseDialogHandler(struct tag_message &)	SOURCE/KB	1.000000	0.000000		normalized-instructions;alternate=buka21:?initBogusModel@@YIXXZ@0x000c7840:0.454632
0x0006d663	0x2f4	pol20	0x00055fbd	void swapManager::SplitMons(void)	SOURCE/SWAPMGR	0.489230	0.001474		shape=0.319;size=0.836;calls=0.833;alternate=buka21:?ReceiveHostReportsPlayerExit@@YIXHUSPlayerExit@@H@Z@0x0006edbf:0.465859
0x0006d957	0x57	pol20	0x0006e067	int hero::NumArtifacts(void)	SOURCE/HERO	0.970000	0.970000		instruction-sequence;alternate=buka21:?_UnwindNestedFrames@@YGXPAUEHRegistrationNode@@PAUEHExceptionRecord@@@Z@0x000d6a92:0.362672
0x0006d9ae	0x52e	pol20	0x0006e0be	void UpdateHeroScreenStatusBar(struct tag_message &)	SOURCE/HERO	0.494757	0.029088	hPgL	shape=0.469;size=0.705;calls=0.718;alternate=buka21:?SetCommandAndText@townManager@@QAEXAAUtag_message@@@Z@0x000a61d0:0.432658
0x0006dedc	0x6d4	pol20	0x000b88d6	void game::UpdateNewGameWindow(void)	SOURCE/Newgame	0.482743	0.013971		shape=0.292;size=0.822;calls=0.840;alternate=buka21:?PollRemote@@YIXXZ@0x0008df6f:0.463593
0x0006e5b0	0x4a	pol20	0x0004a3c0	void hexcell::constructor(void)	SOURCE/HEXCELL	0.831699	0.064633		shape=1.000;size=0.946;calls=1.000;alternate=buka21:__strrev@0x000e7f20:0.438370
0x0006e5fa	0x4d	pol20	0x00054482	void swapManager::Reset(void)	SOURCE/SWAPMGR	0.839379	0.103509		shape=1.000;size=0.963;calls=1.000;alternate=buka21:?_UnwindNestedFrames@@YGXPAUEHRegistrationNode@@PAUEHExceptionRecord@@@Z@0x000d6a92:0.422693
0x0006e647	0x4b	pol20	0x0004a86e	void hexcell::DrawObstacle(void)	SOURCE/HEXCELL	0.721636	0.028836		shape=0.760;size=0.949;calls=1.000;alternate=buka21:?DrawObstacle@hexcell@@QAEXXZ@0x00065089:0.547572
0x0006e692	0x8a	pol20	0x000c7370	void font::DrawString(char *, int, int, int)	BASE/FONT	0.451028	0.005524		shape=0.410;size=0.522;calls=1.000;alternate=buka21:??0bitmap@@QAE@FFF@Z@0x000c5d50:0.403353
0x0006e71c	0x151	pol20	0x0004a70f	void hexcell::DrawTower(int)	SOURCE/HEXCELL	0.622627	0.110706		shape=0.514;size=0.976;calls=1.000;alternate=buka21:?DrawTower@hexcell@@QAEXH@Z@0x00064f58:0.517658
0x0006e86d	0x2b3	pol20	0x0006ff31	void DoHeroSplit(int, int)	SOURCE/HERO	0.447170	0.014280		shape=0.252;size=0.996;calls=0.667;alternate=buka21:?SetInitialMapOrigin@advManager@@QAEXXZ@0x00012a12:0.425408
0x0006eb20	0x190	buka21	0x00042d86	?TownEvent@advManager@@QAEXPAVmapCell@@HH@Z	SOURCE/EVENTS	0.450588	0.041855		shape=0.235;size=0.946;calls=0.583;alternate=pol20:void advManager::TownEvent(class mapCell *, int, int)@0x000af87c:0.448648
0x0006ecb0	0x75	pol20	0x000543c0	void swapManager::constructor(void)	SOURCE/SWAPMGR	0.970000	0.970000		instruction-sequence;alternate=buka21:?_UnwindNestedFrames@@YGXPAUEHRegistrationNode@@PAUEHExceptionRecord@@@Z@0x000d6a92:0.473974
0x0006ed25	0x3e	pol20	0x00054444	void swapManager::constructor(class hero *, class hero *)	SOURCE/SWAPMGR	0.970000	0.970000		instruction-sequence;alternate=buka21:?RestoreUnderlying@mouseManager@@QAEXXZ@0x000ba270:0.498433
0x0006ed63	0x4d	pol20	0x00054482	void swapManager::Reset(void)	SOURCE/SWAPMGR	0.970000	0.970000		instruction-sequence;alternate=buka21:?_UnwindNestedFrames@@YGXPAUEHRegistrationNode@@PAUEHExceptionRecord@@@Z@0x000d6a92:0.418951
0x0006edb0	0x2d5	pol20	0x00054502	int swapManager::Open(int);   // virtual [override (implements baseManager pure virtual)]	SOURCE/SWAPMGR	0.703039	0.163364	%s meets %s|port%04d.icn|swapManager|swapbtn.icn|swapwin.bin	shape=0.543;size=0.758;calls=0.800;strings=%s meets %s|port%04d.icn|swapManager;alternate=buka21:?Open@swapManager@@UAEHH@Z@0x000a236e:0.683274
0x0006f085	0x123	pol20	0x000548be	void swapManager::Close(void);   // virtual [override (implements baseManager pure virtual)]	SOURCE/SWAPMGR	0.970000	0.970000		instruction-sequence;alternate=buka21:?Close@swapManager@@UAEXXZ@0x000a2750:0.610218
0x0006f1a8	0x21f	pol20	0x000549eb	void swapManager::DrawSelector(void)	SOURCE/SWAPMGR	0.598421	0.149477		shape=0.488;size=0.928;calls=1.000;alternate=buka21:?DrawSelector@swapManager@@QAEXXZ@0x000a286f:0.439829
0x0006f3c7	0x9ac	pol20	0x00054be3	int swapManager::Main(struct tag_message &);   // virtual [override (implements baseManager pure virtual)]	SOURCE/SWAPMGR	0.695756	0.695756	This item can't be traded.	shape=0.412;size=0.884;calls=0.960;strings=This item can't be traded.;alternate=buka21:?Main@swapManager@@UAEHAAUtag_message@@@Z@0x000a29f4:0.525982
0x0006fd73	0xa5	pol20	0x000556d3	void swapManager::ViewMon(void)	SOURCE/SWAPMGR	0.697938	0.208278		shape=0.676;size=0.988;calls=1.000;alternate=buka21:?ViewMon@swapManager@@QAEXXZ@0x000a33b6:0.509716
0x0006fe18	0x112	pol20	0x00095317	void combatManager::RaiseDoor(void)	SOURCE/CMBTMGR	0.600309	0.154144		shape=0.607;size=0.839;calls=0.800;alternate=buka21:??0button@@QAE@FFFFPADFFFFFF@Z@0x000d3640:0.428679
0x0006ff2a	0x28e	pol20	0x00090624	void combatManager::InitNonVisualVars(void)	SOURCE/CMBTMGR	0.501335	0.035115		shape=0.364;size=0.968;calls=0.800;alternate=buka21:?TransferArtifacts@advManager@@QAEXPAVhero@@0@Z@0x00044949:0.408694
0x000701b8	0x492	pol20	0x00055b42	void swapManager::Update(void)	SOURCE/SWAPMGR	0.670930	0.209446		shape=0.635;size=0.980;calls=0.900;alternate=buka21:?Update@swapManager@@QAEXXZ@0x000a37e7:0.575258
0x0007064a	0x3a6	pol20	0x00055fbd	void swapManager::SplitMons(void)	SOURCE/SWAPMGR	0.775442	0.072266	Move how many %s troops from %s to %s?|splitwin.bin	shape=0.522;size=0.968;calls=1.000;strings=Move how many %s troops from %s to %s?|splitwin.bin;alternate=buka21:?SplitMons@swapManager@@QAEXXZ@0x000a3c30:0.761691
0x000709f0	0x5f	pol20	0x00054482	void swapManager::Reset(void)	SOURCE/SWAPMGR	0.580508	0.033622		shape=0.464;size=0.842;calls=1.000;alternate=buka21:?_UnwindNestedFrames@@YGXPAUEHRegistrationNode@@PAUEHExceptionRecord@@@Z@0x000d6a92:0.342712
0x00070a4f	0x5a	pol20	0x000701e1	void hero::SetSS(int, int)	SOURCE/HERO	0.567550	0.048129		shape=0.462;size=0.849;calls=1.000;alternate=buka21:?SetSS@hero@@QAEXHH@Z@0x000646cb:0.442318
0x00070aa9	0xb5	pol20	0x00095317	void combatManager::RaiseDoor(void)	SOURCE/CMBTMGR	0.573681	0.013195		shape=0.586;size=0.787;calls=0.800;alternate=buka21:?CallCatchBlock@@YAPAXPAUEHExceptionRecord@@PAUEHRegistrationNode@@PAU_CONTEXT@@PBU_s_FuncInfo@@PAXHK@Z@0x000d9f63:0.496140
0x00070b5e	0x2f3	pol20	0x00002e80	void combatManager::CombatMessage(int)	SOURCE/DRAWING	0.463892	0.036936		shape=0.362;size=0.739;calls=0.786;alternate=buka21:?CombatMessage@combatManager@@QAEXH@Z@0x000381ef:0.437007
0x00070e51	0xd4	pol20	0x0000327e	void combatManager::ResetLimitCreature(void)	SOURCE/DRAWING	0.585749	0.028904		shape=0.577;size=0.721;calls=1.000;alternate=buka21:?ResetLimitCreature@combatManager@@QAEXXZ@0x00038566:0.450422
0x00070f25	0x24	pol20	0x000d5570	unsigned int GETALL(int)	BASE/Bzip	0.970000	0.000000		instruction-sequence;alternate=buka21:?_JumpToContinuation@@YGXPAXPAUEHRegistrationNode@@@Z@0x000d6a49:0.456941
0x00070f49	0xde	pol20	0x000705c2	signed char hero::GetSSLevel(int)	SOURCE/HERO	0.482218	0.013781		shape=0.342;size=0.878;calls=0.500;alternate=buka21:?UpdateHeroLocators@advManager@@QAEXHH@Z@0x0000a78f:0.413944
0x00071027	0x1d4	pol20	0x0000f753	void advManager::CheckAdjacentMon(int *)	SOURCE/CURSOR	0.457804	0.000996		shape=0.273;size=0.795;calls=0.800;alternate=buka21:?DimensionDoor@advManager@@QAEXXZ@0x00011313:0.425634
0x000711fb	0xe35	pol20	0x0001a783	void townManager::SetupThievesGuild(class heroWindow *, int)	SOURCE/TOWNMGR	0.470724	0.048032		shape=0.292;size=0.943;calls=0.653;alternate=buka21:?BuyBuild@townManager@@QAEHHHH@Z@0x000a89fe:0.456168
0x00072030	0x1c9	pol20	0x000993e0	int RecruitHeroHandler(struct tag_message &)	SOURCE/KB	0.436618	0.024779		shape=0.272;size=0.930;calls=0.500;alternate=buka21:?Open@highScoreManager@@UAEHH@Z@0x00065169:0.381939
0x000721f9	0x80	buka21	0x000d9f63	?CallCatchBlock@@YAPAXPAUEHExceptionRecord@@PAUEHRegistrationNode@@PAU_CONTEXT@@PBU_s_FuncInfo@@PAXHK@Z	(libcmt)	0.310357	0.014076		shape=0.172;size=0.776;calls=0.000;alternate=pol20:void armyGroup::View(int)@0x0008c07c:0.269534
0x00072279	0x9e7	pol20	0x0008c07c	void armyGroup::View(int)	SOURCE/ARMYGRP	0.191716	0.000000		shape=0.196;size=0.009;calls=1.000;alternate=buka21:_strncmp@0x000d7f60:0.151963
0x00072c60	0x6b	pol20	0x0008a640	void add_node(struct tag_Anchor *, struct tag_Node *)	SOURCE/comwin	0.720320	0.104257		shape=0.762;size=0.922;calls=1.000;alternate=buka21:?add_node@@YIXPAUtag_Anchor@@PAUtag_Node@@@Z@0x00032760:0.517873
0x00072ccb	0x49	pol20	0x0008a6b4	struct tag_Node * pop_node(struct tag_Anchor *)	SOURCE/comwin	0.838609	0.095682		shape=1.000;size=0.961;calls=1.000;alternate=buka21:?pop_node@@YIPAUtag_Node@@PAUtag_Anchor@@@Z@0x000327bf:0.512007
0x00072d14	0x23	pol20	0x000a0b44	int CheckMem(void)	SOURCE/KB	0.815659	0.125388		shape=1.000;size=0.854;calls=1.000;alternate=buka21:?_JumpToContinuation@@YGXPAXPAUEHRegistrationNode@@@Z@0x000d6a49:0.525882
0x00072d37	0x2e5	pol20	0x0008ab13	short int com_init(unsigned char, int, int)	SOURCE/comwin	0.824597	0.824597	COM%d	shape=0.758;size=0.880;calls=0.667;strings=COM%d;alternate=buka21:?com_init@@YIFEHH@Z@0x00032ba2:0.508285
0x0007301c	0x111	pol20	0x0008ae5d	void com_term(short int)	SOURCE/comwin	0.634864	0.165083		shape=0.549;size=0.958;calls=1.000;alternate=buka21:?com_term@@YIXF@Z@0x00032e9e:0.427397
0x0007312d	0xad	pol20	0x0008af7a	short int com_rcv(short int, unsigned short int, void *)	SOURCE/comwin	0.619428	0.167657		shape=0.727;size=0.783;calls=0.500;alternate=buka21:?_CallSETranslator@@YAHPAUEHExceptionRecord@@PAUEHRegistrationNode@@PAX2PBU_s_FuncInfo@@H1@Z@0x000d6baa:0.464195
0x000731da	0x113	pol20	0x0008b057	short int com_snd(short int, unsigned short int, unsigned short int, void *, int)	SOURCE/comwin	0.550842	0.045037		shape=0.459;size=0.846;calls=0.778;alternate=buka21:?com_snd@@YIFFGGPAXH@Z@0x00033048:0.500645
0x000732ed	0x13	pol20	0x0008b19c	short int com_sess(int, int)	SOURCE/comwin	1.000000	0.000000		normalized-instructions;alternate=buka21:?_JumpToContinuation@@YGXPAXPAUEHRegistrationNode@@@Z@0x000d6a49:0.345081
0x00073300	0x66	pol20	0x0008b1af	unsigned char com_stat(short int, unsigned short int)	SOURCE/comwin	0.757270	0.270284		shape=0.839;size=0.927;calls=1.000;alternate=buka21:?com_stat@@YIEFG@Z@0x0003316c:0.487731
0x00073366	0xd6	pol20	0x0008b21d	void comm_wrt_task(void)	SOURCE/comwin	0.636034	0.160890		shape=0.600;size=0.922;calls=0.800;alternate=buka21:?comm_wrt_task@@YIXXZ@0x000331c7:0.517823
0x0007343c	0x14	buka21	0x000035d2	?Reseed@advManager@@QAEXHH@Z	SOURCE/ADVMGR	0.320522	0.174726		shape=0.000;size=0.870;calls=1.000;alternate=pol20:void ConvertSmackerPalette(unsigned char *)@0x00001000:0.212821
0x00073450	0x1a0	pol20	0x000d8540	@BlitBitmapToScreenVesa@28	BASE/miscwin	0.778296	0.778296	InvalidateRect Failed|UpdateWindow Failed	shape=0.581;size=0.863;calls=1.000;strings=InvalidateRect Failed|UpdateWindow Failed;alternate=buka21:_BlitBitmapToScreenVesa@0x000d4610:0.576275
0x000735f0	0x30	buka21	0x000bf6d0	?BitmapToScreen@@YIXPAVbitmap@@@Z	BASE/Misc	0.487434	0.023251		shape=0.250;size=0.896;calls=1.000;alternate=pol20:void bitmap::GrabScreen(short int, short int)@0x000d02e0:0.481299
0x00073620	0x50	buka21	0x000b8d20	?RestorePosition@resourceManager@@QAEXXZ	BASE/RESMGR	0.478513	0.004837		shape=0.250;size=0.988;calls=1.000;alternate=pol20:void SetPalette(signed char *, int)@0x000c5e70:0.464897
0x00073670	0xe0	pol20	0x000c45e0	void FadeIn(int)	BASE/Misc	0.628529	0.118887		shape=0.559;size=0.957;calls=0.875;alternate=buka21:??1dropListWidget@@UAE@XZ@0x000cfe40:0.429129
0x00073750	0xd0	pol20	0x000c46d0	void FadeOut(int)	BASE/Misc	0.684088	0.182051		shape=0.732;size=0.904;calls=0.750;alternate=buka21:__except_handler3@0x000de0a4:0.439898
0x00073820	0x40	pol20	0x000c7f60	void icon::DimToBuffer(int, int, int, int)	BASE/ICON	0.406861	0.004963	D:\Heroes\Base\OLDASM.CPP	shape=0.081;size=0.969;calls=1.000;alternate=buka21:?ClipFillToBuffer@icon@@QAEXHHHHHHHHH@Z@0x000c2ca0:0.382909
0x00073860	0x60	pol20	0x000d0ad0	void iconWidget::constructor(short int, short int, short int, short int, unsigned long int, short int, signed char, short int, short int, short int)	BASE/ICONWDGT	0.448873	0.051352		shape=0.146;size=0.906;calls=1.000;alternate=buka21:___add_12@0x000e463d:0.404220
0x000738c0	0x10	buka21	0x000035d2	?Reseed@advManager@@QAEXHH@Z	SOURCE/ADVMGR	0.285217	0.134446		shape=0.000;size=0.696;calls=1.000;alternate=pol20:void ConvertSmackerPalette(unsigned char *)@0x00001000:0.208034
0x000738d0	0x10	buka21	0x000035d2	?Reseed@advManager@@QAEXHH@Z	SOURCE/ADVMGR	0.285217	0.134446		shape=0.000;size=0.696;calls=1.000;alternate=pol20:void ConvertSmackerPalette(unsigned char *)@0x00001000:0.208034
0x000738e0	0x1f0	pol20	0x000da800	void FlipMonoIconToBitmap(class icon *, class bitmap *, int, int, int, int, int, int, int, int, int)	BASE/Iconmf2b	0.503386	0.022010		shape=0.263;size=0.936;calls=1.000;alternate=buka21:?FlipDimIconToBitmap@@YIXPAVicon@@PAVbitmap@@HHHHHHHHH@Z@0x000d64b0:0.341883
0x00073ad0	0x2b0	pol20	0x000cfae0	void MonoIconToBitmap(class icon *, class bitmap *, int, int, int, int, int, int, int, int, int)	BASE/Iconm2b	0.541351	0.049519		shape=0.372;size=0.892;calls=1.000;alternate=buka21:?DimIconToBitmap@@YIXPAVicon@@PAVbitmap@@HHHHHHHHH@Z@0x000c6af0:0.445959
0x00073d80	0x10	buka21	0x000035d2	?Reseed@advManager@@QAEXHH@Z	SOURCE/ADVMGR	0.285217	0.134446		shape=0.000;size=0.696;calls=1.000;alternate=pol20:void ConvertSmackerPalette(unsigned char *)@0x00001000:0.208034
0x00073d90	0x50	pol20	0x000d2530	void baseManager::constructor(void)	BASE/BASEMGR	0.835612	0.663455	Unknown	shape=0.724;size=0.887;calls=1.000;strings=Unknown;alternate=buka21:??0baseManager@@QAE@XZ@0x000b5660:0.427992
0x00073de0	0x1b0	buka21	0x000b5bd0	??0soundManager@@QAE@XZ	BASE/soundmgr	0.443128	0.017633		shape=0.231;size=0.755;calls=1.000;alternate=pol20:void BlitBitmapToScreen(class bitmap *, int, int, int, int, int, int)@0x000c5ee0:0.426220
0x00073f90	0x50	pol20	0x000ce1d0	void inputManager::constructor(void)	BASE/INPUTMGR	0.651533	0.013919		shape=0.700;size=0.930;calls=1.000;alternate=buka21:??0dropListWidget@@QAE@XZ@0x000cfdb0:0.471856
0x00073fe0	0x150	pol20	0x000caad0	int heroWindowManager::Open(int);   // virtual [override (implements baseManager pure virtual)]	BASE/WINMGR	0.554643	0.554643	heroWindowManager	shape=0.363;size=0.637;calls=0.714;strings=heroWindowManager;alternate=buka21:?Open@heroWindowManager@@UAEHH@Z@0x000b7020:0.532572
0x00074130	0x40	buka21	0x00083dfb	?CreaturesToBuy@philAI@@QAEHPAVtown@@H@Z	SOURCE/PHILAI	0.502188	0.017813		shape=0.233;size=0.984;calls=1.000;alternate=pol20:int heroWindowManager::BroadcastMessage(int, int, int, int)@0x000cac40:0.496205
0x00074170	0xd0	pol20	0x000cac80	void heroWindowManager::AddWindow(class heroWindow *, int, int)	BASE/WINMGR	0.746837	0.210840		shape=0.826;size=0.904;calls=1.000;alternate=buka21:?RemoveWindow@heroWindowManager@@QAEXPAVheroWindow@@@Z@0x000b7400:0.467796
0x00074240	0x90	pol20	0x000cad40	void heroWindowManager::RemoveWindow(class heroWindow *)	BASE/WINMGR	0.783643	0.256616		shape=0.919;size=0.938;calls=1.000;alternate=buka21:?SetupNetworkGameHandler@@YIHAAUtag_message@@@Z@0x0009401b:0.398340
0x000742d0	0x1e0	pol20	0x000cadd0	int heroWindowManager::DoDialog(class heroWindow *, int (*)(struct tag_message &), int)	BASE/WINMGR	0.558682	0.146208	D:\Heroes\Base\WINMGR.CPP	shape=0.385;size=0.965;calls=1.000;alternate=buka21:?ViewSpells@game@@QAEHPAVhero@@HP6IHAAUtag_message@@@ZH@Z@0x000546ee:0.422832
0x000744b0	0xf0	pol20	0x00036a3e	void WGInitGraphics(void)	SOURCE/wingraph	0.403947	0.023662		shape=0.185;size=0.712;calls=0.833;alternate=buka21:?Open@mouseManager@@UAEHH@Z@0x000b9180:0.401982
0x000745a0	0xc0	pol20	0x000c93f0	void mouseManager::Close(void);   // virtual [override (implements baseManager pure virtual)]	BASE/MOUSEMGR	0.443388	0.017288	D:\Heroes\Base\WINMGR.CPP	shape=0.176;size=0.810;calls=1.000;alternate=buka21:?SetupClipper@@YIXXZ@0x000afcbd:0.408448
0x00074660	0x50	pol20	0x000cb0b0	void heroWindowManager::ScreenShot(void)	BASE/WINMGR	0.531981	0.106393	shot%04d.raw	shape=0.382;size=0.964;calls=0.750;alternate=buka21:?WritePrefsToFile@@YIXXZ@0x000bed60:0.432455
0x000746b0	0x90	pol20	0x000cb110	void heroWindowManager::SaveFizzleSource(int, int, int, int)	BASE/WINMGR	0.472718	0.009740		shape=0.307;size=0.750;calls=1.000;alternate=buka21:??0bankBox@@QAE@HHPAVplayerData@@@Z@0x000a2055:0.453158
0x00074740	0x320	pol20	0x000cb1e0	void heroWindowManager::FizzleForward(int, int, int, int, int, signed char *, signed char *)	BASE/WINMGR	0.682301	0.682301	CCYCLE%02d.BIN	shape=0.480;size=0.780;calls=0.818;strings=CCYCLE%02d.BIN;alternate=buka21:?FizzleForward@heroWindowManager@@QAEXHHHHHPAC0@Z@0x000b79b0:0.536514
0x00074a60	0x20	pol20	0x000cb5f0	void heroWindowManager::ReleaseFizzleSource(void)	BASE/WINMGR	0.651458	0.191922		shape=0.750;size=0.781;calls=1.000;alternate=buka21:?ValidMove@army@@QAEHH@Z@0x0007d11b:0.523333
0x00074a80	0xb0	pol20	0x000cec20	void heroWindow::constructor(int, int, int, int, int)	BASE/WINDOW	0.926071	0.926071	Dynamic Construct	shape=0.875;size=0.938;calls=1.000;strings=Dynamic Construct;alternate=buka21:??0heroWindow@@QAE@HHHHH@Z@0x000ba660:0.651321
0x00074b30	0x450	pol20	0x000cecd0	void heroWindow::constructor(int, int, char *)	BASE/WINDOW	0.575695	0.085179		shape=0.517;size=0.841;calls=0.818;alternate=buka21:?DoCombat@advManager@@QAEHHHPAVhero@@PAVarmyGroup@@PAVtown@@01HHHH@Z@0x00048c95:0.425985
0x00074f80	0xa0	pol20	0x00068827	void advManager::CheckDimHero(void)	SOURCE/ADVMGR	0.512255	0.021503		shape=0.340;size=0.881;calls=1.000;alternate=buka21:?CheckGetAIMove@combatManager@@QAEXXZ@0x000309fa:0.465889
0x00075020	0xb0	pol20	0x000cf310	void heroWindow::Close(void)	BASE/WINDOW	0.736185	0.027641		shape=0.775;size=0.966;calls=1.000;alternate=buka21:?Close@heroWindow@@QAEXXZ@0x000baf20:0.586039
0x000750d0	0x150	pol20	0x000cf3c0	void heroWindow::AddWidget(class widget *, int)	BASE/WINDOW	0.723730	0.290871		shape=0.778;size=0.940;calls=1.000;alternate=buka21:?AddWidget@heroWindow@@QAEXPAVwidget@@H@Z@0x000bafc0:0.553676
0x00075220	0x120	pol20	0x000cf500	void heroWindow::RemoveWidget(class widget *)	BASE/WINDOW	0.785563	0.238884		shape=0.900;size=0.965;calls=1.000;alternate=buka21:?RemoveWidget@heroWindow@@QAEXPAVwidget@@@Z@0x000bb0d0:0.565639
0x00075340	0xa0	pol20	0x000cf620	int heroWindow::BroadcastMessage(struct tag_message &)	BASE/WINDOW	0.740762	0.230053		shape=0.825;size=0.931;calls=1.000;alternate=buka21:??0border@@QAE@FFFFFFFPAD@Z@0x000cb120:0.449763
0x000753e0	0x20	pol20	0x000cf6c0	void heroWindow::DrawWindow(void)	BASE/WINDOW	1.000000	1.000000		normalized-instructions;alternate=buka21:??0dimmerWidget@@QAE@XZ@0x000d3310:0.453120
0x00075400	0x30	pol20	0x000cf6e0	void heroWindow::DrawWindow(int)	BASE/WINDOW	0.778130	0.062185		shape=0.882;size=0.958;calls=1.000;alternate=buka21:??0dimmerWidget@@QAE@XZ@0x000d3310:0.486834
0x00075430	0x100	pol20	0x000cf710	void heroWindow::DrawWindow(int, int, int)	BASE/WINDOW	0.706094	0.194531		shape=0.712;size=0.921;calls=1.000;alternate=buka21:?DrawWindow@heroWindow@@QAEXHHH@Z@0x000bb270:0.624064
0x00075530	0x90	pol20	0x000cf830	int heroWindow::SaveBackground(void)	BASE/WINDOW	0.764915	0.170102		shape=0.914;size=0.882;calls=1.000;alternate=buka21:?SaveBackground@heroWindow@@QAEHXZ@0x000bb360:0.570741
0x000755c0	0x90	pol20	0x000cf8b0	void heroWindow::RestoreBackground(void)	BASE/WINDOW	0.790576	0.040828		shape=0.897;size=0.954;calls=1.000;alternate=buka21:?RestoreBackground@heroWindow@@QAEXXZ@0x000bb410:0.579338
0x00075650	0x1e0	pol20	0x000cf950	void heroWindow::MoveWindow(int, int)	BASE/WINDOW	0.562258	0.146258		shape=0.484;size=0.812;calls=1.000;alternate=buka21:?MoveWindow@heroWindow@@QAEXHH@Z@0x000bb4a0:0.486346
0x00075830	0xa0	pol20	0x000c7fa0	void resourceManager::constructor(void)	BASE/RESMGR	0.686989	0.109181		shape=0.780;size=0.731;calls=1.000;alternate=buka21:?CallCatchBlock@@YAPAXPAUEHExceptionRecord@@PAUEHRegistrationNode@@PAU_CONTEXT@@PBU_s_FuncInfo@@PAXHK@Z@0x000d9f63:0.434948
0x000758d0	0x90	pol20	0x000c8080	void resourceManager::GetBackdrop(char *, class bitmap *, int)	BASE/RESMGR	0.586903	0.080848		shape=0.523;size=0.889;calls=0.778;alternate=buka21:?GetBackdrop@resourceManager@@QAEXPADPAVbitmap@@H@Z@0x000b7fa0:0.523311
0x00075960	0x90	pol20	0x000c8130	void resourceManager::GetBackdropAtLoc(char *, class bitmap *, int, int, int)	BASE/RESMGR	0.512293	0.016623		shape=0.536;size=0.686;calls=0.667;alternate=buka21:?CallCatchBlock@@YAPAXPAUEHExceptionRecord@@PAUEHRegistrationNode@@PAU_CONTEXT@@PBU_s_FuncInfo@@PAXHK@Z@0x000d9f63:0.484527
0x000759f0	0xa0	pol20	0x000c8610	class MIDIWrap * resourceManager::GetMIDIWrap(char *)	BASE/RESMGR	0.758754	0.000000		shape=0.861;size=0.944;calls=1.000;alternate=buka21:?GetMIDIWrap@resourceManager@@QAEPAVMIDIWrap@@PAD@Z@0x000b85b0:0.526908
0x00075a90	0xa0	pol20	0x000c8610	class MIDIWrap * resourceManager::GetMIDIWrap(char *)	BASE/RESMGR	0.758754	0.000000		shape=0.861;size=0.944;calls=1.000;alternate=buka21:?GetMIDIWrap@resourceManager@@QAEPAVMIDIWrap@@PAD@Z@0x000b85b0:0.526908
0x00075b30	0x40	pol20	0x000d4a60	void putSymbol(struct Model *, int, struct BitStream *)	BASE/Bzip	0.653982	0.027806		shape=0.727;size=0.828;calls=1.000;alternate=buka21:??1button@@UAE@XZ@0x000d3830:0.435983
0x00075b70	0x90	pol20	0x000c8380	class icon * resourceManager::GetIcon(unsigned long int)	BASE/RESMGR	0.775153	0.037554		shape=0.912;size=0.931;calls=1.000;alternate=buka21:?GetIcon@resourceManager@@QAEPAVicon@@K@Z@0x000b82b0:0.513640
0x00075c00	0xa0	pol20	0x000c8610	class MIDIWrap * resourceManager::GetMIDIWrap(char *)	BASE/RESMGR	0.758754	0.000000		shape=0.861;size=0.944;calls=1.000;alternate=buka21:?GetMIDIWrap@resourceManager@@QAEPAVMIDIWrap@@PAD@Z@0x000b85b0:0.526908
0x00075ca0	0xa0	pol20	0x000c8610	class MIDIWrap * resourceManager::GetMIDIWrap(char *)	BASE/RESMGR	0.758754	0.000000		shape=0.861;size=0.944;calls=1.000;alternate=buka21:?GetMIDIWrap@resourceManager@@QAEPAVMIDIWrap@@PAD@Z@0x000b85b0:0.526908
0x00075d40	0xa0	pol20	0x000c8570	class sample * resourceManager::GetSample(char *)	BASE/RESMGR	0.791431	0.047542		shape=0.892;size=0.981;calls=1.000;alternate=buka21:?SaveBackground@heroWindow@@QAEHXZ@0x000bb360:0.520148
0x00075de0	0x90	pol20	0x000c86b0	void resourceManager::Dispose(class resource *)	BASE/RESMGR	0.783365	0.190552		shape=0.923;size=0.938;calls=1.000;alternate=buka21:?Dispose@resourceManager@@QAEXPAVresource@@@Z@0x000b8670:0.520865
0x00075e70	0x60	pol20	0x000c8740	void resourceManager::AddResource(class resource *)	BASE/RESMGR	0.735816	0.081708		shape=0.864;size=0.885;calls=1.000;alternate=buka21:?RemoveResource@resourceManager@@QAEXPAVresource@@@Z@0x000b8890:0.506237
0x00075ed0	0x90	pol20	0x000c87a0	void resourceManager::Expunge(void)	BASE/RESMGR	0.789562	0.056214		shape=0.906;size=0.965;calls=1.000;alternate=buka21:?Close@heroWindowManager@@UAEXXZ@0x000b7150:0.604051
0x00075f60	0x50	pol20	0x000c8830	class resource * resourceManager::Query(unsigned long int)	BASE/RESMGR	0.736724	0.066529		shape=0.792;size=0.938;calls=1.000;alternate=buka21:?add_node@@YIXPAUtag_Anchor@@PAUtag_Node@@@Z@0x00032760:0.481171
0x00075fb0	0x20	pol20	0x000cca70	struct _SAMPLE * soundManager::StartSample(char *, char * *, short int, short int, int, int, long int)	BASE/soundmgr	0.694671	0.000000		shape=0.800;size=0.812;calls=1.000;alternate=buka21:_strncmp@0x000d7f60:0.334098
0x00075fd0	0x90	pol20	0x000c88a0	int resourceManager::Open(int);   // virtual [override (implements baseManager pure virtual)]	BASE/RESMGR	0.828852	0.828852	resourceManager	shape=0.818;size=0.842;calls=0.500;strings=resourceManager;alternate=buka21:?Open@resourceManager@@UAEHH@Z@0x000b8810:0.516517
0x00076060	0x90	pol20	0x000c8950	void resourceManager::RemoveResource(class resource *)	BASE/RESMGR	0.776176	0.147353		shape=0.900;size=0.944;calls=1.000;alternate=buka21:?RemoveResource@resourceManager@@QAEXPAVresource@@@Z@0x000b8890:0.498813
0x000760f0	0x90	pol20	0x0008d48f	void fileRequester::CleanUpData(void)	SOURCE/REQUEST	0.630519	0.008225		shape=0.647;size=0.724;calls=1.000;alternate=buka21:?Close@resourceManager@@UAEXXZ@0x000b8900:0.543499
0x00076180	0x100	pol20	0x000c8ab0	int resourceManager::LoadAggregateHeader(char *)	BASE/RESMGR	0.660919	0.660919	Can't open file: %s	shape=0.370;size=0.793;calls=1.000;strings=Can't open file: %s;alternate=buka21:?Open@heroWindowManager@@UAEHH@Z@0x000b7020:0.507518
0x00076280	0x100	pol20	0x000c8c00	void resourceManager::PointToFile(unsigned long int)	BASE/RESMGR	0.618269	0.031351	File Error: .AGG File not valid|ResMgr::PointToFile failure!  ThisFileId:%d  LastFileId:%d  LastFileName:%s	shape=0.267;size=0.901;calls=0.750;strings=ResMgr::PointToFile failure!  ThisFileId:%d  LastFileId:%d  LastFileName:%s;alternate=buka21:?PointToFile@resourceManager@@QAEXK@Z@0x000b8af0:0.595306
0x00076380	0xf0	buka21	0x000b8bf0	?GetFileSize@resourceManager@@QAEKK@Z	BASE/RESMGR	0.453644	0.005294	ResMgr::PointToFile(GetFileSize) failure!  ThisFileId:%d  LastFileId:%d  LastFileName:%s	shape=0.205;size=0.892;calls=1.000;alternate=pol20:void fileRequester::CleanUpData(void)@0x0008d48f:0.441047
0x00076470	0x30	pol20	0x000c8e20	void resourceManager::SavePosition(void)	BASE/RESMGR	0.616477	0.070456		shape=0.667;size=0.585;calls=1.000;alternate=buka21:?SavePosition@resourceManager@@QAEXXZ@0x000b8cd0:0.435067
0x000764a0	0x30	pol20	0x00096ca0	void EarlyShutdown(char *, char *)	SOURCE/KB	0.681065	0.037305		shape=0.810;size=0.842;calls=0.500;alternate=buka21:?_UnwindNestedFrames@@YGXPAUEHRegistrationNode@@PAUEHExceptionRecord@@@Z@0x000d6a92:0.432815
0x000764d0	0x60	pol20	0x0002515b	void combatManager::Blur(int, int, int)	SOURCE/SPELLS	0.532912	0.011215	D:\Heroes\Base\RESMGR.CPP	shape=0.400;size=0.842;calls=1.000;alternate=buka21:?ReadLong@resourceManager@@QAEJXZ@0x000b8e40:0.475225
0x00076530	0x60	pol20	0x0002515b	void combatManager::Blur(int, int, int)	SOURCE/SPELLS	0.540150	0.015911	D:\Heroes\Base\RESMGR.CPP	shape=0.400;size=0.842;calls=1.000;alternate=buka21:?ReadLong@resourceManager@@QAEJXZ@0x000b8e40:0.481320
0x00076590	0x60	pol20	0x0002515b	void combatManager::Blur(int, int, int)	SOURCE/SPELLS	0.540150	0.015911	D:\Heroes\Base\RESMGR.CPP	shape=0.400;size=0.842;calls=1.000;alternate=buka21:?ReadLong@resourceManager@@QAEJXZ@0x000b8e40:0.481320
0x000765f0	0x60	pol20	0x000c8e20	void resourceManager::SavePosition(void)	BASE/RESMGR	0.531422	0.021448		shape=0.432;size=0.854;calls=1.000;alternate=buka21:?nb_format_name@@YIXPADPAE@Z@0x000753fa:0.454691
0x00076650	0x30	pol20	0x000cf6e0	void heroWindow::DrawWindow(int)	BASE/WINDOW	0.703929	0.013697		shape=0.778;size=0.958;calls=1.000;alternate=buka21:??0dimmerWidget@@QAE@XZ@0x000d3310:0.436219
0x00076680	0x60	pol20	0x000cb630	void HandleMCIError(int, char *)	BASE/soundmgr	0.574387	0.013053	D:\Heroes\Base\RESMGR.CPP	shape=0.462;size=0.923;calls=1.000;alternate=buka21:?ReadLong@resourceManager@@QAEJXZ@0x000b8e40:0.443675
0x000766e0	0x100	pol20	0x000c9270	void mouseManager::constructor(void)	BASE/MOUSEMGR	0.581900	0.581900	mouseManager	shape=0.356;size=0.848;calls=0.333;strings=mouseManager;alternate=buka21:??0mouseManager@@QAE@XZ@0x000b9050:0.494087
0x000767e0	0x110	pol20	0x000c93f0	void mouseManager::Close(void);   // virtual [override (implements baseManager pure virtual)]	BASE/MOUSEMGR	0.523650	0.095306		shape=0.451;size=0.871;calls=0.800;alternate=buka21:?DoTradingPost@@YIXHM@Z@0x000ac6e0:0.426773
0x000768f0	0x50	buka21	0x000cd180	__h2cg$BASE$AudiereMusic$static_ctor$AudiereMusic$source	BASE/AudiereMusic	0.437704	0.000000		shape=0.292;size=0.825;calls=0.500;alternate=pol20:class resource * resourceManager::Query(unsigned long int)@0x000c8830:0.354336
0x00076940	0x490	pol20	0x000c9630	void mouseManager::SetPointer(int)	BASE/MOUSEMGR	0.486962	0.047119	ADVM%s%02d.BMP|CMSE%s%02d.BMP|D:\Heroes\Base\MOUSEMGR.CPP|SPEL%s%02d.BMP	shape=0.312;size=0.881;calls=0.875;alternate=buka21:?SetPointer@mouseManager@@QAEXH@Z@0x000b95e0:0.417606
0x00076dd0	0x10	buka21	0x000035d2	?Reseed@advManager@@QAEXHH@Z	SOURCE/ADVMGR	0.285217	0.134446		shape=0.000;size=0.696;calls=1.000;alternate=pol20:void ConvertSmackerPalette(unsigned char *)@0x00001000:0.208034
0x00076de0	0x10	buka21	0x000035d2	?Reseed@advManager@@QAEXHH@Z	SOURCE/ADVMGR	0.285217	0.134446		shape=0.000;size=0.696;calls=1.000;alternate=pol20:void ConvertSmackerPalette(unsigned char *)@0x00001000:0.208034
0x00076df0	0x10	buka21	0x000035d2	?Reseed@advManager@@QAEXHH@Z	SOURCE/ADVMGR	0.285217	0.134446		shape=0.000;size=0.696;calls=1.000;alternate=pol20:void ConvertSmackerPalette(unsigned char *)@0x00001000:0.208034
0x00076e00	0x10	buka21	0x000035d2	?Reseed@advManager@@QAEXHH@Z	SOURCE/ADVMGR	0.285217	0.134446		shape=0.000;size=0.696;calls=1.000;alternate=pol20:void ConvertSmackerPalette(unsigned char *)@0x00001000:0.208034
0x00076e10	0x10	buka21	0x000035d2	?Reseed@advManager@@QAEXHH@Z	SOURCE/ADVMGR	0.293789	0.145684		shape=0.000;size=0.696;calls=1.000;alternate=pol20:void ConvertSmackerPalette(unsigned char *)@0x00001000:0.199145
0x00076e20	0x10	buka21	0x000035d2	?Reseed@advManager@@QAEXHH@Z	SOURCE/ADVMGR	0.293789	0.145684		shape=0.000;size=0.696;calls=1.000;alternate=pol20:void ConvertSmackerPalette(unsigned char *)@0x00001000:0.199145
0x00076e30	0x10	buka21	0x000035d2	?Reseed@advManager@@QAEXHH@Z	SOURCE/ADVMGR	0.285217	0.134446		shape=0.000;size=0.696;calls=1.000;alternate=pol20:void ConvertSmackerPalette(unsigned char *)@0x00001000:0.208034
0x00076e40	0x10	buka21	0x000035d2	?Reseed@advManager@@QAEXHH@Z	SOURCE/ADVMGR	0.293789	0.145684		shape=0.000;size=0.696;calls=1.000;alternate=pol20:void ConvertSmackerPalette(unsigned char *)@0x00001000:0.199145
0x00076e50	0x10	buka21	0x000035d2	?Reseed@advManager@@QAEXHH@Z	SOURCE/ADVMGR	0.293789	0.145684		shape=0.000;size=0.696;calls=1.000;alternate=pol20:void ConvertSmackerPalette(unsigned char *)@0x00001000:0.199145
0x00076e60	0x60	pol20	0x000c9ec0	void mouseManager::MouseCoords(int &, int &)	BASE/MOUSEMGR	0.491544	0.063702		shape=0.324;size=0.896;calls=1.000;alternate=buka21:_sprintf@0x000d6e3e:0.411691
0x00076ec0	0x10	buka21	0x000035d2	?Reseed@advManager@@QAEXHH@Z	SOURCE/ADVMGR	0.293789	0.145684		shape=0.000;size=0.696;calls=1.000;alternate=pol20:void ConvertSmackerPalette(unsigned char *)@0x00001000:0.199145
0x00076ed0	0x10	buka21	0x000035d2	?Reseed@advManager@@QAEXHH@Z	SOURCE/ADVMGR	0.293789	0.145684		shape=0.000;size=0.696;calls=1.000;alternate=pol20:void ConvertSmackerPalette(unsigned char *)@0x00001000:0.199145
0x00076ee0	0x10	pol20	0x000dd3f0	int dimmerWidget::Main(struct tag_message &);   // virtual [override (implements widget pure virtual)]	BASE/DIMMER	0.384250	0.027481		shape=0.200;size=0.812;calls=1.000;alternate=buka21:__unlock_fhandle@0x000df6f7:0.345615
0x00076ef0	0x10	pol20	0x000dd3f0	int dimmerWidget::Main(struct tag_message &);   // virtual [override (implements widget pure virtual)]	BASE/DIMMER	0.384250	0.027481		shape=0.200;size=0.812;calls=1.000;alternate=buka21:__unlock_fhandle@0x000df6f7:0.345615
0x00076f00	0x210	pol20	0x000cb770	void soundManager::CDStop(void)	BASE/soundmgr	0.429305	0.019932	D:\Heroes\Base\Soundmgr.cpp|status CD position|stop CD|stopped	shape=0.120;size=0.598;calls=0.562;strings=status CD position|stopped;alternate=buka21:?GetMap@game@@QAEXXZ@0x000754b0:0.428252
0x00077110	0xe0	pol20	0x000cb970	void soundManager::CDStartup(void)	BASE/soundmgr	0.507180	0.507180	\HEROES\SOUND\|open %c: type cdaudio alias CD shareable	shape=0.120;size=0.922;calls=0.600;strings=open %c: type cdaudio alias CD shareable;alternate=buka21:?PasswordEvent@advManager@@QAEXPAVmapCell@@PAVhero@@@Z@0x00042176:0.393396
0x000771f0	0x5c0	pol20	0x000cbc40	void soundManager::CDPlay(int, int, int, int)	BASE/soundmgr	0.536644	0.253170	 notify|D:\Heroes\Base\Soundmgr.cpp|play CD from %d to %d%s|play CD from %s to %d%s|set CD time format tmsf|status CD mode|status CD position|stopped	shape=0.179;size=0.774;calls=0.846;strings= notify|play CD from %d to %d%s|play CD from %s to %d%s;alternate=buka21:?CreateDiffFile@@YIXPAD00HH@Z@0x0005f47a:0.461164
0x000777b0	0x50	pol20	0x000bd5aa	unsigned char ExpCampaign::IsCompleted(void)	SOURCE/X_CAMPGN	0.442707	0.022622		shape=0.152;size=0.899;calls=1.000;alternate=buka21:?IsCompleted@ExpCampaign@@QAEEXZ@0x000b4df4:0.422849
0x00077800	0x70	pol20	0x000ce1d0	void inputManager::constructor(void)	BASE/INPUTMGR	0.430781	0.027896		shape=0.304;size=0.768;calls=1.000;alternate=buka21:??0button@@QAE@XZ@0x000d34e0:0.424498
0x00077870	0x100	pol20	0x000cc410	struct _DIG_DRIVER * WAVE_init_driver(unsigned long int, unsigned short int, unsigned short int, unsigned short int)	BASE/soundmgr	0.573480	0.060182	Sound initialization error!|Sound initialization error!  No wave devices found.|Startup Error	shape=0.191;size=0.776;calls=0.857;strings=Sound initialization error!|Sound initialization error!  No wave devices found.|Startup Error;alternate=buka21:___old_sbh_new_region@0x000dd86e:0.415361
0x00077970	0x1c0	buka21	0x000b5d20	?Open@soundManager@@UAEHH@Z	BASE/soundmgr	0.496268	0.496268	soundManager	shape=0.152;size=0.610;calls=0.722;strings=soundManager;alternate=pol20:int soundManager::Open(int);   // virtual [override (implements baseManager pure virtual)]@0x000cc560:0.464310
0x00077b30	0x190	buka21	0x000754b0	?GetMap@game@@QAEXXZ	SOURCE/Newgame	0.427671	0.003730	close CD|stop CD	shape=0.182;size=0.858;calls=0.882;alternate=pol20:void soundManager::CDShutdown(void)@0x000cba70:0.401860
0x00077cc0	0x340	buka21	0x000bf370	?SetupCDDrive@@YIHXZ	BASE/Misc	0.568622	0.009091	%s%s|.\DATA\|D:\Heroes\Base\Soundmgr.cpp|\HEROES\SOUND\	shape=0.156;size=0.964;calls=0.815;strings=%s%s|.\DATA\;alternate=pol20:void CreateJoinFile(char *, char *, char *)@0x00085107:0.552550
0x00078000	0xf0	pol20	0x000c45e0	void FadeIn(int)	BASE/Misc	0.446573	0.070547	D:\Heroes\Base\Soundmgr.cpp	shape=0.160;size=0.975;calls=0.875;alternate=buka21:?PrintMemoryLeaks@@YIXXZ@0x000bd7b0:0.363203
0x000780f0	0x50	pol20	0x000d1a30	void executive::CallManager(class baseManager *)	BASE/EXEC	0.384277	0.040490		shape=0.152;size=0.889;calls=0.429;alternate=buka21:?Open@resourceManager@@UAEHH@Z@0x000b8810:0.371108
0x00078140	0x200	buka21	0x000bf7a0	?BlitBitmapToScreen@@YIXPAVbitmap@@HHHHHH@Z	BASE/Misc	0.410748	0.010985	D:\Heroes\Base\Soundmgr.cpp	shape=0.107;size=0.945;calls=1.000;alternate=pol20:void combatManager::CheckApplyGoodMorale(int, int)@0x0009290f:0.383843
0x00078340	0x50	pol20	0x000ddda0	void button::Draw(void);   // virtual [override (implements widget pure virtual)]	BASE/BUTTON	0.421078	0.064925		shape=0.100;size=0.941;calls=1.000;alternate=buka21:Unwind@004e7f8b@0x000e7f8b:0.154250
0x00078390	0xc0	buka21	0x00093e5d	?SetupModemGameHandler@@YIHAAUtag_message@@@Z	SOURCE/SETUP	0.418407	0.014855		shape=0.120;size=0.803;calls=1.000;alternate=pol20:void soundManager::AdjustSoundVolumes(void)@0x000ccf40:0.379918
0x00078450	0x170	pol20	0x000c6e50	int DataEntryWindowHandler(struct tag_message &)	BASE/Misc	0.431788	0.000276	D:\Heroes\Base\Soundmgr.cpp	shape=0.147;size=0.992;calls=0.857;alternate=buka21:__strupr@0x000d7965:0.376362
0x000785c0	0x110	buka21	0x000dd86e	___old_sbh_new_region	(libcmt)	0.427162	0.054902		shape=0.143;size=0.840;calls=1.000;alternate=pol20:void soundManager::MIDIStop(void)@0x000d3e70:0.403114
0x000786d0	0x270	buka21	0x00092b64	?SetupNetworkGame2@game@@QAEHXZ	SOURCE/SETUP	0.425742	0.038152	D:\Heroes\Base\Soundmgr.cpp|heroes%02d.62s|heroes%02d.82m|heroes%02d.82s	shape=0.185;size=0.973;calls=0.917;alternate=pol20:void searchArray::TestPossibleDirections(int, int, signed char * const, signed char * const, int, int)@0x000a4e90:0.390765
0x00078940	0x490	buka21	0x00004692	?ProcessSearch@advManager@@QAEHHH@Z	SOURCE/ADVMGR	0.462405	0.036767	D:\Heroes\Base\Soundmgr.cpp	shape=0.195;size=0.896;calls=0.939;alternate=pol20:void game::ShowCampaignInfo(int, int)@0x00047fb6:0.421900
0x00078dd0	0x1b0	buka21	0x0009263b	?SetupComPort@game@@QAEHXZ	SOURCE/SETUP	0.447059	0.002221	playing|status CD mode	shape=0.194;size=0.908;calls=0.812;alternate=pol20:int soundManager::CDIsPlaying(void)@0x000cb8b0:0.375577
0x00078f80	0x1f0	pol20	0x000cd7f0	struct _SAMPLE * soundManager::MemorySample(class sample *)	BASE/soundmgr	0.416816	0.052121		shape=0.185;size=0.757;calls=0.786;alternate=buka21:?BlitBitmapToScreen@@YIXPAVbitmap@@HHHHHH@Z@0x000bf7a0:0.408814
0x00079170	0x10	buka21	0x000e3c6e	_x_ismbbtype	(libcmt)	0.224401	0.087441		shape=0.062;size=0.327;calls=1.000;alternate=pol20:void heroWindowManager::RedrawScreen(void)@0x000cb010:0.215455
0x00079180	0x100	pol20	0x000cb8b0	int soundManager::CDIsPlaying(void)	BASE/soundmgr	0.440375	0.151807	playing|status CD mode	shape=0.115;size=0.699;calls=0.444;strings=playing|status CD mode;alternate=buka21:_free@0x000d7d64:0.415074
0x00079280	0xd6	buka21	0x00064808	?GiveSS@hero@@QAEHHH@Z	SOURCE/HERO	0.371335	0.071278		shape=0.106;size=0.790;calls=1.000;alternate=pol20:void BlitBitmap(class bitmap *, int, int, int, int, class bitmap *, int, int)@0x000ca570:0.369209
0x00079356	0xcc	buka21	0x0006471a	?TakeSS@hero@@QAEHHH@Z	SOURCE/HERO	0.413186	0.034268		shape=0.090;size=0.857;calls=1.000;alternate=pol20:void CleanupDPVars(void)@0x0001f1c0:0.374901
0x00079422	0xd6	buka21	0x00064808	?GiveSS@hero@@QAEHHH@Z	SOURCE/HERO	0.374629	0.076375		shape=0.108;size=0.790;calls=1.000;alternate=pol20:void CleanupDPVars(void)@0x0001f1c0:0.366963
0x000794f8	0xd4	buka21	0x0006471a	?TakeSS@hero@@QAEHHH@Z	SOURCE/HERO	0.416987	0.044877		shape=0.092;size=0.891;calls=1.000;alternate=pol20:int hero::GiveSS(int, int)@0x00070345:0.396811
0x000795cc	0xda	buka21	0x00064808	?GiveSS@hero@@QAEHHH@Z	SOURCE/HERO	0.368727	0.065911		shape=0.106;size=0.775;calls=1.000;alternate=pol20:void CleanupDPVars(void)@0x0001f1c0:0.361246
0x000796a6	0xda	pol20	0x00070345	int hero::GiveSS(int, int)	SOURCE/HERO	0.385112	0.093870		shape=0.101;size=0.876;calls=1.000;alternate=buka21:?GiveSS@hero@@QAEHHH@Z@0x00064808:0.361124
0x00079780	0x70	pol20	0x000d20e0	void * border::scalar_dtor(unsigned int);   // virtual [override (implements widget pure virtual)]	BASE/BORDER	0.532648	0.000000		shape=0.536;size=0.688;calls=1.000;alternate=buka21:??0palette@@QAE@XZ@0x000caea0:0.466157
0x000797f0	0x60	pol20	0x000d2130	void border::constructor(short int, short int, short int, short int, short int, short int, short int, char *)	BASE/BORDER	0.774579	0.153854		shape=0.864;size=0.960;calls=1.000;alternate=buka21:??0button@@QAE@XZ@0x000d34e0:0.471403
0x00079850	0x2d0	pol20	0x000d0cd0	int iconWidget::Main(struct tag_message &);   // virtual [override (implements widget pure virtual)]	BASE/ICONWDGT	0.415616	0.006498		shape=0.245;size=0.913;calls=0.353;alternate=buka21:?TeleportTo@advManager@@QAEXPAVhero@@HHHH@Z@0x00010f50:0.387988
0x00079b20	0xb0	buka21	0x000c26f0	??0icon@@QAE@K@Z	BASE/ICON	0.476959	0.005209		shape=0.341;size=0.962;calls=0.600;alternate=pol20:void icon::constructor(unsigned long int)@0x000c7a20:0.396603
0x00079bd0	0x230	buka21	0x000181fe	?WalkTowardArmyFront@combatManager@@QAEHPAVarmy@@HH@Z	SOURCE/AI	0.405835	0.110039		shape=0.121;size=0.927;calls=0.800;alternate=pol20:int icon::CombatClipDrawToBuffer(int, int, int, struct SLimitData *, int, int, unsigned char *, signed char *)@0x000c7b50:0.349844
0x00079e00	0x60	pol20	0x0004a86e	void hexcell::DrawObstacle(void)	SOURCE/HEXCELL	0.418292	0.062730		shape=0.184;size=0.823;calls=1.000;alternate=buka21:?DrawObstacle@hexcell@@QAEXXZ@0x00065089:0.410909
0x00079e60	0x140	buka21	0x000b89b0	?LoadAggregateHeader@resourceManager@@QAEHPAD@Z	BASE/RESMGR	0.378378	0.004567		shape=0.149;size=0.975;calls=0.250;alternate=pol20:void advManager::JailAIEvent(class mapCell *, class hero *, int, int)@0x000b4e33:0.360309
0x00079fa0	0x1d0	buka21	0x000c5f30	?DrawToBufferCareful@bitmap@@QAEXFF@Z	BASE/BITMAP	0.385472	0.014079		shape=0.142;size=0.733;calls=1.000;alternate=pol20:void hero::UpdateArmies(void)@0x0006cbdb:0.363685
0x0007a170	0x10	pol20	0x000d1610	void executive::constructor(void)	BASE/EXEC	1.000000	1.000000		normalized-instructions;alternate=buka21:__initptd@0x000da3be:0.620150
0x0007a180	0xb0	pol20	0x000d1620	int executive::InitSystem(void)	BASE/EXEC	0.678352	0.489275	Unable to initialize input devices - possible problem with mouse or keyboard.|Unable to initialize mouse.|Unable to initialize resources - possible disk problem.|Unable to initialize sound.|Unable to initialize windows - possible memory or disk error.	shape=0.364;size=0.898;calls=1.000;strings=Unable to initialize input devices - possible problem with mouse or keyboard.|Unable to initialize mouse.|Unable to initialize resources - possible disk problem.;alternate=buka21:??0icon@@QAE@K@Z@0x000c26f0:0.449732
0x0007a230	0x90	pol20	0x000d16c0	void executive::ShutDownSystem(void)	BASE/EXEC	0.733125	0.272632		shape=0.812;size=0.931;calls=1.000;alternate=buka21:___crtMessageBoxA@0x000e40a3:0.479871
0x0007a2c0	0x110	pol20	0x000d1750	int executive::DoDialog(class baseManager *)	BASE/EXEC	0.845533	0.451429	Can't add manager!	shape=0.712;size=0.923;calls=1.000;strings=Can't add manager!;alternate=buka21:__setlocale_set_cat@0x000db6dd:0.443841
0x0007a3d0	0xe0	pol20	0x000d18e0	int executive::AddManager(class baseManager *, int)	BASE/EXEC	0.710758	0.223126		shape=0.755;size=0.920;calls=1.000;alternate=buka21:?AddManager@executive@@QAEHPAVbaseManager@@H@Z@0x000c52f0:0.437231
0x0007a4b0	0x80	pol20	0x000d19b0	void executive::RemoveManager(class baseManager *)	BASE/EXEC	0.763233	0.173730		shape=0.893;size=0.922;calls=1.000;alternate=buka21:?RemoveManager@executive@@QAEXPAVbaseManager@@@Z@0x000c5430:0.457582
0x0007a530	0x70	pol20	0x000d1a30	void executive::CallManager(class baseManager *)	BASE/EXEC	0.656243	0.218616	Can't add manager!	shape=0.400;size=0.804;calls=1.000;strings=Can't add manager!;alternate=buka21:??0MIDIWrap@@QAE@PAD@Z@0x000ce520:0.414908
0x0007a5a0	0x110	pol20	0x000d1a90	void executive::MainLoop(void)	BASE/EXEC	0.633807	0.187324		shape=0.577;size=0.919;calls=1.000;alternate=buka21:?SetupNetworkGame@game@@QAEHXZ@0x00092a44:0.441437
0x0007a6b0	0x70	pol20	0x000d20e0	void * border::scalar_dtor(unsigned int);   // virtual [override (implements widget pure virtual)]	BASE/BORDER	0.453769	0.023813		shape=0.364;size=0.688;calls=1.000;alternate=buka21:?Ripple@combatManager@@QAEXH@Z@0x0009cb50:0.449968
0x0007a720	0x50	pol20	0x000d0040	void bitmap::constructor(short int, short int, short int)	BASE/BITMAP	0.522065	0.086433		shape=0.286;size=0.964;calls=1.000;alternate=buka21:??0bitmap@@QAE@FFF@Z@0x000c5d50:0.480481
0x0007a770	0xb0	pol20	0x000d00a0	void bitmap::constructor(unsigned long int)	BASE/BITMAP	0.513182	0.046278		shape=0.442;size=0.812;calls=0.900;alternate=buka21:?PrintManagerList@executive@@QAEXXZ@0x000c5240:0.489214
0x0007a820	0x40	pol20	0x000d0260	void bitmap::DrawToBuffer(short int, short int)	BASE/BITMAP	0.608533	0.139446		shape=0.522;size=0.938;calls=1.000;alternate=buka21:?DrawToScreen@bitmap@@QAEXFF@Z@0x000c60e0:0.495183
0x0007a860	0x20	buka21	0x000e241a	_strtol	(libcmt)	0.481875	0.000000		shape=0.444;size=0.719;calls=1.000;alternate=pol20:void bitmap::GrabBitmap(class bitmap *, short int, short int)@0x000d0310:0.445508
0x0007a880	0x30	pol20	0x000d20a0	void border::constructor(void)	BASE/BORDER	0.476729	0.016302		shape=0.250;size=0.960;calls=1.000;alternate=buka21:?SetInstallDefaults@@YIXXZ@0x000be050:0.370381
0x0007a8b0	0x80	pol20	0x000cf830	int heroWindow::SaveBackground(void)	BASE/WINDOW	0.495927	0.016001	combat.pal	shape=0.286;size=0.992;calls=0.714;alternate=buka21:??1sample@@UAE@XZ@0x000ce490:0.459163
0x0007a930	0xc0	pol20	0x000d0430	void bitmap::CopyTo(class bitmap *, int, int, int, int, int, int)	BASE/BITMAP	0.619683	0.205870		shape=0.521;size=0.946;calls=1.000;alternate=buka21:?CreateBoat@game@@QAEHHHH@Z@0x0004cde3:0.391782
0x0007a9f0	0x70	buka21	0x0009cb50	?Ripple@combatManager@@QAEXH@Z	SOURCE/SPELLS	0.463684	0.001363		shape=0.308;size=0.933;calls=0.750;alternate=pol20:void * MIDIWrap::scalar_dtor(unsigned int);   // virtual [introduces virtual]@0x000daff0:0.426195
0x0007aa60	0x70	pol20	0x000d10f0	void textWidget::constructor(short int, short int, short int, short int, char *, char *, short int, short int, short int, short int)	BASE/TEXTWDGT	0.652864	0.029574		shape=0.684;size=0.893;calls=1.000;alternate=buka21:??0textWidget@@QAE@FFFFPAD0FFFF@Z@0x000c2fe0:0.517609
0x0007aad0	0xd0	pol20	0x000d0bc0	void iconWidget::Read(void)	BASE/ICONWDGT	0.640493	0.076690		shape=0.593;size=0.933;calls=0.929;alternate=buka21:?dpnet_term@@YIXXZ@0x00036be8:0.405907
0x0007aba0	0x1c0	pol20	0x000d1280	int textWidget::Main(struct tag_message &);   // virtual [override (implements widget pure virtual)]	BASE/TEXTWDGT	0.545437	0.088966		shape=0.420;size=0.848;calls=1.000;alternate=buka21:?HandleViewGeneral@@YIHAAUtag_message@@@Z@0x000adba9:0.401167
0x0007ad60	0x70	pol20	0x000d0b40	void iconWidget::constructor(short int, short int, short int, short int, char *, short int, signed char, short int, short int, short int)	BASE/ICONWDGT	0.482196	0.030678		shape=0.282;size=0.933;calls=1.000;alternate=buka21:?CreatePrimary@@YIXXZ@0x000afc47:0.418810
0x0007add0	0x90	buka21	0x000ce520	??0MIDIWrap@@QAE@PAD@Z	BASE/SAMPLE	0.550871	0.023433		shape=0.472;size=0.762;calls=0.833;alternate=pol20:void * MIDIWrap::scalar_dtor(unsigned int);   // virtual [introduces virtual]@0x000daff0:0.393992
0x0007ae60	0x70	pol20	0x000d10f0	void textWidget::constructor(short int, short int, short int, short int, char *, char *, short int, short int, short int, short int)	BASE/TEXTWDGT	0.710595	0.044447		shape=0.812;size=0.893;calls=1.000;alternate=buka21:??0textWidget@@QAE@FFFFPAD0FFFF@Z@0x000c2fe0:0.546676
0x0007aed0	0xf0	pol20	0x000d1160	void textWidget::Read(void)	BASE/TEXTWDGT	0.598263	0.099249		shape=0.463;size=0.996;calls=1.000;alternate=buka21:?Read@textWidget@@QAEXXZ@0x000c3090:0.448756
0x0007afc0	0x220	pol20	0x000d1280	int textWidget::Main(struct tag_message &);   // virtual [override (implements widget pure virtual)]	BASE/TEXTWDGT	0.601196	0.126082		shape=0.577;size=0.971;calls=0.571;alternate=buka21:?SplitArmy@townManager@@QAEXXZ@0x000a84b7:0.375600
0x0007b1e0	0x40	buka21	0x000ba270	?RestoreUnderlying@mouseManager@@QAEXXZ	BASE/MOUSEMGR	0.508391	0.024989		shape=0.259;size=1.000;calls=1.000;alternate=pol20:void textWidget::Draw(void);   // virtual [override (implements widget pure virtual)]@0x000d1490:0.473912
0x0007b220	0xa0	pol20	0x000d14f0	void textWidget::SetText(char *)	BASE/TEXTWDGT	0.653838	0.241856		shape=0.606;size=0.988;calls=1.000;alternate=buka21:?SaveDropBackground@dropListWidget@@QAEXXZ@0x000d0e60:0.377203
0x0007b2c0	0xb0	pol20	0x000c6fd0	void font::constructor(unsigned long int)	BASE/FONT	0.683003	0.127429		shape=0.703;size=0.880;calls=1.000;alternate=buka21:??0font@@QAE@K@Z@0x000c3620:0.550095
0x0007b370	0x40	pol20	0x000c70a0	void * font::scalar_dtor(unsigned int);   // virtual [introduces virtual]	BASE/FONT	0.742651	0.000000		shape=0.870;size=0.891;calls=1.000;alternate=buka21:__CallSettingFrame@12@0x000da300:0.427741
0x0007b3b0	0x40	pol20	0x000c70e0	void font::~destructor(void)	BASE/FONT	0.737061	0.124475		shape=0.857;size=0.891;calls=1.000;alternate=buka21:__CallSettingFrame@12@0x000da300:0.447522
0x0007b3f0	0xe0	pol20	0x00070685	void hero::DoSSLevelDialog(int, int)	SOURCE/HERO	0.413684	0.009567		shape=0.244;size=0.918;calls=0.200;alternate=buka21:?GrabBitmapCareful@bitmap@@QAEXPAV1@FF@Z@0x000c6190:0.367685
0x0007b4d0	0x2d0	pol20	0x000c7470	void font::DrawBoundedString(char *, int, int, int, int, int, int)	BASE/FONT	0.409947	0.039737		shape=0.271;size=0.915;calls=0.200;alternate=buka21:?ReceiveHostReportsPlayerExit@@YIXHUSPlayerExit@@H@Z@0x0006edbf:0.341520
0x0007b7a0	0x220	pol20	0x00032f54	void town::Deallocate(void)	SOURCE/TOWN	0.387441	0.025404		shape=0.234;size=0.612;calls=1.000;alternate=buka21:?DeleteItem@listBoxWidget@@QAEXH@Z@0x000cec60:0.350513
0x0007b9c0	0x108	pol20	0x00032f54	void town::Deallocate(void)	SOURCE/TOWN	0.438934	0.005023		shape=0.230;size=0.793;calls=1.000;alternate=buka21:?Deallocate@town@@QAEXXZ@0x000a42d0:0.427256
0x0007bac8	0x2e	buka21	0x000c2ed4	_BitTest	BASE/BITS	1.000000	1.000000		normalized-instructions;alternate=pol20:_BitTest@0x000d1594:1.000000
0x0007baf6	0x20	buka21	0x000c2f02	_BitSet	BASE/BITS	1.000000	1.000000		normalized-instructions;alternate=pol20:_BitSet@0x000d15c2:1.000000
0x0007bb16	0x2a	buka21	0x000c2f22	_BitClear	BASE/BITS	0.696303	0.149455		shape=0.824;size=0.810;calls=1.000;alternate=pol20:_BitClear@0x000d15e2:0.696303
0x0007bb40	0x2f0	pol20	0x000cdb50	int KeyboardMessageHandler(void *, unsigned int, unsigned int, long int)	BASE/INPUTMGR	0.546335	0.175164		shape=0.378;size=0.969;calls=1.000;alternate=buka21:?SetArmyCommand@townManager@@QAEXH@Z@0x000a5e5c:0.384731
0x0007be30	0x280	pol20	0x000cde60	int MouseMessageHandler(void *, unsigned int, unsigned int, long int)	BASE/INPUTMGR	0.582735	0.582735	D:\Heroes\Base\INPUTMGR.CPP|ReleaseCapture Failed	shape=0.304;size=0.731;calls=0.727;strings=ReleaseCapture Failed;alternate=buka21:?MouseMessageHandler@@YIHPAXIIJ@Z@0x000bc390:0.528083
0x0007c0b0	0x100	pol20	0x000ce230	int inputManager::Open(int);   // virtual [override (implements baseManager pure virtual)]	BASE/INPUTMGR	0.564315	0.564315	inputManager	shape=0.500;size=0.469;calls=0.500;strings=inputManager;alternate=buka21:?Open@inputManager@@UAEHH@Z@0x000bc7c0:0.433697
0x0007c1b0	0x50	pol20	0x000ce1d0	void inputManager::constructor(void)	BASE/INPUTMGR	0.412762	0.014133		shape=0.174;size=0.930;calls=1.000;alternate=buka21:?Close@searchArray@@QAEXXZ@0x00049ca4:0.381559
0x0007c200	0x20	pol20	0x000dde60	void widget::constructor(void)	BASE/WIDGET	0.442481	0.001330		shape=0.333;size=0.508;calls=1.000;alternate=buka21:_setSBCS@0x000e3ec9:0.372856
0x0007c220	0xe0	buka21	0x000bc8f0	?GetEvent@inputManager@@QAE?AUtag_message@@XZ	BASE/INPUTMGR	0.448830	0.030032		shape=0.193;size=0.938;calls=1.000;alternate=pol20:struct tag_message inputManager::GetEvent(void)@0x000ce2f0:0.441798
0x0007c300	0x20	pol20	0x000ce460	void inputManager::SetKeyCodeType(int)	BASE/INPUTMGR	0.714732	0.219107		shape=0.800;size=0.844;calls=1.000;alternate=buka21:?Open@widget@@QAEHHPAVheroWindow@@@Z@0x000d4140:0.406390
0x0007c320	0x1d0	pol20	0x000ce480	void inputManager::AsciiConvert(struct tag_message &)	BASE/INPUTMGR	0.568564	0.263311		shape=0.420;size=0.989;calls=1.000;alternate=buka21:?WalkTowardArmy@combatManager@@QAEHPAVarmy@@HH@Z@0x00018405:0.313884
0x0007c4f0	0x33c	pol20	0x000ce650	void inputManager::MakeScanCodeTable(void)	BASE/INPUTMGR	0.970000	0.970000		instruction-sequence;alternate=buka21:__cfltcvt_init@0x000d6ea8:0.221871
0x0007c82c	0x74	pol20	0x000d0500	void bitmap::CopyToCareful(class bitmap *, int, int, int, int, int, int)	BASE/BITMAP	0.440352	0.030341		shape=0.175;size=0.871;calls=1.000;alternate=buka21:__store_number@0x000e584d:0.361505
0x0007c8a0	0xe6	pol20	0x000ca570	void BlitBitmap(class bitmap *, int, int, int, int, class bitmap *, int, int)	BASE/bmap2	0.351275	0.002569		shape=0.147;size=0.722;calls=1.000;alternate=buka21:_TileToBitmap@0x000c2554:0.348706
0x0007c986	0x4c	buka21	0x000e584d	__store_number	(libcmt)	0.427670	0.024324		shape=0.123;size=0.961;calls=1.000;alternate=pol20:void bitmap::CopyToCareful(class bitmap *, int, int, int, int, int, int)@0x000d0500:0.391208
0x0007c9d2	0x46	buka21	0x000c8a90	?copyOffsetWords@@YIXXZ	BASE/Bzip	0.425195	0.001661		shape=0.154;size=0.943;calls=1.000;alternate=pol20:void bitmap::CopyToCareful(class bitmap *, int, int, int, int, int, int)@0x000d0500:0.376744
0x0007ca18	0x2c	buka21	0x000c2ed4	_BitTest	BASE/BITS	0.409876	0.045119		shape=0.086;size=0.957;calls=1.000;alternate=pol20:class icon * resourceManager::GetIcon(char *)@0x000c8350:0.332621
0x0007ca44	0x260	pol20	0x000cfae0	void MonoIconToBitmap(class icon *, class bitmap *, int, int, int, int, int, int, int, int, int)	BASE/Iconm2b	0.440100	0.022563		shape=0.106;size=0.990;calls=1.000;alternate=buka21:?DimIconToBitmap@@YIXPAVicon@@PAVbitmap@@HHHHHHHHH@Z@0x000c6af0:0.374655
0x0007cca4	0x25c	pol20	0x000cfae0	void MonoIconToBitmap(class icon *, class bitmap *, int, int, int, int, int, int, int, int, int)	BASE/Iconm2b	0.435079	0.025860		shape=0.089;size=0.984;calls=1.000;alternate=buka21:?SaveGame@@YIHXZ@0x0000edaf:0.324529
0x0007cf00	0x70	buka21	0x000caf40	??0palette@@QAE@K@Z	BASE/PALETTE	0.472534	0.012787		shape=0.359;size=0.732;calls=0.800;alternate=pol20:void * textWidget::scalar_dtor(unsigned int);   // virtual [override (implements widget pure virtual)]@0x000d10a0:0.416662
0x0007cf70	0x60	pol20	0x000d2600	void palette::constructor(unsigned long int)	BASE/PALETTE	0.573708	0.002203		shape=0.519;size=0.885;calls=1.000;alternate=buka21:?BVResMsg@@YIXPADHH@Z@0x0006bf13:0.479250
0x0007cfd0	0x10	buka21	0x000035d2	?Reseed@advManager@@QAEXHH@Z	SOURCE/ADVMGR	0.293789	0.145914		shape=0.000;size=0.696;calls=1.000;alternate=pol20:void ConvertSmackerPalette(unsigned char *)@0x00001000:0.199145
0x0007cfe0	0x50	pol20	0x000d25b0	void * palette::scalar_dtor(unsigned int);   // virtual [introduces virtual]	BASE/PALETTE	0.503723	0.000000		shape=0.429;size=0.812;calls=1.000;alternate=buka21:?Blur@combatManager@@QAEXHHH@Z@0x0009cbc8:0.475624
0x0007d030	0x40	pol20	0x000dd350	void dimmerWidget::constructor(short int, short int, short int, short int, short int, short int)	BASE/DIMMER	0.660114	0.121789		shape=0.750;size=0.812;calls=1.000;alternate=buka21:?_UnwindNestedFrames@@YGXPAUEHRegistrationNode@@PAUEHExceptionRecord@@@Z@0x000d6a92:0.488234
0x0007d070	0xa0	buka21	0x000bc7c0	?Open@inputManager@@UAEHH@Z	BASE/INPUTMGR	0.440399	0.035859		shape=0.324;size=0.913;calls=0.375;alternate=pol20:void MIDIWrap::constructor(char *)@0x000daf70:0.396311
0x0007d110	0x140	buka21	0x000c2554	_TileToBitmap	BASE/TILE	0.660297	0.299227		shape=0.708;size=0.802;calls=1.000;alternate=pol20:_TileToBitmap@0x000d310c:0.660297
0x0007d250	0xc0	buka21	0x000dcfaa	___sbh_alloc_new_region	(libcmt)	0.388357	0.040469	Data decoded	shape=0.169;size=0.922;calls=0.500;alternate=pol20:void soundManager::MIDIStartup(void)@0x000d3850:0.359418
0x0007d310	0x750	buka21	0x0005ce94	?ProcessOnMapHeroes@game@@QAEXXZ	SOURCE/GAME	0.435491	0.048863		shape=0.159;size=0.978;calls=0.818;alternate=pol20:void DoBlur(class bitmap *, class bitmap *, int, int, int, int)@0x000d28e0:0.389108
0x0007da60	0x150	pol20	0x00071d89	void GenerateStandardFileName(char *, char *)	SOURCE/GAME	0.365183	0.001197		shape=0.086;size=0.899;calls=0.500;alternate=buka21:?GetFilename@fileRequester@@QAEPADXZ@0x00091554:0.353380
0x0007dbb0	0x240	pol20	0x000c66d0	void CreatePCXFile(char *, unsigned char *, int, int, unsigned char *)	BASE/Misc	0.341073	0.011936		shape=0.115;size=0.858;calls=0.200;alternate=buka21:?FillToBuffer@icon@@QAEXHHHHHPAUSLimitData@@@Z@0x000c2ce0:0.328992
0x0007ddf0	0x1e0	buka21	0x00060c8c	?CountShrines@game@@QAEHH@Z	SOURCE/GAME	0.416599	0.071688		shape=0.141;size=0.794;calls=1.000;alternate=pol20:void MonoIconToBitmap(class icon *, class bitmap *, int, int, int, int, int, int, int, int, int)@0x000cfae0:0.373609
0x0007dfd0	0x130	pol20	0x00069fc2	void ComputeAdvNetControl(void)	SOURCE/ADVMGR	0.463529	0.000502		shape=0.174;size=0.964;calls=1.000;alternate=buka21:?Deallocate@town@@QAEXXZ@0x000a42d0:0.443734
0x0007e100	0x70	pol20	0x000daef0	void * sample::scalar_dtor(unsigned int);   // virtual [introduces virtual]	BASE/SAMPLE	0.544131	0.000000		shape=0.680;size=0.580;calls=0.750;alternate=buka21:??0palette@@QAE@K@Z@0x000caf40:0.475003
0x0007e170	0xb20	pol20	0x000d8b90	int textEntryWidget::Main(struct tag_message &);   // virtual [override (implements widget pure virtual)]	BASE/Textntry	0.481657	0.060098		shape=0.467;size=0.760;calls=0.462;alternate=buka21:?Main@textEntryWidget@@UAEHAAUtag_message@@@Z@0x000d22a0:0.447158
0x0007ec90	0x190	pol20	0x000d9570	void textEntryWidget::SetupDisplayString(char *, unsigned short int)	BASE/Textntry	0.688147	0.252819		shape=0.761;size=0.897;calls=0.667;alternate=buka21:?DemobilizeCurrHero@advManager@@QAEXXZ@0x0000e03c:0.383113
0x0007ee20	0x50	pol20	0x000d25b0	void * palette::scalar_dtor(unsigned int);   // virtual [introduces virtual]	BASE/PALETTE	0.503723	0.000000		shape=0.429;size=0.812;calls=1.000;alternate=buka21:?Blur@combatManager@@QAEXHHH@Z@0x0009cbc8:0.475624
0x0007ee70	0x80	pol20	0x000dd390	void dimmerWidget::Read(void)	BASE/DIMMER	0.440989	0.166368		shape=0.353;size=0.742;calls=0.857;alternate=buka21:?UpdateScreenRegion@heroWindowManager@@QAEXHHHH@Z@0x000b76b0:0.372321
0x0007eef0	0x80	buka21	0x000caf40	??0palette@@QAE@K@Z	BASE/PALETTE	0.466213	0.014627		shape=0.300;size=0.837;calls=1.000;alternate=pol20:void * MIDIWrap::scalar_dtor(unsigned int);   // virtual [introduces virtual]@0x000daff0:0.407344
0x0007ef70	0xe0	pol20	0x000dd5b0	void button::Read(void)	BASE/BUTTON	0.625034	0.030659		shape=0.538;size=0.953;calls=0.933;alternate=buka21:?dpnet_term@@YIXXZ@0x00036be8:0.440117
0x0007f050	0x530	pol20	0x000dd6d0	int button::Main(struct tag_message &);   // virtual [override (implements widget pure virtual)]	BASE/BUTTON	0.591151	0.184870		shape=0.490;size=0.929;calls=0.909;alternate=buka21:?InitMenuHandler@@YIHAAUtag_message@@@Z@0x0006829b:0.455282
0x0007f580	0xf0	buka21	0x000b7020	?Open@heroWindowManager@@UAEHH@Z	BASE/WINMGR	0.414754	0.012607		shape=0.216;size=0.795;calls=0.625;alternate=pol20:short int button::Select(struct tag_message &)@0x000ddc70:0.407599
0x0007f670	0x60	pol20	0x000dde00	void widget::constructor(short int, short int, short int, short int, short int, short int)	BASE/WIDGET	0.701422	0.255562		shape=0.750;size=0.938;calls=1.000;alternate=buka21:??0hexcell@@QAE@XZ@0x00064cc0:0.383384
0x0007f6d0	0x10	buka21	0x000035d2	?Reseed@advManager@@QAEXHH@Z	SOURCE/ADVMGR	0.312490	0.168615		shape=0.000;size=0.696;calls=1.000;alternate=pol20:void ConvertSmackerPalette(unsigned char *)@0x00001000:0.185812
0x0007f6e0	0x20	pol20	0x000ddeb0	int widget::Open(int, class heroWindow *)	BASE/WIDGET	0.482500	0.094091		shape=0.500;size=0.625;calls=1.000;alternate=buka21:?Open@widget@@QAEHHPAVheroWindow@@@Z@0x000d4140:0.444571
0x0007f700	0x10	buka21	0x000035d2	?Reseed@advManager@@QAEXHH@Z	SOURCE/ADVMGR	0.285217	0.134446		shape=0.000;size=0.696;calls=1.000;alternate=pol20:void ConvertSmackerPalette(unsigned char *)@0x00001000:0.208034
0x0007f710	0x260	pol20	0x000ddee0	int widget::Main(struct tag_message &)	BASE/WIDGET	0.485539	0.029986		shape=0.364;size=0.804;calls=0.875;alternate=buka21:?DoHeroSplit@@YIXHH@Z@0x00064415:0.414748
0x0007f970	0xf0	buka21	0x000ce090	??0tileset@@QAE@K@Z	BASE/TILESET	0.470849	0.062482		shape=0.295;size=0.996;calls=0.636;alternate=pol20:void tileset::constructor(unsigned long int)@0x000dac60:0.387697
0x0007fa60	0x1c0	pol20	0x000dad60	void sample::constructor(char *, long int, long int, long int)	BASE/SAMPLE	0.605076	0.178948		shape=0.623;size=0.859;calls=0.700;alternate=buka21:?DoHeroSplit@@YIXHH@Z@0x00064415:0.385023
0x0007fc20	0x30	buka21	0x00072050	??0fullMap@@QAE@XZ	EDITOR/mapcell	0.702679	0.039643		shape=0.714;size=0.896;calls=1.000;alternate=pol20:void resource::constructor(short int, unsigned long int, short int, class resource *)@0x000d9750:0.580179
0x0007fc50	0x8	buka21	0x000035d2	?Reseed@advManager@@QAEXHH@Z	SOURCE/ADVMGR	0.207609	0.193742		shape=0.000;size=0.348;calls=1.000;alternate=pol20:void ConvertSmackerPalette(unsigned char *)@0x00001000:0.131795
0x0007fc58	0x4d	pol20	0x000c7370	void font::DrawString(char *, int, int, int)	BASE/FONT	0.302931	0.004479		shape=0.135;size=0.935;calls=0.000;alternate=buka21:?Autosave@ExpCampaign@@QAEXXZ@0x000b5102:0.289329
0x0007fca5	0x85	pol20	0x000bd5aa	unsigned char ExpCampaign::IsCompleted(void)	SOURCE/X_CAMPGN	0.377118	0.029993		shape=0.148;size=0.669;calls=1.000;alternate=buka21:?RedrawTownScreen@townManager@@QAEXXZ@0x000a8413:0.316919
0x0007fd2a	0xc9	buka21	0x000331c7	?comm_wrt_task@@YIXXZ	SOURCE/comwin	0.343133	0.018400		shape=0.071;size=0.970;calls=0.200;alternate=pol20:void combatManager::CheckCastleAttack(void)@0x00030109:0.328267
0x0007fdf3	0x119	pol20	0x0008bdea	void recruitUnit::constructor(class town *, int, int)	SOURCE/RECRUIT	0.383475	0.021869		shape=0.128;size=0.893;calls=0.500;alternate=buka21:?CalcDifficultyRating@game@@QAEHXZ@0x0005eec6:0.312782
0x0007ff0c	0x153	buka21	0x000a9f84	?MageGuildHandler@@YIHAAUtag_message@@@Z	SOURCE/TOWNMGR	0.440059	0.037948		shape=0.098;size=0.997;calls=1.000;alternate=pol20:void recruitUnit::constructor(class town *, int, int)@0x0008bdea:0.382612
0x0008005f	0x129	pol20	0x00013f69	void townManager::SetupExtraStuff(void)	SOURCE/TOWNMGR	0.338771	0.039091		shape=0.096;size=0.714;calls=0.667;alternate=buka21:?arithCodeSymbol@@YIXPAUBitStream@@PAUModel@@H@Z@0x000c7450:0.311505
0x00080188	0x6	buka21	0x000e7c1a	RtlUnwind@KERNEL32	(imports)	1.000000	0.000000		normalized-instructions;alternate=pol20:void dimmerWidget::Draw(void);   // virtual [override (implements widget pure virtual)]@0x000dd400:0.970000
0x0008018e	0x6	buka21	0x000e7c1a	RtlUnwind@KERNEL32	(imports)	1.000000	0.000000		normalized-instructions;alternate=pol20:void dimmerWidget::Draw(void);   // virtual [override (implements widget pure virtual)]@0x000dd400:0.970000
0x00080194	0x6	buka21	0x000e7c1a	RtlUnwind@KERNEL32	(imports)	1.000000	0.000000		normalized-instructions;alternate=pol20:void dimmerWidget::Draw(void);   // virtual [override (implements widget pure virtual)]@0x000dd400:0.970000
0x0008019a	0x6	buka21	0x000e7c1a	RtlUnwind@KERNEL32	(imports)	1.000000	0.000000		normalized-instructions;alternate=pol20:void dimmerWidget::Draw(void);   // virtual [override (implements widget pure virtual)]@0x000dd400:0.970000
0x000801a0	0x6	buka21	0x000e7c1a	RtlUnwind@KERNEL32	(imports)	1.000000	0.000000		normalized-instructions;alternate=pol20:void dimmerWidget::Draw(void);   // virtual [override (implements widget pure virtual)]@0x000dd400:0.970000
0x000801a6	0x6	buka21	0x000e7c1a	RtlUnwind@KERNEL32	(imports)	1.000000	0.000000		normalized-instructions;alternate=pol20:void dimmerWidget::Draw(void);   // virtual [override (implements widget pure virtual)]@0x000dd400:0.970000
0x000801ac	0x6	buka21	0x000e7c1a	RtlUnwind@KERNEL32	(imports)	1.000000	0.000000		normalized-instructions;alternate=pol20:void dimmerWidget::Draw(void);   // virtual [override (implements widget pure virtual)]@0x000dd400:0.970000
0x000801b2	0x6	buka21	0x000e7c1a	RtlUnwind@KERNEL32	(imports)	1.000000	0.000000		normalized-instructions;alternate=pol20:void dimmerWidget::Draw(void);   // virtual [override (implements widget pure virtual)]@0x000dd400:0.970000
0x000801b8	0x6	buka21	0x000e7c1a	RtlUnwind@KERNEL32	(imports)	1.000000	0.000000		normalized-instructions;alternate=pol20:void dimmerWidget::Draw(void);   // virtual [override (implements widget pure virtual)]@0x000dd400:0.970000
0x000801be	0x6	buka21	0x000e7c1a	RtlUnwind@KERNEL32	(imports)	1.000000	0.000000		normalized-instructions;alternate=pol20:void dimmerWidget::Draw(void);   // virtual [override (implements widget pure virtual)]@0x000dd400:0.970000
0x000801c4	0x6	buka21	0x000e7c1a	RtlUnwind@KERNEL32	(imports)	1.000000	0.000000		normalized-instructions;alternate=pol20:void dimmerWidget::Draw(void);   // virtual [override (implements widget pure virtual)]@0x000dd400:0.970000
0x000801ca	0x6	buka21	0x000e7c1a	RtlUnwind@KERNEL32	(imports)	1.000000	0.000000		normalized-instructions;alternate=pol20:void dimmerWidget::Draw(void);   // virtual [override (implements widget pure virtual)]@0x000dd400:0.970000
0x000801d0	0x6	buka21	0x000e7c1a	RtlUnwind@KERNEL32	(imports)	1.000000	0.000000		normalized-instructions;alternate=pol20:void dimmerWidget::Draw(void);   // virtual [override (implements widget pure virtual)]@0x000dd400:0.970000
0x000801d6	0x6	buka21	0x000e7c1a	RtlUnwind@KERNEL32	(imports)	1.000000	0.000000		normalized-instructions;alternate=pol20:void dimmerWidget::Draw(void);   // virtual [override (implements widget pure virtual)]@0x000dd400:0.970000
0x000801dc	0x6	buka21	0x000e7c1a	RtlUnwind@KERNEL32	(imports)	1.000000	0.000000		normalized-instructions;alternate=pol20:void dimmerWidget::Draw(void);   // virtual [override (implements widget pure virtual)]@0x000dd400:0.970000
0x000801e2	0x6	buka21	0x000e7c1a	RtlUnwind@KERNEL32	(imports)	1.000000	0.000000		normalized-instructions;alternate=pol20:void dimmerWidget::Draw(void);   // virtual [override (implements widget pure virtual)]@0x000dd400:0.970000
0x000801e8	0x8	buka21	0x000035d2	?Reseed@advManager@@QAEXHH@Z	SOURCE/ADVMGR	0.207609	0.193742		shape=0.000;size=0.348;calls=1.000;alternate=pol20:void ConvertSmackerPalette(unsigned char *)@0x00001000:0.131795
0x000801f0	0x42	buka21	0x000d6d50	__global_unwind2	(libcmt)	0.517273	0.051856		shape=0.556;size=0.485;calls=1.000;alternate=pol20:void listBoxWidget::constructor(void)@0x000db060:0.487172
0x00080232	0x68	buka21	0x000d6d92	__local_unwind2	(libcmt)	1.000000	1.000000		normalized-instructions;alternate=pol20:int hero::Dismiss(void)@0x0006ce8b:0.499383
0x0008029a	0x23	buka21	0x000d6dfa	__abnormal_termination	(libcmt)	1.000000	1.000000		normalized-instructions;alternate=pol20:signed char ExpCampaign::IsSpecialUA(void)@0x000bdb39:0.331331
0x000802bd	0x9	buka21	0x000d6e1d	__NLG_Notify1	(libcmt)	1.000000	1.000000		normalized-instructions;alternate=pol20:unsigned int getGlobalCRC(void)@0x000d4090:0.307143
0x000802c6	0x1a	buka21	0x000d6e26	__NLG_Notify	(libcmt)	0.703654	0.227654		shape=0.750;size=0.923;calls=1.000;alternate=pol20:void resource::constructor(short int, unsigned long int, short int, class resource *)@0x000d9750:0.427269
0x000802e0	0x40	buka21	0x00064cc0	??0hexcell@@QAE@XZ	SOURCE/HEXCELL	0.451820	0.082961		shape=0.235;size=0.922;calls=1.000;alternate=pol20:void swapManager::Reset(void)@0x00054482:0.435129
0x00080320	0x10	buka21	0x000d6a8b	?_CallMemberFunction2@@YGXPAX00H@Z	(libcmt)	0.395673	0.000000		shape=0.400;size=0.438;calls=1.000;alternate=pol20:void ConvertSmackerPalette(unsigned char *)@0x00001000:0.194701
0x00080330	0x10	buka21	0x000d6a8b	?_CallMemberFunction2@@YGXPAX00H@Z	(libcmt)	0.395673	0.000000		shape=0.400;size=0.438;calls=1.000;alternate=pol20:void ConvertSmackerPalette(unsigned char *)@0x00001000:0.194701
0x00080340	0x10	buka21	0x000d6a8b	?_CallMemberFunction2@@YGXPAX00H@Z	(libcmt)	0.395673	0.000000		shape=0.400;size=0.438;calls=1.000;alternate=pol20:void ConvertSmackerPalette(unsigned char *)@0x00001000:0.194701
0x00080350	0x60	pol20	0x0002515b	void combatManager::Blur(int, int, int)	SOURCE/SPELLS	0.551990	0.073694		shape=0.548;size=0.842;calls=0.500;alternate=buka21:?_UnwindNestedFrames@@YGXPAUEHRegistrationNode@@PAUEHExceptionRecord@@@Z@0x000d6a92:0.507216
0x000803b0	0x40	buka21	0x000d6ae1	___CxxFrameHandler	(libcmt)	0.585518	0.167332		shape=0.536;size=0.844;calls=1.000;alternate=pol20:void game::InitEntireCampaign(int)@0x00049373:0.490606
0x000803f0	0xa0	buka21	0x000caf40	??0palette@@QAE@K@Z	BASE/PALETTE	0.422241	0.004571		shape=0.268;size=0.956;calls=0.500;alternate=pol20:void combatManager::Blur(int, int, int)@0x0002515b:0.410904
0x00080490	0xe0	pol20	0x0008d48f	void fileRequester::CleanUpData(void)	SOURCE/REQUEST	0.563821	0.043198		shape=0.543;size=0.888;calls=0.667;alternate=buka21:?_CallSETranslator@@YAHPAUEHExceptionRecord@@PAUEHRegistrationNode@@PAX2PBU_s_FuncInfo@@H1@Z@0x000d6baa:0.534077
0x00080570	0x70	buka21	0x000d6c60	?TranslatorGuardHandler@@YA?AW4_EXCEPTION_DISPOSITION@@PAUEHExceptionRecord@@PAUTranslatorGuardRN@@PAX2@Z	(libcmt)	0.564045	0.115671		shape=0.408;size=0.982;calls=1.000;alternate=pol20:void iconWidget::constructor(short int, short int, short int, short int, unsigned long int, short int, signed char, short int, short int, short int)@0x000d0ad0:0.490063
0x000805e0	0x10	buka21	0x000e7eba	_tell	(libcmt)	0.500840	0.000000		shape=0.286;size=0.941;calls=1.000;alternate=pol20:void SRand(int)@0x000c6a50:0.430000
0x000805f0	0x8	buka21	0x000d68d0	_strcpy	(libcmt)	0.572500	0.042500		shape=0.500;size=0.875;calls=1.000;alternate=pol20:unsigned int getGlobalCRC(void)@0x000d4090:0.249481
0x000805f8	0xe8	buka21	0x000d68e0	_strcat	(libcmt)	0.802677	0.346983		shape=0.932;size=0.966;calls=1.000;alternate=pol20:int executive::AddManager(class baseManager *, int)@0x000d18e0:0.319055
0x000806e0	0x10	buka21	0x000e7eba	_tell	(libcmt)	0.659412	0.000000		shape=0.600;size=0.941;calls=1.000;alternate=pol20:void SRand(int)@0x000c6a50:0.455000
0x000806f0	0x70	buka21	0x0008d8bf	?EncodePacket@@YIHPAEDDH@Z	SOURCE/REMOTE	0.453140	0.017533		shape=0.209;size=0.896;calls=1.000;alternate=pol20:void dumpModelStats(struct Model *)@0x000d4980:0.356732
0x00080760	0xb0	buka21	0x000d826d	_atol	(libcmt)	0.421604	0.068935		shape=0.207;size=0.790;calls=1.000;alternate=pol20:int mouseManager::Open(int);   // virtual [override (implements baseManager pure virtual)]@0x000c9350:0.354930
0x00080810	0x10	buka21	0x000e7eba	_tell	(libcmt)	0.500840	0.000000		shape=0.286;size=0.941;calls=1.000;alternate=pol20:void SRand(int)@0x000c6a50:0.430000
0x00080820	0x60	buka21	0x000d6f20	_memset	(libcmt)	0.777500	0.462206		shape=0.917;size=0.917;calls=1.000;alternate=pol20:void heroWindowManager::RemoveWindow(class heroWindow *)@0x000cad40:0.287739
0x00080880	0x20	pol20	0x000c9fd0	void mouseManager::RestoreUnderlying(void)	BASE/MOUSEMGR	0.423052	0.051839		shape=0.154;size=0.780;calls=1.000;alternate=buka21:__shift@0x000db34f:0.400827
0x000808a0	0x150	buka21	0x000b7840	?SaveFizzleSource@heroWindowManager@@QAEXHHHH@Z	BASE/WINMGR	0.321253	0.008573		shape=0.083;size=0.974;calls=0.250;alternate=pol20:void inputManager::ForceMouseMove(void)@0x000cea80:0.319410
0x000809f0	0x20	buka21	0x000e241a	_strtol	(libcmt)	0.423586	0.000000		shape=0.333;size=0.719;calls=1.000;alternate=pol20:void BlitBitmapToScreenNoMouseCheck(class bitmap *, int, int, int, int, int, int)@0x000c5eb0:0.421014
0x00080a10	0x40	pol20	0x000cabb0	void heroWindowManager::Close(void);   // virtual [override (implements baseManager pure virtual)]	BASE/WINMGR	0.439069	0.091499		shape=0.125;size=0.928;calls=1.000;alternate=buka21:__mbsnbicoll@0x000e7587:0.405910
0x00080a50	0x18	buka21	0x000e5fed	__ui64toa	(libcmt)	0.481591	0.076739		shape=0.250;size=0.889;calls=1.000;alternate=pol20:long int KBTickCount(void)@0x0001d011:0.455000
0x00080a68	0x28	buka21	0x000d6ef0	__ftol	(libcmt)	0.808441	0.408876		shape=0.933;size=0.975;calls=1.000;alternate=pol20:void SETFOURTH(int, unsigned char)@0x000d5740:0.316669
0x00080a90	0x30	buka21	0x000d6e90	__fpmath	(libcmt)	0.409476	0.067832		shape=0.444;size=0.479;calls=1.000;alternate=pol20:void textWidget::~destructor(void)@0x000d1250:0.360565
0x00080ac0	0x40	pol20	0x000dde60	void widget::constructor(void)	BASE/WIDGET	0.547188	0.133125		shape=0.333;size=0.984;calls=1.000;alternate=buka21:__cfltcvt_init@0x000d6ea8:0.497500
0x00080b00	0x117	pol20	0x000cf710	void heroWindow::DrawWindow(int, int, int)	BASE/WINDOW	0.303416	0.005547		shape=0.028;size=0.996;calls=0.000;alternate=buka21:?moveToFrontCodeAndSend@@YIXPAUBitStream@@H@Z@0x000c8500:0.239690
0x00080c17	0x49f	pol20	0x0009589f	void combatManager::ShootMissile(int, int, int, int, float *, class icon *)	SOURCE/CMBTMGR	0.319786	0.018268		shape=0.005;size=0.892;calls=0.476;alternate=buka21:__CIsin@0x000d8490:0.018043
0x000810b6	0x13	buka21	0x000d9369	_fopen	(libcmt)	0.464286	0.018947		shape=0.143;size=1.000;calls=1.000;alternate=pol20:void SRand(int)@0x000c6a50:0.426579
0x000810c9	0x13	buka21	0x000d9369	_fopen	(libcmt)	0.464286	0.018947		shape=0.143;size=1.000;calls=1.000;alternate=pol20:void SRand(int)@0x000c6a50:0.426579
0x000810dc	0x4c	pol20	0x000c7e10	void icon::ClipFillToBuffer(int, int, int, int, int, int, int, int, int)	BASE/ICON	0.320391	0.053992		shape=0.034;size=0.803;calls=0.500;alternate=buka21:__setmode_lk@0x000e4185:0.315930
0x00081128	0xb4	buka21	0x0008d93c	?DecodePacket@@YIHPAEH@Z	SOURCE/REMOTE	0.347008	0.055262		shape=0.038;size=0.669;calls=1.000;alternate=pol20:void heroWindow::DrawWindow(int, int, int)@0x000cf710:0.323150
0x000811dc	0x4c	pol20	0x000c7e10	void icon::ClipFillToBuffer(int, int, int, int, int, int, int, int, int)	BASE/ICON	0.320391	0.053992		shape=0.034;size=0.803;calls=0.500;alternate=buka21:__setmode_lk@0x000e4185:0.315930
0x00081228	0x668	buka21	0x000334da	?DrawCursor@advManager@@QAEXXZ	SOURCE/CURSOR	0.367072	0.001112		shape=0.037;size=0.915;calls=0.857;alternate=pol20:void game::SetupTowns(void)@0x00081c47:0.334173
0x00081890	0x10	buka21	0x000035d2	?Reseed@advManager@@QAEXHH@Z	SOURCE/ADVMGR	0.312490	0.169265		shape=0.000;size=0.696;calls=1.000;alternate=pol20:int searchArray::QuickDistance(int, int, int, int)@0x000a4b60:0.220034
0x000818a0	0x80	buka21	0x000d69c0	_strlen	(libcmt)	0.624062	0.199108		shape=0.559;size=0.961;calls=1.000;alternate=pol20:int army::LeaveNoBody(void)@0x00051700:0.342974
0x00081920	0x20	buka21	0x000e36e5	__copysign	(libcmt)	0.465705	0.017800		shape=0.217;size=0.970;calls=1.000;alternate=pol20:int CheckMem(void)@0x000a0b44:0.456548
0x00081940	0x40	pol20	0x000d25b0	void * palette::scalar_dtor(unsigned int);   // virtual [introduces virtual]	BASE/PALETTE	0.467257	0.000000		shape=0.207;size=0.985;calls=1.000;alternate=buka21:??0armyGroup@@QAE@XZ@0x00021710:0.418069
0x00081980	0x60	buka21	0x000d91d5	__fclose_lk	(libcmt)	0.447163	0.021000		shape=0.220;size=0.792;calls=1.000;alternate=pol20:void border::constructor(short int, short int, short int, short int, short int, short int, short int, char *)@0x000d2130:0.442128
0x000819e0	0x70	pol20	0x0008c920	int GetMapHeader(char *, struct SMapHeader *)	SOURCE/REQUEST	0.429833	0.015253		shape=0.220;size=0.875;calls=0.800;alternate=buka21:?GetMapHeader@@YIHPADPAUSMapHeader@@@Z@0x0008e730:0.426170
0x00081a50	0x40	pol20	0x000c68c0	long int FileSize(char *)	BASE/Misc	0.455649	0.035005		shape=0.323;size=0.780;calls=0.500;alternate=buka21:?IsCDDrive@@YIHH@Z@0x000bf2b0:0.432710
0x00081a90	0x20	pol20	0x000c5eb0	void BlitBitmapToScreenNoMouseCheck(class bitmap *, int, int, int, int, int, int)	BASE/Misc	0.495190	0.047278		shape=0.308;size=0.865;calls=1.000;alternate=buka21:_strtol@0x000e241a:0.408586
0x00081ab0	0x50	buka21	0x00033dde	?GetCursorBaseFrame@advManager@@QAEHH@Z	SOURCE/CURSOR	0.433000	0.016578		shape=0.083;size=0.975;calls=1.000;alternate=pol20:class resource * resourceManager::Query(unsigned long int)@0x000c8830:0.425373
0x00081b00	0x150	buka21	0x000d7630	_memmove	(libcmt)	0.312357	0.023039		shape=0.115;size=0.506;calls=1.000;alternate=pol20:int getMTFVal(struct BitStream *)@0x000d4e90:0.295170
0x00081c50	0x90	buka21	0x000d7ce0	_strcmp	(libcmt)	0.755408	0.323382		shape=0.886;size=0.896;calls=1.000;alternate=pol20:void heroWindowManager::AddWindow(class heroWindow *, int, int)@0x000cac80:0.294896
0x00081ce0	0x20	buka21	0x000b87c0	?Query@resourceManager@@QAEPAVresource@@K@Z	BASE/RESMGR	0.374662	0.006036		shape=0.136;size=0.582;calls=1.000;alternate=pol20:class resource * resourceManager::Query(unsigned long int)@0x000c8830:0.309459
0x00081d00	0x10	buka21	0x000d7f22	_srand	(libcmt)	0.494821	0.048338		shape=0.400;size=0.812;calls=1.000;alternate=pol20:void executive::constructor(void)@0x000d1610:0.364286
0x00081d10	0x30	buka21	0x000e0079	__getbuf	(libcmt)	0.359146	0.053572		shape=0.069;size=0.706;calls=1.000;alternate=pol20:int combatManager::GetWorstArmy(int, int)@0x000c2fbb:0.238797
0x00081d40	0x30	buka21	0x000d7b9e	__cinit	(libcmt)	0.694519	0.266162		shape=0.700;size=0.938;calls=1.000;alternate=pol20:void * listBoxWidget::scalar_dtor(unsigned int);   // virtual [override (implements widget pure virtual)]@0x000db0b0:0.346627
0x00081d70	0x20	buka21	0x000e241a	_strtol	(libcmt)	0.494375	0.000000		shape=0.500;size=0.719;calls=1.000;alternate=pol20:void BlitBitmapToScreenNoMouseCheck(class bitmap *, int, int, int, int, int, int)@0x000c5eb0:0.450950
0x00081d90	0x20	buka21	0x000e241a	_strtol	(libcmt)	0.494375	0.000000		shape=0.500;size=0.719;calls=1.000;alternate=pol20:void BlitBitmapToScreenNoMouseCheck(class bitmap *, int, int, int, int, int, int)@0x000c5eb0:0.450950
0x00081db0	0x90	buka21	0x000e40a3	___crtMessageBoxA	(libcmt)	0.422123	0.003978		shape=0.132;size=0.951;calls=0.857;alternate=pol20:int mouseManager::Open(int);   // virtual [override (implements baseManager pure virtual)]@0x000c9350:0.397671
0x00081e40	0x10	buka21	0x000e7eba	_tell	(libcmt)	0.477983	0.000000		shape=0.286;size=0.941;calls=1.000;alternate=pol20:void SRand(int)@0x000c6a50:0.410952
0x00081e50	0x10	buka21	0x000e7eba	_tell	(libcmt)	0.477983	0.000000		shape=0.286;size=0.941;calls=1.000;alternate=pol20:void SRand(int)@0x000c6a50:0.410952
0x00081e60	0x20	pol20	0x0009f9c6	void UpdateAppSpecificMenus(void *)	SOURCE/KB	0.402007	0.017340		shape=0.115;size=0.762;calls=1.000;alternate=buka21:__initterm@0x000d7cc2:0.400536
0x00081e80	0x30	buka21	0x000e7f20	__strrev	(libcmt)	0.479115	0.148165		shape=0.216;size=1.000;calls=1.000;alternate=pol20:void fullMap::constructor(void)@0x0000b070:0.425831
0x00081eb0	0x40	buka21	0x000be050	?SetInstallDefaults@@YIXXZ	BASE/Misc	0.466710	0.002132		shape=0.304;size=0.901;calls=1.000;alternate=pol20:long int FileSize(char *)@0x000c68c0:0.462024
0x00081ef0	0x150	buka21	0x000d9250	__fread_lk	(libcmt)	0.363506	0.002417		shape=0.206;size=0.690;calls=0.667;alternate=pol20:int DataEntryWindowHandler(struct tag_message &)@0x000c6e50:0.348429
0x00082040	0x40	buka21	0x000be050	?SetInstallDefaults@@YIXXZ	BASE/Misc	0.467150	0.006262		shape=0.318;size=0.901;calls=1.000;alternate=pol20:long int FileSize(char *)@0x000c68c0:0.464345
0x00082080	0xa0	buka21	0x000d96d7	__fseek_lk	(libcmt)	0.525164	0.082595		shape=0.377;size=0.881;calls=1.000;alternate=pol20:void soundManager::MIDIStop(void)@0x000d3e70:0.381671
0x00082120	0x30	buka21	0x00021710	??0armyGroup@@QAE@XZ	SOURCE/ARMYGRP	0.486975	0.060464		shape=0.318;size=0.980;calls=0.667;alternate=pol20:long int FileSize(char *)@0x000c68c0:0.441927
0x00082150	0x1b0	buka21	0x000d954a	__ftell_lk	(libcmt)	0.442241	0.063143		shape=0.236;size=0.817;calls=1.000;alternate=pol20:void BlitBitmapToScreen(class bitmap *, int, int, int, int, int, int)@0x000c5ee0:0.374438
0x00082300	0x40	buka21	0x000d7f60	_strncmp	(libcmt)	0.760697	0.353373		shape=0.906;size=0.875;calls=1.000;alternate=pol20:int CheckMem(void)@0x000a0b44:0.358389
0x00082340	0x40	buka21	0x000be050	?SetInstallDefaults@@YIXXZ	BASE/Misc	0.466710	0.002132		shape=0.304;size=0.901;calls=1.000;alternate=pol20:long int FileSize(char *)@0x000c68c0:0.462024
0x00082380	0x180	buka21	0x000dfedc	__fwrite_lk	(libcmt)	0.384740	0.034688		shape=0.222;size=0.693;calls=0.750;alternate=pol20:void textEntryWidget::SetupDisplayString(char *, unsigned short int)@0x000d9570:0.379172
0x00082500	0x80	buka21	0x000d937c	_lseek	(libcmt)	0.427928	0.000000		shape=0.228;size=0.789;calls=1.000;alternate=pol20:void MIDIWrap::constructor(char *)@0x000daf70:0.408707
0x00082580	0x90	buka21	0x000ce520	??0MIDIWrap@@QAE@PAD@Z	BASE/SAMPLE	0.410997	0.007180		shape=0.179;size=0.762;calls=0.833;alternate=pol20:int mouseManager::Open(int);   // virtual [override (implements baseManager pure virtual)]@0x000c9350:0.393496
0x00082610	0xb0	buka21	0x000c7f80	?allocateCompressStructures@@YIXXZ	BASE/Bzip	0.421648	0.006295		shape=0.159;size=0.972;calls=0.833;alternate=pol20:int wsWaitForExtraGuests(void)@0x0000768e:0.403507
0x000826c0	0x1a0	buka21	0x000638f6	?HeroView@@YIHHHH@Z	SOURCE/HERO	0.428542	0.007732		shape=0.226;size=0.775;calls=0.737;alternate=pol20:int HeroView(int, int, int)@0x0006f354:0.422574
0x00082860	0x30	buka21	0x00021710	??0armyGroup@@QAE@XZ	SOURCE/ARMYGRP	0.421954	0.183728		shape=0.182;size=0.980;calls=0.667;alternate=pol20:void armyGroup::constructor(void)@0x0008c040:0.350508
0x00082890	0x70	buka21	0x000d937c	_lseek	(libcmt)	0.460333	0.000000		shape=0.208;size=0.902;calls=1.000;alternate=pol20:long int FileSize(char *)@0x000c68c0:0.408703
0x00082900	0x90	buka21	0x000d8beb	__close_lk	(libcmt)	0.466836	0.040545		shape=0.240;size=0.910;calls=0.875;alternate=pol20:void advManager::HeroSwap(class hero *, class hero *)@0x000aea02:0.412956
0x00082990	0x80	buka21	0x000d937c	_lseek	(libcmt)	0.427928	0.000000		shape=0.228;size=0.789;calls=1.000;alternate=pol20:void MIDIWrap::constructor(char *)@0x000daf70:0.408707
0x00082a10	0x230	buka21	0x000d89b5	__read_lk	(libcmt)	0.508123	0.105882		shape=0.345;size=0.845;calls=1.000;alternate=pol20:void advManager::ViewWorld(int, int, int)@0x000333c0:0.374140
0x00082c40	0x20	buka21	0x000e241a	_strtol	(libcmt)	0.461875	0.000000		shape=0.400;size=0.719;calls=1.000;alternate=pol20:void border::constructor(void)@0x000d20a0:0.447700
0x00082c60	0x460	buka21	0x0009333c	?SetupGame@game@@QAEHXZ	SOURCE/SETUP	0.403497	0.026636		shape=0.153;size=0.782;calls=0.903;alternate=pol20:int EventWindowHandler(struct tag_message &)@0x0009a09f:0.394376
0x000830c0	0x80	buka21	0x000d937c	_lseek	(libcmt)	0.427928	0.000000		shape=0.228;size=0.789;calls=1.000;alternate=pol20:void MIDIWrap::constructor(char *)@0x000daf70:0.408707
0x00083140	0x200	buka21	0x000d89b5	__read_lk	(libcmt)	0.455309	0.011035		shape=0.183;size=0.924;calls=0.889;alternate=pol20:void DoAdvance(struct SmackTag *, int, int, int, int)@0x0000104e:0.408638
0x00083340	0xd0	buka21	0x000d8f60	__strnicmp	(libcmt)	0.672531	0.199741		shape=0.690;size=0.809;calls=1.000;alternate=pol20:void fileRequester::CleanUpData(void)@0x0008d48f:0.382442
0x00083410	0xb0	buka21	0x000d8690	_strcmpi	(libcmt)	0.658011	0.238646		shape=0.641;size=0.846;calls=1.000;alternate=pol20:class sample * resourceManager::GetSample(char *)@0x000c8570:0.386343
0x000834c0	0x60	buka21	0x000e7ecb	__access	(libcmt)	0.445233	0.031290		shape=0.343;size=0.729;calls=0.833;alternate=pol20:void highScoreManager::Close(void);   // virtual [override (implements baseManager pure virtual)]@0x00089be2:0.391634
0x00083520	0x70	buka21	0x000e463d	___add_12	(libcmt)	0.451688	0.009033		shape=0.205;size=0.839;calls=1.000;alternate=pol20:int GetMapHeader(char *, struct SMapHeader *)@0x0008c920:0.448553
0x00083590	0xc0	buka21	0x000d9adf	___InternalCxxFrameHandler	(libcmt)	0.507868	0.056808		shape=0.364;size=0.807;calls=1.000;alternate=pol20:void * MIDIWrap::scalar_dtor(unsigned int);   // virtual [introduces virtual]@0x000daff0:0.249169
0x00083650	0x2a0	buka21	0x00092b64	?SetupNetworkGame2@game@@QAEHXZ	SOURCE/SETUP	0.427141	0.016921		shape=0.191;size=0.954;calls=1.000;alternate=pol20:void advManager::UpdateTownLocators(int, int)@0x000608af:0.426709
0x000838f0	0xe0	buka21	0x000d9d2d	?FindHandlerForForeignException@@YAXPAUEHExceptionRecord@@PAUEHRegistrationNode@@PAU_CONTEXT@@PAXPBU_s_FuncInfo@@HH1@Z	(libcmt)	0.421006	0.019728		shape=0.217;size=0.759;calls=1.000;alternate=pol20:void setDecompressStructureSizes(int)@0x000d5480:0.416890
0x000839d0	0xa0	buka21	0x000c2fe0	??0textWidget@@QAE@FFFFPAD0FFFF@Z	BASE/TEXTWDGT	0.424150	0.000560		shape=0.111;size=0.958;calls=1.000;alternate=pol20:void advManager::PuzzleDraw(int, int, int, int)@0x0006a6a3:0.388348
0x00083a70	0xf0	buka21	0x000a2055	??0bankBox@@QAE@HHPAVplayerData@@@Z	SOURCE/STRIP	0.452500	0.031250		shape=0.240;size=0.892;calls=1.000;alternate=pol20:void combatManager::CombatSystemOptions(void)@0x00095dcd:0.412694
0x00083b60	0xa0	buka21	0x000d9ee8	?CatchIt@@YAXPAUEHExceptionRecord@@PAUEHRegistrationNode@@PAU_CONTEXT@@PAXPBU_s_FuncInfo@@PBU_s_HandlerType@@PBU_s_CatchableType@@PBU_s_TryBlockMapEntry@@H1E@Z	(libcmt)	0.444691	0.029677		shape=0.281;size=0.769;calls=1.000;alternate=pol20:void heroWindowManager::SaveFizzleSource(int, int, int, int)@0x000cb110:0.436893
0x00083c00	0x150	pol20	0x000c8ab0	int resourceManager::LoadAggregateHeader(char *)	BASE/RESMGR	0.488353	0.036912		shape=0.310;size=0.961;calls=0.727;alternate=buka21:?UpdateArenaIcons@@YIXXZ@0x000b313c:0.467376
0x00083d50	0x200	buka21	0x000da0a8	?BuildCatchObject@@YAXPAUEHExceptionRecord@@PAUEHRegistrationNode@@PBU_s_HandlerType@@PBU_s_CatchableType@@@Z	(libcmt)	0.548778	0.091672		shape=0.427;size=0.859;calls=0.900;alternate=pol20:void game::GetMap(void)@0x000b6f40:0.429883
0x00083f50	0x80	buka21	0x000bb700	??0iconWidget@@QAE@FFFFKFCFFF@Z	BASE/ICONWDGT	0.447560	0.027002		shape=0.231;size=0.711;calls=1.000;alternate=pol20:void iconWidget::constructor(short int, short int, short int, short int, char *, short int, signed char, short int, short int, short int)@0x000d0b40:0.421131
0x00083fd0	0x30	buka21	0x000da2d3	?AdjustPointer@@YAPAXPAXABUPMD@@@Z	(libcmt)	0.505084	0.125304		shape=0.471;size=0.729;calls=1.000;alternate=pol20:void resource::constructor(short int, unsigned long int, short int, class resource *)@0x000d9750:0.369912
0x00084000	0x50	buka21	0x000da300	__CallSettingFrame@12	(libcmt)	0.686940	0.251317		shape=0.686;size=0.950;calls=1.000;alternate=pol20:void highScoreManager::Close(void);   // virtual [override (implements baseManager pure virtual)]@0x00089be2:0.492267
0x00084050	0x60	buka21	0x0008e730	?GetMapHeader@@YIHPADPAUSMapHeader@@@Z	SOURCE/REQUEST	0.436558	0.013451		shape=0.227;size=0.857;calls=0.667;alternate=pol20:void border::constructor(short int, short int, short int, short int, short int, short int, short int, char *)@0x000d2130:0.412604
0x000840b0	0x20	pol20	0x000dde60	void widget::constructor(void)	BASE/WIDGET	0.454370	0.007274		shape=0.333;size=0.508;calls=1.000;alternate=buka21:__cfltcvt_init@0x000d6ea8:0.439328
0x000840d0	0x70	buka21	0x000da3d1	__getptd	(libcmt)	0.526275	0.091596		shape=0.326;size=0.920;calls=1.000;alternate=pol20:void MIDIWrap::constructor(char *)@0x000daf70:0.469688
0x00084140	0x150	buka21	0x000da5b3	__flsbuf	(libcmt)	0.489128	0.161251		shape=0.309;size=0.833;calls=1.000;alternate=pol20:int DataEntryWindowHandler(struct tag_message &)@0x000c6e50:0.427232
0x00084290	0x9e0	buka21	0x000da6cb	__output	(libcmt)	0.458275	0.066175		shape=0.292;size=0.722;calls=1.000;alternate=pol20:void game::CampaignInfoUpdate(int)@0x00048443:0.407622
0x00084c70	0x50	buka21	0x000d7e4d	_strerror	(libcmt)	0.345086	0.001529		shape=0.104;size=1.000;calls=0.333;alternate=pol20:void border::constructor(short int, short int, short int, short int, short int, short int, short int, char *)@0x000d2130:0.334488
0x00084cc0	0x40	buka21	0x000ba270	?RestoreUnderlying@mouseManager@@QAEXXZ	BASE/MOUSEMGR	0.459505	0.008839		shape=0.214;size=1.000;calls=1.000;alternate=pol20:void dumpModelStats(struct Model *)@0x000d4980:0.409993
0x00084d00	0x40	buka21	0x000dae72	_write_string	(libcmt)	0.446280	0.000367		shape=0.220;size=0.875;calls=1.000;alternate=pol20:void font::DrawString(char *, int, int, int)@0x000c7370:0.429640
0x00084d40	0x10	buka21	0x000daec7	_get_short_arg	(libcmt)	0.613214	0.005357		shape=0.600;size=0.875;calls=1.000;alternate=pol20:void executive::constructor(void)@0x000d1610:0.464286
0x00084d50	0x20	buka21	0x00021a33	?Dismiss@armyGroup@@QAEXH@Z	SOURCE/ARMYGRP	0.475248	0.049880		shape=0.286;size=0.914;calls=1.000;alternate=pol20:void copyOffsetWords(void)@0x000d5e30:0.330778
0x00084d70	0x10	buka21	0x000daec7	_get_short_arg	(libcmt)	0.695000	0.011250		shape=0.750;size=0.875;calls=1.000;alternate=pol20:void searchArray::constructor(void)@0x000a4a50:0.464286
0x00084d80	0xa0	buka21	0x000d6baa	?_CallSETranslator@@YAHPAUEHExceptionRecord@@PAUEHRegistrationNode@@PAX2PBU_s_FuncInfo@@H1@Z	(libcmt)	0.383299	0.002043		shape=0.152;size=0.879;calls=0.500;alternate=pol20:void heroWindow::Close(void)@0x000cf310:0.370302
0x00084e20	0x20	pol20	0x000dd330	void dimmerWidget::constructor(void)	BASE/DIMMER	0.464361	0.026513		shape=0.231;size=0.938;calls=1.000;alternate=buka21:__ui64toa@0x000e5fed:0.452249
0x00084e40	0x40	pol20	0x000d20e0	void * border::scalar_dtor(unsigned int);   // virtual [override (implements widget pure virtual)]	BASE/BORDER	0.440737	0.000000		shape=0.179;size=0.831;calls=1.000;alternate=buka21:??_GdropListWidget@@UAEPAXI@Z@0x000cfe10:0.346961
0x00084e80	0x20	buka21	0x000e241a	_strtol	(libcmt)	0.468899	0.000000		shape=0.429;size=0.719;calls=1.000;alternate=pol20:int IsCDDrive(int)@0x000c5a20:0.294909
0x00084ea0	0x50	buka21	0x000daee7	__ms_p5_test_fdiv	(libcmt)	0.378071	0.069525		shape=0.086;size=0.775;calls=1.000;alternate=pol20:void widget::constructor(void)@0x000dde60:0.361434
0x00084ef0	0x260	pol20	0x000d3ac0	void soundManager::MIDIPlay(int)	BASE/Midi	0.376681	0.014438	GetCurrentProcess|GetCurrentThread|GetProcessAffinityMask|KERNEL32|SetThreadAffinityMask|h(4J	shape=0.144;size=0.647;calls=0.950;alternate=buka21:__ms_p5_mp_test_fdiv@0x000daf25:0.199134
0x00085150	0x80	pol20	0x0008c920	int GetMapHeader(char *, struct SMapHeader *)	SOURCE/REQUEST	0.416002	0.013142		shape=0.161;size=1.000;calls=0.750;alternate=buka21:?GUIModemCommand@@YIXPAD0@Z@0x00072f68:0.392138
0x000851d0	0xf0	buka21	0x000db0ad	__cftoe2	(libcmt)	0.547095	0.547095	e+000	shape=0.212;size=0.808;calls=0.500;strings=e+000;alternate=pol20:void shellTrivial(void)@0x000d6610:0.408561
0x000852c0	0x70	pol20	0x0008c920	int GetMapHeader(char *, struct SMapHeader *)	SOURCE/REQUEST	0.437764	0.001843		shape=0.232;size=0.875;calls=0.750;alternate=buka21:?EncodePacket@@YIHPAEDDH@Z@0x0008d8bf:0.422151
0x00085330	0xc0	buka21	0x000db1c4	__cftof2	(libcmt)	0.446203	0.044237		shape=0.234;size=0.870;calls=0.750;alternate=pol20:void heroWindowManager::AddWindow(class heroWindow *, int, int)@0x000cac80:0.388325
0x000853f0	0x120	pol20	0x000a012c	void TestDynamicWindow(int, int)	SOURCE/KB	0.416609	0.024512		shape=0.163;size=0.917;calls=1.000;alternate=buka21:?DoTavern@townManager@@QAEXXZ@0x000aa903:0.406420
0x00085510	0x30	buka21	0x000db34f	__shift	(libcmt)	0.419793	0.010193		shape=0.321;size=0.771;calls=0.500;alternate=pol20:void heroWindowManager::Close(void);   // virtual [override (implements baseManager pure virtual)]@0x000cabb0:0.340053
0x00085540	0x30	pol20	0x000c9fd0	void mouseManager::RestoreUnderlying(void)	BASE/MOUSEMGR	0.464432	0.030853		shape=0.417;size=0.854;calls=0.250;alternate=buka21:?VWCleanup@advManager@@QAEXXZ@0x000ae26a:0.462074
0x00085570	0x70	buka21	0x000db409	__lock	(libcmt)	0.451415	0.030684		shape=0.220;size=0.866;calls=1.000;alternate=pol20:void advManager::HeroSwap(class hero *, class hero *)@0x000aea02:0.405230
0x000855e0	0x20	buka21	0x000db46a	__unlock	(libcmt)	0.517537	0.153493		shape=0.556;size=0.656;calls=1.000;alternate=pol20:void mouseManager::RestoreUnderlying(void)@0x000c9fd0:0.476548
0x00085600	0x40	buka21	0x000df9ea	__unlock_file	(libcmt)	0.578759	0.000000		shape=0.619;size=0.734;calls=1.000;alternate=pol20:void heroWindowManager::Close(void);   // virtual [override (implements baseManager pure virtual)]@0x000cabb0:0.412707
0x00085640	0x30	buka21	0x000dfa19	__unlock_file2	(libcmt)	0.518650	0.000000		shape=0.500;size=0.729;calls=1.000;alternate=pol20:void searchArray::Close(void)@0x000a4af0:0.369200
0x00085670	0x40	buka21	0x000df9ea	__unlock_file	(libcmt)	0.578759	0.000000		shape=0.619;size=0.734;calls=1.000;alternate=pol20:void heroWindowManager::Close(void);   // virtual [override (implements baseManager pure virtual)]@0x000cabb0:0.412707
0x000856b0	0x30	buka21	0x000dfa19	__unlock_file2	(libcmt)	0.518650	0.000000		shape=0.500;size=0.729;calls=1.000;alternate=pol20:void searchArray::Close(void)@0x000a4af0:0.369200
0x000856e0	0x40	pol20	0x000d25b0	void * palette::scalar_dtor(unsigned int);   // virtual [introduces virtual]	BASE/PALETTE	0.411993	0.000000		shape=0.214;size=0.985;calls=0.333;alternate=buka21:??_GdropListWidget@@UAEPAXI@Z@0x000cfe10:0.407837
0x00085720	0x40	pol20	0x00096ca0	void EarlyShutdown(char *, char *)	SOURCE/KB	0.402982	0.001015		shape=0.079;size=0.891;calls=1.000;alternate=buka21:??_GdropListWidget@@UAEPAXI@Z@0x000cfe10:0.390893
0x00085760	0x80	buka21	0x000d9848	__flush	(libcmt)	0.461340	0.105151		shape=0.455;size=0.719;calls=0.500;alternate=pol20:void iconWidget::constructor(short int, short int, short int, short int, char *, short int, signed char, short int, short int, short int)@0x000d0b40:0.371169
0x000857e0	0xc0	buka21	0x000d98ad	_flsall	(libcmt)	0.480745	0.067389		shape=0.276;size=0.854;calls=1.000;alternate=pol20:void PrintMemoryLeaks(void)@0x000c4310:0.391474
0x000858a0	0xa0	buka21	0x000dfdf6	__stbuf	(libcmt)	0.446799	0.076693		shape=0.213;size=0.881;calls=1.000;alternate=pol20:short int button::Deselect(struct tag_message &)@0x000ddd10:0.393444
0x00085940	0x40	buka21	0x000dfe83	__ftbuf	(libcmt)	0.446386	0.010386		shape=0.333;size=0.656;calls=1.000;alternate=pol20:void * border::scalar_dtor(unsigned int);   // virtual [override (implements widget pure virtual)]@0x000d20e0:0.347431
0x00085980	0x210	buka21	0x000dfb43	__openfile	(libcmt)	0.363373	0.024253		shape=0.142;size=0.697;calls=1.000;alternate=pol20:int border::Main(struct tag_message &);   // virtual [override (implements widget pure virtual)]@0x000d22f0:0.325348
0x00085b90	0x300	buka21	0x000d8c85	__sopen	(libcmt)	0.373587	0.022719		shape=0.083;size=0.936;calls=0.667;alternate=pol20:void GetDataEntry(char *, char *, int, char *, int, int)@0x000c6ac0:0.350308
0x00085e90	0x3e	buka21	0x000de610	__cintrindisp2	(libcmt)	1.000000	1.000000		normalized-instructions;alternate=pol20:void armyGroup::constructor(void)@0x0008c040:0.400582
0x00085ece	0x3d	buka21	0x000de64e	__cintrindisp1	(libcmt)	1.000000	1.000000		normalized-instructions;alternate=pol20:void armyGroup::constructor(void)@0x0008c040:0.393514
0x00085f0b	0x48	buka21	0x000de68b	__ctrandisp2	(libcmt)	1.000000	1.000000		normalized-instructions;alternate=pol20:void bitStreamEOF(void)@0x000d7b30:0.453333
0x00085f53	0x7	buka21	0x000de6d3	$disp_frag@0xde6d3	(libcmt)	1.000000	1.000000		normalized-instructions;alternate=pol20:void ConvertSmackerPalette(unsigned char *)@0x00001000:0.120598
0x00085f5a	0x131	buka21	0x000de6da	$disp_body@0xde6da	(libcmt)	0.970000	0.970000		instruction-sequence;alternate=pol20:void soundManager::CDSetVolume(int, int)@0x000cbb50:0.343805
0x0008608b	0x33	buka21	0x000de80b	__ctrandisp1	(libcmt)	1.000000	1.000000		normalized-instructions;alternate=pol20:void armyGroup::constructor(void)@0x0008c040:0.383881
0x000860be	0x42	buka21	0x000de83e	__fload	(libcmt)	0.749226	0.321102		shape=0.870;size=0.909;calls=1.000;alternate=pol20:void SETREST(int, unsigned int)@0x000d5630:0.440941
0x00086100	0x100	buka21	0x000dfa67	__filbuf	(libcmt)	0.503821	0.081145		shape=0.336;size=0.859;calls=1.000;alternate=pol20:unsigned long int resourceManager::GetFileSize(unsigned long int)@0x000c8d20:0.433162
0x00086200	0x80	buka21	0x000d7e9d	__dosmaperr	(libcmt)	0.595973	0.235324		shape=0.545;size=0.898;calls=1.000;alternate=pol20:void tileset::constructor(unsigned long int)@0x000dac60:0.369710
0x00086280	0x10	pol20	0x000c6a50	void SRand(int)	BASE/Misc	0.415000	0.248985		shape=0.167;size=1.000;calls=1.000;alternate=buka21:__exit@0x000d7bdc:0.405697
0x00086290	0x10	pol20	0x000c6a50	void SRand(int)	BASE/Misc	0.415000	0.248985		shape=0.167;size=1.000;calls=1.000;alternate=buka21:__exit@0x000d7bdc:0.405697
0x000862a0	0x1e0	buka21	0x000dee82	__ioinit	(libcmt)	0.501074	0.051304	9- ^M	shape=0.265;size=0.925;calls=1.000;alternate=pol20:void CreatePCXFile(char *, unsigned char *, int, int, unsigned char *)@0x000c66d0:0.433031
0x00086480	0x150	buka21	0x000df391	__alloc_osfhnd	(libcmt)	0.443836	0.020864		shape=0.172;size=0.866;calls=1.000;alternate=pol20:void PrintMemoryLeaks(void)@0x000c4310:0.401961
0x000865d0	0xb0	buka21	0x000688c4	?RecruitHeroHandler@@YIHAAUtag_message@@@Z	SOURCE/KB	0.353806	0.011314		shape=0.111;size=0.542;calls=1.000;alternate=pol20:void soundManager::StopAllSamples(int)@0x000cca90:0.332116
0x00086680	0xa0	buka21	0x000df530	__free_osfhnd	(libcmt)	0.409202	0.031650		shape=0.176;size=0.794;calls=1.000;alternate=pol20:void ShowMemoryStatus(void)@0x000c4450:0.342898
0x00086720	0x50	buka21	0x000df5af	__get_osfhandle	(libcmt)	0.414763	0.072964		shape=0.182;size=0.825;calls=1.000;alternate=pol20:long int Wait(void)@0x0000cbdc:0.388266
0x00086770	0x70	buka21	0x000df698	__lock_fhandle	(libcmt)	0.445179	0.012576		shape=0.250;size=0.848;calls=1.000;alternate=pol20:void LogStr(char *)@0x000c6120:0.401739
0x000867e0	0x30	buka21	0x000df6f7	__unlock_fhandle	(libcmt)	0.384643	0.026635		shape=0.222;size=0.708;calls=1.000;alternate=pol20:void ExpCampaign::ResetAwards(void)@0x000bb70b:0.383036
0x00086810	0x90	buka21	0x000dfd7b	__mbctoupper	(libcmt)	0.405216	0.016931		shape=0.139;size=0.854;calls=1.000;alternate=pol20:int mouseManager::Open(int);   // virtual [override (implements baseManager pure virtual)]@0x000c9350:0.352819
0x000868a0	0x150	buka21	0x000de87a	__XcptFilter	(libcmt)	0.475127	0.027292		shape=0.210;size=0.946;calls=1.000;alternate=pol20:int fullMap::GetNewCellExtraIndex(void)@0x0000b266:0.452573
0x000869f0	0x30	pol20	0x0009f9f0	void EarlyResizeWindow(int, int, int, int)	SOURCE/KB	0.415750	0.029870		shape=0.100;size=0.938;calls=1.000;alternate=buka21:?Close@inputManager@@UAEXXZ@0x000bc860:0.407690
0x00086a20	0x20	buka21	0x000e241a	_strtol	(libcmt)	0.494375	0.000000		shape=0.500;size=0.719;calls=1.000;alternate=pol20:void BlitBitmapToScreenNoMouseCheck(class bitmap *, int, int, int, int, int, int)@0x000c5eb0:0.450950
0x00086a40	0x40	pol20	0x000cabb0	void heroWindowManager::Close(void);   // virtual [override (implements baseManager pure virtual)]	BASE/WINMGR	0.334910	0.015433		shape=0.135;size=0.928;calls=0.000;alternate=buka21:_$E19@0x0003b5ff:0.241318
0x00086a80	0xe0	pol20	0x000c4310	void PrintMemoryLeaks(void)	BASE/Misc	0.430860	0.031710		shape=0.229;size=0.727;calls=0.833;alternate=buka21:?SetupNetworkGame@game@@QAEHXZ@0x00092a44:0.397122
0x00086b60	0xa0	buka21	0x000deb03	__setargv	(libcmt)	0.488612	0.052145		shape=0.269;size=0.956;calls=0.833;alternate=pol20:long int Dial(void)@0x0000cb3e:0.442869
0x00086c00	0x1e0	buka21	0x000deb9c	_parse_cmdline	(libcmt)	0.554259	0.209433		shape=0.405;size=0.908;calls=1.000;alternate=pol20:int heroWindowManager::DoDialog(class heroWindow *, int (*)(struct tag_message &), int)@0x000cadd0:0.303909
0x00086de0	0x1a0	buka21	0x000e195a	___get_qualified_locale	(libcmt)	0.410121	0.004452		shape=0.150;size=0.916;calls=1.000;alternate=pol20:void BlitBitmapToScreen(class bitmap *, int, int, int, int, int, int)@0x000c5ee0:0.373033
0x00086f80	0x230	pol20	0x0000104e	void DoAdvance(struct SmackTag *, int, int, int, int)	SOURCE/SMACKMGR	0.418613	0.004841	runtime error 	shape=0.146;size=0.970;calls=0.929;alternate=buka21:?nb_thr_ctl@@YIXXZ@0x00074848:0.412808
0x000871b0	0x50	buka21	0x000e3e4c	_getSystemCP	(libcmt)	0.574192	0.081792		shape=0.462;size=0.925;calls=1.000;alternate=pol20:int GetAdjacentCellIndexNoArmy(int, int)@0x000be52f:0.413087
0x00087200	0x60	buka21	0x000e3e96	_CPtoLCID	(libcmt)	0.310768	0.052143		shape=0.111;size=0.531;calls=1.000;alternate=pol20:void arithCodeRenormalise_Encode(struct BitStream *)@0x000d4620:0.251331
0x00087260	0x30	pol20	0x000d9750	void resource::constructor(short int, unsigned long int, short int, class resource *)	BASE/RESOURCE	0.496042	0.047305		shape=0.312;size=0.938;calls=1.000;alternate=buka21:?MusicFlagsActive@@YIEXZ@0x000c5780:0.446800
0x00087290	0xd1	buka21	0x000de0a4	__except_handler3	(libcmt)	0.734593	0.323514		shape=0.848;size=0.904;calls=0.857;alternate=pol20:void townManager::DoTavern(void)@0x00019d7c:0.426932
0x00087361	0x1f	buka21	0x000de161	__seh_longjmp_unwind@4	(libcmt)	0.682274	0.088274		shape=0.750;size=0.871;calls=1.000;alternate=pol20:int heroWindowManager::BroadcastMessage(int, int, int, int)@0x000cac40:0.418308
0x00087380	0x40	buka21	0x000df092	__FF_MSGBANNER	(libcmt)	0.550670	0.148393		shape=0.417;size=0.891;calls=1.000;alternate=pol20:void * iconWidget::scalar_dtor(unsigned int);   // virtual [override (implements widget pure virtual)]@0x000d0a90:0.399732
0x000873c0	0x1f0	buka21	0x000df0cb	__NMSG_WRITE	(libcmt)	0.451151	0.451151	<program name unknown>|Microsoft Visual C++ Runtime Library	shape=0.145;size=0.683;calls=0.385;strings=<program name unknown>|Microsoft Visual C++ Runtime Library;alternate=pol20:void * BaseAlloc(unsigned int, char *, int)@0x000c3d70:0.422706
0x000875b0	0x140	buka21	0x000df772	__chsize_lk	(libcmt)	0.497318	0.058848		shape=0.304;size=0.916;calls=0.938;alternate=pol20:int highScoreManager::Open(int);   // virtual [override (implements baseManager pure virtual)]@0x00089a96:0.437306
0x000876f0	0x50	buka21	0x000bed60	?WritePrefsToFile@@YIXXZ	BASE/Misc	0.392752	0.037113		shape=0.167;size=0.808;calls=0.750;alternate=pol20:long int FileSize(char *)@0x000c68c0:0.391847
0x00087740	0x190	buka21	0x000b2315	?wsSendMessage@@YIXHEGPAX@Z	SOURCE/Wsnetwin	0.398658	0.016716		shape=0.166;size=0.857;calls=0.615;alternate=pol20:void advManager::ViewWorld(int, int, int)@0x000333c0:0.338029
0x000878d0	0x80	pol20	0x000250db	void combatManager::Ripple(int)	SOURCE/SPELLS	0.512103	0.041597		shape=0.255;size=1.000;calls=1.000;alternate=buka21:??1border@@UAE@XZ@0x000cb1d0:0.488594
0x00087950	0x80	pol20	0x000250db	void combatManager::Ripple(int)	SOURCE/SPELLS	0.438639	0.014433		shape=0.267;size=1.000;calls=0.333;alternate=buka21:___FrameUnwindToState@0x000d9e34:0.426416
0x000879d0	0x20	buka21	0x000e013d	?_ValidateWrite@@YAHPAXI@Z	(libcmt)	0.575962	0.000000		shape=0.462;size=0.875;calls=1.000;alternate=pol20:void mouseManager::RestoreUnderlying(void)@0x000c9fd0:0.449882
0x000879f0	0x20	buka21	0x000e013d	?_ValidateWrite@@YAHPAXI@Z	(libcmt)	0.575962	0.000000		shape=0.462;size=0.875;calls=1.000;alternate=pol20:void mouseManager::RestoreUnderlying(void)@0x000c9fd0:0.449882
0x00087a10	0x20	buka21	0x000e013d	?_ValidateWrite@@YAHPAXI@Z	(libcmt)	0.516250	0.000000		shape=0.375;size=0.875;calls=1.000;alternate=pol20:void mouseManager::RestoreUnderlying(void)@0x000c9fd0:0.443583
0x00087a30	0x60	buka21	0x000dd9b2	___old_sbh_release_region	(libcmt)	0.389500	0.012301		shape=0.125;size=0.896;calls=1.000;alternate=pol20:int mouseManager::Open(int);   // virtual [override (implements baseManager pure virtual)]@0x000c9350:0.388090
0x00087a90	0x50	buka21	0x000b8cd0	?SavePosition@resourceManager@@QAEXXZ	BASE/RESMGR	0.486154	0.040462		shape=0.222;size=1.000;calls=1.000;alternate=pol20:void * border::scalar_dtor(unsigned int);   // virtual [override (implements widget pure virtual)]@0x000d20e0:0.393250
0x00087ae0	0x120	pol20	0x000c8c00	void resourceManager::PointToFile(unsigned long int)	BASE/RESMGR	0.408369	0.064289		shape=0.123;size=0.986;calls=0.750;alternate=buka21:?PointToFile@resourceManager@@QAEXK@Z@0x000b8af0:0.381364
0x00087c00	0x30	buka21	0x000be050	?SetInstallDefaults@@YIXXZ	BASE/Misc	0.485374	0.009827		shape=0.333;size=0.676;calls=1.000;alternate=pol20:void * MIDIWrap::scalar_dtor(unsigned int);   // virtual [introduces virtual]@0x000daff0:0.451639
0x00087c30	0xa0	buka21	0x000d9adf	___InternalCxxFrameHandler	(libcmt)	0.422820	0.027510		shape=0.141;size=0.969;calls=0.750;alternate=pol20:void resourceManager::ReadBlock(signed char *, unsigned long int)@0x000c91b0:0.367986
0x00087cd0	0x70	buka21	0x000e03b0	__aulldiv	(libcmt)	0.786924	0.220409		shape=0.930;size=0.929;calls=1.000;alternate=pol20:void army::constructor(void)@0x0004a8c0:0.346773
0x00087d40	0x80	buka21	0x000e0420	__aullrem	(libcmt)	0.779849	0.249103		shape=0.932;size=0.914;calls=1.000;alternate=pol20:int endsInBz(char *)@0x000d7cd0:0.392866
0x00087dc0	0x130	buka21	0x000e2201	___crtGetStringTypeA	(libcmt)	0.466093	0.041269		shape=0.193;size=0.956;calls=1.000;alternate=pol20:void BlitBitmapToScreen(class bitmap *, int, int, int, int, int, int)@0x000c5ee0:0.453905
0x00087ef0	0x40	buka21	0x000e04bc	__control87	(libcmt)	0.423473	0.030150		shape=0.132;size=0.828;calls=1.000;alternate=pol20:void ShutDownSmacker(void)@0x000023f9:0.374668
0x00087f30	0x20	buka21	0x000e241a	_strtol	(libcmt)	0.416875	0.000000		shape=0.300;size=0.719;calls=1.000;alternate=pol20:int IsCDDrive(int)@0x000c5a20:0.278000
0x00087f50	0xb0	buka21	0x000e05c4	__hw_cw	(libcmt)	0.427724	0.007587		shape=0.196;size=0.778;calls=1.000;alternate=pol20:int advManager::CheckHandleNetPlayerWait(struct tag_message &, int)@0x0006952a:0.297377
0x00088000	0x90	buka21	0x000e05c4	__hw_cw	(libcmt)	0.511631	0.066363		shape=0.283;size=0.951;calls=1.000;alternate=pol20:int hero::GetNumSpells(int)@0x0006c931:0.270177
0x00088090	0x10	buka21	0x000e7eba	_tell	(libcmt)	0.477983	0.000000		shape=0.286;size=0.941;calls=1.000;alternate=pol20:void SRand(int)@0x000c6a50:0.410952
0x000880a0	0x70	pol20	0x000c4540	int FindIndex(struct indexArray *, int, int, int)	BASE/Misc	0.400746	0.100064		shape=0.110;size=0.752;calls=1.000;alternate=buka21:__ZeroTail@0x000e0682:0.352216
0x00088110	0x70	buka21	0x000e06cb	__IncMan	(libcmt)	0.421137	0.027995		shape=0.215;size=0.768;calls=1.000;alternate=pol20:void iconWidget::constructor(short int, short int, short int, short int, unsigned long int, short int, signed char, short int, short int, short int)@0x000d0ad0:0.412945
0x00088180	0xb0	buka21	0x000e0721	__RoundMan	(libcmt)	0.426970	0.043381		shape=0.145;size=0.795;calls=1.000;alternate=pol20:void inputManager::ForceMouseMove(void)@0x000cea80:0.357364
0x00088230	0x20	buka21	0x00021a33	?Dismiss@armyGroup@@QAEXH@Z	SOURCE/ARMYGRP	0.500924	0.026628		shape=0.294;size=0.914;calls=1.000;alternate=pol20:_BitSet@0x000d15c2:0.458696
0x00088250	0x10	pol20	0x000d1610	void executive::constructor(void)	BASE/EXEC	0.670000	0.062143		shape=0.600;size=1.000;calls=1.000;alternate=buka21:_get_int64_arg@0x000daeb7:0.511429
0x00088260	0x20	buka21	0x000e200a	_TestDefaultCountry	(libcmt)	0.419284	0.018699		shape=0.091;size=0.969;calls=1.000;alternate=pol20:int IsCycleColor(int)@0x000c66a0:0.381488
0x00088280	0xb0	buka21	0x0005f3a3	?GetSkipCopyLen@@YIHPAEPAH@Z	SOURCE/GAME	0.431780	0.001548		shape=0.154;size=0.819;calls=1.000;alternate=pol20:void undoReversibleTransformation(void)@0x000d6c10:0.349332
0x00088330	0x1d0	buka21	0x000e087c	__ld12cvt	(libcmt)	0.432945	0.070149		shape=0.199;size=0.784;calls=1.000;alternate=pol20:void * BaseAlloc(unsigned int, char *, int)@0x000c3d70:0.391081
0x00088500	0x20	pol20	0x000c5eb0	void BlitBitmapToScreenNoMouseCheck(class bitmap *, int, int, int, int, int, int)	BASE/Misc	0.514137	0.057887		shape=0.308;size=0.865;calls=1.000;alternate=buka21:_strtol@0x000e241a:0.416875
0x00088520	0x20	pol20	0x000c5eb0	void BlitBitmapToScreenNoMouseCheck(class bitmap *, int, int, int, int, int, int)	BASE/Misc	0.514137	0.057887		shape=0.308;size=0.865;calls=1.000;alternate=buka21:_strtol@0x000e241a:0.416875
0x00088540	0x40	buka21	0x000db16f	__cftof	(libcmt)	0.390541	0.013683		shape=0.195;size=0.753;calls=0.667;alternate=pol20:void heroWindowManager::ScreenShot(void)@0x000cb0b0:0.370393
0x00088580	0x40	buka21	0x000db16f	__cftof	(libcmt)	0.390541	0.013683		shape=0.195;size=0.753;calls=0.667;alternate=pol20:void heroWindowManager::ScreenShot(void)@0x000cb0b0:0.370393
0x000885c0	0x90	buka21	0x000e2720	_strstr	(libcmt)	0.409732	0.022063		shape=0.104;size=0.889;calls=1.000;alternate=pol20:void SetInstallDefaults(void)@0x000c4930:0.357423
0x00088650	0x90	pol20	0x000d14f0	void textWidget::SetText(char *)	BASE/TEXTWDGT	0.455787	0.076703		shape=0.181;size=0.889;calls=1.000;alternate=buka21:?ViewMon@swapManager@@QAEXXZ@0x000a33b6:0.431054
0x000886e0	0xc0	buka21	0x000e0be9	___dtold	(libcmt)	0.443436	0.021325		shape=0.135;size=0.948;calls=1.000;alternate=pol20:void heroWindowManager::AddWindow(class heroWindow *, int, int)@0x000cac80:0.352715
0x000887a0	0xb0	pol20	0x000c93f0	void mouseManager::Close(void);   // virtual [override (implements baseManager pure virtual)]	BASE/MOUSEMGR	0.430286	0.059324		shape=0.186;size=0.743;calls=1.000;alternate=buka21:?HeroSwap@advManager@@QAEXPAVhero@@0@Z@0x00041f0d:0.422673
0x00088850	0x67	buka21	0x000dbde0	__trandisp1	(libcmt)	1.000000	1.000000		normalized-instructions;alternate=pol20:void resourceManager::AddResource(class resource *)@0x000c8740:0.399226
0x000888b7	0x3b9	pol20	0x000ca6d0	void CycleColors(int)	BASE/WINMGR	0.351038	0.032445		shape=0.064;size=0.977;calls=0.429;alternate=buka21:?EvaluateHeroEvent@philAI@@QAEHHHHHPAH@Z@0x0008ba5e:0.305888
0x00088c70	0x80	pol20	0x0000cc30	void GUIModemCommand(char *, char *)	SOURCE/Modem	0.423925	0.005694		shape=0.122;size=0.945;calls=1.000;alternate=buka21:?dpWaitForExtraGuests@@YIHXZ@0x000372e1:0.372644
0x00088cf0	0x120	pol20	0x00035d1c	struct IDirectDrawSurface * DDCreateSurface(unsigned long int, unsigned long int, int)	SOURCE/wingraph	0.455692	0.044889		shape=0.188;size=0.938;calls=1.000;alternate=buka21:?DDCreateSurface@@YIPAUIDirectDrawSurface@@KKH@Z@0x000b04f8:0.431768
0x00088e10	0x230	buka21	0x0000edaf	?SaveGame@@YIHXZ	SOURCE/ADVMGR	0.431616	0.008633		shape=0.173;size=0.954;calls=0.944;alternate=pol20:void soundManager::MIDIPlay(int)@0x000d3ac0:0.412193
0x00089040	0x30	buka21	0x000e78b1	_strncnt@0xe78b1	(libcmt)	0.466058	0.000000		shape=0.250;size=0.896;calls=1.000;alternate=pol20:_BitTest@0x000d1594:0.411621
0x00089070	0xa0	buka21	0x000e40a3	___crtMessageBoxA	(libcmt)	0.654013	0.654013	GetActiveWindow|GetLastActivePopup|MessageBoxA|user32.dll	shape=0.362;size=0.856;calls=1.000;strings=GetActiveWindow|GetLastActivePopup|MessageBoxA;alternate=pol20:void mouseManager::Close(void);   // virtual [override (implements baseManager pure virtual)]@0x000c93f0:0.432589
0x00089110	0x70	buka21	0x000e4185	__setmode_lk	(libcmt)	0.434611	0.098651		shape=0.185;size=0.866;calls=1.000;alternate=pol20:void bsPutBit(struct BitStream *, int)@0x000d41b0:0.328486
0x00089180	0x120	pol20	0x000c6e50	int DataEntryWindowHandler(struct tag_message &)	BASE/Misc	0.366824	0.033288		shape=0.092;size=0.776;calls=0.667;alternate=buka21:?SendMapChange@@YIXHCEEHEE@Z@0x00036620:0.363743
0x000892a0	0x20	buka21	0x000e241a	_strtol	(libcmt)	0.367643	0.000000		shape=0.286;size=0.719;calls=0.333;alternate=pol20:void ExpCampaign::ResetBonusChoices(void)@0x000bb734:0.284821
0x000892c0	0xa0	buka21	0x000d98ad	_flsall	(libcmt)	0.463659	0.021159		shape=0.212;size=0.976;calls=0.833;alternate=pol20:void resourceManager::ReadBlock(signed char *, unsigned long int)@0x000c91b0:0.417311
0x00089360	0x1e0	buka21	0x000e444b	_raise	(libcmt)	0.436060	0.039413		shape=0.211;size=0.804;calls=1.000;alternate=pol20:void sample::constructor(char *, long int, long int, long int)@0x000dad60:0.406011
0x00089540	0x40	buka21	0x000bc860	?Close@inputManager@@UAEXXZ	BASE/INPUTMGR	0.395979	0.079121		shape=0.148;size=0.901;calls=1.000;alternate=pol20:struct tag_Node * pop_node(struct tag_Anchor *)@0x0008a6b4:0.386889
0x00089580	0x40	buka21	0x000e7f20	__strrev	(libcmt)	0.417791	0.080239		shape=0.233;size=0.750;calls=1.000;alternate=pol20:void font::DrawString(char *, int, int, int)@0x000c7370:0.333238
0x000895c0	0x30	buka21	0x00064cc0	??0hexcell@@QAE@XZ	SOURCE/HEXCELL	0.410330	0.043246		shape=0.167;size=0.814;calls=1.000;alternate=pol20:void widget::constructor(void)@0x000dde60:0.364504
0x000895f0	0x70	buka21	0x000e463d	___add_12	(libcmt)	0.558981	0.124981		shape=0.500;size=0.839;calls=1.000;alternate=pol20:void MIDIWrap::constructor(char *)@0x000daf70:0.421155
0x00089660	0x40	pol20	0x000d5630	void SETREST(int, unsigned int)	BASE/Bzip	0.454931	0.000000		shape=0.139;size=0.985;calls=1.000;alternate=buka21:___shl_12@0x000e469b:0.425630
0x000896a0	0x40	buka21	0x000e469b	___shl_12	(libcmt)	0.445394	0.013896		shape=0.310;size=0.719;calls=1.000;alternate=pol20:void advManager::PasswordAIEvent(class mapCell *, class hero *)@0x000b48e8:0.406208
0x000896e0	0xf0	pol20	0x00070685	void hero::DoSSLevelDialog(int, int)	SOURCE/HERO	0.445564	0.019816		shape=0.160;size=0.984;calls=0.833;alternate=buka21:?BarrierEvent@advManager@@QAEHPAVmapCell@@PAVhero@@@Z@0x00041fbc:0.430151
0x000897d0	0x750	buka21	0x000e47bd	___strgtold12	(libcmt)	0.430691	0.019172		shape=0.291;size=0.633;calls=1.000;alternate=pol20:void combatManager::SetCombatDirections(int)@0x0002abbe:0.416025
0x00089f20	0x3a0	buka21	0x000e4cca	_$I10_OUTPUT	(libcmt)	0.536065	0.536065	1#IND|1#INF|1#QNAN|1#SNAN	shape=0.183;size=0.710;calls=0.800;strings=1#IND|1#INF|1#QNAN;alternate=pol20:void CycleColors(int)@0x000ca6d0:0.434282
0x0008a2c0	0x40	buka21	0x000c8230	?SETREST@@YIXHI@Z	BASE/Bzip	0.427869	0.000000		shape=0.167;size=0.859;calls=1.000;alternate=pol20:void game::RandomizeBarrier(class mapCell *)@0x00078aea:0.325774
0x0008a300	0x70	buka21	0x000e35b8	__sptype	(libcmt)	0.441819	0.021837		shape=0.211;size=0.804;calls=1.000;alternate=pol20:signed char ExpCampaign::IsSpecialGoldenBow(int, int)@0x000bdaeb:0.336981
0x0008a370	0xf0	pol20	0x000c8d20	unsigned long int resourceManager::GetFileSize(unsigned long int)	BASE/RESMGR	0.427620	0.068135		shape=0.081;size=0.960;calls=1.000;alternate=buka21:?GetFileSize@resourceManager@@QAEKK@Z@0x000b8bf0:0.414071
0x0008a460	0x20	buka21	0x000e36d3	__frnd	(libcmt)	0.332202	0.049494		shape=0.143;size=0.562;calls=1.000;alternate=pol20:void ConvertSmackerPalette(unsigned char *)@0x00001000:0.253846
0x0008a480	0xb0	pol20	0x000cac80	void heroWindowManager::AddWindow(class heroWindow *, int, int)	BASE/WINMGR	0.418105	0.081052		shape=0.095;size=0.936;calls=1.000;alternate=buka21:__filbuf@0x000dfa67:0.344253
0x0008a530	0x370	buka21	0x000e61f9	__raise_exc	(libcmt)	0.476178	0.074734		shape=0.295;size=0.785;calls=1.000;alternate=pol20:void searchArray::TestPossibleDirections(int, int, signed char * const, signed char * const, int, int)@0x000a4e90:0.378546
0x0008a8a0	0x2c0	buka21	0x000e64ac	__handle_exc	(libcmt)	0.421355	0.031824		shape=0.167;size=0.760;calls=1.000;alternate=pol20:void searchArray::TestPossibleDirections(int, int, signed char * const, signed char * const, int, int)@0x000a4e90:0.380199
0x0008ab60	0x30	buka21	0x000e674b	__set_errno	(libcmt)	0.430000	0.127595		shape=0.222;size=0.833;calls=1.000;alternate=pol20:int heroWindowManager::Main(struct tag_message &);   // virtual [override (implements baseManager pure virtual)]@0x000cac00:0.357784
0x0008ab90	0x10	buka21	0x000035d2	?Reseed@advManager@@QAEXHH@Z	SOURCE/ADVMGR	0.289217	0.140009		shape=0.000;size=0.696;calls=1.000;alternate=pol20:void ConvertSmackerPalette(unsigned char *)@0x00001000:0.203590
0x0008aba0	0x20	buka21	0x000035d2	?Reseed@advManager@@QAEXHH@Z	SOURCE/ADVMGR	0.275089	0.013125		shape=0.000;size=0.719;calls=1.000;alternate=pol20:void ConvertSmackerPalette(unsigned char *)@0x00001000:0.267179
0x0008abc0	0x20	buka21	0x000035d2	?Reseed@advManager@@QAEXHH@Z	SOURCE/ADVMGR	0.277375	0.007500		shape=0.000;size=0.719;calls=1.000;alternate=pol20:void ConvertSmackerPalette(unsigned char *)@0x00001000:0.262735
0x0008abe0	0x40	pol20	0x000d5630	void SETREST(int, unsigned int)	BASE/Bzip	0.411170	0.000000		shape=0.061;size=0.985;calls=1.000;alternate=buka21:?SETREST@@YIXHI@Z@0x000c8230:0.369303
0x0008ac20	0xf0	pol20	0x00013900	void townObject::constructor(int, int, char *)	SOURCE/TOWNMGR	0.381657	0.047560		shape=0.096;size=0.663;calls=1.000;alternate=buka21:___crtGetEnvironmentStringsA@0x000ded50:0.339791
0x0008ad10	0x2b0	buka21	0x000e6a44	___ld12mul	(libcmt)	0.433102	0.074725		shape=0.209;size=0.791;calls=1.000;alternate=pol20:int iconWidget::Main(struct tag_message &);   // virtual [override (implements widget pure virtual)]@0x000d0cd0:0.381564
0x0008afc0	0x7c	pol20	0x000ceb70	void heroWindow::constructor(void)	BASE/WINDOW	0.403767	0.002542		shape=0.127;size=0.729;calls=1.000;alternate=buka21:?TranslatorGuardHandler@@YA?AW4_EXCEPTION_DISPOSITION@@PAUEHExceptionRecord@@PAUTranslatorGuardRN@@PAX2@Z@0x000d6c60:0.380029
0x0008b03c	0x14	buka21	0x000035d2	?Reseed@advManager@@QAEXHH@Z	SOURCE/ADVMGR	0.320522	0.174726		shape=0.000;size=0.870;calls=1.000;alternate=pol20:void ConvertSmackerPalette(unsigned char *)@0x00001000:0.212821
0x0008b050	0x20	buka21	0x000e241a	_strtol	(libcmt)	0.494375	0.000000		shape=0.500;size=0.719;calls=1.000;alternate=pol20:void BlitBitmapToScreenNoMouseCheck(class bitmap *, int, int, int, int, int, int)@0x000c5eb0:0.450950
0x0008b070	0x1	buka21	0x000035d2	?Reseed@advManager@@QAEXHH@Z	SOURCE/ADVMGR	0.122826	0.119593		shape=0.000;size=0.043;calls=1.000;alternate=pol20:void ConvertSmackerPalette(unsigned char *)@0x00001000:0.106752
